sequence,visible_label,title,start_line,end_line,entry_state,reader_promise,protagonist_goal,action,resistance_or_cost,turn_or_reveal,paid_reward,state_change_axis,state_change,ending_hook,closed_loops,opened_loops,arc_id,confidence
"344","효종 344화","","44575","44753","야마오카가 후쿠에 섬에 군선 3척과 막부 병사를 숨기고 미우라의 항의 실패 뒤 실제 해적질을 시작한 상태","무역선 학살이 조선 수군의 순찰망과 신형 화력에 걸리는 현장 대결을 연다","남해 교역로를 지키고 반복된 선박 실종의 범인을 생포할 기회를 잡는다","야마오카의 부대가 향신료·마닐라삼을 실은 대망호를 나포하고 선원을 노예로 팔려 하지만 모슬포 만호 서지호의 판옥선 3척이 연기를 보고 접근해 천자총통으로 선제 포격한다","대망호 선원들이 조총 사격과 도선전에서 죽거나 포로가 되고 이미 상선 6척, 그중 화란선 2척이 피해를 입었다","교역선의 미숙한 지자총통과 달리 훈련된 판옥선 포격은 500보에서 왜선에 명중하며 야마오카의 접근전 계획을 강제한다","실종 원인이 실제 왜선의 조직적 습격임이 전투 현장에서 확인되고 조선 수군이 나포 직후 가해자들을 따라잡는다","해상 치안·군사","은밀한 해적 공작이 조선 정규 수군과의 공개 해전으로 바뀌며 막부 병력의 정체가 드러날 위험이 커진다","화력이 밀린 야마오카가 왜선을 판옥선에 붙여 단병접전으로 뒤집으려 한다","막부 해적단의 첫 실체 확인과 대망호 구조 기회","야마오카 생포·배후 규명과 막부 책임","L04","high"
"345","효종 345화","","44754","44922","서지호의 판옥선들이 원거리 포격으로 왜선 하나를 침몰시켰고 남은 왜선들이 충돌·도선전을 시도하는 상태","조선 수군의 화포·수석총·조직전이 막부 정예를 꺾고 살아 있는 증거를 확보한다","왜선을 제압하되 지휘관 야마오카를 자결 전에 잡아 배후를 밝힌다","판옥선 총병과 2인조 살수들이 도선을 막고 역으로 왜선에 건너가며, 서지호는 20합 끝에 야마오카의 오른팔을 자르고 부관은 웅-오식 권총으로 자결용 검을 든 손목을 쏜다","조선 수군도 난전에서 적지 않은 사상자를 내고, 막부의 비밀 공작이 드러나면 양국 전쟁으로 번질 정치 비용이 발생한다","포로 심문에서 왜구가 아니라 막부 병사라는 사실이 확인되고 전라수사의 장계가 한양에 올라가자 도현은 군대를 직접 보내겠다고 선언한다","왜선 1척 침몰·2척 노획, 대망호와 선원 구출, 야마오카 생포라는 완전한 해상 승리를 거둔다","전쟁·왕권","상업 분쟁이 막부의 국가 도발로 확정돼 도현의 대응 목표가 상관 방어에서 왜국 응징으로 비가역적으로 바뀐다","도현이 긴급 대전 회의와 국방대신 소집을 명하고 직접 군사 행동을 예고한다","해적단 격파와 막부 배후 증거 확보","왜국 원정 여부와 신하들의 반대","L04","high"
"346","효종 346화","","44923","45037","막부 정규병의 해적 공작이 생포자 심문으로 확정돼 도현이 긴급 대전 회의를 연 상태","신하들의 전면 반대를 뒤집고 에도를 직접 치는 속전속결 전략과 대조선제국의 야망을 선포한다","북방군을 빼지 않고 막부를 단번에 굴복시켜 재도발을 막고 임진년의 빚을 갚는다","도현은 박노·박황·김육·임경업의 전쟁 반대를 듣고 비밀 공격안을 설명해 찬성을 얻은 뒤 총참모부에 계획 수립을 맡기고 막부에 최후 경고 국서를 보낸다","청이 북방을 노리는 상황에서 해상 원정이 길어지면 양면전쟁이 되고, 조선 신료 다수도 처음에는 외교 해결을 원한다","구체 계획을 들은 임경업까지 승산을 인정하자 조정이 만세를 외치며 막부를 대조선제국의 첫 제물로 삼는 데 합의한다","도현의 개인적 분노가 조정의 공식 전쟁 결정과 제국 비전으로 확장되고 최소한의 국서 절차도 갖춘다","왕권·국가 목표","조선의 외교적 자제가 끝나고 총참모부 중심의 대일 원정이 국가 최우선 과제가 된다","이에미쓰가 야마오카를 모르는 자라 잡아떼며 도현의 국서에 맞대응하려 한다","대일 전쟁을 둘러싼 조정 내부 합의","에도 직격 작전의 병력·항로·친정 여부","L05","high"
"347","효종 347화","","45038","45149","이에미쓰가 신풍과 왜국의 우월성을 믿고 야마오카와 막부의 관련을 부인하는 사절을 다시 보내려는 상태","조선이 거짓 사과를 국경에서 되돌리고 동시에 막부 체제의 약점에 맞춘 에도 직격안을 완성한다","막부가 대비하기 전에 수군 주력을 깨고 에도에서 쇼군의 항복을 직접 받는다","미우라는 남해도 총독부에서 입국·친서 접수까지 거절당하고, 도현·손억기·임경업은 전라·경상 수영 군선 80척과 장병 2만 명을 거제에 비밀 집결해 간몬해협·분고수도를 거쳐 에도로 직행하기로 한다","좁고 조류가 센 간몬해협과 분고·기이수도, 해전 패배 시 국왕까지 잃을 친정 위험, 북방 방어 병력을 뺄 수 없는 제약이 있다","도현은 지방 번주들이 독자 세력이고 막부가 에도를 버리면 권위가 무너진다는 체제 취약점을 작전의 중심으로 삼는다","거짓 친서는 조선 땅에도 들어오지 못하고 2만 원정군·거제 보급거점·에도 직격 항로가 확정된다","외교·군사 계획","막부의 부인 전략이 완전히 차단되고 도현 자신이 함대에 승선하는 친정 원정으로 왕권과 전쟁 위험이 결합한다","장수들의 만류에도 도현이 어떤 말로도 친정 결심을 바꾸지 않겠다고 못박는다","거짓 사과 사절 차단과 원정 작전 설계","친정 준비·막부 동원·좁은 해협 돌파","L05","high"
"348","효종 348화","","45150","45285","미우라가 남해도에서 쫓겨나자 이에미쓰도 전쟁 가능성을 인식하지만 사과 대신 각 번 동원을 택한 상태","막부의 오판과 느린 동원에 맞서 조선이 왜관을 봉쇄하고 해로 정보를 선점한다","원정 기밀을 지키고 간몬·분고·기이수도의 안전한 통과 자료를 확보한다","이에미쓰는 쇼니 스네시게에게 각 번 병력·물자를 징발하라 명하지만 번주들은 흉년을 핑계로 미적거린다; 조선군은 부산포 왜관의 조선인을 빼고 왜인을 억류하며 간자를 일망타진하고 주작단은 어선으로 위장해 수심을 잰다","왜관 상인들의 거래·생계가 강제로 중단되고 간자들은 죽거나 붙잡히며, 조선 함대는 조류가 급한 적국 수로를 지나야 한다","막부는 조선이 실제 침공할지 확신하지 못하는 동안 주작단의 정밀 수심 자료가 총참모부로 넘어가고 3월 1일 도현이 제물포에서 출항한다","원정 기밀 누설 통로가 닫히고 항로·수심 정보가 확보돼 친정이 계획에서 실제 항해로 전환된다","정보·전쟁 동원","조선은 왜관 교역을 희생해 작전 보안을 얻고 막부보다 먼저 시간표를 장악한다","도현의 봉황호가 거제 원정군 집결지로 향한다","왜관 간자망 제거와 해협 수심 측정","거제 집결·첫 출정과 막부 방어선","L05","high"
"349","효종 349화","","45286","45413","도현이 봉황호를 타고 제물포에서 거제 지세포의 대함대 집결지로 가는 상태","왕이 현장 지휘관의 현실적 평가를 듣고 80척 군선·60척 보급선의 전쟁 기계를 직접 점검한다","원정군의 마지막 보급과 적 동원 상황을 확인해 출정 결정을 내린다","도현은 함장 이충민에게 조선 화포전 우세와 왜군 단병전 우세를 듣고 미확인 판옥선에도 끝까지 경계하게 한다; 지세포에 도착해 손억기·김근행에게 군량과 하카다의 스네시게 4천 병력·번주들의 소극 동원을 보고받는다","왜군은 실전 임기응변과 접근전이 강하며 막부의 독려가 계속되면 병력이 불어나 조선의 시간 우위가 사라진다","구마모토·사쓰마 번의 내전이 막부 지원을 묶고 있어 당장 조선을 저지할 해상 병력은 하카다의 4천뿐이라는 정보가 확인된다","국왕과 지휘부가 치우급 8척을 포함한 군선 80척·보급선 60척의 위용과 정보 우위를 공유한다","군사 지휘·사기","도현의 친정이 상징을 넘어 함장·통제사·정보 접장과 같은 위험 판단을 공유하는 현장 지휘로 구체화된다","손억기가 분고수도 진격로를 제안하고 도현이 최종 출정 명령을 준비한다","거제 집결과 막부 초기 방어력 확인","대함대 출항·일기도 상륙과 하카다 방어선 우회","L05","high"
"350","효종 350화","","45414","45546","거제 지세포에 원정군과 보급선이 모이고 막부의 하카다 병력이 취약하다는 정보까지 확인된 상태","백 척이 넘는 함대가 왜국 영토에 상륙해 원정의 첫 발판을 피 없이 확보한다","분고수도 항로를 택하고 일기도를 신속히 점령해 간몬해협 진입 거점을 만든다","도현은 분고수도 진격과 이틀 뒤 출정을 확정하고 함대는 일기도 가쓰모토에 쾌속선·거란 살수대를 보내 해안을 확보한 뒤 이관의 별군 2천 명을 섬 중앙으로 진격시킨다","임진년 복수의 열망이 높지만 왜군 매복·섬 주민의 저항·하카다 지원군이 오기 전 거점을 끝내야 한다","조선이 학살 대신 고깃배와 달아나는 주민을 건드리지 않고 무방비 해안을 점령하며 현지 백성의 막부 세금 불만도 드러난다","조선 함대가 왜국 본토권에 첫 상륙하고 피 한 방울 없이 가쓰모토 해안 본영을 세운다","영토·전쟁","원정군은 바다 위 위용에서 실제 점령군으로 변하고 이관 별군이 히츠메 성의 히다카군과 조우한다","히다카가 하카다 지원군이 오기까지 이삼 일을 버틸 수 있을지 계산한다","원정 준비와 거제 출항","히츠메 성 공략·일기도 점령 속도","L06","high"
"351","효종 351화","","45547","45679","이관의 별군 2천 명이 히츠메 성 앞에서 히다카의 왜군 약 300명과 마주한 상태","야전 화포·수석총·거란 기병의 병종 격차로 첫 섬을 이틀 만에 장악하는 압도적 보상을 준다","히츠메·후나가쿠 두 성을 무너뜨리고 일기도를 보급·방어 거점으로 만든다","황자총통 4문이 성벽과 조총 진지를 깨자 히다카가 약 200명을 이끌고 돌격하지만 이관은 600명 3단 사격과 기병 철퇴로 전멸시키고 다음 날 무주공산 후나가쿠 성을 점령한다","히다카의 처가 자식들을 죽인 뒤 자결하고 패잔병 호리노는 하카다로 도망쳐 원정 소식을 전한다","스네시게가 하카다 해변에 목책을 쌓고 기다리는 사이 도현은 그 방어선을 피해 곧장 간몬해협으로 가기로 결정한다","조선은 큰 희생 없이 일기도를 이틀 만에 완전히 장악하고 이관은 도현의 공개 치하를 받는다","군사·영토·지위","일기도 지배권과 첫 승전이 확보되는 반면 조선의 에도 직격 의도가 아직 막부 전선 지휘관에게는 숨겨져 있다","스네시게가 하카다에 지원군과 화포를 모으지만 사쓰마·구마모토 전쟁 때문에 달랑 농민병 1천과 구식포 3문만 온다","히츠메·후나가쿠 성과 일기도 점령","하카다 우회·간몬해협 돌파와 에도 경보","L06","high"
"352","효종 352화","","45680","45809","스네시게가 하카다 해변을 요새화하고 조선군이 상륙하기만을 기다리지만 함대는 이미 동쪽으로 빠진 상태","막부의 정면 방어를 헛돌게 하고 위험한 간몬해협으로 질주해 에도에 일주일짜리 공황을 일으킨다","스네시게를 따돌리고 막부가 수군을 모으기 전에 간몬해협을 통과한다","조선 함대는 일기도 방어를 후속군에 맡기고 동진하며 도현·손억기는 좁은 폭과 급변 조류를 재점검한다; 뒤늦게 의도를 안 스네시게는 육로 추격하고 이에미쓰는 해적에게 면죄·관직·재물을 약속해 수군을 급조한다","판옥선 3척이 나란히 지나기 힘든 수로에 수만 명의 생명이 걸렸고 에도까지 가도 막부가 각 번·해적을 동원할 일주일이 남는다","스네시게의 해변 목책과 5천 병력이 쓸모없어지고 막부가 정규 수군만으로는 쉰 척도 못 모은다는 취약함이 드러난다","조선은 작전 주도권과 시간 우위를 유지하고 막부의 수도를 직접 공포에 빠뜨린다","전쟁 시간·막부 권위","하카다 상륙전이라는 예상 전장이 사라지고 간몬해협의 자연 위험과 에도 앞 급조 연합함대가 새 상대가 된다","이에미쓰가 범죄자 해적까지 끌어모아 절대로 에도에 조선군이 들어오게 하지 말라고 명한다","하카다 방어선 우회와 에도 직격 의도 노출","간몬해협 통과와 막부·해적 연합함대","L06","high"
"334","효종 334화","","43195","43314","화란 사절 발데가 오렌지 공의 친서와 후추·상아·은식기를 바치고 조선과 직접 교역할 상관을 청한 상태","도현이 나가사키 중계 폭리를 걷어 내면서도 조선의 법과 이익을 지킬 조건을 뽑아낸다","화란의 권한을 검증하고 조선이 협상의 우위를 쥔 채 직접 교역의 문을 연다","도현은 동인도회사가 정부를 대변한다는 발데의 말을 추궁한 뒤 신임장을 사후 제출하게 하고 박노·유형원에게 관세 2할·조선법 적용·사교 포교 금지·상관 건설비 전액 부담안을 밀게 한다","발데는 본국까지 다녀오면 수개월을 잃고 구매에도 관세를 내며 거액의 상관 건설비까지 떠안아야 한다","도현은 협상을 허락하되 최종 승인은 유보하고 발데가 인정전에서 말한 나가사키의 네 배 폭리를 유형원이 그대로 협상 지렛대로 되돌려 쓴다","후추와 향신료라는 생활 보상과 함께 조선이 화란을 상대로 먼저 패를 보이지 않는 국격·협상 우위를 확인한다","외교·상업","화란 직교역이 막연한 청원에서 관세·치외법권 불허·포교 금지·건설비 부담을 다투는 공식 협상으로 바뀐다","발데가 상관 건설비 전액 부담을 거부하며 적어도 6대4를 요구한다","화란 사절의 공식 알현과 직접 교역 청원","건설비 분담과 최종 협정·상관 위치 결정","L01","high"
"335","효종 335화","","43315","43449","박노가 상관 건설비 전액을 동인도회사에 부담시키며 발데와 힘겨루기를 벌이고 있다","완도의 새 서양 상관을 조선 조건으로 확정하고 곧바로 청의 신형 수석총이라는 더 큰 안보 위기를 연다","직교역의 법적·물적 조건을 확정하는 한편 조선군의 화력 우위를 위협할 청의 기술 추격을 조기에 포착한다","발데가 본사 승인을 얻겠다고 물러선 뒤 박노·유형원은 초기 관세 1할5푼·2년 뒤 2할·해도와 지도·사탕수수 반입을 얻고 도현은 완도를 상관지로 승인한다; 북경의 함길현은 예친왕 공장에서 빼낸 수석총을 본국으로 보낸다","조선은 초기 관세를 5푼 낮췄고 동인도회사는 건설비와 신임장·전략 물자를 부담한다; 동시에 청이 수석총 2천 정과 진충군을 이미 갖췄다는 위기가 발생한다","서양에 문호를 연 직후 장면이 북경으로 전환되고 입수 총의 시험 결과 청군이 더 이상 구식 화승총만 쓰는 상대가 아님이 드러난다","완도 상관·조선법·관세·전략 작물까지 포함한 협정이 성립해 조선이 처음 서양에 문호를 연다","외교·군사 기술","완도 직교역 제도가 확정되는 동시에 조선의 독점적 수석총 우위가 깨질 가능성이 국가 의제로 올라온다","이완은 예친왕의 진충군 2천 명이 수석총으로 무장했으며 대량생산을 막을 수 없다고 보고한다","화란 상관 협상의 조건·위치·정식 서명","청 수석총 생산 지연과 조선군 전술 재설계","L01","high"
"336","효종 336화","","43450","청군 수석총과 진충군의 존재가 확인돼 도현이 비변사를 소집하고 주작단은 북경에서 방해책을 찾는 상태","적의 기술 추격을 정보전과 청 내부 권력 다툼으로 늦추는 구체 작전이 설계된다","예친왕의 수석총 양산 속도를 조선군이 대비할 시간을 벌 만큼 늦춘다","도현은 서양 선교사가 제작에 관여했다는 보고를 받고 박호에게 노획 총 분석과 대응책을 명한다; 함길현은 태후파와 예친왕의 갈등을 자극하고 공장 대신 출퇴근 장인들을 제거하자는 도석재의 안을 채택한다","공장은 백기단 두 개 천인대가 지키며 기술이 이미 예친왕에게 넘어가 완전한 봉쇄는 불가능하고 민간 장인을 죽여야 하는 도덕적·인적 비용이 따른다","태후가 진충군을 역모 구실로 압박해 수석총 절반을 금군에 내놓으라고 요구하면서 조선의 공작이 청의 내분과 맞물린다","공장 생산량이 하루 약 10정이고 장인 대부분은 외부에서 무호위로 출퇴근한다는 작전 가능한 약점이 밝혀진다","정보·군사","막연한 기술 위기가 태후파 이간·장인 말살·시설 폭파라는 실행 계획으로 구체화된다","예친왕과 오삼계가 태후 앞에서 모욕을 주고받으며 금군에 수석총을 넘길지를 놓고 충돌한다","청 수석총 제작 배후와 생산·경비 구조 파악","장인 습격과 공장 파괴 작전의 성패","L02","high"
"337","효종 337화","","43577","태후가 황제의 권위를 내세워 예친왕에게 진충군 수석총을 금군과 나누라고 압박하고 있다","청 내부의 균열을 이용한 뒤 주작단이 공장 핵심 인력과 시설을 한밤에 동시에 친다","수석총 생산의 사람과 설비를 한 번에 끊어 청군 전력화를 지연시킨다","예친왕은 총 절반과 향후 생산량 절반을 금군에 넘기고, 함길현은 귀가하는 장인 30명을 전멸시킨 뒤 주작단원들을 이끌고 목책을 넘어 요새 곳곳에 폭약과 방화를 설치한다","비무장 장인 30명을 살려 달라는 애원까지 무시하고 죽이는 잔혹한 비용을 치르며, 요새 안에는 팔기군 2천 명이 상주한다","선임 천인장 토빌라이가 장인 실종 보고를 술자리에서 묵살한 바로 그때 공장과 마구간 곳곳에서 폭발과 화재가 일어난다","청의 수석총 분배를 둘러싼 예친왕·태후파 반목이 심해지고 주작단은 방심한 경비를 뚫고 공장 타격에 성공한다","군사 생산·청 권력","청의 수석총 전력화가 내부 분열과 외부 파괴 공작 양쪽에서 동시에 차질을 맞는다","함길현 일행이 불타는 요새에서 팔기군의 포위망을 뚫고 탈출해야 한다","태후의 수석총 분할 요구와 장인 제거","폭파 뒤 탈출·추격 및 작전 대가","L02","high"
"338","효종 338화","","43713","주작단이 수석총 공장을 폭파했지만 요새 내부에서 팔기군과 마주쳐 퇴로가 막힌 상태","공장 파괴의 국가적 성과가 길천식과 단원들의 실제 희생으로 얼마나 비싸게 치러지는지 보여 준다","작전 생존자를 북경 지부로 복귀시키고 생산 지연 성과를 조선에 전달한다","함길현 일행은 추격병을 베고 목책을 넘지만 토빌라이·용골대가 천라지망을 펴자 뿔뿔이 달아난다; 길천식은 남은 폭약을 안고 추격대에 역돌격해 자폭한다","주작단원 40여 명이 죽고 낙마한 단원들은 포로가 되지 않으려 자결하며 함길현 포함 6명만 산다","길천식의 폭발이 토빌라이 추격대를 초토화해 함길현에게 탈출 시간을 벌고, 공장 용광로·시설과 숙련공 손실이 장기 생산 중단으로 이어진다","청의 수석총 전력화가 오래 늦춰지고 조선군이 대응 전술을 준비할 시간을 얻는다","군사·인명","예친왕의 공장은 치명상을 입었지만 북경 주작단의 조직력도 사실상 붕괴할 만큼 소모된다","함길현이 길천식의 희생을 헛되게 하지 않으려 살아남아야 한다고 되뇌며 피해 명단이 조선으로 향한다","수석총 공장 폭파와 팔기군 추격 돌파","국왕이 40명의 죽음을 어떻게 책임지고 청 수석총 시대에 대비할지","L02","high"
"339","효종 339화","","43876","공장 파괴는 성공했으나 주작단원 40명이 전사해 도현과 이완이 희생 명단을 마주한 상태","왕의 국가 선택이 남긴 죽음을 외면하지 않고 유가족 책임과 신형 총기 시대의 대비로 바꾼다","공작의 희생을 기억하고 같은 수석총을 쓰는 청군과 싸울 실전 전술을 마련한다","도현은 전사자 이름을 하나씩 읽고 유가족을 돌보라 명한 뒤, 야외 훈련장에서 근위군단 1만 명을 직접 지휘해 임경업의 가상 청군과 포병·보병·기병 합동전을 시작한다","40명의 죽음에 대한 죄책감이 왕에게 남고 실제 청군은 조선보다 훨씬 많은 병력을 동원할 수 있다","비밀공작의 애도 장면이 대규모 공개 군사훈련으로 전환되고 도현은 수석총 보병을 기병·포병과 함께 운용하는 해답을 직접 시험한다","희생자 가족 부양이 왕명으로 보장되고 청군 수석총을 전제로 한 국가 차원의 대응 훈련이 개시된다","감정·군사 교리","공작 성공의 대가가 국가의 보호 책임과 합동전 교리 개발로 전환된다","임경업의 청군이 먼저 포격한 뒤 수석총 보병을 전진시켜 도현의 백군과 정면 총격전에 들어간다","수석총 공장 파괴 작전과 전사자 처우","동등 화력의 대군을 이길 합동전술 검증","L02","high"
"340","효종 340화","","44023","도현의 백군과 임경업의 가상 청군이 수석총 보병끼리 정면 사격하며 결전을 벌이는 상태","화력 우위가 사라져도 지휘와 병종 조합으로 승리를 만드는 도현의 전술 보상을 지급한다","청군의 강공을 역이용해 중앙을 무너뜨리고 지휘부를 제압한다","도현은 좌익을 치는 척한 흑치영 기병을 청군 중앙 측면으로 틀고 포병·3단 사격으로 적 기병을 전멸시킨 뒤 우회 기병으로 포병대와 본진을 덮쳐 항복을 받는다","백군도 총병력 4할 이상이 사상 판정을 받아 수적 열세의 조선이 감당하기 어려운 교환비라는 한계가 남는다","기병이 수석총 앞에서 쓸모없어진 것이 아니라 화망을 피하고 빈틈을 찌를 때 결정타가 된다는 전술적 반전이 검증된다","훈련 승리 뒤 전 병사에게 술과 고기가 하사되고 임경업과 장수들이 병종을 적재적소에 쓰는 교훈을 공유한다","군사 교리·사기","조선군은 동일 수석총을 가진 적에게 합동전으로 이길 수 있음을 증명하지만 대량 손실 문제도 수치로 확인한다","총참모부가 훈련 결과를 분석해 청군과의 실제 전쟁 교리를 보완한다","대규모 모의전의 승패와 기병 효용 논쟁","손실 4할을 줄일 교리·훈련 및 전쟁 준비","L03","high"
"341","효종 341화","","44174","수석총 대응 훈련을 끝낸 조선이 겨울 국정 결산을 하는 안정 국면","군사 대비뿐 아니라 세수·풍년·개척지·완도 상관이라는 국가 규모 성과와 왕의 가족적 얼굴을 함께 지급한다","재정과 민생 성과를 확인하고 상관 완공 전에도 화란 교역을 가동한다","도현은 김육에게 금화 1천2백만 냥 세수, 진대석에게 풍년과 북해도·봉황도 수확 3배를 보고받고 완도 임시 교역장을 승인한 뒤 숙희 공주에게 고양이 강아지풀 장난감을 만들어 준다","남부 태풍 피해가 있었고 완도 인공섬 상관은 바다를 메워야 해 최소 반년이 걸리며 기존 주민 이주도 필요하다","동인도회사가 토지 보상과 공사·임시 교역장 비용을 전부 부담하고 주민은 시세보다 높은 보상을 받아 이주했다는 정책 결과가 확인된다","국고 증가·풍년·개척지 증산과 가족의 평온이 왕정의 성과로 체감되고 정식 상관 전 임시 거래가 허용된다","재정·민생·가족 관계","전쟁 대비 국가가 동시에 세수와 식량을 늘리고 외자 부담으로 교역 기반을 조성하는 안정 단계에 들어선다","완도 임시 교역장에 봉황상단을 비롯한 조선 상단들이 몰려든다","훈련 후 국가 역량 결산과 상관 공사 승인","첫 화란 직거래의 가격·시장 반응과 주변국 반발","L03","high"
"342","효종 342화","","44296","완도 임시 교역장이 열리고 장태범의 봉황상단이 발데의 동인도회사와 첫 거래를 시작한 상태","도현이 설계한 직교역이 조선 상품의 단가·수출 품목·세수와 막부 재정까지 바꾸는 시장 보상으로 나타난다","왜국 중개 없이 조선 상품의 가치를 받고 유럽 판로를 넓힌다","장태범은 서양식으로 만든 광주 관요 다기 가격을 은 6냥에서 11냥으로 올리고 독점권을 붙여 다기 300상자·연필 1천 자루·인삼차 300근을 스페인 금화 2천 개에 판다","동인도회사는 유럽 운송비와 판매 불확실성을 부담하고 조선 상인들은 기존 나가사키 판로를 줄여 막부의 원한을 산다","나전칠기·자개·인삼까지 유럽에서 조선풍과 정력제로 인기를 얻는 반면 나가사키 세금은 절반으로 급감해 이에미쓰가 격노한다","중개상에게 돌아가던 마진이 조선 상단으로 환수되고 이전에 못 팔던 공예품까지 세계 시장에 진입한다","상업·국제 관계","완도 상관이 조선의 신규 수출·관세 거점으로 작동하고 막부의 나가사키 수입·중계 지위는 직접 훼손된다","야마오카가 제재와 전쟁까지 주장하고 미우라는 대마도 패전과 교역 단절 위험을 경고한다","완도 첫 직거래와 조선 상품 가격 재평가","막부의 항의·해적 위장 공작 여부","L04","high"
"343","효종 343화","","44447","이에미쓰의 가신들이 완도 상관 때문에 반감된 나가사키 세수에 무력 대응과 외교 대응을 놓고 갈라진 상태","막부의 은밀한 해적 전쟁을 열고 도현이 공개 항의는 왕권과 논리로 제압한다","상관 폐쇄 압력을 거부하고 조선의 독자 외교권을 지킨다","야마오카는 군선 3척·병사 1천 명으로 무역선을 해적처럼 습격하겠다는 허가를 받고 미우라는 명목상 항의 사절로 한양에 온다; 도현과 박노는 내정간섭 논리로 미우라를 몰아세워 알현에서 쫓아낸다","해적 공작이 발각되면 조선·화란과 막부 사이 전쟁으로 번질 수 있고 막부는 조선 통신사와 인삼·연필·담배 공급을 잃을 위험이 있다","도현의 격노는 박노와 짠 연기였고 미우라의 후속 알현을 봉쇄해 공식 외교전은 무소득으로 끝난다","조선은 막부의 허락 없이 화란과 통교할 주권을 공개적으로 재확인하고 상관 폐쇄 요구를 철회하지 않는다","왕권·외교·전쟁","공개 항의는 좌절됐지만 이에미쓰가 승인한 비밀 해적 부대가 외교전 밖에서 실행 단계에 들어간다","야마오카의 군선과 1천 병사가 화란·조선 무역선을 노릴 준비를 한다","막부 항의 사절의 상관 폐쇄 요구","해적 위장 습격과 조선의 추적·응징","L04","high"
