arc_id,start_sequence,end_sequence,start_line,end_line,main_characters,main_locations,character_evidence,location_evidence,source_sha256
DCA-N01,1,10,1,2167,"김민재, 김태중, 태우, 한정훈, 제프리, 데이비드, 조지, 살만, 장수영, 웨이, 로만, 강민","경제연구소, 태우, 미국, 태우증권, 한국, SAVE, 일본, 월가, 사우디, 퀀텀펀드",김민재<=김민재(4); 김태중<=할아버지(132); 태우<=태우(87); 한정훈<=한정훈(48); 제프리<=제프리(44); 데이비드<=데이비드(18); 조지<=조지(13); 살만<=살만(11); 장수영<=장수영(8); 웨이<=웨이(8); 로만<=로만(6); 강민<=강민(2),경제연구소<=경제연구소(2); 태우<=태우(87); 미국<=미국(47); 태우증권<=태우증권(36); 한국<=한국(28); SAVE<=SAVE(25); 일본<=일본(24); 월가<=월가(21); 사우디<=사우디(19); 퀀텀펀드<=퀀텀펀드(17),66f3e7df3123343c14a7134108dc59940511f40372493a549cba8ae709df4b45
DCA-N01B,11,15,2168,3024,"김민재, 김태중, 태우, 데이비드, 제프리, 조지, 푸틴, 부시, 로만, 김택훈, 한정훈, 구글","김포공항, 경제연구소, 국회, 태우, 미국, 한국, 월가, SAVE, 하버드, 러시아",김민재<=김민재(4); 김태중<=할아버지(70); 태우<=태우(41); 데이비드<=데이비드(23); 제프리<=제프리(17); 조지<=조지(8); 푸틴<=푸틴(8); 부시<=부시(3); 로만<=로만(3); 김택훈<=김택훈(1); 한정훈<=한정훈(1); 구글<=구글(1),김포공항<=김포공항(2); 경제연구소<=경제연구소(1); 국회<=국회(1); 태우<=태우(41); 미국<=미국(37); 한국<=한국(26); 월가<=월가(20); SAVE<=SAVE(17); 하버드<=하버드(11); 러시아<=러시아(11),66f3e7df3123343c14a7134108dc59940511f40372493a549cba8ae709df4b45
DCA-N02,16,31,3025,6005,"김민재, 태우, 이 상무, 김태중, 강 대위, 사장단, 이준수, 한지혜, 주영미, 애플, 조지, 서우태","태우 본사, 강 대위 사무실, 베트남 공장, 태우자동차 공장, 회장실, 태우, 감사팀, 명동, 일본, 한국",김민재<=김민재(37); 태우<=태우(170); 이 상무<=이 상무(132); 김태중<=할아버지(68); 강 대위<=강 대위(56); 사장단<=사장단(47); 이준수<=이준수(15); 한지혜<=한지혜(15); 주영미<=주영미(15); 애플<=애플(15); 조지<=조지(14); 서우태<=서우태(11),태우 본사<=태우그룹 본사(2); 강 대위 사무실<=강 대위의 사무실(2); 베트남 공장<=베트남 공장(1); 태우자동차 공장<=태우자동차 공장(1); 회장실<=회장실(1); 태우<=태우(170); 감사팀<=감사팀(105); 명동<=명동(80); 일본<=일본(32); 한국<=한국(30),66f3e7df3123343c14a7134108dc59940511f40372493a549cba8ae709df4b45
DCA-N03,32,52,6006,9758,"김민재, 태우, 박진훈, 김태중, 스티브, 애플, 조나단, 데이비드, 사장단, 우성일, 후쿠다, 박준일","부천 공장, 회장실, 강 대위 사무실, 태우, 태우전자, 미국, 한국, 애플, 일본, 명동",김민재<=김민재(16); 태우<=태우(325); 박진훈<=박진훈(105); 김태중<=할아버지(103); 스티브<=스티브(67); 애플<=애플(59); 조나단<=조나단(27); 데이비드<=데이비드(26); 사장단<=사장단(25); 우성일<=우성일(21); 후쿠다<=후쿠다(16); 박준일<=박준일(12),부천 공장<=부천 공장(4); 회장실<=회장실(4); 강 대위 사무실<=강 대위의 사무실(1); 태우<=태우(325); 태우전자<=태우전자(178); 미국<=미국(79); 한국<=한국(62); 애플<=애플(59); 일본<=일본(34); 명동<=명동(32),66f3e7df3123343c14a7134108dc59940511f40372493a549cba8ae709df4b45
DCA-N04,53,71,9759,13225,"김민재, 태우, 김태중, 애플, 다이먼, 스티브, 데이비드, 오강철, 강 대위, 살만, 조지, 아크만","강 대위 사무실, 회장실, 태우, 태우전자, 애플, 한국, 태우조선, SAVE, 미국, 태우중공업",김민재<=김민재(14); 태우<=태우(441); 김태중<=할아버지(180); 애플<=애플(109); 다이먼<=다이먼(72); 스티브<=스티브(51); 데이비드<=데이비드(28); 오강철<=오강철(28); 강 대위<=강 대위(27); 살만<=살만(20); 조지<=조지(16); 아크만<=아크만(16),강 대위 사무실<=강 대위의 사무실(9); 회장실<=회장실(3); 태우<=태우(441); 태우전자<=태우전자(160); 애플<=애플(109); 한국<=한국(88); 태우조선<=태우조선(77); SAVE<=SAVE(60); 미국<=미국(59); 태우중공업<=태우중공업(58),66f3e7df3123343c14a7134108dc59940511f40372493a549cba8ae709df4b45
DCA-N05,72,77,13226,14342,"김민재, 태우, 김태중, 기획실장, 데이비드, 쩡훙친, 제프리, 조지, 우성일, 후쿠다, 하재원, 애플","회장실, 태우 본사, 국회, 강 대위 사무실, 태우자동차 공장, 중국, 태우, 한국, 루마니아, 미국",김민재<=김민재(4); 태우<=태우(108); 김태중<=할아버지(39); 기획실장<=기획실장(24); 데이비드<=데이비드(19); 쩡훙친<=쩡훙친(15); 제프리<=제프리(14); 조지<=조지(4); 우성일<=우성일(2); 후쿠다<=후쿠다(2); 하재원<=하재원(1); 애플<=애플(1),회장실<=회장실(4); 태우 본사<=태우그룹 본사(3); 국회<=국회(1); 강 대위 사무실<=강 대위의 사무실(1); 태우자동차 공장<=태우자동차 공장(1); 중국<=중국(114); 태우<=태우(108); 한국<=한국(29); 루마니아<=루마니아(22); 미국<=미국(19),66f3e7df3123343c14a7134108dc59940511f40372493a549cba8ae709df4b45
DCA-N06,78,86,14343,15983,"김민재, 태우, 김태중, 스티브, 애플, 조지, 다이먼, 기획실장, 살만, 사장단, 압둘라, 후쿠다","회장실, 국회, 강 대위 사무실, 태우, 한국, 일본, 미국, 월가, 사우디, 애플",김민재<=김민재(2); 태우<=태우(103); 김태중<=할아버지(93); 스티브<=스티브(29); 애플<=애플(18); 조지<=조지(10); 다이먼<=다이먼(7); 기획실장<=기획실장(7); 살만<=살만(6); 사장단<=사장단(6); 압둘라<=압둘라(5); 후쿠다<=후쿠다(4),회장실<=회장실(7); 국회<=국회(5); 강 대위 사무실<=강 대위의 사무실(2); 태우<=태우(103); 한국<=한국(88); 일본<=일본(32); 미국<=미국(26); 월가<=월가(25); 사우디<=사우디(21); 애플<=애플(18),66f3e7df3123343c14a7134108dc59940511f40372493a549cba8ae709df4b45
DCA-N07,87,90,15984,16721,"김민재, 태우, 김태중, 데이비드, 애플, 다이먼, 카를로스 곤, 사장단, 우성일, 고연진, 로만, 강 대위","회장실, 강 대위 사무실, 태우, 한국, 태우전자, 미국, 애플, SAVE, 태우조선, 전경련",김민재<=김민재(3); 태우<=태우(54); 김태중<=할아버지(38); 데이비드<=데이비드(16); 애플<=애플(14); 다이먼<=다이먼(7); 카를로스 곤<=카를로스 곤(6); 사장단<=사장단(5); 우성일<=우성일(3); 고연진<=고연진(3); 로만<=로만(2); 강 대위<=강 대위(2),회장실<=회장실(2); 강 대위 사무실<=강 대위의 사무실(1); 태우<=태우(54); 한국<=한국(36); 태우전자<=태우전자(19); 미국<=미국(15); 애플<=애플(14); SAVE<=SAVE(6); 태우조선<=태우조선(4); 전경련<=전경련(4),66f3e7df3123343c14a7134108dc59940511f40372493a549cba8ae709df4b45
DCA-N07B,91,95,16722,17615,"김민재, 태우, 김태중, 고승택, 우성일, 박만덕, 애플, 데이비드, 고연진, 기획실장, 후쿠다, 카를로스 곤","청와대, 회장실, 태우, 한국, 태우증권, 태우전자, 미국, 애플, CL카드, 일본",김민재<=김민재(4); 태우<=태우(118); 김태중<=할아버지(30); 고승택<=고승택(17); 우성일<=우성일(9); 박만덕<=박만덕(9); 애플<=애플(6); 데이비드<=데이비드(5); 고연진<=고연진(4); 기획실장<=기획실장(3); 후쿠다<=후쿠다(1); 카를로스 곤<=카를로스 곤(1),청와대<=청와대(1); 회장실<=회장실(1); 태우<=태우(118); 한국<=한국(29); 태우증권<=태우증권(23); 태우전자<=태우전자(18); 미국<=미국(8); 애플<=애플(6); CL카드<=CL카드(5); 일본<=일본(5),66f3e7df3123343c14a7134108dc59940511f40372493a549cba8ae709df4b45
DCA-N07C,96,97,17616,17953,"김민재, 태우, 다이먼, 조지, 데이비드, 장수영, 김태중, 샌디 웨일, 사장단, 로만, 강 대위","청와대, 강 대위 사무실, 태우, 태우건설, 한국, SAVE, 월가, 거가대교, 지하철 9호선, 미국",김민재<=FIRST_PERSON_EXCEPTION(0); 태우<=태우(26); 다이먼<=다이먼(18); 조지<=조지(15); 데이비드<=데이비드(12); 장수영<=장수영(9); 김태중<=할아버지(5); 샌디 웨일<=샌디 웨일(2); 사장단<=사장단(1); 로만<=로만(1); 강 대위<=강 대위(1),청와대<=청와대(2); 강 대위 사무실<=강 대위의 사무실(1); 태우<=태우(26); 태우건설<=태우건설(20); 한국<=한국(20); SAVE<=SAVE(12); 월가<=월가(10); 거가대교<=거가대교(9); 지하철 9호선<=지하철 9호선(6); 미국<=미국(4),66f3e7df3123343c14a7134108dc59940511f40372493a549cba8ae709df4b45
DCA-N08,98,101,17954,18661,"김민재, 태우, 김태중, 데이비드, 다이먼, 우성일, 임진태, 부시, 애플, 조지, 사장단, 조지 슐츠","청와대, 회장실, 강 대위 사무실, 태우, 월가, 태우통신, 미국, 한국, 북한, MC소프트",김민재<=김민재(4); 태우<=태우(59); 김태중<=할아버지(22); 데이비드<=데이비드(20); 다이먼<=다이먼(10); 우성일<=우성일(9); 임진태<=임진태(8); 부시<=부시(5); 애플<=애플(5); 조지<=조지(4); 사장단<=사장단(4); 조지 슐츠<=조지 슐츠(3),청와대<=청와대(2); 회장실<=회장실(2); 강 대위 사무실<=강 대위의 사무실(1); 태우<=태우(59); 월가<=월가(23); 태우통신<=태우통신(18); 미국<=미국(18); 한국<=한국(15); 북한<=북한(13); MC소프트<=MC소프트(12),66f3e7df3123343c14a7134108dc59940511f40372493a549cba8ae709df4b45
DCA-N09,102,111,18662,20420,"김민재, 태우, 이영한, 김태중, 강 대위, 이준수, 이 상무, 다이먼, 스티브, 이선일, 박광도, 애플","강 대위 사무실, 청와대, 명동, 태우, 일본, 한국, 미국, 태우통신, 부산, 월가",김민재<=김민재(14); 태우<=태우(91); 이영한<=이영한(78); 김태중<=할아버지(32); 강 대위<=강 대위(30); 이준수<=이준수(29); 이 상무<=이 상무(21); 다이먼<=다이먼(15); 스티브<=스티브(10); 이선일<=이선일(8); 박광도<=박광도(6); 애플<=애플(6),강 대위 사무실<=강 대위의 사무실(5); 청와대<=청와대(2); 명동<=명동(139); 태우<=태우(91); 일본<=일본(64); 한국<=한국(53); 미국<=미국(30); 태우통신<=태우통신(26); 부산<=부산(23); 월가<=월가(20),66f3e7df3123343c14a7134108dc59940511f40372493a549cba8ae709df4b45
DCA-N10,112,116,20421,21297,"김민재, 태우, 김태중, 강민, 이준수, 이영한, 트럼프, 다이먼, 우성일, 로만, 이주영, 이 상무","국회, 청와대, 회장실, 태우, 태우통신, 일본, 태우전자, 명동, 미국, 한국",김민재<=김민재(3); 태우<=태우(110); 김태중<=할아버지(29); 강민<=강민(14); 이준수<=이준수(11); 이영한<=이영한(9); 트럼프<=트럼프(9); 다이먼<=다이먼(7); 우성일<=우성일(5); 로만<=로만(5); 이주영<=이주영(4); 이 상무<=이 상무(4),국회<=국회(3); 청와대<=청와대(1); 회장실<=회장실(1); 태우<=태우(110); 태우통신<=태우통신(53); 일본<=일본(31); 태우전자<=태우전자(25); 명동<=명동(23); 미국<=미국(21); 한국<=한국(12),66f3e7df3123343c14a7134108dc59940511f40372493a549cba8ae709df4b45
DCA-N11,117,124,21298,22793,"김민재, 태우, 김태중, 푸틴, 장영준, 장경준, 장수영, 다이먼, 사장단, 로만, 장남, 강 대위","회장실, 강 대위 사무실, 태우 본사, 부회장실, 백악관, 태우, 러시아, 일본, 한국, 월가",김민재<=김민재(20); 태우<=태우(87); 김태중<=할아버지(37); 푸틴<=푸틴(30); 장영준<=장영준(27); 장경준<=장경준(24); 장수영<=장수영(21); 다이먼<=다이먼(14); 사장단<=사장단(14); 로만<=로만(14); 장남<=장남(13); 강 대위<=강 대위(12),회장실<=회장실(5); 강 대위 사무실<=강 대위의 사무실(2); 태우 본사<=태우그룹 본사(1); 부회장실<=부회장실(1); 백악관<=백악관(1); 태우<=태우(87); 러시아<=러시아(72); 일본<=일본(25); 한국<=한국(25); 월가<=월가(18),66f3e7df3123343c14a7134108dc59940511f40372493a549cba8ae709df4b45
DCA-N12,125,134,22794,24613,"김민재, 태우, 김태중, 애플, 스티브, 장경준, 장영준, 부시, 유석재, 데이비드, 고승택, 웨이","회장실, 부회장실, 강 대위 사무실, 백악관, 사장단 회의실, 청와대, 태우, 애플, 태우전자, 미국",김민재<=김민재(1); 태우<=태우(159); 김태중<=할아버지(49); 애플<=애플(42); 스티브<=스티브(34); 장경준<=장경준(25); 장영준<=장영준(22); 부시<=부시(19); 유석재<=유석재(16); 데이비드<=데이비드(12); 고승택<=고승택(10); 웨이<=웨이(9),회장실<=회장실(9); 부회장실<=부회장실(8); 강 대위 사무실<=강 대위의 사무실(4); 백악관<=백악관(2); 사장단 회의실<=사장단 회의실(1); 청와대<=청와대(1); 태우<=태우(159); 애플<=애플(42); 태우전자<=태우전자(34); 미국<=미국(27),66f3e7df3123343c14a7134108dc59940511f40372493a549cba8ae709df4b45
DCA-N13,135,142,24614,26107,"김민재, 태우, 윤현길, 김태중, 장수영, 장영준, 강 대위, 기획실장, 쩡훙친, 장경준, 푸틴, 마화명","국회, 회장실, 강 대위 사무실, 백악관, 부회장실, 태우, 중국, 한국, 검찰, 베트남",김민재<=김민재(17); 태우<=태우(139); 윤현길<=윤현길(95); 김태중<=할아버지(41); 장수영<=장수영(23); 장영준<=장영준(20); 강 대위<=강 대위(18); 기획실장<=기획실장(16); 쩡훙친<=쩡훙친(14); 장경준<=장경준(14); 푸틴<=푸틴(12); 마화명<=마화명(6),국회<=국회(18); 회장실<=회장실(5); 강 대위 사무실<=강 대위의 사무실(3); 백악관<=백악관(2); 부회장실<=부회장실(1); 태우<=태우(139); 중국<=중국(34); 한국<=한국(29); 검찰<=검찰(21); 베트남<=베트남(15),66f3e7df3123343c14a7134108dc59940511f40372493a549cba8ae709df4b45
DCA-N14,143,146,26108,26781,"김민재, 태우, 애플, 오희건, 기획실장, 데이비드, 장경준, 로만, 부시, 강 대위, 김태중, 스티브","백악관, 청와대, 강 대위 사무실, 태우 본사, 부회장실, 회장실, 태우, 한국, 미국, 삼진전자",김민재<=FIRST_PERSON_EXCEPTION(0); 태우<=태우(45); 애플<=애플(14); 오희건<=오희건(7); 기획실장<=기획실장(7); 데이비드<=데이비드(5); 장경준<=장경준(3); 로만<=로만(3); 부시<=부시(2); 강 대위<=강 대위(2); 김태중<=할아버지(1); 스티브<=스티브(1),백악관<=백악관(4); 청와대<=청와대(3); 강 대위 사무실<=강 대위의 사무실(2); 태우 본사<=태우그룹 본사(1); 부회장실<=부회장실(1); 회장실<=회장실(1); 태우<=태우(45); 한국<=한국(45); 미국<=미국(43); 삼진전자<=삼진전자(33),66f3e7df3123343c14a7134108dc59940511f40372493a549cba8ae709df4b45
DCA-N15,147,150,26782,27463,"김민재, 태우, 애플, 제프리, 스티브, 데이비드, 오희건, 이주영, 우성일, 마크, 기획실장, 김태중","백악관, 부회장실, 태우자동차 공장, 회장실, 태우, 애플, 태우전자, 미국, 한국, 중국",김민재<=김민재(1); 태우<=태우(72); 애플<=애플(63); 제프리<=제프리(15); 스티브<=스티브(10); 데이비드<=데이비드(8); 오희건<=오희건(6); 이주영<=이주영(5); 우성일<=우성일(3); 마크<=마크(2); 기획실장<=기획실장(2); 김태중<=할아버지(1),백악관<=백악관(6); 부회장실<=부회장실(1); 태우자동차 공장<=태우자동차 공장(1); 회장실<=회장실(1); 태우<=태우(72); 애플<=애플(63); 태우전자<=태우전자(33); 미국<=미국(14); 한국<=한국(13); 중국<=중국(11),66f3e7df3123343c14a7134108dc59940511f40372493a549cba8ae709df4b45
DCA-N15B,151,153,27464,28005,"김민재, 태우, 데이비드, 힌톤, 조지, 다이먼, 조지 슐츠, 부시, 강 대위, 로만, 제프리, 장수영","백악관, 강 대위 사무실, 부회장실, 회장실, 태우, 미국, SAVE, 태우건설, 한국, 월가",김민재<=김민재(2); 태우<=태우(48); 데이비드<=데이비드(11); 힌톤<=힌톤(9); 조지<=조지(8); 다이먼<=다이먼(7); 조지 슐츠<=조지 슐츠(7); 부시<=부시(6); 강 대위<=강 대위(3); 로만<=로만(2); 제프리<=제프리(1); 장수영<=장수영(1),백악관<=백악관(11); 강 대위 사무실<=강 대위의 사무실(2); 부회장실<=부회장실(1); 회장실<=회장실(1); 태우<=태우(48); 미국<=미국(47); SAVE<=SAVE(19); 태우건설<=태우건설(18); 한국<=한국(15); 월가<=월가(6),66f3e7df3123343c14a7134108dc59940511f40372493a549cba8ae709df4b45
DCA-N16,154,159,28006,29001,"김민재, 태우, 애플, 스티브, 김태중, 다이먼, 임재범, 서문영, 오희건, 조나단, 데이비드, 서광수","백악관, 강 대위 사무실, 회장실, 부회장실, 태우 본사, 태우, 태우전자, 미국, 한국, 애플",김민재<=김민재(7); 태우<=태우(105); 애플<=애플(26); 스티브<=스티브(18); 김태중<=할아버지(16); 다이먼<=다이먼(16); 임재범<=임재범(13); 서문영<=서문영(10); 오희건<=오희건(9); 조나단<=조나단(8); 데이비드<=데이비드(5); 서광수<=서광수(5),백악관<=백악관(5); 강 대위 사무실<=강 대위의 사무실(4); 회장실<=회장실(4); 부회장실<=부회장실(2); 태우 본사<=태우그룹 본사(1); 태우<=태우(105); 태우전자<=태우전자(35); 미국<=미국(33); 한국<=한국(31); 애플<=애플(26),66f3e7df3123343c14a7134108dc59940511f40372493a549cba8ae709df4b45
DCA-N16B,160,166,29002,30224,"김민재, 태우, 다이먼, 애플, 김태중, 기획실장, 스티브, 이영한, 박만덕, 고승택, 강 대위, 이일석","회장실, 부회장실, 청와대, 강 대위 사무실, 태우, 외환은행, CL카드, 명동, 애플, 태우전자",김민재<=FIRST_PERSON_EXCEPTION(0); 태우<=태우(96); 다이먼<=다이먼(37); 애플<=애플(28); 김태중<=할아버지(18); 기획실장<=기획실장(17); 스티브<=스티브(14); 이영한<=이영한(12); 박만덕<=박만덕(8); 고승택<=고승택(7); 강 대위<=강 대위(5); 이일석<=이일석(4),회장실<=회장실(8); 부회장실<=부회장실(7); 청와대<=청와대(3); 강 대위 사무실<=강 대위 사무실(2); 태우<=태우(96); 외환은행<=외환은행(61); CL카드<=CL카드(59); 명동<=명동(36); 애플<=애플(28); 태우전자<=태우전자(22),66f3e7df3123343c14a7134108dc59940511f40372493a549cba8ae709df4b45
DCA-N17,167,176,30225,32080,"김민재, 태우, 천민정, 서정준, 강 대위, 서광수, 기획실장, 힌톤, 데이비드, 김태중, 마크, 우성일","부회장실, 회장실, 강 대위 사무실, 태우병원, 태우, 한국, 미국, 태우전자, 검찰, 경기",김민재<=김민재(6); 태우<=태우(122); 천민정<=천민정(100); 서정준<=서정준(31); 강 대위<=강 대위(26); 서광수<=서광수(20); 기획실장<=기획실장(20); 힌톤<=힌톤(12); 데이비드<=데이비드(9); 김태중<=할아버지(7); 마크<=마크(7); 우성일<=우성일(4),부회장실<=부회장실(9); 회장실<=회장실(9); 강 대위 사무실<=강 대위의 사무실(1); 태우병원<=태우병원(1); 태우<=태우(122); 한국<=한국(47); 미국<=미국(26); 태우전자<=태우전자(17); 검찰<=검찰(13); 경기<=경기(11),66f3e7df3123343c14a7134108dc59940511f40372493a549cba8ae709df4b45
DCA-N18,177,180,32081,32797,"김민재, 태우, 천민정, 머스크, 데이비드, 다이먼, 김태중, 힌톤, 애플, 기획실장, 스티브, 피터 틸","강 대위 사무실, 한국, 미국, 태우, SAVE, 중국, 외환은행, 삼진전자, 애플, 러시아",김민재<=김민재(2); 태우<=태우(23); 천민정<=천민정(17); 머스크<=머스크(14); 데이비드<=데이비드(12); 다이먼<=다이먼(12); 김태중<=할아버지(9); 힌톤<=힌톤(5); 애플<=애플(4); 기획실장<=기획실장(3); 스티브<=스티브(2); 피터 틸<=피터 틸(2),강 대위 사무실<=강 대위의 사무실(1); 한국<=한국(26); 미국<=미국(25); 태우<=태우(23); SAVE<=SAVE(12); 중국<=중국(8); 외환은행<=외환은행(7); 삼진전자<=삼진전자(5); 애플<=애플(4); 러시아<=러시아(4),66f3e7df3123343c14a7134108dc59940511f40372493a549cba8ae709df4b45
DCA-N18B,181,183,32798,33294,"김민재, 태우, 서광수, 강 대위, 서문영, 임재범, 애플, 김정빈, 박동희, 기획실장, 살만, 스티브","강 대위 사무실, 부회장실, 국회, 회장실, 검찰, 태우, 한국, CES, 미국, 애플",김민재<=FIRST_PERSON_EXCEPTION(0); 태우<=태우(20); 서광수<=서광수(18); 강 대위<=강 대위(11); 서문영<=서문영(6); 임재범<=임재범(5); 애플<=애플(5); 김정빈<=김정빈(4); 박동희<=박동희(2); 기획실장<=기획실장(2); 살만<=살만(1); 스티브<=스티브(1),강 대위 사무실<=강 대위의 사무실(2); 부회장실<=부회장실(1); 국회<=국회(1); 회장실<=회장실(1); 검찰<=검찰(21); 태우<=태우(20); 한국<=한국(11); CES<=CES(9); 미국<=미국(6); 애플<=애플(5),66f3e7df3123343c14a7134108dc59940511f40372493a549cba8ae709df4b45
DCA-N18C,184,186,33295,33838,"김민재, 스티브, 태우, 애플, 힌톤, 다이먼, 데이비드, 천민정, 구글, 로만, 마크, 할 핀니","태우, 애플, 태우전자, 한국, 구글, CES, 미국, 중국, SAVE, 태우IT",김민재<=김민재(9); 스티브<=스티브(33); 태우<=태우(32); 애플<=애플(17); 힌톤<=힌톤(12); 다이먼<=다이먼(7); 데이비드<=데이비드(5); 천민정<=천민정(4); 구글<=구글(4); 로만<=로만(2); 마크<=마크(1); 할 핀니<=할 핀니(1),태우<=태우(32); 애플<=애플(17); 태우전자<=태우전자(15); 한국<=한국(9); 구글<=구글(4); CES<=CES(4); 미국<=미국(4); 중국<=중국(4); SAVE<=SAVE(3); 태우IT<=태우IT(2),66f3e7df3123343c14a7134108dc59940511f40372493a549cba8ae709df4b45
DCA-N19,187,191,33839,34776,"김민재, 태우, 델핀, 애플, 데이비드, 미모안 싱, 델핀 아노르, 우성일, 스티브, 기획실장, 김태중, 로만","부회장실, 회장실, 베트남 공장, 태우, 인도, 한국, 태우전자, 중국, IIT, 애플",김민재<=김민재(16); 태우<=태우(91); 델핀<=델핀(18); 애플<=애플(16); 데이비드<=데이비드(14); 미모안 싱<=미모안 싱(13); 델핀 아노르<=델핀 아노르(10); 우성일<=우성일(7); 스티브<=스티브(6); 기획실장<=기획실장(5); 김태중<=할아버지(3); 로만<=로만(2),부회장실<=부회장실(7); 회장실<=회장실(7); 베트남 공장<=베트남 공장(5); 태우<=태우(91); 인도<=인도(67); 한국<=한국(51); 태우전자<=태우전자(28); 중국<=중국(21); IIT<=IIT(19); 애플<=애플(16),66f3e7df3123343c14a7134108dc59940511f40372493a549cba8ae709df4b45
DCA-N20,192,199,34777,36165,"김민재, 태우, 추영택, 천민우, 천민정, 최재석, 델핀, 김태중, 기획실장, 조영희, 강 대위, 서정준","국회, 부회장실, 강 대위 사무실, 회장실, 태우, 한국, 미국, 검찰, 칠레, 중국",김민재<=김민재(30); 태우<=태우(98); 추영택<=추영택(50); 천민우<=천민우(41); 천민정<=천민정(28); 최재석<=최재석(25); 델핀<=델핀(18); 김태중<=할아버지(17); 기획실장<=기획실장(16); 조영희<=조영희(12); 강 대위<=강 대위(11); 서정준<=서정준(9),국회<=국회(8); 부회장실<=부회장실(4); 강 대위 사무실<=강 대위의 사무실(4); 회장실<=회장실(4); 태우<=태우(98); 한국<=한국(38); 미국<=미국(12); 검찰<=검찰(10); 칠레<=칠레(8); 중국<=중국(8),66f3e7df3123343c14a7134108dc59940511f40372493a549cba8ae709df4b45
DCA-N20B,200,202,36166,36693,"김민재, 태우, 김익수, 천민정, 우성일, 데이비드, 애플, 기획실장, 구글, 스티브, 천민우, 채드 헐리","부회장실, 회장실, 태우, 태우전자, 미국, 한국, SAVE, 태우증권, 애플, CES",김민재<=김민재(1); 태우<=태우(47); 김익수<=김익수(21); 천민정<=천민정(13); 우성일<=우성일(10); 데이비드<=데이비드(7); 애플<=애플(6); 기획실장<=기획실장(6); 구글<=구글(4); 스티브<=스티브(3); 천민우<=천민우(2); 채드 헐리<=채드 헐리(1),부회장실<=부회장실(6); 회장실<=회장실(6); 태우<=태우(47); 태우전자<=태우전자(14); 미국<=미국(12); 한국<=한국(11); SAVE<=SAVE(8); 태우증권<=태우증권(6); 애플<=애플(6); CES<=CES(5),66f3e7df3123343c14a7134108dc59940511f40372493a549cba8ae709df4b45
DCA-N20C,203,206,36694,37418,"김민재, 태우, 리사, 최재석, 살만, 천민정, 빈 살만, 기획실장, 우성일, 데이비드, 스티브, 애플","국회, 부회장실, 회장실, 태우, 태우전자, 한국, 사우디, 태우IT, 미국, 태우반도체",김민재<=김민재(1); 태우<=태우(75); 리사<=리사(54); 최재석<=최재석(24); 살만<=살만(10); 천민정<=천민정(9); 빈 살만<=빈 살만(8); 기획실장<=기획실장(8); 우성일<=우성일(6); 데이비드<=데이비드(5); 스티브<=스티브(4); 애플<=애플(4),국회<=국회(15); 부회장실<=부회장실(4); 회장실<=회장실(4); 태우<=태우(75); 태우전자<=태우전자(40); 한국<=한국(21); 사우디<=사우디(10); 태우IT<=태우IT(9); 미국<=미국(9); 태우반도체<=태우반도체(5),66f3e7df3123343c14a7134108dc59940511f40372493a549cba8ae709df4b45
DCA-N20D,207,209,37419,37935,"김민재, 천민정, 최재석, 태우, 리사, 강 대위, 미모안 싱, 기획실장, 제프리, 스티브, 김태중, 웨이","국회, 부회장실, 회장실, 태우, 한국, 인도, 태우반도체, IIT, 미국, 태우전자",김민재<=김민재(2); 천민정<=천민정(25); 최재석<=최재석(21); 태우<=태우(21); 리사<=리사(17); 강 대위<=강 대위(5); 미모안 싱<=미모안 싱(4); 기획실장<=기획실장(3); 제프리<=제프리(2); 스티브<=스티브(2); 김태중<=김태중(1); 웨이<=웨이(1),국회<=국회(4); 부회장실<=부회장실(2); 회장실<=회장실(2); 태우<=태우(21); 한국<=한국(15); 인도<=인도(14); 태우반도체<=태우반도체(7); IIT<=IIT(7); 미국<=미국(6); 태우전자<=태우전자(4),66f3e7df3123343c14a7134108dc59940511f40372493a549cba8ae709df4b45
DCA-N20E,210,211,37936,38260,"김민재, 태우, 최재석, 다이먼, 박만덕, 강 대위, 미모안 싱, 기획실장, 우성일, 로만","강 대위 사무실, 부회장실, 회장실, 인도, 한국, 태우, IIT, 태우증권, 미국, SAVE",김민재<=FIRST_PERSON_EXCEPTION(0); 태우<=태우(20); 최재석<=최재석(10); 다이먼<=다이먼(9); 박만덕<=박만덕(8); 강 대위<=강 대위(6); 미모안 싱<=미모안 싱(3); 기획실장<=기획실장(2); 우성일<=우성일(1); 로만<=로만(1),강 대위 사무실<=강 대위의 사무실(3); 부회장실<=부회장실(2); 회장실<=회장실(2); 인도<=인도(23); 한국<=한국(23); 태우<=태우(20); IIT<=IIT(9); 태우증권<=태우증권(8); 미국<=미국(7); SAVE<=SAVE(2),66f3e7df3123343c14a7134108dc59940511f40372493a549cba8ae709df4b45
DCA-N20F,212,215,38261,38905,"김민재, 태우, 김태중, 장경준, 최재석, 천민정, 박태수, 이주영, 머스크, 애플, 구글, 데이비드","부회장실, 회장실, 태우 본사, 국회, 청와대, 태우, 한국, IIT, 미국, 태우통신",김민재<=김민재(2); 태우<=태우(47); 김태중<=할아버지(17); 장경준<=장경준(14); 최재석<=최재석(11); 천민정<=천민정(8); 박태수<=박태수(7); 이주영<=이주영(5); 머스크<=머스크(3); 애플<=애플(2); 구글<=구글(2); 데이비드<=데이비드(1),부회장실<=부회장실(3); 회장실<=회장실(3); 태우 본사<=태우그룹 본사(2); 국회<=국회(2); 청와대<=청와대(1); 태우<=태우(47); 한국<=한국(27); IIT<=IIT(19); 미국<=미국(11); 태우통신<=태우통신(9),66f3e7df3123343c14a7134108dc59940511f40372493a549cba8ae709df4b45
DCA-N21,216,221,38906,39888,"김민재, 태우, 김태중, 진동구, 천민정, 최재석, 장남, 진호균, 로만, 진동오, 이상우, 델핀","회장실, 부회장실, 태우 본사, 한전, 한국, 러시아, 태우, 서울, 중국, 일본",김민재<=김민재(9); 태우<=태우(40); 김태중<=할아버지(35); 진동구<=진동구(20); 천민정<=천민정(11); 최재석<=최재석(11); 장남<=장남(11); 진호균<=진호균(10); 로만<=로만(9); 진동오<=진동오(8); 이상우<=이상우(7); 델핀<=델핀(6),회장실<=회장실(6); 부회장실<=부회장실(5); 태우 본사<=태우그룹 본사(1); 한전<=한전(76); 한국<=한국(62); 러시아<=러시아(40); 태우<=태우(40); 서울<=서울(32); 중국<=중국(22); 일본<=일본(15),66f3e7df3123343c14a7134108dc59940511f40372493a549cba8ae709df4b45
DCA-N22,222,226,39889,40732,"김민재, 차봉훈, 강 대위, 태우, 차일엽, 김도환, 이석준, 천민정, 기획실장, 최재석, 강인식","강 대위 사무실, 부회장실, 국회, 회장실, 서울, 태우, 검찰, 강인운수, 명동, 한전",김민재<=FIRST_PERSON_EXCEPTION(0); 차봉훈<=차봉훈(51); 강 대위<=강 대위(45); 태우<=태우(32); 차일엽<=차일엽(10); 김도환<=김도환(8); 이석준<=이석준(7); 천민정<=천민정(6); 기획실장<=기획실장(6); 최재석<=최재석(5); 강인식<=강인식(1),강 대위 사무실<=강 대위의 사무실(3); 부회장실<=부회장실(1); 국회<=국회(1); 회장실<=회장실(1); 서울<=서울(32); 태우<=태우(32); 검찰<=검찰(17); 강인운수<=강인운수(13); 명동<=명동(11); 한전<=한전(7),66f3e7df3123343c14a7134108dc59940511f40372493a549cba8ae709df4b45
DCA-N23,227,234,40733,42135,"김민재, 태우, 김태중, 장경준, 진동오, 부시, 진동구, 강 대위, 데이비드, 로만, 진호균, 장남","회장실, 강 대위 사무실, 태우 본사, 태우, 한전, 러시아, 미국, 한국, 중국, 명동",김민재<=김민재(7); 태우<=태우(81); 김태중<=할아버지(43); 장경준<=장경준(25); 진동오<=진동오(21); 부시<=부시(15); 진동구<=진동구(14); 강 대위<=강 대위(14); 데이비드<=데이비드(12); 로만<=로만(11); 진호균<=진호균(10); 장남<=장남(6),회장실<=회장실(6); 강 대위 사무실<=강 대위의 사무실(2); 태우 본사<=태우그룹 본사(1); 태우<=태우(81); 한전<=한전(47); 러시아<=러시아(41); 미국<=미국(40); 한국<=한국(35); 중국<=중국(31); 명동<=명동(17),66f3e7df3123343c14a7134108dc59940511f40372493a549cba8ae709df4b45
DCA-N24,235,237,42136,42648,"김민재, 태우, 머스크, 김태중, 사장단, 데이비드, 애플, 리사, 김익수, 부시, 천민정, 오바마","태우, 미국, 태우전자, 태우반도체, 러시아, 중국, 애플, 한국, 태우건설, SAVE",김민재<=FIRST_PERSON_EXCEPTION(0); 태우<=태우(47); 머스크<=머스크(12); 김태중<=할아버지(9); 사장단<=사장단(9); 데이비드<=데이비드(8); 애플<=애플(7); 리사<=리사(6); 김익수<=김익수(5); 부시<=부시(3); 천민정<=천민정(3); 오바마<=오바마(3),태우<=태우(47); 미국<=미국(11); 태우전자<=태우전자(10); 태우반도체<=태우반도체(8); 러시아<=러시아(8); 중국<=중국(8); 애플<=애플(7); 한국<=한국(7); 태우건설<=태우건설(5); SAVE<=SAVE(3),66f3e7df3123343c14a7134108dc59940511f40372493a549cba8ae709df4b45
DCA-N24B,238,242,42649,43450,"김민재, 태우, 기획실장, 머스크, 데이비드, 리사, 구글, 강 대위, 사장단, 로만","부회장실, 회장실, 강 대위 사무실, 태우, 태우엔터, 한국, 경기, 구글, 미국, 서울",김민재<=김민재(2); 태우<=태우(65); 기획실장<=기획실장(18); 머스크<=머스크(13); 데이비드<=데이비드(5); 리사<=리사(5); 구글<=구글(4); 강 대위<=강 대위(4); 사장단<=사장단(2); 로만<=로만(1),부회장실<=부회장실(5); 회장실<=회장실(5); 강 대위 사무실<=강 대위의 사무실(1); 태우<=태우(65); 태우엔터<=태우엔터(34); 한국<=한국(15); 경기<=경기(7); 구글<=구글(4); 미국<=미국(4); 서울<=서울(4),66f3e7df3123343c14a7134108dc59940511f40372493a549cba8ae709df4b45
DCA-N24C,243,246,43451,44097,"김민재, 태우, 강수기, 강 대위, 쩡훙친, 김다정, 기획실장, 로만, 이영한, 사장단, 마크","강 대위 사무실, 태우병원, 태우, SG엔터, 태우엔터, 중국, 한국, 검찰, 명동, 태우전자",김민재<=김민재(1); 태우<=태우(70); 강수기<=강수기(45); 강 대위<=강 대위(20); 쩡훙친<=쩡훙친(13); 김다정<=김다정(8); 기획실장<=기획실장(3); 로만<=로만(2); 이영한<=이영한(1); 사장단<=사장단(1); 마크<=마크(1),강 대위 사무실<=강 대위의 사무실(2); 태우병원<=태우병원(1); 태우<=태우(70); SG엔터<=SG엔터(44); 태우엔터<=태우엔터(34); 중국<=중국(32); 한국<=한국(25); 검찰<=검찰(8); 명동<=명동(5); 태우전자<=태우전자(2),66f3e7df3123343c14a7134108dc59940511f40372493a549cba8ae709df4b45
DCA-N25,247,247,44098,44251,"김민재, 강 대위, 머스크, 태우, 데이비드, 스티브, 다이먼","미국, 한국, SAVE, 태우, 태우통신, 유럽, 중국, 동남아, 부산",김민재<=FIRST_PERSON_EXCEPTION(0); 강 대위<=강 대위(7); 머스크<=머스크(3); 태우<=태우(3); 데이비드<=데이비드(2); 스티브<=스티브(2); 다이먼<=다이먼(1),미국<=미국(11); 한국<=한국(10); SAVE<=SAVE(3); 태우<=태우(3); 태우통신<=태우통신(1); 유럽<=유럽(1); 중국<=중국(1); 동남아<=동남아(1); 부산<=부산(1),66f3e7df3123343c14a7134108dc59940511f40372493a549cba8ae709df4b45
DCA-N25B,248,252,44252,45072,"김민재, 태우, 최재석, 천민정, 데이비드, 강 대위, 머스크, 강수기, 로만, 기획실장, 한정훈, 사장단","국회, 경제연구소, 강 대위 사무실, 태우, 경기, 미국, 한국, 서울, 부산, 태우증권",김민재<=FIRST_PERSON_EXCEPTION(0); 태우<=태우(48); 최재석<=최재석(41); 천민정<=천민정(14); 데이비드<=데이비드(10); 강 대위<=강 대위(5); 머스크<=머스크(5); 강수기<=강수기(4); 로만<=로만(3); 기획실장<=기획실장(3); 한정훈<=한 부회장(1); 사장단<=사장단(1),국회<=국회(2); 경제연구소<=경제연구소(1); 강 대위 사무실<=강 대위의 사무실(1); 태우<=태우(48); 경기<=경기(47); 미국<=미국(16); 한국<=한국(10); 서울<=서울(6); 부산<=부산(6); 태우증권<=태우증권(3),66f3e7df3123343c14a7134108dc59940511f40372493a549cba8ae709df4b45
DCA-N25C,253,269,45073,47922,"김민재, 태우, 김태중, 다이먼, 애플, 부시, 스티브, 데이비드, 샌디 웨일, 기획실장, 천민정, 로만","백악관, 회장실, 부회장실, 강 대위 사무실, 태우 본사, 미국, 태우, SAVE, 월가, AIZ",김민재<=김민재(4); 태우<=태우(135); 김태중<=할아버지(55); 다이먼<=다이먼(47); 애플<=애플(36); 부시<=부시(19); 스티브<=스티브(18); 데이비드<=데이비드(16); 샌디 웨일<=샌디 웨일(16); 기획실장<=기획실장(15); 천민정<=천민정(12); 로만<=로만(11),백악관<=백악관(17); 회장실<=회장실(9); 부회장실<=부회장실(7); 강 대위 사무실<=강 대위의 사무실(4); 태우 본사<=태우그룹 본사(1); 미국<=미국(208); 태우<=태우(135); SAVE<=SAVE(89); 월가<=월가(85); AIZ<=AIZ(70),66f3e7df3123343c14a7134108dc59940511f40372493a549cba8ae709df4b45
DCA-N27,270,275,47923,48978,"김민재, 태우, 김태중, 강 대위, 기획실장, 한정훈, 데이비드, 사장단, 천민정, 대통령실장, 애플, 유성민","회장실, 청와대, 부회장실, 강 대위 사무실, 태우 본사, 백악관, 태우, 미국, 한국, 월가",김민재<=김민재(10); 태우<=태우(61); 김태중<=할아버지(38); 강 대위<=강 대위(20); 기획실장<=기획실장(12); 한정훈<=한 사장(11); 데이비드<=데이비드(11); 사장단<=사장단(9); 천민정<=천민정(7); 대통령실장<=대통령실장(5); 애플<=애플(3); 유성민<=유성민(3),회장실<=회장실(24); 청와대<=청와대(18); 부회장실<=부회장실(6); 강 대위 사무실<=강 대위의 사무실(3); 태우 본사<=태우그룹 본사(2); 백악관<=백악관(1); 태우<=태우(61); 미국<=미국(55); 한국<=한국(45); 월가<=월가(22),66f3e7df3123343c14a7134108dc59940511f40372493a549cba8ae709df4b45
DCA-N27B,276,286,48979,50766,"김민재, 태우, 한정훈, 워렌 버핏, 워렌, 데이비드, 다이먼, 정태섭, 김태중, 대통령실장, 최재석, 오바마","청와대, 회장실, 백악관, 국회, 태우 본사, 강 대위 사무실, 한국, 태우, 미국, 태우증권",김민재<=김민재(3); 태우<=태우(97); 한정훈<=한 사장(48); 워렌 버핏<=워렌 버핏(47); 워렌<=워렌(47); 데이비드<=데이비드(28); 다이먼<=다이먼(21); 정태섭<=정태섭(17); 김태중<=김 회장(16); 대통령실장<=대통령실장(14); 최재석<=최재석(13); 오바마<=오바마(13),청와대<=청와대(25); 회장실<=회장실(7); 백악관<=백악관(4); 국회<=국회(2); 태우 본사<=태우그룹 본사(1); 강 대위 사무실<=강 대위의 사무실(1); 한국<=한국(112); 태우<=태우(97); 미국<=미국(77); 태우증권<=태우증권(22),66f3e7df3123343c14a7134108dc59940511f40372493a549cba8ae709df4b45
DCA-N28,287,296,50767,52474,"김민재, 태우, 현진해운, 한정훈, 데이비드, 김정우, 오바마, 강 대위, 오희건, 티모시, 다이먼, 천민정","백악관, 회장실, 강 대위 사무실, 김포공항, 국회, 미국, 태우, 한국, 센트리언, 유럽",김민재<=김민재(7); 태우<=태우(112); 현진해운<=현진해운(45); 한정훈<=한 사장(41); 데이비드<=데이비드(34); 김정우<=김정우(20); 오바마<=오바마(18); 강 대위<=강 대위(17); 오희건<=오희건(14); 티모시<=티모시(13); 다이먼<=다이먼(12); 천민정<=천민정(10),백악관<=백악관(20); 회장실<=회장실(4); 강 대위 사무실<=강 대위의 사무실(3); 김포공항<=김포공항(2); 국회<=국회(1); 미국<=미국(130); 태우<=태우(112); 한국<=한국(49); 센트리언<=센트리언(8); 유럽<=유럽(7),66f3e7df3123343c14a7134108dc59940511f40372493a549cba8ae709df4b45
DCA-N28B,297,301,52475,53287,"김민재, 태우, 김태중, 데이비드, 애플, 천민정, 강 대위, 한정훈, 제프리, 기획실장, 봉 감독, 머스크","태우 본사, 국회, 강 대위 사무실, 회장실, 태우, 한국, 미국, 애플, 유럽, 태우IT",김민재<=FIRST_PERSON_EXCEPTION(0); 태우<=태우(70); 김태중<=할아버지(16); 데이비드<=데이비드(12); 애플<=애플(12); 천민정<=천민정(10); 강 대위<=강 대위(8); 한정훈<=한 사장(7); 제프리<=제프리(6); 기획실장<=기획실장(6); 봉 감독<=봉 감독(5); 머스크<=머스크(5),태우 본사<=태우그룹 본사(5); 국회<=국회(1); 강 대위 사무실<=강 대위의 사무실(1); 회장실<=회장실(1); 태우<=태우(70); 한국<=한국(48); 미국<=미국(28); 애플<=애플(12); 유럽<=유럽(11); 태우IT<=태우IT(9),66f3e7df3123343c14a7134108dc59940511f40372493a549cba8ae709df4b45
DCA-N29,302,316,53288,55812,"김민재, 태우, 애플, 스티브, 김태중, 기획실장, 강 대위, 한정훈, 천민정, 유 회장, 살만, 빈 살만","국회, 청와대, 강 대위 사무실, 회장실, GM 공장, 태우 본사, 백악관, 태우, 애플, 미국",김민재<=김민재(6); 태우<=태우(192); 애플<=애플(87); 스티브<=스티브(37); 김태중<=김 회장(24); 기획실장<=기획실장(20); 강 대위<=강 대위(19); 한정훈<=한 사장(16); 천민정<=천민정(16); 유 회장<=유 회장(14); 살만<=살만(12); 빈 살만<=빈 살만(12),국회<=국회(17); 청와대<=청와대(11); 강 대위 사무실<=강 대위의 사무실(7); 회장실<=회장실(5); GM 공장<=GM 공장(4); 태우 본사<=태우그룹 본사(3); 백악관<=백악관(3); 태우<=태우(192); 애플<=애플(87); 미국<=미국(73),66f3e7df3123343c14a7134108dc59940511f40372493a549cba8ae709df4b45
DCA-N30,317,326,55813,57487,"김민재, 태우, 애플, 한정훈, 머스크, 다이먼, 강 대위, 데이비드, 기획실장, 김태중, 살만, 천민정","회장실, 태우 본사, 강 대위 사무실, 태우, 사우디, 애플, 중국, 미국, 월가, 한국",김민재<=김민재(4); 태우<=태우(123); 애플<=애플(86); 한정훈<=한 사장(30); 머스크<=머스크(18); 다이먼<=다이먼(13); 강 대위<=강 대위(13); 데이비드<=데이비드(10); 기획실장<=기획실장(10); 김태중<=김 회장(8); 살만<=살만(7); 천민정<=천민정(7),회장실<=회장실(12); 태우 본사<=태우그룹 본사(3); 강 대위 사무실<=강 대위의 사무실(2); 태우<=태우(123); 사우디<=사우디(102); 애플<=애플(86); 중국<=중국(51); 미국<=미국(41); 월가<=월가(40); 한국<=한국(39),66f3e7df3123343c14a7134108dc59940511f40372493a549cba8ae709df4b45
DCA-N31,327,333,57488,58665,"김민재, 태우, 현진해운, 한정훈, 최재석, 강 대위, 후쿠다, 조지, 김태중, 천민정, 조영수, 로만","국회, 태우 본사, 강 대위 사무실, 회장실, 태우, 일본, 유럽, 서울, 경기, 한국",김민재<=FIRST_PERSON_EXCEPTION(0); 태우<=태우(108); 현진해운<=현진해운(37); 한정훈<=한 사장(33); 최재석<=최재석(20); 강 대위<=강 대위(17); 후쿠다<=후쿠다(13); 조지<=조지(11); 김태중<=김 회장(10); 천민정<=천민정(7); 조영수<=조영수(6); 로만<=로만(5),국회<=국회(2); 태우 본사<=태우그룹 본사(1); 강 대위 사무실<=강 대위의 사무실(1); 회장실<=회장실(1); 태우<=태우(108); 일본<=일본(48); 유럽<=유럽(26); 서울<=서울(23); 경기<=경기(22); 한국<=한국(22),66f3e7df3123343c14a7134108dc59940511f40372493a549cba8ae709df4b45
DCA-N31B,334,337,58666,59333,"김민재, 태우, 최재석, 한정훈, 기획실장, 현진해운, 강 대위, 김태중, 로만, 천민정","회장실, 청와대, 국회, 백악관, 일본, 태우, 한국, 유럽, 미국, 퀀텀펀드",김민재<=김민재(1); 태우<=태우(64); 최재석<=최재석(38); 한정훈<=한 사장(19); 기획실장<=기획실장(10); 현진해운<=현진해운(7); 강 대위<=강 대위(4); 김태중<=김 회장(3); 로만<=로만(2); 천민정<=천민정(1),회장실<=회장실(4); 청와대<=청와대(3); 국회<=국회(1); 백악관<=백악관(1); 일본<=일본(110); 태우<=태우(64); 한국<=한국(22); 유럽<=유럽(14); 미국<=미국(8); 퀀텀펀드<=퀀텀펀드(8),66f3e7df3123343c14a7134108dc59940511f40372493a549cba8ae709df4b45
DCA-N31C,338,341,59334,59973,"김민재, 천민정, 태우, 강 대위, 기획실장, 다이먼, 강일파, 최재석, 한정훈, 조지, 로만","국회, 강 대위 사무실, 청와대, 회장실, 서울, 유럽, 태우, 일본, 한국, 중국",김민재<=FIRST_PERSON_EXCEPTION(0); 천민정<=천민정(19); 태우<=태우(18); 강 대위<=강 대위(16); 기획실장<=기획실장(14); 다이먼<=다이먼(13); 강일파<=강일파(10); 최재석<=최재석(8); 한정훈<=한 사장(6); 조지<=조지(1); 로만<=로만(1),국회<=국회(6); 강 대위 사무실<=강 대위의 사무실(3); 청와대<=청와대(1); 회장실<=회장실(1); 서울<=서울(40); 유럽<=유럽(26); 태우<=태우(18); 일본<=일본(10); 한국<=한국(10); 중국<=중국(9),66f3e7df3123343c14a7134108dc59940511f40372493a549cba8ae709df4b45
DCA-N32,342,344,59974,60493,"김민재, 태우, 한정훈, 데이비드, 마크, 서정준, 최재석, 트럼프, 조지, 오바마, 김태중, 애플","국회, 강 대위 사무실, 백악관, 유럽, 태우, 미국, 센트리언, 한국, 퀀텀펀드, 서울",김민재<=김민재(2); 태우<=태우(23); 한정훈<=한 사장(19); 데이비드<=데이비드(14); 마크<=마크(10); 서정준<=서정준(8); 최재석<=최재석(7); 트럼프<=트럼프(5); 조지<=조지(3); 오바마<=오바마(3); 김태중<=할아버지(2); 애플<=애플(2),국회<=국회(1); 강 대위 사무실<=강 대위의 사무실(1); 백악관<=백악관(1); 유럽<=유럽(27); 태우<=태우(23); 미국<=미국(21); 센트리언<=센트리언(11); 한국<=한국(10); 퀀텀펀드<=퀀텀펀드(6); 서울<=서울(5),66f3e7df3123343c14a7134108dc59940511f40372493a549cba8ae709df4b45
DCA-N32B,345,351,60494,61665,"김민재, 태우, 한정훈, 오스틴, 베릴, 부시, 데이비드, 박민용, 트럼프, 김태중, 천민정, 서정준","청와대, 태우 본사, 국회, 회장실, 태우, 미국, 태우건설, 한국, 월가, 유럽",김민재<=김민재(6); 태우<=태우(86); 한정훈<=한 사장(33); 오스틴<=오스틴(30); 베릴<=베릴(20); 부시<=부시(19); 데이비드<=데이비드(17); 박민용<=박민용(13); 트럼프<=트럼프(11); 김태중<=할아버지(8); 천민정<=천민정(5); 서정준<=서정준(5),청와대<=청와대(2); 태우 본사<=태우그룹 본사(1); 국회<=국회(1); 회장실<=회장실(1); 태우<=태우(86); 미국<=미국(52); 태우건설<=태우건설(16); 한국<=한국(14); 월가<=월가(13); 유럽<=유럽(12),66f3e7df3123343c14a7134108dc59940511f40372493a549cba8ae709df4b45
DCA-N32C,352,356,61666,62511,"김민재, 태우, 조지, 다이먼, 한정훈, 김태중, 천민정, 마크, 서정준, 최재석, 데이비드, 로만","금융타워, 태우 본사, 태우 금융타워, 청와대, 태우, 유럽, 한국, 센트리언, 미국, 퀀텀펀드",김민재<=김민재(2); 태우<=태우(41); 조지<=조지(15); 다이먼<=다이먼(11); 한정훈<=한 사장(10); 김태중<=할아버지(8); 천민정<=천민정(8); 마크<=마크(6); 서정준<=서정준(6); 최재석<=최재석(5); 데이비드<=데이비드(4); 로만<=로만(3),금융타워<=금융타워(5); 태우 본사<=태우그룹 본사(1); 태우 금융타워<=태우 금융타워(1); 청와대<=청와대(1); 태우<=태우(41); 유럽<=유럽(35); 한국<=한국(28); 센트리언<=센트리언(22); 미국<=미국(16); 퀀텀펀드<=퀀텀펀드(12),66f3e7df3123343c14a7134108dc59940511f40372493a549cba8ae709df4b45
DCA-N33,357,368,62512,64601,"김민재, 태우, 최재석, 김태중, 오바마, 베릴, 손정우, 조지, 한정훈, 트럼프, 현진해운, 천민정","백악관, 국회, 청와대, 강 대위 사무실, GM 공장, 금융타워, 미국, 태우, 한국, 중국",김민재<=김민재(2); 태우<=태우(102); 최재석<=최재석(49); 김태중<=할아버지(34); 오바마<=오바마(29); 베릴<=베릴(26); 손정우<=손정우(22); 조지<=조지(21); 한정훈<=한 사장(17); 트럼프<=트럼프(16); 현진해운<=현진해운(16); 천민정<=천민정(15),백악관<=백악관(17); 국회<=국회(9); 청와대<=청와대(7); 강 대위 사무실<=강 대위의 사무실(2); GM 공장<=GM 공장(1); 금융타워<=금융타워(1); 미국<=미국(116); 태우<=태우(102); 한국<=한국(72); 중국<=중국(50),66f3e7df3123343c14a7134108dc59940511f40372493a549cba8ae709df4b45
DCA-N33B,369,373,64602,65470,"김민재, 태우, 진동구, 사장단, 진동오, 진호균, 한정훈, 리사, 데이비드, 김태중, 조지, 강 대위","금융타워, 백악관, 경제연구소, 태우, 미국, 태우반도체, 중국, 한국, 러시아, 태우증권",김민재<=김민재(5); 태우<=태우(64); 진동구<=진동구(28); 사장단<=사장단(19); 진동오<=진동오(18); 진호균<=진호균(16); 한정훈<=한 사장(14); 리사<=리사(11); 데이비드<=데이비드(8); 김태중<=김 회장(7); 조지<=조지(7); 강 대위<=강 대위(6),금융타워<=금융타워(12); 백악관<=백악관(7); 경제연구소<=경제연구소(1); 태우<=태우(64); 미국<=미국(39); 태우반도체<=태우반도체(23); 중국<=중국(23); 한국<=한국(20); 러시아<=러시아(13); 태우증권<=태우증권(11),66f3e7df3123343c14a7134108dc59940511f40372493a549cba8ae709df4b45
DCA-N33C,374,377,65471,66170,"김민재, 태우, 쩡훙친, 로만, 김태중, 데이비드, 리강, 한정훈, 애플, 오바마, EU, 사장단","금융타워, 백악관, 러시아, 태우, 중국, 한국, 미국, 태우전자, 유럽, 일본",김민재<=김민재(1); 태우<=태우(77); 쩡훙친<=쩡훙친(11); 로만<=로만(11); 김태중<=김 회장(9); 데이비드<=데이비드(7); 리강<=리강(7); 한정훈<=한 사장(6); 애플<=애플(5); 오바마<=오바마(5); EU<=EU(3); 사장단<=사장단(2),금융타워<=금융타워(28); 백악관<=백악관(4); 러시아<=러시아(123); 태우<=태우(77); 중국<=중국(54); 한국<=한국(26); 미국<=미국(18); 태우전자<=태우전자(13); 유럽<=유럽(9); 일본<=일본(8),66f3e7df3123343c14a7134108dc59940511f40372493a549cba8ae709df4b45
DCA-N33D,378,380,66171,66742,"김민재, 살만, 태우, 빈 살만, 한정훈, 강 대위, 데이비드, 김태중, 조지, 다이먼, 부시, 천민정","금융타워, 강 대위 사무실, 사우디, 태우, 술집, 한국, 미국, 퀀텀펀드, 사우디 왕실, 명동",김민재<=FIRST_PERSON_EXCEPTION(0); 살만<=살만(57); 태우<=태우(27); 빈 살만<=빈 살만(21); 한정훈<=한 사장(12); 강 대위<=강 대위(10); 데이비드<=데이비드(3); 김태중<=할아버지(2); 조지<=조지(2); 다이먼<=다이먼(2); 부시<=부시(2); 천민정<=천민정(1),금융타워<=금융타워(9); 강 대위 사무실<=강 대위의 사무실(3); 사우디<=사우디(70); 태우<=태우(27); 술집<=술집(6); 한국<=한국(5); 미국<=미국(4); 퀀텀펀드<=퀀텀펀드(3); 사우디 왕실<=사우디 왕실(2); 명동<=명동(2),66f3e7df3123343c14a7134108dc59940511f40372493a549cba8ae709df4b45
DCA-N34,381,396,66743,69537,"김민재, 태우, 한정훈, 데이비드, 워렌, 김태중, 다이먼, 워렌 버핏, 살만, 리강, 빈 살만, 기획실장","백악관, 금융타워, 강 대위 사무실, 국회, 청와대, 회장실, 태우, 미국, 한국, 가이아나",김민재<=김민재(5); 태우<=태우(210); 한정훈<=한 사장(45); 데이비드<=데이비드(26); 워렌<=워렌(26); 김태중<=김 회장(22); 다이먼<=다이먼(22); 워렌 버핏<=워렌 버핏(20); 살만<=살만(18); 리강<=리강(16); 빈 살만<=빈 살만(14); 기획실장<=기획실장(11),백악관<=백악관(20); 금융타워<=금융타워(19); 강 대위 사무실<=강 대위의 사무실(2); 국회<=국회(1); 청와대<=청와대(1); 회장실<=회장실(1); 태우<=태우(210); 미국<=미국(173); 한국<=한국(59); 가이아나<=가이아나(41),66f3e7df3123343c14a7134108dc59940511f40372493a549cba8ae709df4b45
DCA-N34B,397,399,69538,70053,"김민재, 태우, 한정훈, 박만덕, 최재석, 기획실장, 청와대 수석, 현진해운, 김태중, 천민정, 로만, 강 대위","청와대, 금융타워, 태우, 중국, 월가, 태우증권, 한국, 태우건설, 동남아, 삼진전자",김민재<=FIRST_PERSON_EXCEPTION(0); 태우<=태우(50); 한정훈<=한 사장(32); 박만덕<=박만덕(20); 최재석<=최재석(2); 기획실장<=기획실장(2); 청와대 수석<=청와대 수석(2); 현진해운<=현진해운(2); 김태중<=할아버지(1); 천민정<=천민정(1); 로만<=로만(1); 강 대위<=강 대위(1),청와대<=청와대(13); 금융타워<=금융타워(12); 태우<=태우(50); 중국<=중국(40); 월가<=월가(14); 태우증권<=태우증권(10); 한국<=한국(10); 태우건설<=태우건설(7); 동남아<=동남아(6); 삼진전자<=삼진전자(3),66f3e7df3123343c14a7134108dc59940511f40372493a549cba8ae709df4b45
DCA-N34C,400,401,70054,70406,"김민재, 태우, 에릭센, 마크, 데이비드, 한정훈, 로보 노디스크 이사회, 김태중, 현진해운","백악관, 금융타워, 태우, 중국, 센트리언, 태우증권, 한국, 월가, 삼진전자, 퀀텀펀드",김민재<=김민재(1); 태우<=태우(26); 에릭센<=에릭센(15); 마크<=마크(14); 데이비드<=데이비드(10); 한정훈<=한 부회장(6); 로보 노디스크 이사회<=로보 노디스크 이사회(2); 김태중<=김 회장(1); 현진해운<=현진해운(1),백악관<=백악관(1); 금융타워<=금융타워(1); 태우<=태우(26); 중국<=중국(20); 센트리언<=센트리언(10); 태우증권<=태우증권(4); 한국<=한국(3); 월가<=월가(1); 삼진전자<=삼진전자(1); 퀀텀펀드<=퀀텀펀드(1),66f3e7df3123343c14a7134108dc59940511f40372493a549cba8ae709df4b45
DCA-N35,402,410,70407,71965,"김민재, 태우, 한정훈, 제리 왕, 김태중, 기획실장, 오용재, 데이비드, 김장우, 리강, 조지, 오희건","금융타워, 청와대, 태우병원, 회장실, 강 대위 사무실, 태우, 중국, 센트리언, 한국, 미국",김민재<=김민재(3); 태우<=태우(93); 한정훈<=한 부회장(31); 제리 왕<=제리 왕(26); 김태중<=김 회장(20); 기획실장<=기획실장(17); 오용재<=오용재(17); 데이비드<=데이비드(16); 김장우<=김장우(16); 리강<=리강(13); 조지<=조지(10); 오희건<=오희건(10),금융타워<=금융타워(25); 청와대<=청와대(13); 태우병원<=태우병원(13); 회장실<=회장실(5); 강 대위 사무실<=강 대위의 사무실(1); 태우<=태우(93); 중국<=중국(65); 센트리언<=센트리언(62); 한국<=한국(43); 미국<=미국(26),66f3e7df3123343c14a7134108dc59940511f40372493a549cba8ae709df4b45
DCA-N36,411,414,71966,72663,"김민재, 태우, 최재석, 살만, 빈 살만, 강 대위, 트럼프, 한정훈, 김태중, 데이비드, 오용재, 천민정","국회, 금융타워, 강 대위 사무실, 군산 조선소, 태우, 한국, 사우디, 새만금, 서울, 중국",김민재<=FIRST_PERSON_EXCEPTION(0); 태우<=태우(33); 최재석<=최재석(24); 살만<=살만(16); 빈 살만<=빈 살만(16); 강 대위<=강 대위(13); 트럼프<=트럼프(12); 한정훈<=한 부회장(10); 김태중<=김 회장(6); 데이비드<=데이비드(2); 오용재<=오용재(2); 천민정<=천민정(1),국회<=국회(4); 금융타워<=금융타워(4); 강 대위 사무실<=강 대위의 사무실(2); 군산 조선소<=군산 조선소(35); 태우<=태우(33); 한국<=한국(29); 사우디<=사우디(17); 새만금<=새만금(17); 서울<=서울(14); 중국<=중국(14),66f3e7df3123343c14a7134108dc59940511f40372493a549cba8ae709df4b45
DCA-N36B,415,419,72664,73524,"김민재, 태우, 현진해운, 한정훈, 오용재, 강 대위, 최재석, 김태중, 사장단, 로만, 천민정, 데이비드","금융타워, 청와대, 강 대위 사무실, 회장실, 태우, 중국, 한국, ASML, 미국, 유럽",김민재<=FIRST_PERSON_EXCEPTION(0); 태우<=태우(74); 현진해운<=현진해운(24); 한정훈<=한 부회장(14); 오용재<=오용재(13); 강 대위<=강 대위(8); 최재석<=최재석(7); 김태중<=김 회장(5); 사장단<=사장단(5); 로만<=로만(4); 천민정<=천민정(3); 데이비드<=데이비드(2),금융타워<=금융타워(23); 청와대<=청와대(2); 강 대위 사무실<=강 대위의 사무실(1); 회장실<=회장실(1); 태우<=태우(74); 중국<=중국(56); 한국<=한국(22); ASML<=ASML(20); 미국<=미국(17); 유럽<=유럽(10),66f3e7df3123343c14a7134108dc59940511f40372493a549cba8ae709df4b45
DCA-N36C,420,426,73525,74703,"김민재, 태우, 최재석, 한정훈, 강 대위, 현진해운, 머스크, 기획실장, 김태중, EU, 천민정, 로만","청와대, 금융타워, 강 대위 사무실, 국회, 백악관, 강 대위 식당, 태우, 태우건설, 새만금, 한국",김민재<=FIRST_PERSON_EXCEPTION(0); 태우<=태우(68); 최재석<=최재석(52); 한정훈<=한 부회장(26); 강 대위<=강 대위(13); 현진해운<=현진해운(13); 머스크<=머스크(7); 기획실장<=기획실장(6); 김태중<=김 회장(4); EU<=EU(3); 천민정<=천민정(1); 로만<=로만(1),청와대<=청와대(44); 금융타워<=금융타워(12); 강 대위 사무실<=강 대위의 사무실(3); 국회<=국회(2); 백악관<=백악관(1); 강 대위 식당<=강 대위 식당(1); 태우<=태우(68); 태우건설<=태우건설(20); 새만금<=새만금(17); 한국<=한국(16),66f3e7df3123343c14a7134108dc59940511f40372493a549cba8ae709df4b45
DCA-N37,427,430,74704,75383,"김민재, 태우, 최재석, 현진해운, 한정훈, 이영한, 리사, 김태중, 웨이, 강 대위, 천민정, 기획실장","청와대, 태우 본사, 금융타워, 회장실, 태우, 한국, 명동, 중국, 태우상사, 경기",김민재<=FIRST_PERSON_EXCEPTION(0); 태우<=태우(50); 최재석<=최재석(17); 현진해운<=현진해운(16); 한정훈<=한 부회장(12); 이영한<=이영한(7); 리사<=리사(6); 김태중<=김 회장(4); 웨이<=웨이(4); 강 대위<=강 대위(2); 천민정<=천민정(1); 기획실장<=기획실장(1),청와대<=청와대(4); 태우 본사<=태우그룹 본사(2); 금융타워<=금융타워(2); 회장실<=회장실(1); 태우<=태우(50); 한국<=한국(19); 명동<=명동(13); 중국<=중국(12); 태우상사<=태우상사(10); 경기<=경기(8),66f3e7df3123343c14a7134108dc59940511f40372493a549cba8ae709df4b45
DCA-N37B,431,435,75384,76286,"김민재, 태우, 살만, 빈 살만, 최재석, 한정훈, 조지, 트럼프, 서정준, 데이비드, 김장우, 압둘라","금융타워, 브로드 연구소, 강 대위 사무실, 청와대, 사우디, 태우, 미국, 중국, 한국, 센트리언",김민재<=FIRST_PERSON_EXCEPTION(0); 태우<=태우(31); 살만<=살만(28); 빈 살만<=빈 살만(28); 최재석<=최재석(23); 한정훈<=한 부회장(19); 조지<=조지(8); 트럼프<=트럼프(8); 서정준<=서정준(7); 데이비드<=데이비드(6); 김장우<=김장우(6); 압둘라<=압둘라(5),금융타워<=금융타워(10); 브로드 연구소<=브로드 연구소(6); 강 대위 사무실<=강 대위의 사무실(1); 청와대<=청와대(1); 사우디<=사우디(40); 태우<=태우(31); 미국<=미국(25); 중국<=중국(25); 한국<=한국(24); 센트리언<=센트리언(11),66f3e7df3123343c14a7134108dc59940511f40372493a549cba8ae709df4b45
DCA-N38,436,440,76287,77140,"김민재, 태우, 제리 왕, 마크, 현진해운, EU, 데이비드, 김태중, 한정훈, 에릭센, 머스크, 트럼프","금융타워, 태우 본사, 태우, 미국, 한국, 센트리언, 유럽, 중국, 명동, 구글",김민재<=FIRST_PERSON_EXCEPTION(0); 태우<=태우(61); 제리 왕<=제리 왕(26); 마크<=마크(18); 현진해운<=현진해운(13); EU<=EU(10); 데이비드<=데이비드(7); 김태중<=김 회장(6); 한정훈<=한 부회장(5); 에릭센<=에릭센(5); 머스크<=머스크(5); 트럼프<=트럼프(3),금융타워<=금융타워(10); 태우 본사<=태우그룹 본사(2); 태우<=태우(61); 미국<=미국(41); 한국<=한국(25); 센트리언<=센트리언(16); 유럽<=유럽(13); 중국<=중국(7); 명동<=명동(6); 구글<=구글(3),66f3e7df3123343c14a7134108dc59940511f40372493a549cba8ae709df4b45
DCA-N38B,441,446,77141,78215,"김민재, 태우, 트럼프, 김진우, 강 대위, 천민정, 김태중, 정영근, 웨이, 애플, 리강, 이종수","브로드 연구소, 백악관, 금융타워, 태우 본사, 강 대위 사무실, 태우, 미국, 한국, 중국, 센트리언",김민재<=김민재(2); 태우<=태우(85); 트럼프<=트럼프(40); 김진우<=김진우(17); 강 대위<=강 대위(16); 천민정<=천민정(12); 김태중<=김 회장(10); 정영근<=정영근(9); 웨이<=웨이(8); 애플<=애플(5); 리강<=리강(5); 이종수<=이종수(5),브로드 연구소<=브로드 연구소(9); 백악관<=백악관(3); 금융타워<=금융타워(3); 태우 본사<=태우그룹 본사(2); 강 대위 사무실<=강 대위의 사무실(2); 태우<=태우(85); 미국<=미국(44); 한국<=한국(34); 중국<=중국(29); 센트리언<=센트리언(21),66f3e7df3123343c14a7134108dc59940511f40372493a549cba8ae709df4b45
DCA-N38C,447,450,78216,78912,"김민재, 태우, 머스크, 애플, 트럼프, 스티브, 다이먼, 데이비드, 김태중, 조지, 마크, 오바마","금융타워, 태우 본사, 미국, 태우, 애플, 한국, 유럽, 러시아, 중국, 태우건설",김민재<=김민재(1); 태우<=태우(70); 머스크<=머스크(28); 애플<=애플(27); 트럼프<=트럼프(23); 스티브<=스티브(18); 다이먼<=다이먼(7); 데이비드<=데이비드(6); 김태중<=김 회장(3); 조지<=조지(3); 마크<=마크(3); 오바마<=오바마(3),금융타워<=금융타워(6); 태우 본사<=태우그룹 본사(1); 미국<=미국(90); 태우<=태우(70); 애플<=애플(27); 한국<=한국(11); 유럽<=유럽(10); 러시아<=러시아(9); 중국<=중국(8); 태우건설<=태우건설(4),66f3e7df3123343c14a7134108dc59940511f40372493a549cba8ae709df4b45
DCA-N39,451,455,78913,79845,"김민재, 태우, 강 대위, 천민정, 한정훈, 리사, 로만, 트럼프, 웨이, 태우병원 의료진, 살만, 최재석","금융타워, 태우병원, 구형 반도체 공장, 강 대위 사무실, 쿠알라룸푸르 공항, 태우, 북한, 중국, 한국, 미국",김민재<=FIRST_PERSON_EXCEPTION(0); 태우<=태우(51); 강 대위<=강 대위(30); 천민정<=천민정(14); 한정훈<=한 부회장(8); 리사<=리사(6); 로만<=로만(5); 트럼프<=트럼프(4); 웨이<=웨이(4); 태우병원 의료진<=태우병원 의료진(4); 살만<=살만(3); 최재석<=최재석(3),금융타워<=금융타워(14); 태우병원<=태우병원(7); 구형 반도체 공장<=구형 반도체 공장(3); 강 대위 사무실<=강 대위의 사무실(1); 쿠알라룸푸르 공항<=쿠알라룸푸르 공항(1); 태우<=태우(51); 북한<=북한(41); 중국<=중국(29); 한국<=한국(21); 미국<=미국(17),66f3e7df3123343c14a7134108dc59940511f40372493a549cba8ae709df4b45
DCA-N40,456,462,79846,81043,"김민재, 태우, 살만, 빈 살만, 한정훈, 진동구, 최재석, 손정우, 김태중, 구글, 진호균, 데이비드","금융타워, 백악관, 청와대, 태우 본사, 회장실, 태우, 한국, 태우통신, 사우디, 미국",김민재<=FIRST_PERSON_EXCEPTION(0); 태우<=태우(124); 살만<=살만(25); 빈 살만<=빈 살만(24); 한정훈<=한 부회장(20); 진동구<=진동구(16); 최재석<=최재석(12); 손정우<=손정우(9); 김태중<=김 회장(8); 구글<=구글(7); 진호균<=진호균(7); 데이비드<=데이비드(6),금융타워<=금융타워(28); 백악관<=백악관(11); 청와대<=청와대(9); 태우 본사<=태우그룹 본사(1); 회장실<=회장실(1); 태우<=태우(124); 한국<=한국(65); 태우통신<=태우통신(55); 사우디<=사우디(43); 미국<=미국(40),66f3e7df3123343c14a7134108dc59940511f40372493a549cba8ae709df4b45
DCA-N41,463,465,81044,81551,"김민재, 태우, 데이비드, 한정훈, 다이먼, 트럼프, 천민정, 마크, 애플, 로만, 기획실장","백악관, 금융타워, 태우, 일본, 미국, 알래스카, 알래스카 유전, 한국, 가이아나, 가이아나 유전",김민재<=김민재(1); 태우<=태우(35); 데이비드<=데이비드(7); 한정훈<=한 부회장(4); 다이먼<=다이먼(4); 트럼프<=트럼프(3); 천민정<=천민정(3); 마크<=마크(1); 애플<=애플(1); 로만<=로만(1); 기획실장<=기획실장(1),백악관<=백악관(16); 금융타워<=금융타워(5); 태우<=태우(35); 일본<=일본(30); 미국<=미국(27); 알래스카<=알래스카(21); 알래스카 유전<=알래스카 유전(18); 한국<=한국(11); 가이아나<=가이아나(7); 가이아나 유전<=가이아나 유전(6),66f3e7df3123343c14a7134108dc59940511f40372493a549cba8ae709df4b45
DCA-N41B,466,470,81552,82431,"김민재, 태우, 한정훈, 장경준, 로만, 이영한, 김태중, 기획실장, 강 대위, 살만, 푸틴, 천민정","금융타워, 경제연구소, 러시아 자동차 공장, 회장실, 국회, 강 대위 식당, 러시아, 태우, 일본, 한국",김민재<=김민재(1); 태우<=태우(80); 한정훈<=한 부회장(15); 장경준<=장경준(13); 로만<=로만(11); 이영한<=이영한(8); 김태중<=김 회장(6); 기획실장<=기획실장(6); 강 대위<=강 대위(3); 살만<=살만(1); 푸틴<=푸틴(1); 천민정<=천민정(1),금융타워<=금융타워(18); 경제연구소<=경제연구소(4); 러시아 자동차 공장<=러시아 자동차 공장(2); 회장실<=회장실(2); 국회<=국회(1); 강 대위 식당<=강 대위 식당(1); 러시아<=러시아(96); 태우<=태우(80); 일본<=일본(50); 한국<=한국(30),66f3e7df3123343c14a7134108dc59940511f40372493a549cba8ae709df4b45
DCA-N41C,471,477,82432,83688,"김민재, 태우, 한정훈, 데이비드, 리강, 이영한, 최재석, 강 대위, 김태중, 로만, 민정기, 사토 켄지","금융타워, 청와대, 백악관, 강 대위 사무실, 일본, 태우, 중국, 미국, 한국, 유럽",김민재<=김민재(2); 태우<=태우(71); 한정훈<=한 부회장(24); 데이비드<=데이비드(12); 리강<=리강(11); 이영한<=이영한(8); 최재석<=최재석(7); 강 대위<=강 대위(7); 김태중<=김 회장(5); 로만<=로만(5); 민정기<=민정기(1); 사토 켄지<=사토 켄지(1),금융타워<=금융타워(35); 청와대<=청와대(4); 백악관<=백악관(2); 강 대위 사무실<=강 대위의 사무실(1); 일본<=일본(137); 태우<=태우(71); 중국<=중국(50); 미국<=미국(42); 한국<=한국(35); 유럽<=유럽(28),66f3e7df3123343c14a7134108dc59940511f40372493a549cba8ae709df4b45
DCA-N41D,478,481,83689,84351,"김민재, 태우, 한정훈, 데이비드, 트럼프, 애플, 로만, 도시바 경영진","금융타워, 태우 본사, 회장실, 태우, 일본, 미국, 태우건설, 한국, 러시아, 유럽",김민재<=김민재(1); 태우<=태우(58); 한정훈<=한 부회장(20); 데이비드<=데이비드(7); 트럼프<=트럼프(1); 애플<=애플(1); 로만<=로만(1); 도시바 경영진<=도시바 경영진(1),금융타워<=금융타워(4); 태우 본사<=태우그룹 본사(1); 회장실<=회장실(1); 태우<=태우(58); 일본<=일본(27); 미국<=미국(18); 태우건설<=태우건설(13); 한국<=한국(13); 러시아<=러시아(12); 유럽<=유럽(7),66f3e7df3123343c14a7134108dc59940511f40372493a549cba8ae709df4b45
DCA-N42,482,488,84352,85589,"김민재, 태우, 한정훈, 김태중, 손정우, 워렌, 트럼프, 웨이, 데이비드, 서정준, 다이먼, 로만","금융타워, 백악관, 구형 반도체 공장, 태우, 미국, 센트리언, 중국, 한국, 월가, 알래스카",김민재<=FIRST_PERSON_EXCEPTION(0); 태우<=태우(75); 한정훈<=한 부회장(28); 김태중<=김 회장(23); 손정우<=손정우(18); 워렌<=워렌(15); 트럼프<=트럼프(9); 웨이<=웨이(9); 데이비드<=데이비드(7); 서정준<=서정준(7); 다이먼<=다이먼(5); 로만<=로만(3),금융타워<=금융타워(59); 백악관<=백악관(5); 구형 반도체 공장<=구형 반도체 공장(2); 태우<=태우(75); 미국<=미국(60); 센트리언<=센트리언(28); 중국<=중국(26); 한국<=한국(19); 월가<=월가(10); 알래스카<=알래스카(10),66f3e7df3123343c14a7134108dc59940511f40372493a549cba8ae709df4b45
DCA-N42B,489,495,85590,86827,"김민재, 태우, 데이비드, 트럼프, 젝슨 황, 리강, 리사, 머스크, 한정훈, 진량타이, 로만, 베릴","금융타워, 백악관, 회장실, 중국, 미국, 태우, 한국, 태우반도체, 유럽, 태우증권",김민재<=FIRST_PERSON_EXCEPTION(0); 태우<=태우(61); 데이비드<=데이비드(31); 트럼프<=트럼프(25); 젝슨 황<=젝슨 황(25); 리강<=리강(22); 리사<=리사(16); 머스크<=머스크(13); 한정훈<=한 부회장(10); 진량타이<=진량타이(8); 로만<=로만(5); 베릴<=베릴(5),금융타워<=금융타워(60); 백악관<=백악관(12); 회장실<=회장실(2); 중국<=중국(181); 미국<=미국(147); 태우<=태우(61); 한국<=한국(25); 태우반도체<=태우반도체(9); 유럽<=유럽(5); 태우증권<=태우증권(3),66f3e7df3123343c14a7134108dc59940511f40372493a549cba8ae709df4b45
DCA-N43,496,505,86828,88514,"김민재, 태우, 김태중, 김정권, 한정훈, 데이비드, 최재석, 트럼프, 강 대위, 머스크, 다이먼, 오용재","금융타워, 백악관, 청와대, 국회, 태우병원, 강 대위 사무실, 강 대위 식당, 중국, 태우, 미국",김민재<=김민재(8); 태우<=태우(125); 김태중<=할아버지(36); 김정권<=김정권(17); 한정훈<=한 부회장(16); 데이비드<=데이비드(15); 최재석<=최재석(14); 트럼프<=트럼프(13); 강 대위<=강 대위(13); 머스크<=머스크(13); 다이먼<=다이먼(9); 오용재<=오용재(9),금융타워<=금융타워(13); 백악관<=백악관(5); 청와대<=청와대(3); 국회<=국회(2); 태우병원<=태우병원(2); 강 대위 사무실<=강 대위의 사무실(1); 강 대위 식당<=강 대위 식당(1); 중국<=중국(169); 태우<=태우(125); 미국<=미국(119),66f3e7df3123343c14a7134108dc59940511f40372493a549cba8ae709df4b45
DCA-N43B,506,510,88515,89363,"김민재, 양진태, 태우, 이영한, 천민정, 리강, EU, 기획실장, 한정훈, 데이비드, 김태중, 트럼프","금융타워, 국회, 청와대, 백악관, 경제연구소, 강 대위 식당, 중국, 한국, 미국, 태우",김민재<=김민재(1); 양진태<=양진태(31); 태우<=태우(20); 이영한<=이영한(15); 천민정<=천민정(13); 리강<=리강(11); EU<=EU(10); 기획실장<=기획실장(6); 한정훈<=한 부회장(5); 데이비드<=데이비드(5); 김태중<=김 회장(3); 트럼프<=트럼프(3),금융타워<=금융타워(7); 국회<=국회(6); 청와대<=청와대(3); 백악관<=백악관(2); 경제연구소<=경제연구소(1); 강 대위 식당<=강 대위 식당(1); 중국<=중국(136); 한국<=한국(80); 미국<=미국(73); 태우<=태우(20),66f3e7df3123343c14a7134108dc59940511f40372493a549cba8ae709df4b45
DCA-N43C,511,512,89364,89696,"김민재, 태우, 머스크, 데이비드, 웨이, 다이먼","백악관, 태우, 한국, 미국, 태우반도체, 중국, 일본, 월가, 동남아",김민재<=김민재(1); 태우<=태우(39); 머스크<=머스크(9); 데이비드<=데이비드(4); 웨이<=웨이(4); 다이먼<=다이먼(2),백악관<=백악관(3); 태우<=태우(39); 한국<=한국(14); 미국<=미국(13); 태우반도체<=태우반도체(4); 중국<=중국(4); 일본<=일본(4); 월가<=월가(2); 동남아<=동남아(1),66f3e7df3123343c14a7134108dc59940511f40372493a549cba8ae709df4b45
DCA-N43D,513,516,89697,90378,"김민재, 태우, EU, 김태중, 한정훈, 리사, 웨이, 천민정, 데이비드, 트럼프, 로만, 강 대위","금융타워, 경제연구소, 태우 본사, 강 대위 사무실, 베트남 공장, 회장실, 태우, 중국, 베트남, ASML",김민재<=김민재(2); 태우<=태우(91); EU<=EU(27); 김태중<=할아버지(16); 한정훈<=한 부회장(10); 리사<=리사(7); 웨이<=웨이(6); 천민정<=천민정(4); 데이비드<=데이비드(1); 트럼프<=트럼프(1); 로만<=로만(1); 강 대위<=강 대위(1),금융타워<=금융타워(6); 경제연구소<=경제연구소(1); 태우 본사<=태우그룹 본사(1); 강 대위 사무실<=강 대위 사무실(1); 베트남 공장<=베트남 공장(1); 회장실<=회장실(1); 태우<=태우(91); 중국<=중국(60); 베트남<=베트남(44); ASML<=ASML(28),66f3e7df3123343c14a7134108dc59940511f40372493a549cba8ae709df4b45
DCA-N44,517,540,90379,94486,"김민재, 태우, 이영한, 트럼프, 이 상무, 한정훈, 최재석, 아키토, 다이키요, 로만, 강 대위, 박진훈","금융타워, 청와대, 백악관, 국회, 강 대위 사무실, 태우병원, 회장실, 일본, 한국, 태우",김민재<=김민재(7); 태우<=태우(248); 이영한<=이영한(53); 트럼프<=트럼프(51); 이 상무<=이 상무(44); 한정훈<=한 부회장(43); 최재석<=최재석(40); 아키토<=아키토(23); 다이키요<=다이키요(17); 로만<=로만(16); 강 대위<=강 대위(15); 박진훈<=박진훈(14),금융타워<=금융타워(64); 청와대<=청와대(36); 백악관<=백악관(6); 국회<=국회(5); 강 대위 사무실<=강 대위의 사무실(2); 태우병원<=태우병원(2); 회장실<=회장실(1); 일본<=일본(527); 한국<=한국(344); 태우<=태우(248),66f3e7df3123343c14a7134108dc59940511f40372493a549cba8ae709df4b45
DCA-N45,541,555,94487,97147,"김민재, 태우, 최재석, 강 대위, 이동수, 김태중, 리강, 한정훈, 트럼프, 이영한, 천민정, 김장우","태우병원, 금융타워, 청와대, 백악관, 태우 본사, 국회, 강 대위 사무실, 중국, 한국, 태우",김민재<=김민재(5); 태우<=태우(119); 최재석<=최재석(45); 강 대위<=강 대위(28); 이동수<=이동수(16); 김태중<=김 회장(15); 리강<=리강(14); 한정훈<=한 부회장(13); 트럼프<=트럼프(12); 이영한<=이영한(9); 천민정<=천민정(8); 김장우<=김장우(7),태우병원<=태우병원(36); 금융타워<=금융타워(26); 청와대<=청와대(20); 백악관<=백악관(11); 태우 본사<=태우그룹 본사(1); 국회<=국회(1); 강 대위 사무실<=강 대위의 사무실(1); 중국<=중국(187); 한국<=한국(167); 태우<=태우(119),66f3e7df3123343c14a7134108dc59940511f40372493a549cba8ae709df4b45
DCA-N45B,556,565,97148,98946,"김민재, 태우, 트럼프, 데이비드, 바이든, 김태중, 다이먼, 오바마, 강 대위, 한정훈, 이영한, 최재석","금융타워, 백악관, 청와대, 태우병원, 미국, 태우, 한국, 러시아, 센트리언, 유럽",김민재<=김민재(2); 태우<=태우(62); 트럼프<=트럼프(39); 데이비드<=데이비드(16); 바이든<=바이든(16); 김태중<=김 회장(15); 다이먼<=다이먼(13); 오바마<=오바마(10); 강 대위<=강 대위(9); 한정훈<=한 부회장(8); 이영한<=이영한(8); 최재석<=최재석(5),금융타워<=금융타워(46); 백악관<=백악관(25); 청와대<=청와대(6); 태우병원<=태우병원(1); 미국<=미국(76); 태우<=태우(62); 한국<=한국(61); 러시아<=러시아(24); 센트리언<=센트리언(21); 유럽<=유럽(19),66f3e7df3123343c14a7134108dc59940511f40372493a549cba8ae709df4b45
DCA-N46,566,570,98947,99819,"김민재, 태우, 다이키요, 손정우, 한정훈, 최재석, 사장단, 김태중, 트럼프, 웨이, 강 대위, 리사","청와대, 금융타워, 백악관, 태우, 일본, 한국, 호주, 중국, 미국, 태우건설",김민재<=김민재(4); 태우<=태우(95); 다이키요<=다이키요(21); 손정우<=손정우(13); 한정훈<=한 부회장(6); 최재석<=최재석(5); 사장단<=사장단(4); 김태중<=김 회장(3); 트럼프<=트럼프(3); 웨이<=웨이(3); 강 대위<=강 대위(2); 리사<=리사(2),청와대<=청와대(7); 금융타워<=금융타워(4); 백악관<=백악관(2); 태우<=태우(95); 일본<=일본(88); 한국<=한국(70); 호주<=호주(22); 중국<=중국(21); 미국<=미국(17); 태우건설<=태우건설(10),66f3e7df3123343c14a7134108dc59940511f40372493a549cba8ae709df4b45
DCA-N47,571,577,99820,101041,"김민재, 태우, EU, 리강, 한정훈, 최재석, 이종수, 천민정, 서정준, 김태중, 데이비드, 트럼프","금융타워, 청와대, 태우 본사, 베트남 공장, 태우, 중국, 유럽, 일본, 센트리언, 미국",김민재<=김민재(3); 태우<=태우(103); EU<=EU(30); 리강<=리강(14); 한정훈<=한 부회장(9); 최재석<=최재석(8); 이종수<=이종수(5); 천민정<=천민정(4); 서정준<=서정준(3); 김태중<=김 회장(2); 데이비드<=데이비드(2); 트럼프<=트럼프(2),금융타워<=금융타워(5); 청와대<=청와대(4); 태우 본사<=태우그룹 본사(1); 베트남 공장<=베트남 공장(1); 태우<=태우(103); 중국<=중국(75); 유럽<=유럽(56); 일본<=일본(52); 센트리언<=센트리언(32); 미국<=미국(23),66f3e7df3123343c14a7134108dc59940511f40372493a549cba8ae709df4b45
DCA-N48,578,583,101042,102092,"김민재, 베릴, 태우, 한정훈, 데이비드, 트럼프, 최재석, 오용재, 강 대위, 머스크, 로만, 김태중","금융타워, 강 대위 사무실, 백악관, 강 대위 식당, 한국, 미국, 태우, 중국, 일본, 월가",김민재<=김민재(3); 베릴<=베릴(49); 태우<=태우(31); 한정훈<=한 부회장(13); 데이비드<=데이비드(13); 트럼프<=트럼프(10); 최재석<=최재석(10); 오용재<=오용재(9); 강 대위<=강 대위(7); 머스크<=머스크(7); 로만<=로만(5); 김태중<=김 회장(4),금융타워<=금융타워(19); 강 대위 사무실<=강 대위의 사무실(2); 백악관<=백악관(2); 강 대위 식당<=강 대위 식당(1); 한국<=한국(60); 미국<=미국(32); 태우<=태우(31); 중국<=중국(28); 일본<=일본(21); 월가<=월가(14),66f3e7df3123343c14a7134108dc59940511f40372493a549cba8ae709df4b45
DCA-N49,584,585,102093,102428,"김민재, 태우, 바이든, 김태중, 트럼프, 밥 스웬, 한정훈, 데이비드, 천민정, 애플, 로만","백악관, 청와대, 중국, 태우, 미국, 한국, 센트리언, 인도, 태우반도체, 유럽",김민재<=김민재(1); 태우<=태우(24); 바이든<=바이든(9); 김태중<=김 회장(7); 트럼프<=트럼프(4); 밥 스웬<=밥 스웬(3); 한정훈<=한 부회장(1); 데이비드<=데이비드(1); 천민정<=천민정(1); 애플<=애플(1); 로만<=로만(1),백악관<=백악관(10); 청와대<=청와대(2); 중국<=중국(24); 태우<=태우(24); 미국<=미국(19); 한국<=한국(7); 센트리언<=센트리언(5); 인도<=인도(4); 태우반도체<=태우반도체(3); 유럽<=유럽(3),66f3e7df3123343c14a7134108dc59940511f40372493a549cba8ae709df4b45
DCA-N49B,586,590,102429,103264,"김민재, 태우, 웨이, 이 상무, 한정훈, 장남, 머스크, 천민정, 서정준, 강 대위, 에이든, 데이비드","금융타워, 태우병원, 태우 본사, 청와대, 회장실, 강 대위 사무실, 베트남 공장, 태우, 중국, 북한",김민재<=김민재(2); 태우<=태우(77); 웨이<=웨이(15); 이 상무<=이 상무(13); 한정훈<=한 부회장(8); 장남<=장남(8); 머스크<=머스크(7); 천민정<=천민정(6); 서정준<=서정준(6); 강 대위<=강 대위(6); 에이든<=에이든(5); 데이비드<=데이비드(2),금융타워<=금융타워(6); 태우병원<=태우병원(6); 태우 본사<=태우그룹 본사(3); 청와대<=청와대(3); 회장실<=회장실(2); 강 대위 사무실<=강 대위의 사무실(1); 베트남 공장<=베트남 공장(1); 태우<=태우(77); 중국<=중국(50); 북한<=북한(25),66f3e7df3123343c14a7134108dc59940511f40372493a549cba8ae709df4b45
DCA-N50,591,595,103265,104106,"김민재, 태우, 최재석, 한정훈, 데이비드, 머스크, 사장단, 미쉘, 트럼프, 로만, 김태중, 이종수","금융타워, 백악관, 청와대, 태우, 유럽, 한국, 미국, 중국, 센트리언, 태우상사",김민재<=김민재(3); 태우<=태우(87); 최재석<=최재석(27); 한정훈<=한 부회장(7); 데이비드<=데이비드(6); 머스크<=머스크(6); 사장단<=사장단(4); 미쉘<=미쉘(4); 트럼프<=트럼프(3); 로만<=로만(3); 김태중<=김 회장(2); 이종수<=이종수(2),금융타워<=금융타워(6); 백악관<=백악관(2); 청와대<=청와대(2); 태우<=태우(87); 유럽<=유럽(58); 한국<=한국(30); 미국<=미국(23); 중국<=중국(23); 센트리언<=센트리언(16); 태우상사<=태우상사(14),66f3e7df3123343c14a7134108dc59940511f40372493a549cba8ae709df4b45
DCA-N50B,596,598,104107,104592,"김민재, 태우, 한정훈, 데이비드, 스티븐 허블, 김태중, 로만","센트리언, 미국, 태우, 한국, 유럽, 일본, 월가",김민재<=김민재(1); 태우<=태우(15); 한정훈<=한 부회장(4); 데이비드<=데이비드(3); 스티븐 허블<=스티븐 허블(3); 김태중<=김 회장(2); 로만<=로만(2),센트리언<=센트리언(88); 미국<=미국(68); 태우<=태우(15); 한국<=한국(11); 유럽<=유럽(9); 일본<=일본(6); 월가<=월가(1),66f3e7df3123343c14a7134108dc59940511f40372493a549cba8ae709df4b45
DCA-N51,599,600,104593,104942,"김민재, 트럼프, 태우, 바이든, 데이비드, 다이먼, 김태중, 푸틴, 로만","백악관, 국회, 금융타워, 미국, 가이아나, 태우, 가이아나 유전, 중국, 한국, 태우반도체",김민재<=FIRST_PERSON_EXCEPTION(0); 트럼프<=트럼프(26); 태우<=태우(16); 바이든<=바이든(16); 데이비드<=데이비드(11); 다이먼<=다이먼(6); 김태중<=김 회장(5); 푸틴<=푸틴(1); 로만<=로만(1),백악관<=백악관(3); 국회<=국회(1); 금융타워<=금융타워(1); 미국<=미국(29); 가이아나<=가이아나(28); 태우<=태우(16); 가이아나 유전<=가이아나 유전(9); 중국<=중국(4); 한국<=한국(4); 태우반도체<=태우반도체(2),66f3e7df3123343c14a7134108dc59940511f40372493a549cba8ae709df4b45
DCA-N51B,601,603,104943,105447,"김민재, 태우, 한정훈, 서정준, 김태중, 천민정, 장남, 데이비드, 로만, 다이먼, 트럼프, 장경준","금융타워, 태우 본사, 태우병원, 회장실, 태우, 미국, 한국, 일본, 가이아나, 센트리언",김민재<=FIRST_PERSON_EXCEPTION(0); 태우<=태우(43); 한정훈<=한 부회장(9); 서정준<=서정준(5); 김태중<=김 회장(3); 천민정<=천민정(3); 장남<=장남(3); 데이비드<=데이비드(2); 로만<=로만(2); 다이먼<=다이먼(1); 트럼프<=트럼프(1); 장경준<=장경준(1),금융타워<=금융타워(6); 태우 본사<=태우그룹 본사(1); 태우병원<=태우병원(1); 회장실<=회장실(1); 태우<=태우(43); 미국<=미국(16); 한국<=한국(14); 일본<=일본(13); 가이아나<=가이아나(11); 센트리언<=센트리언(10),66f3e7df3123343c14a7134108dc59940511f40372493a549cba8ae709df4b45
DCA-N51C,604,605,105448,105770,"김민재, 베릴, 태우, 한정훈, 장남, 천민정, 서정준, 로만, 기획실장, 바이든","금융타워, 중국, 북한, 호주, 한국, 태우, 유럽, 미국, 러시아, 센트리언",김민재<=FIRST_PERSON_EXCEPTION(0); 베릴<=베릴(9); 태우<=태우(9); 한정훈<=한 부회장(7); 장남<=장남(3); 천민정<=천민정(2); 서정준<=서정준(2); 로만<=로만(1); 기획실장<=기획실장(1); 바이든<=바이든(1),금융타워<=금융타워(4); 중국<=중국(25); 북한<=북한(24); 호주<=호주(13); 한국<=한국(11); 태우<=태우(9); 유럽<=유럽(7); 미국<=미국(6); 러시아<=러시아(3); 센트리언<=센트리언(3),66f3e7df3123343c14a7134108dc59940511f40372493a549cba8ae709df4b45
DCA-N51D,606,608,105771,106261,"김민재, 태우, 한정훈, 이종수, 모리슨, 최재석, 김태중, 데이비드, 바이든, 로만, 베릴, EU","금융타워, 청와대, 태우, 호주, 한국, 가이아나, 중국, 태우상사, 인도, 미국",김민재<=김민재(1); 태우<=태우(59); 한정훈<=한 부회장(12); 이종수<=이종수(8); 모리슨<=모리슨(8); 최재석<=최재석(5); 김태중<=할아버지(4); 데이비드<=데이비드(4); 바이든<=바이든(3); 로만<=로만(1); 베릴<=베릴(1); EU<=EU(1),금융타워<=금융타워(8); 청와대<=청와대(1); 태우<=태우(59); 호주<=호주(41); 한국<=한국(38); 가이아나<=가이아나(28); 중국<=중국(24); 태우상사<=태우상사(12); 인도<=인도(12); 미국<=미국(7),66f3e7df3123343c14a7134108dc59940511f40372493a549cba8ae709df4b45
DCA-N51E,609,610,106262,106590,"김민재, 태우, 김태중, 미아인, 한정훈, 강 대위, 베릴, 데이비드, 푸틴, 웨이, 바이든","금융타워, 태우 본사, 회장실, 베트남, 태우, 러시아, 유럽, 가이아나, 미국, 한국",김민재<=FIRST_PERSON_EXCEPTION(0); 태우<=태우(25); 김태중<=할아버지(22); 미아인<=미아인(14); 한정훈<=한 부회장(3); 강 대위<=강 대위(2); 베릴<=베릴(2); 데이비드<=데이비드(1); 푸틴<=푸틴(1); 웨이<=웨이(1); 바이든<=바이든(1),금융타워<=금융타워(9); 태우 본사<=태우그룹 본사(1); 회장실<=회장실(1); 베트남<=베트남(33); 태우<=태우(25); 러시아<=러시아(20); 유럽<=유럽(9); 가이아나<=가이아나(9); 미국<=미국(8); 한국<=한국(8),66f3e7df3123343c14a7134108dc59940511f40372493a549cba8ae709df4b45
DCA-N52,611,614,106591,107325,"김민재, 태우, 김태중, 한정훈, 미아인, 살만, 빈 살만, 강 대위, 기획실장, 데이비드, 시안, 서정준","태우 본사, 금융타워, 강 대위 식당, 태우, 한국, 중국, 베트남, 센트리언, 사우디, 인도",김민재<=FIRST_PERSON_EXCEPTION(0); 태우<=태우(55); 김태중<=할아버지(51); 한정훈<=한 부회장(13); 미아인<=미아인(7); 살만<=살만(3); 빈 살만<=빈 살만(3); 강 대위<=강 대위(3); 기획실장<=기획실장(3); 데이비드<=데이비드(2); 시안<=시안(2); 서정준<=서정준(1),태우 본사<=태우그룹 본사(2); 금융타워<=금융타워(2); 강 대위 식당<=강 대위 식당(1); 태우<=태우(55); 한국<=한국(34); 중국<=중국(23); 베트남<=베트남(16); 센트리언<=센트리언(11); 사우디<=사우디(9); 인도<=인도(9),66f3e7df3123343c14a7134108dc59940511f40372493a549cba8ae709df4b45
DCA-N53,615,618,107326,108009,"김민재, 태우, 바이든, 리강, 한정훈, 김태중, 최재석, 기획실장, 웨이, 서정준, 애플, 구글","금융타워, 청와대, 백악관, 태우 본사, 중국, 태우, 일본, 센트리언, 미국, 한국",김민재<=FIRST_PERSON_EXCEPTION(0); 태우<=태우(56); 바이든<=바이든(21); 리강<=리강(9); 한정훈<=한 부회장(5); 김태중<=김 회장(3); 최재석<=최재석(3); 기획실장<=기획실장(2); 웨이<=웨이(1); 서정준<=서정준(1); 애플<=애플(1); 구글<=구글(1),금융타워<=금융타워(11); 청와대<=청와대(5); 백악관<=백악관(2); 태우 본사<=태우그룹 본사(1); 중국<=중국(79); 태우<=태우(56); 일본<=일본(54); 센트리언<=센트리언(42); 미국<=미국(37); 한국<=한국(36),66f3e7df3123343c14a7134108dc59940511f40372493a549cba8ae709df4b45
DCA-N53B,619,620,108010,108349,"김민재, 태우, 베릴, 한정훈, 이종수, 마크, 데이비드, 애플, 강 대위, EU","금융타워, 태우, 수에즈 운하, 태우건설, 일본, 중국, 유럽, 한국, 러시아, 미국",김민재<=FIRST_PERSON_EXCEPTION(0); 태우<=태우(41); 베릴<=베릴(14); 한정훈<=한 부회장(4); 이종수<=이종수(3); 마크<=마크(2); 데이비드<=데이비드(1); 애플<=애플(1); 강 대위<=강 대위(1); EU<=EU(1),금융타워<=금융타워(7); 태우<=태우(41); 수에즈 운하<=수에즈 운하(38); 태우건설<=태우건설(17); 일본<=일본(10); 중국<=중국(7); 유럽<=유럽(4); 한국<=한국(4); 러시아<=러시아(3); 미국<=미국(3),66f3e7df3123343c14a7134108dc59940511f40372493a549cba8ae709df4b45
DCA-N54,621,625,108350,109183,"김민재, 태우, 최재석, 이영한, 한정훈, 강 대위, 이 상무, 김태중, 이종수, 데이비드, 워렌 버핏, 워렌","청와대, 금융타워, 국회, 강 대위 사무실, 태우, 일본, 제주, 한국, 중국, 태우상사",김민재<=FIRST_PERSON_EXCEPTION(0); 태우<=태우(72); 최재석<=최재석(14); 이영한<=이영한(10); 한정훈<=한 부회장(8); 강 대위<=강 대위(8); 이 상무<=이 상무(7); 김태중<=할아버지(5); 이종수<=이종수(3); 데이비드<=데이비드(2); 워렌 버핏<=워렌 버핏(2); 워렌<=워렌(2),청와대<=청와대(6); 금융타워<=금융타워(4); 국회<=국회(3); 강 대위 사무실<=강 대위의 사무실(1); 태우<=태우(72); 일본<=일본(38); 제주<=제주(37); 한국<=한국(31); 중국<=중국(27); 태우상사<=태우상사(17),66f3e7df3123343c14a7134108dc59940511f40372493a549cba8ae709df4b45
DCA-N54B,626,630,109184,110005,"김민재, 태우, 장남, 한정훈, 강 대위, 리강, 조지, 기획실장, 유석훈, 이영한, 최재석, 김태중","금융타워, 국회, 강 대위 사무실, 중국, 북한, 태우, 연변, 미국, 호주, 러시아",김민재<=김민재(2); 태우<=태우(42); 장남<=장남(30); 한정훈<=한 부회장(20); 강 대위<=강 대위(12); 리강<=리강(10); 조지<=조지(9); 기획실장<=기획실장(6); 유석훈<=유석훈(6); 이영한<=이영한(5); 최재석<=최재석(5); 김태중<=김 회장(3),금융타워<=금융타워(21); 국회<=국회(3); 강 대위 사무실<=강 대위의 사무실(1); 중국<=중국(104); 북한<=북한(60); 태우<=태우(42); 연변<=연변(23); 미국<=미국(21); 호주<=호주(12); 러시아<=러시아(11),66f3e7df3123343c14a7134108dc59940511f40372493a549cba8ae709df4b45
DCA-N55,631,633,110006,110512,"김민재, 태우, 리강, 로만, 한정훈, 김태중, 살만, 빈 살만, 이종수, 데이비드, 마크","금융타워, 태우, 러시아, 중국, 미국, 태우상사, 우크라이나, 한국, 사우디, 베이징 올림픽",김민재<=FIRST_PERSON_EXCEPTION(0); 태우<=태우(33); 리강<=리강(12); 로만<=로만(7); 한정훈<=한 부회장(4); 김태중<=김 회장(3); 살만<=살만(3); 빈 살만<=빈 살만(3); 이종수<=이종수(2); 데이비드<=데이비드(1); 마크<=마크(1),금융타워<=금융타워(4); 태우<=태우(33); 러시아<=러시아(29); 중국<=중국(20); 미국<=미국(9); 태우상사<=태우상사(6); 우크라이나<=우크라이나(5); 한국<=한국(5); 사우디<=사우디(3); 베이징 올림픽<=베이징 올림픽(2),66f3e7df3123343c14a7134108dc59940511f40372493a549cba8ae709df4b45
DCA-N55B,634,636,110513,111037,"김민재, 태우, 이 상무, 이영한, 장남, 한정훈, 사장단, 서정준, 최재석, 강 대위, 유석훈, 김태중","금융타워, 국회, 청와대, 태우, 러시아, 한국, 북한, 중국, 센트리언, 연변",김민재<=FIRST_PERSON_EXCEPTION(0); 태우<=태우(39); 이 상무<=이 상무(14); 이영한<=이영한(10); 장남<=장남(7); 한정훈<=한 부회장(6); 사장단<=사장단(6); 서정준<=서정준(6); 최재석<=최재석(5); 강 대위<=강 대위(4); 유석훈<=유석훈(3); 김태중<=할아버지(2),금융타워<=금융타워(7); 국회<=국회(2); 청와대<=청와대(1); 태우<=태우(39); 러시아<=러시아(33); 한국<=한국(19); 북한<=북한(14); 중국<=중국(9); 센트리언<=센트리언(8); 연변<=연변(8),66f3e7df3123343c14a7134108dc59940511f40372493a549cba8ae709df4b45
DCA-N56,637,641,111038,111871,"김민재, 태우, 김태중, 한정훈, 데이비드, 안드레아, 베릴, 살만, 다이먼, 사장단, 빈 살만, 로만","금융타워, 강 대위 사무실, 태우병원, 태우, 미국, 경기, 한국, 유럽, 러시아, 북한",김민재<=김민재(1); 태우<=태우(82); 김태중<=할아버지(27); 한정훈<=한 부회장(24); 데이비드<=데이비드(16); 안드레아<=안드레아(11); 베릴<=베릴(9); 살만<=살만(2); 다이먼<=다이먼(2); 사장단<=사장단(2); 빈 살만<=빈 살만(2); 로만<=로만(2),금융타워<=금융타워(20); 강 대위 사무실<=강 대위의 사무실(1); 태우병원<=태우병원(1); 태우<=태우(82); 미국<=미국(32); 경기<=경기(17); 한국<=한국(14); 유럽<=유럽(11); 러시아<=러시아(8); 북한<=북한(8),66f3e7df3123343c14a7134108dc59940511f40372493a549cba8ae709df4b45
DCA-N56B,642,643,111872,112240,"김민재, 이 상무, 장남, 조지, 리규철, 태우, 젤렌스키, 한정훈, 데이비드, 이준수, 이영한, 푸틴","금융타워, 백악관, 러시아, 중국, 우크라이나, 북한, 태우, 연변, 명동, 베이징 올림픽",김민재<=FIRST_PERSON_EXCEPTION(0); 이 상무<=이 상무(29); 장남<=장남(17); 조지<=조지(10); 리규철<=리규철(10); 태우<=태우(9); 젤렌스키<=젤렌스키(4); 한정훈<=한 부회장(1); 데이비드<=데이비드(1); 이준수<=이준수(1); 이영한<=이영한(1); 푸틴<=푸틴(1),금융타워<=금융타워(5); 백악관<=백악관(1); 러시아<=러시아(22); 중국<=중국(14); 우크라이나<=우크라이나(14); 북한<=북한(11); 태우<=태우(9); 연변<=연변(6); 명동<=명동(4); 베이징 올림픽<=베이징 올림픽(3),66f3e7df3123343c14a7134108dc59940511f40372493a549cba8ae709df4b45
DCA-N57,644,645,112241,112578,"김민재, 태우, 젤렌스키, 최재석, 데이비드, 천민정, 김태중, 한정훈, 로만, 강 대위, 바이든","금융타워, 청와대, 백악관, 유럽, 러시아, 우크라이나, 한국, 태우, 미국, 태우건설",김민재<=FIRST_PERSON_EXCEPTION(0); 태우<=태우(25); 젤렌스키<=젤렌스키(16); 최재석<=최재석(8); 데이비드<=데이비드(5); 천민정<=천민정(2); 김태중<=김 회장(1); 한정훈<=한 부회장(1); 로만<=로만(1); 강 대위<=강 대위(1); 바이든<=바이든(1),금융타워<=금융타워(8); 청와대<=청와대(5); 백악관<=백악관(3); 유럽<=유럽(34); 러시아<=러시아(30); 우크라이나<=우크라이나(27); 한국<=한국(26); 태우<=태우(25); 미국<=미국(18); 태우건설<=태우건설(3),66f3e7df3123343c14a7134108dc59940511f40372493a549cba8ae709df4b45
DCA-N57B,646,648,112579,113086,"김민재, 태우, 시안, 한정훈, 김태중, 데이비드, 웨이, 로만, 강 대위","금융타워, 태우 본사, 유럽, 태우, 러시아, 중국, 한국, 미국, 동남아, 인도",김민재<=FIRST_PERSON_EXCEPTION(0); 태우<=태우(26); 시안<=시안(18); 한정훈<=한 부회장(12); 김태중<=할아버지(7); 데이비드<=데이비드(7); 웨이<=웨이(1); 로만<=로만(1); 강 대위<=강 대위(1),금융타워<=금융타워(50); 태우 본사<=태우그룹 본사(1); 유럽<=유럽(38); 태우<=태우(26); 러시아<=러시아(20); 중국<=중국(19); 한국<=한국(13); 미국<=미국(9); 동남아<=동남아(9); 인도<=인도(7),66f3e7df3123343c14a7134108dc59940511f40372493a549cba8ae709df4b45
DCA-N58,649,654,113087,114028,"김민재, 태우, 다이먼, 한정훈, 파월, 데이비드, 김태중, 최재석, 옐런, 이종수, 미국 연준, 바이든","금융타워, 백악관, 강 대위 식당, 미국, 태우, 한국, 유럽, 우크라이나, 러시아, 태우건설",김민재<=김민재(1); 태우<=태우(41); 다이먼<=다이먼(18); 한정훈<=한 부회장(12); 파월<=파월(8); 데이비드<=데이비드(6); 김태중<=김 회장(5); 최재석<=최재석(5); 옐런<=옐런(5); 이종수<=이종수(4); 미국 연준<=미국 연준(3); 바이든<=바이든(3),금융타워<=금융타워(74); 백악관<=백악관(27); 강 대위 식당<=강 대위 식당(2); 미국<=미국(108); 태우<=태우(41); 한국<=한국(33); 유럽<=유럽(30); 우크라이나<=우크라이나(16); 러시아<=러시아(14); 태우건설<=태우건설(9),66f3e7df3123343c14a7134108dc59940511f40372493a549cba8ae709df4b45
DCA-N58B,655,661,114029,115169,"김민재, 태우, 조지, 김태중, 베릴, 한정훈, 이영한, 미쉘, 장남, 로만, 리사, 이 상무","금융타워, 백악관, 유럽, 스위스, 미국, 일본, 태우, 한국, 러시아, 일본 은행",김민재<=FIRST_PERSON_EXCEPTION(0); 태우<=태우(44); 조지<=조지(23); 김태중<=할아버지(18); 베릴<=베릴(16); 한정훈<=한 부회장(15); 이영한<=이영한(8); 미쉘<=미쉘(7); 장남<=장남(4); 로만<=로만(3); 리사<=리사(3); 이 상무<=이 상무(3),금융타워<=금융타워(112); 백악관<=백악관(2); 유럽<=유럽(70); 스위스<=스위스(62); 미국<=미국(55); 일본<=일본(55); 태우<=태우(44); 한국<=한국(29); 러시아<=러시아(17); 일본 은행<=일본 은행(14),66f3e7df3123343c14a7134108dc59940511f40372493a549cba8ae709df4b45
DCA-N59,662,662,115170,115328,"김민재, 태우, 김태중, 최재석, 데이비드, 로만","금융타워, 청와대, 동남아, 태우, 베트남, 호주, 한국, 미국, 인도, 태우상사",김민재<=FIRST_PERSON_EXCEPTION(0); 태우<=태우(16); 김태중<=김태중(10); 최재석<=최재석(3); 데이비드<=데이비드(1); 로만<=로만(1),금융타워<=금융타워(1); 청와대<=청와대(1); 동남아<=동남아(17); 태우<=태우(16); 베트남<=베트남(12); 호주<=호주(5); 한국<=한국(4); 미국<=미국(3); 인도<=인도(3); 태우상사<=태우상사(2),66f3e7df3123343c14a7134108dc59940511f40372493a549cba8ae709df4b45
DCA-N59B,663,664,115329,115640,"김민재, 태우, 데이비드, 한정훈, 다이먼, 강 대위, 이종수, 로만","금융타워, 태우, 한국, 일본, 경기, 태우엔터, 미국, 태우상사, 월가, 러시아",김민재<=FIRST_PERSON_EXCEPTION(0); 태우<=태우(52); 데이비드<=데이비드(6); 한정훈<=한 부회장(4); 다이먼<=다이먼(4); 강 대위<=강 대위(2); 이종수<=이종수(2); 로만<=로만(1),금융타워<=금융타워(11); 태우<=태우(52); 한국<=한국(33); 일본<=일본(19); 경기<=경기(13); 태우엔터<=태우엔터(12); 미국<=미국(11); 태우상사<=태우상사(7); 월가<=월가(3); 러시아<=러시아(3),66f3e7df3123343c14a7134108dc59940511f40372493a549cba8ae709df4b45
DCA-N59C,665,668,115641,116314,"김민재, 태우, 바이든, 살만, 빈 살만, 김태중, 다이먼, 데이비드, 최재석, 한정훈, 트럼프, 로만","금융타워, 백악관, 청와대, 미국, 사우디, 태우, 한국, 중국, 러시아, 태우건설",김민재<=김민재(1); 태우<=태우(57); 바이든<=바이든(42); 살만<=살만(23); 빈 살만<=빈 살만(23); 김태중<=김 회장(12); 다이먼<=다이먼(12); 데이비드<=데이비드(6); 최재석<=최재석(3); 한정훈<=한 부회장(1); 트럼프<=트럼프(1); 로만<=로만(1),금융타워<=금융타워(33); 백악관<=백악관(21); 청와대<=청와대(1); 미국<=미국(83); 사우디<=사우디(59); 태우<=태우(57); 한국<=한국(32); 중국<=중국(8); 러시아<=러시아(6); 태우건설<=태우건설(5),66f3e7df3123343c14a7134108dc59940511f40372493a549cba8ae709df4b45
DCA-N60,669,672,116315,116956,"김민재, 태우, 로만, 프리고진, 트럼프, 한정훈, 강 대위, 김태중, 푸틴, 바이든, 시진핑, 데이비드","금융타워, 백악관, 강 대위 사무실, 유럽, 태우, 러시아, 미국, 중국, 한국, 일본",김민재<=김민재(1); 태우<=태우(42); 로만<=로만(33); 프리고진<=프리고진(22); 트럼프<=트럼프(13); 한정훈<=한 부회장(8); 강 대위<=강 대위(8); 김태중<=김 회장(7); 푸틴<=푸틴(6); 바이든<=바이든(5); 시진핑<=시진핑(3); 데이비드<=데이비드(2),금융타워<=금융타워(13); 백악관<=백악관(2); 강 대위 사무실<=강 대위의 사무실(1); 유럽<=유럽(43); 태우<=태우(42); 러시아<=러시아(35); 미국<=미국(23); 중국<=중국(16); 한국<=한국(8); 일본<=일본(5),66f3e7df3123343c14a7134108dc59940511f40372493a549cba8ae709df4b45
DCA-N60B,673,675,116957,117454,"김민재, 태우, 살만, 빈 살만, 바이든, 한정훈, 살만 국왕, 드미트리, 프리고진, 김태중, 로만, 웨이","금융타워, 백악관, 사우디, 태우, 미국, 태우통신, 한국, 월가, 태우건설, 일본",김민재<=FIRST_PERSON_EXCEPTION(0); 태우<=태우(49); 살만<=살만(30); 빈 살만<=빈 살만(22); 바이든<=바이든(16); 한정훈<=한 부회장(8); 살만 국왕<=살만 국왕(8); 드미트리<=드미트리(7); 프리고진<=프리고진(4); 김태중<=할아버지(3); 로만<=로만(3); 웨이<=웨이(2),금융타워<=금융타워(22); 백악관<=백악관(2); 사우디<=사우디(70); 태우<=태우(49); 미국<=미국(18); 태우통신<=태우통신(17); 한국<=한국(14); 월가<=월가(8); 태우건설<=태우건설(8); 일본<=일본(8),66f3e7df3123343c14a7134108dc59940511f40372493a549cba8ae709df4b45
DCA-N61,676,679,117455,118111,"김민재, 태우, 애플, 오용재, 최재석, 구글, 김태중, 한정훈, 제프리, 천민정, 강 대위, 리사","금융타워, 백악관, 청와대, 태우, 한국, 삼진전자, 태우반도체, 애플, 미국, 구글",김민재<=FIRST_PERSON_EXCEPTION(0); 태우<=태우(81); 애플<=애플(13); 오용재<=오용재(11); 최재석<=최재석(9); 구글<=구글(4); 김태중<=김 회장(3); 한정훈<=한 부회장(3); 제프리<=제프리(3); 천민정<=천민정(1); 강 대위<=강 대위(1); 리사<=리사(1),금융타워<=금융타워(5); 백악관<=백악관(1); 청와대<=청와대(1); 태우<=태우(81); 한국<=한국(36); 삼진전자<=삼진전자(20); 태우반도체<=태우반도체(14); 애플<=애플(13); 미국<=미국(6); 구글<=구글(4),66f3e7df3123343c14a7134108dc59940511f40372493a549cba8ae709df4b45
DCA-N61B,680,681,118112,118445,"김민재, 태우, 구디너프, 데이비드, 한정훈, 김태중","금융타워, 태우병원, 태우, 파리 모터쇼, 유럽, 태우반도체, 태우IT, 태우상사, 미국, 경기",김민재<=FIRST_PERSON_EXCEPTION(0); 태우<=태우(48); 구디너프<=구디너프(15); 데이비드<=데이비드(7); 한정훈<=한 부회장(3); 김태중<=김 회장(1),금융타워<=금융타워(1); 태우병원<=태우병원(1); 태우<=태우(48); 파리 모터쇼<=파리 모터쇼(6); 유럽<=유럽(2); 태우반도체<=태우반도체(1); 태우IT<=태우IT(1); 태우상사<=태우상사(1); 미국<=미국(1); 경기<=경기(1),66f3e7df3123343c14a7134108dc59940511f40372493a549cba8ae709df4b45
DCA-N62,682,684,118446,118956,"김민재, 태우, 김남훈, 나기연, 이영한, 강 대위, 김태중, 한정훈, 로만, 데이비드, 마크","금융타워, 강 대위 사무실, 태우, 한국, 명동, 검찰, 태우건설, 술집, 유럽, 태우반도체",김민재<=FIRST_PERSON_EXCEPTION(0); 태우<=태우(37); 김남훈<=김남훈(20); 나기연<=나기연(15); 이영한<=이영한(12); 강 대위<=강 대위(9); 김태중<=할아버지(2); 한정훈<=한 부회장(2); 로만<=로만(2); 데이비드<=데이비드(1); 마크<=마크(1),금융타워<=금융타워(5); 강 대위 사무실<=강 대위의 사무실(1); 태우<=태우(37); 한국<=한국(25); 명동<=명동(22); 검찰<=검찰(11); 태우건설<=태우건설(8); 술집<=술집(4); 유럽<=유럽(4); 태우반도체<=태우반도체(3),66f3e7df3123343c14a7134108dc59940511f40372493a549cba8ae709df4b45
DCA-N62B,685,687,118957,119441,"김민재, 태우, 아폴로, 서정준, 한정훈, 조지, 김태중, 한아약품 모녀, 아들들, 다이먼, 장남","금융타워, 태우자동차 공장, 태우 본사, 태우병원, 태우, 센트리언, 한국, 체코, 태우건설, 일본",김민재<=김민재(4); 태우<=태우(71); 아폴로<=아폴로(13); 서정준<=서정준(8); 한정훈<=한 부회장(4); 조지<=조지(3); 김태중<=할아버지(2); 한아약품 모녀<=한아약품 모녀(2); 아들들<=아들들(2); 다이먼<=다이먼(1); 장남<=백두혈통 장남(1),금융타워<=금융타워(14); 태우자동차 공장<=태우자동차 공장(2); 태우 본사<=태우그룹 본사(1); 태우병원<=태우병원(1); 태우<=태우(71); 센트리언<=센트리언(31); 한국<=한국(22); 체코<=체코(17); 태우건설<=태우건설(13); 일본<=일본(10),66f3e7df3123343c14a7134108dc59940511f40372493a549cba8ae709df4b45
DCA-N63,688,688,119442,119593,"김민재, 장남, 데이비드, 프리고진, 로만, 강 대위, 시진핑, 이영한, 한정훈","강 대위 사무실, 북한, 중국, 러시아, 연변, 미국, 한국, 명동, 유럽, 우크라이나",김민재<=FIRST_PERSON_EXCEPTION(0); 장남<=장남(13); 데이비드<=데이비드(5); 프리고진<=프리고진(4); 로만<=로만(3); 강 대위<=강 대위(3); 시진핑<=시진핑(3); 이영한<=이영한(2); 한정훈<=한 부회장(1),강 대위 사무실<=강 대위의 사무실(1); 북한<=북한(53); 중국<=중국(46); 러시아<=러시아(32); 연변<=연변(8); 미국<=미국(7); 한국<=한국(6); 명동<=명동(5); 유럽<=유럽(4); 우크라이나<=우크라이나(2),66f3e7df3123343c14a7134108dc59940511f40372493a549cba8ae709df4b45
DCA-N63B,689,690,119594,119910,"김민재, 태우, 리강, 장남, 살만, 빈 살만, 김태중, 데이비드, 최재석, 한정훈","금융타워, 한국, 중국, 태우, 북한, 사우디, 유럽, 러시아, 연변, 스위스",김민재<=FIRST_PERSON_EXCEPTION(0); 태우<=태우(21); 리강<=리강(16); 장남<=장남(10); 살만<=살만(6); 빈 살만<=빈 살만(6); 김태중<=김 회장(3); 데이비드<=데이비드(2); 최재석<=최재석(2); 한정훈<=한 부회장(1),금융타워<=금융타워(20); 한국<=한국(29); 중국<=중국(23); 태우<=태우(21); 북한<=북한(17); 사우디<=사우디(15); 유럽<=유럽(10); 러시아<=러시아(7); 연변<=연변(5); 스위스<=스위스(5),66f3e7df3123343c14a7134108dc59940511f40372493a549cba8ae709df4b45
DCA-N64,691,693,119911,120355,"김민재, 태우, 한정훈, 최재석, 강 대위, 데이비드, 로만, 조지, 웨이","금융타워, 회장실, 태우, 중국, 유럽, 한국, 미국, 검찰, 일본, 인도",김민재<=FIRST_PERSON_EXCEPTION(0); 태우<=태우(38); 한정훈<=한 부회장(6); 최재석<=최재석(6); 강 대위<=강 대위(6); 데이비드<=데이비드(2); 로만<=로만(2); 조지<=조지(1); 웨이<=웨이(1),금융타워<=금융타워(6); 회장실<=회장실(1); 태우<=태우(38); 중국<=중국(34); 유럽<=유럽(26); 한국<=한국(12); 미국<=미국(10); 검찰<=검찰(4); 일본<=일본(4); 인도<=인도(2),66f3e7df3123343c14a7134108dc59940511f40372493a549cba8ae709df4b45
DCA-N64B,694,696,120356,120801,"김민재, 태우, 데이비드, 김태중, 다이먼, 로만","금융타워, 유럽, 중국, 태우, 러시아, 미국, 폴란드, 한국, 태우건설, 우크라이나",김민재<=FIRST_PERSON_EXCEPTION(0); 태우<=태우(38); 데이비드<=데이비드(6); 김태중<=김 회장(4); 다이먼<=다이먼(1); 로만<=로만(1),금융타워<=금융타워(17); 유럽<=유럽(105); 중국<=중국(59); 태우<=태우(38); 러시아<=러시아(16); 미국<=미국(12); 폴란드<=폴란드(12); 한국<=한국(12); 태우건설<=태우건설(11); 우크라이나<=우크라이나(9),66f3e7df3123343c14a7134108dc59940511f40372493a549cba8ae709df4b45
DCA-N65,697,710,120802,122944,"김민재, 태우, 살만, 빈 살만, 리강, 김태중, 안드레아, 데이비드, 최재석, 한정훈, 애플, 조지","금융타워, 청와대, 태우 본사, 태우병원, 태우, 중국, 한국, 유럽, 미국, 부산",김민재<=김민재(1); 태우<=태우(222); 살만<=살만(30); 빈 살만<=빈 살만(30); 리강<=리강(29); 김태중<=할아버지(27); 안드레아<=안드레아(24); 데이비드<=데이비드(15); 최재석<=최재석(15); 한정훈<=한 부회장(11); 애플<=애플(11); 조지<=조지(5),금융타워<=금융타워(36); 청와대<=청와대(9); 태우 본사<=태우그룹 본사(6); 태우병원<=태우병원(1); 태우<=태우(222); 중국<=중국(134); 한국<=한국(124); 유럽<=유럽(62); 미국<=미국(56); 부산<=부산(39),66f3e7df3123343c14a7134108dc59940511f40372493a549cba8ae709df4b45
DCA-N67,711,715,122945,123789,"김민재, 태우, 프리고진, 시진핑, 최재석, 드미트리, 한정훈, 강 대위, 서정준, 기획실장, 기시다, 김태중","금융타워, 태우 본사, 청와대, 강 대위 사무실, 중국, 태우, 일본, 한국, 태우IT, 러시아",김민재<=FIRST_PERSON_EXCEPTION(0); 태우<=태우(97); 프리고진<=프리고진(19); 시진핑<=시진핑(17); 최재석<=최재석(8); 드미트리<=드미트리(8); 한정훈<=한 부회장(6); 강 대위<=강 대위(5); 서정준<=서정준(4); 기획실장<=기획실장(4); 기시다<=기시다(4); 김태중<=김 회장(2),금융타워<=금융타워(10); 태우 본사<=태우그룹 본사(8); 청와대<=청와대(5); 강 대위 사무실<=강 대위의 사무실(1); 중국<=중국(155); 태우<=태우(97); 일본<=일본(85); 한국<=한국(39); 태우IT<=태우IT(24); 러시아<=러시아(24),66f3e7df3123343c14a7134108dc59940511f40372493a549cba8ae709df4b45
DCA-N67B,716,720,123790,124612,"김민재, 태우, 프리고진, 로만, 데이비드, 최재석, 한정훈, 김태중, 푸틴, 머스크, 드미트리, 조지","금융타워, 백악관, 청와대, 강 대위 사무실, 중국, 러시아, 태우, 일본, 한국, 미국",김민재<=FIRST_PERSON_EXCEPTION(0); 태우<=태우(36); 프리고진<=프리고진(25); 로만<=로만(11); 데이비드<=데이비드(10); 최재석<=최재석(9); 한정훈<=한 부회장(5); 김태중<=김 회장(4); 푸틴<=푸틴(4); 머스크<=머스크(3); 드미트리<=드미트리(2); 조지<=조지(1),금융타워<=금융타워(5); 백악관<=백악관(3); 청와대<=청와대(3); 강 대위 사무실<=강 대위의 사무실(1); 중국<=중국(57); 러시아<=러시아(54); 태우<=태우(36); 일본<=일본(36); 한국<=한국(35); 미국<=미국(31),66f3e7df3123343c14a7134108dc59940511f40372493a549cba8ae709df4b45
DCA-N68,721,731,124613,126382,"김민재, 태우, 최재석, 프리고진, 푸틴, 김태중, 한정훈, 데이비드, 바이든, 강 대위, 조지, 구글","금융타워, 백악관, 청와대, 태우 본사, 국회, 러시아, 일본, 우크라이나, 태우, 한국",김민재<=김민재(4); 태우<=태우(135); 최재석<=최재석(35); 프리고진<=프리고진(24); 푸틴<=푸틴(21); 김태중<=김 회장(16); 한정훈<=한 부회장(13); 데이비드<=데이비드(11); 바이든<=바이든(11); 강 대위<=강 대위(6); 조지<=조지(5); 구글<=구글(4),금융타워<=금융타워(35); 백악관<=백악관(13); 청와대<=청와대(8); 태우 본사<=태우그룹 본사(2); 국회<=국회(2); 러시아<=러시아(203); 일본<=일본(146); 우크라이나<=우크라이나(143); 태우<=태우(135); 한국<=한국(94),66f3e7df3123343c14a7134108dc59940511f40372493a549cba8ae709df4b45
DCA-N70,732,735,126383,127049,"김민재, 조지, 한정훈, 태우, 곤조, 기시다, 일본 금융청, 김태중, 로만, 데이비드, 강 대위","금융타워, 일본, 미국, 한국, 태우, 일본 금융계, 의회, 일본 은행, 명동, 태우IT",김민재<=김민재(1); 조지<=조지(23); 한정훈<=한 부회장(19); 태우<=태우(19); 곤조<=곤조(18); 기시다<=기시다(13); 일본 금융청<=일본 금융청(5); 김태중<=김 회장(3); 로만<=로만(2); 데이비드<=데이비드(1); 강 대위<=강 대위(1),금융타워<=금융타워(66); 일본<=일본(115); 미국<=미국(32); 한국<=한국(20); 태우<=태우(19); 일본 금융계<=일본 금융계(15); 의회<=의회(8); 일본 은행<=일본 은행(6); 명동<=명동(5); 태우IT<=태우IT(3),66f3e7df3123343c14a7134108dc59940511f40372493a549cba8ae709df4b45
DCA-N71,736,739,127050,127739,"김민재, 곤조, 태우, 최재석, 콜로노이, 조지, 나오토, 한정훈, 데이비드, 강 대위, 천민정, 구글","금융타워, 우크라이나, 일본, 태우, 한국, 러시아, 미국, 스위스, 유럽, 태우건설",김민재<=FIRST_PERSON_EXCEPTION(0); 곤조<=곤조(22); 태우<=태우(21); 최재석<=최재석(15); 콜로노이<=콜로노이(13); 조지<=조지(6); 나오토<=나오토(5); 한정훈<=한 부회장(4); 데이비드<=데이비드(2); 강 대위<=강 대위(2); 천민정<=천민정(1); 구글<=구글(1),금융타워<=금융타워(12); 우크라이나<=우크라이나(47); 일본<=일본(29); 태우<=태우(21); 한국<=한국(18); 러시아<=러시아(13); 미국<=미국(10); 스위스<=스위스(10); 유럽<=유럽(5); 태우건설<=태우건설(4),66f3e7df3123343c14a7134108dc59940511f40372493a549cba8ae709df4b45
DCA-N72,740,744,127740,128566,"김민재, 태우, 트럼프, 한정훈, 곤조, 김태중, 푸틴, 베릴, 머스크, 장남, 로만, 바이든","금융타워, 백악관, 일본, 태우, 미국, 러시아, 중국, 북한, 한국, 일본 금융계",김민재<=FIRST_PERSON_EXCEPTION(0); 태우<=태우(52); 트럼프<=트럼프(18); 한정훈<=한 부회장(13); 곤조<=곤조(13); 김태중<=김 회장(10); 푸틴<=푸틴(10); 베릴<=베릴(8); 머스크<=머스크(8); 장남<=장남(8); 로만<=로만(7); 바이든<=바이든(4),금융타워<=금융타워(33); 백악관<=백악관(2); 일본<=일본(68); 태우<=태우(52); 미국<=미국(49); 러시아<=러시아(44); 중국<=중국(35); 북한<=북한(31); 한국<=한국(28); 일본 금융계<=일본 금융계(11),66f3e7df3123343c14a7134108dc59940511f40372493a549cba8ae709df4b45
DCA-N73,745,748,128567,129224,"김민재, 태우, 김태중, 최재석, 장남, 머스크, 이영한, 기획실장, 한정훈, 다이먼, 강 대위","금융타워, 청와대, 북한, 태우, 한국, 러시아, 중국, 일본, 미국, 판문점",김민재<=FIRST_PERSON_EXCEPTION(0); 태우<=태우(68); 김태중<=할아버지(34); 최재석<=최재석(18); 장남<=장남(12); 머스크<=머스크(10); 이영한<=이영한(5); 기획실장<=기획실장(3); 한정훈<=한 부회장(1); 다이먼<=다이먼(1); 강 대위<=강 대위(1),금융타워<=금융타워(15); 청와대<=청와대(9); 북한<=북한(90); 태우<=태우(68); 한국<=한국(22); 러시아<=러시아(21); 중국<=중국(20); 일본<=일본(12); 미국<=미국(8); 판문점<=판문점(7),66f3e7df3123343c14a7134108dc59940511f40372493a549cba8ae709df4b45
DCA-N74,749,751,129225,129777,"김민재, 태우, 최재석, 김태중, 한정훈, 천민정, 서정준, 강 대위, 기획실장, 제프리, 데이비드, 살만","청와대, 금융타워, 백악관, 태우병원, 태우, 한국, 북한, 미국, 부산, 태우반도체",김민재<=FIRST_PERSON_EXCEPTION(0); 태우<=태우(53); 최재석<=최재석(26); 김태중<=할아버지(24); 한정훈<=한 부회장(13); 천민정<=천민정(6); 서정준<=서정준(2); 강 대위<=강 대위(2); 기획실장<=기획실장(2); 제프리<=제프리(1); 데이비드<=데이비드(1); 살만<=살만(1),청와대<=청와대(6); 금융타워<=금융타워(5); 백악관<=백악관(2); 태우병원<=태우병원(1); 태우<=태우(53); 한국<=한국(20); 북한<=북한(13); 미국<=미국(10); 부산<=부산(9); 태우반도체<=태우반도체(6),66f3e7df3123343c14a7134108dc59940511f40372493a549cba8ae709df4b45
