arc_id,start_sequence,end_sequence,pacing_reading,avg_tension,avg_reward,avg_hook,peak_tension_sequence,peak_tension_label,peak_tension_event,peak_tension_score,peak_reward_sequence,peak_reward_label,peak_reward_event,peak_reward_score,peak_hook_sequence,peak_hook_label,peak_hook_event,peak_hook_score,avg_information,avg_action,avg_relationship,avg_emotion,avg_material_or_status
DCA-N01,1,10,"파텍필립 폭로와 계좌 지급은 빠르게 통과하고, 독자가 오래 머무는 곳은 한정훈 팀이 실제 주문을 넣고 수익 숫자를 확인하는 거래실이다. 10화는 추천서 원본이 아니라 조지·짐의 작성 약속과 40억 달러 운용여력으로 첫 관계·물질 봉우리를 만든다.",7.50,6.80,7.50,1,1화,김택훈 앞에서 17세답게 행동하고 김태중 생일연회에서 납품가를 호소하는 협력업체 사장의 10억 원 파텍필립 시계를 폭로한다.,9,6,6화,유가가 하루 만에 두 배 뛰자 30달러 매도를 지시하고 장수영의 미래 배신을 기억한 뒤 김태중에게 전담팀 동행 미국 유학을 설득한다.,9,5,5화,한정훈에게 사표와 미국 법인 설립을 지시하고 사우디에서 어린 무함마드 빈 살만과 놀며 살만에게 왕실 보석 절도범 끄리앙끄라이를 고발한다.,9,0.220,0.245,0.231,0.113,0.191
DCA-N01B,11,15,"공직자 펀드와 학업 성과는 짧게 쌓고, 김태중의 식탁 환대에서 관계 호흡을 늦춘다. 마지막 배터리 자료 전달은 계약이 아니라 다음 산업선의 작은 훅으로만 작동한다.",6.60,7.20,7.20,14,14화,데이비드에게 클린턴 1천만 달러·푸틴 500만 달러 지원을 맡기고 하버드 조기졸업용 7인 대필·기출 분석팀을 둔 뒤 SAVE에서 조지와 영국 공격을 정산한다.,8,14,14화,데이비드에게 클린턴 1천만 달러·푸틴 500만 달러 지원을 맡기고 하버드 조기졸업용 7인 대필·기출 분석팀을 둔 뒤 SAVE에서 조지와 영국 공격을 정산한다.,8,14,14화,데이비드에게 클린턴 1천만 달러·푸틴 500만 달러 지원을 맡기고 하버드 조기졸업용 7인 대필·기출 분석팀을 둔 뒤 SAVE에서 조지와 영국 공격을 정산한다.,9,0.254,0.220,0.262,0.128,0.136
DCA-N02,16,31,부품·장부·계좌를 하나씩 대조하는 조사 구간이 길고 징계 숫자는 말미에 몰린다. 해고 자체보다 노동자 반응과 김태중의 승인에 시간을 써 첫 기업복수의 납득을 만든다.,7.06,6.12,7.62,21,21화,`좋은 게 좋은 것`이라는 김태중 논리에 태우 몰락의 원인을 말하고 자신을 공신을 자를 이방원에 비유하며 지원을 끊겠다는 협박에도 독립 성공 능력으로 맞선다.,9,23,23화,"파생계약을 120억 달러와 애플·포드 각 20퍼센트 지분에 넘기고, 다섯 감사팀장에게 창원 비리 윗선을 찾으라 압박하며 정수철의 이준수 동창 관계와 아파트 세 채를 확인한다.",8,21,21화,`좋은 게 좋은 것`이라는 김태중 논리에 태우 몰락의 원인을 말하고 자신을 공신을 자를 이방원에 비유하며 지원을 끊겠다는 협박에도 독립 성공 능력으로 맞선다.,10,0.238,0.265,0.247,0.113,0.137
DCA-N03,32,52,연구소의 부족한 부품과 생산압박을 오래 체류한 뒤 재고·주문 숫자가 보상으로 터진다. 박진훈 퇴장은 제품 성공 뒤 짧게 배치돼 기술 승리가 복수보다 먼저 보인다.,6.81,6.81,7.76,45,45화,"로마네콩티와 사례금으로 톰슨 임원을 설득해 특허를 총 100억 원에 매입하고, 붕괴 소식 직후 대통령실과 조율해 크레인·중장비·의료진 전면 지원을 제안한다.",9,52,52화,정정기사 뒤 이노폰 30만 대를 즉시 팔고 미국 30만·유럽 10만·한국 10만 주문 속에 박진훈을 축출한다,10,36,36화,제프리의 아마존 지분 49퍼센트와 지원을 재확인하고 구디너프에게 5억 달러 연구 성과·5퍼센트 지분을 주며 TDK 상용화를 계획한 뒤 데이비드가 잡은 채식식당 미팅에 나간다.,9,0.237,0.265,0.248,0.094,0.156
DCA-N04,53,71,지분·차입·조선 계약의 정보량이 큰 구간이라 회의는 압축하고 실제 도장과 제품팀 이동에서 멈춘다. 71화는 디지털케이스 양도·50억 원 지급 약속과 세계화 동의를 주되 공식 발령은 다음 실행으로 남긴다.,6.68,7.05,7.74,68,68화,국민연금·명동·은행 지분으로 찬성 30% 대 반대 25%를 만들어 매각안을 통과시킨 뒤 CES에 슬라이드폰·가전·엠피맨을 전시하고 스티브에게 엠피맨을 건넨다,9,53,53화,김태중에게 태우전자 지분을 상속받아 만장일치로 사장에 취임한 뒤 현재그룹 장 회장의 자금난을 듣고 SAVE 자금으로 차입을 유도할 미끼를 던진다,10,57,57화,SAVE가 넥스트 5억 달러 인수금을 내고 미래 소프트웨어 권리를 받아 잡스를 애플 CEO로 복귀시킨 뒤 다이먼이 태우중공업 지분 구조를 검토한다,9,0.209,0.228,0.283,0.101,0.179
DCA-N05,72,77,"자동차 판매 숫자는 빠르게 지급하고, 음원·HTS·전자상거래 담당자를 묶는 조직회의에 시간을 배분한다. 77화의 자유출퇴근은 작은 관계 보상 뒤 외환위기 훅을 세운다.",5.67,6.83,7.17,72,72화,사장급 기획본부장이 되어 루마니아산 태우차 중국 판매를 설계하고 쩡훙친을 만난다,6,75,75화,중국 판매 2만 대·월 5천 대 실적으로 포드·태우·상하이자동차 3자 합작을 타결한다,8,73,73화,쩡훙친의 아들 안전과 체면을 지켜 중국 판매 허가·관세 우대를 받고 포드 합작안을 꺼낸다,8,0.255,0.217,0.303,0.068,0.157
DCA-N06,78,86,환율·부채표는 촘촘히 설명하되 실제 체류는 김태중이 차입방향을 바꾸는 순간과 외화가 계좌에 들어오는 영수증에 둔다. 애플 반등은 다음 인수전으로 속도를 붙인다.,6.44,7.33,7.67,79,79화,SAVE 150억 달러와 퀀텀 자금을 태국에 걸고 이선일의 한보 부도 정리를 확인한 뒤 계속 기업을 사려는 김태중 앞에서 대한민국이 부도난다고 선언한다,8,84,84화,환율 정점에 아람코 자금 100억 달러를 옮겨 태우 모든 부채를 갚고 SS오일 지분을 협상한다,9,84,84화,환율 정점에 아람코 자금 100억 달러를 옮겨 태우 모든 부채를 갚고 SS오일 지분을 협상한다,9,0.246,0.208,0.278,0.090,0.179
DCA-N07,87,90,채권단 가격싸움은 빠르게 압축하고 곤의 조건·권한 대화를 길게 둔다. 자동차 소유권과 경영자 영입이 지급된 직후 고연진과의 짧은 첫 맞선이 다음 관계 질문만 연다.,5.75,7.50,8.00,88,88화,카이자동차 채권단에 현금 3조5천억 원을 달러로 제시해 현재자동차의 출자전환안을 압도한다,7,88,88화,카이자동차 채권단에 현금 3조5천억 원을 달러로 제시해 현재자동차의 출자전환안을 압도한다,8,88,88화,카이자동차 채권단에 현금 3조5천억 원을 달러로 제시해 현재자동차의 출자전환안을 압도한다,9,0.218,0.210,0.282,0.072,0.218
DCA-N07B,91,95,승계 욕망을 확인하는 대화가 중심이고 자산목록은 교환표처럼 짧게 지나간다. 95화의 지분·법인 권리가 물질 보상을 주고 건설 수주공백으로 결을 바꾼다.,5.80,7.00,6.80,91,91화,고연진에게 장녀 승계를 부추기고 아이돌 팬덤을 겨냥한 방송 3사 베리뮤직 후원을 지시한다,6,93,93화,애국 펀드가 일주일 만에 3조를 모으자 백화점 매각설을 흘려 CL이 먼저 협상하게 만든다,8,94,94화,고승택에게 태우카드·백화점과 CL통신·배터리 교환 및 현재그룹 견제 이익을 제시해 합의를 끌어낸 뒤 스타벅스 한국법인 50대50 독점안을 준비한다,8,0.228,0.228,0.294,0.064,0.186
DCA-N07C,96,97,"96화는 7%·40년·컨소시엄 구조를 설계하는 협상에 머물고, 97화에서 9호선만 서명계약으로 지급된다. 거가대교와 태우건설 주 시공은 구체안을 얻었어도 계약 전이라 다음 훅이 된다.",6.00,6.50,7.50,96,96화,장수영이 외부 자금 없이는 수주가 불가능하다고 하자 SAVE·퀀텀 7퍼센트의 비밀 민자 컨소시엄을 설계한다,6,97,97화,조지에게 퀀텀 명칭과 지분 7% 투자를 받아 컨소시엄을 세우고 정부와 9호선 3조5천억 원·30년 MRG·요금결정·운영 계약에 날인한다. 9호선 확장 변경과 거가대교 1조9천억 원 전액투자·40년 운영안은 다이먼에게 협상하라고 지시한다.,8,96,96화,장수영이 외부 자금 없이는 수주가 불가능하다고 하자 SAVE·퀀텀 7퍼센트의 비밀 민자 컨소시엄을 설계한다,8,0.260,0.230,0.190,0.060,0.260
DCA-N08,98,101,합병 설명은 앞에서 압축하고 독자는 린지 접속자·HTS 수수료가 오르는 화면에 오래 머문다. 101화의 숫자 봉우리 뒤 장례식 악수가 정서를 급랭시킨다.,5.50,7.50,7.00,100,100화,"임진태에게 100억 원·지분 20%와 린지 및 향후 전 게임 독점 유통을 제안해 계약하고, 한 팀장에게 해외 게임 권리·저작권 확보를 맡겨 5천 종을 모은 플랫폼을 출시한다",6,98,98화,사장단에 태우건설 수주를 공개하고 다이먼이 CL·신세계·태우 통신 3사를 한 달 만에 합병한다,8,100,100화,"임진태에게 100억 원·지분 20%와 린지 및 향후 전 게임 독점 유통을 제안해 계약하고, 한 팀장에게 해외 게임 권리·저작권 확보를 맡겨 5천 종을 모은 플랫폼을 출시한다",8,0.238,0.218,0.252,0.085,0.208
DCA-N09,102,111,장례식 불신과 병원·조폭 추적을 길게 끌어 위협의 얼굴을 유지한다. 마지막 명동 접수보고는 현금보다 관계·지위 보상으로 조용히 지급된다.,7.00,6.50,7.20,109,109화,"피습 소식을 듣자 특수부대 출신을 부산 반대세력에 붙이고 경찰·검찰·국세청에 차명계좌를 추적시키며, 명동 3인방을 만나 일본계 배후와 이준수의 암살 관여를 알리고 양지 금융 진출을 제안한다",9,107,107화,"월가 여러 회사와 10시간 넘게 협상해 200억 달러 규모 주식을 나누고 블리야드 지분 100%를 10억 달러에 사며 넷플릭스 등 콘텐츠 지분을 받은 뒤, 애플에서 아이폰 시제품과 태우 특허 적용을 점검한다",8,104,104화,"김태중의 압박으로 법정최고금리 66%를 만들고, 의사를 심문해 박광도·청산가스를 알아낸 뒤 이준수의 공장 구매내역과 상세정보를 확인하고 그 단서를 양 진영에 흘린다",9,0.280,0.245,0.264,0.091,0.120
DCA-N10,112,116,통신사 회의는 압박을 빠르게 올리고 강민의 배움과 선택에서 속도를 늦춘다. 기업승리와 한 사람의 성장보상을 같은 화폐로 처리하지 않는 구간이다.,6.00,6.80,6.60,114,114화,"트럼프를 1박 2일 안내한 뒤 인터넷 TV를 직접 시험하고, LCD 공급처 다변화·3년 태우통신 약정 시 TV 무상 제공·인터넷 TV 특허 사용 대가로 태우 OTT와 음원 사용을 지시한다",7,116,116화,"공무원·자격증·리눅스·자바 강의와 대회 입상자 채용·미국 유학을 지시하고, 귀국한 한 팀장에게 300억 달러 계약을 보고받은 뒤 아마존·구글·애플만 남기고 다른 IT 주식을 매도시킨다",8,113,113화,"이영한이 박동하와 마지막 대면을 치르는 동안 민재는 다이먼과 엔화 압박·수익률 300%·만기 2년짜리 300억 달러 IT 파생상품을 설계하고, 조지의 발언과 한 팀장 영업을 붙인다",9,0.258,0.226,0.244,0.068,0.204
DCA-N11,117,124,표결 숫자와 장수영의 고립을 교차해 관계긴장을 만든 뒤 발령에서 보상을 준다. 푸틴 장면은 짧지만 다음 국제사업의 규모를 크게 열어 둔다.,6.12,7.12,6.62,120,120화,"일본에서는 현금·부동산·주식·채권을 받아내고, 뉴욕 회의에서는 현재가보다 5% 높게 IT 주식을 사주겠다며 파생계약을 원가 1.5배에 팔아 그 대금을 IT 지분으로 받는다",7,120,120화,"일본에서는 현금·부동산·주식·채권을 받아내고, 뉴욕 회의에서는 현재가보다 5% 높게 IT 주식을 사주겠다며 파생계약을 원가 1.5배에 팔아 그 대금을 IT 지분으로 받는다",8,122,122화,"부회장 임명을 받아들이며 파벌 해체·능력 인사·고액 보상을 선언하고, 언론 비난을 억누르지 않은 채 태우건설 인사 명령을 내린 뒤 모스크바 외곽 다차로 향한다",9,0.252,0.198,0.291,0.091,0.168
DCA-N12,125,134,"부도장부와 인수조건이 길어 중반 압박이 무겁고, 직원 고용·공장 간판 교체가 실제 체류 지점이다. 아이폰 수요는 다음 제품전으로 속도를 올린다.",6.30,6.80,6.80,127,127화,SAVE의 달러 채권을 앞세워 현 건설 처분을 다이먼에게 맡기고 장경준이 감당할 최고가를 요구한다,8,134,134화,1월 9일 CES에서 잡스가 음악·OTT·록키를 담은 아이폰을 공개하고 300만 대 대기 수요를 확인한다,9,132,132화,11월 21일 인수를 공식화하고 유석재를 책임자로 세운 뒤 흑자 전 세금 감면을 요구한다,8,0.265,0.205,0.277,0.060,0.193
DCA-N13,135,142,검찰 질문과 증거 반전을 오래 붙잡아 긴장을 유지한다. 무혐의 발표 뒤 가족대화는 짧고 낮게 내려앉아 법정승리의 감정값을 확인한다.,6.75,6.50,7.50,137,137화,게임사에 개발 유인을 제시하다 김태중 구속 위험을 듣고 지연전과 비리 자료 수집을 명한다,8,141,141화,태우의 회계·부채 자료로 혐의를 방어한 뒤 미국·중국·러시아 비리 자료를 내밀어 윤현길의 항복을 받는다,9,137,137화,게임사에 개발 유인을 제시하다 김태중 구속 위험을 듣고 지연전과 비리 자료 수집을 명한다,10,0.268,0.221,0.335,0.091,0.085
DCA-N14,143,146,정책 설명은 빠르게 넘기고 부품사들이 어느 편에 설지 망설이는 회의에 관계압박을 둔다. WIPI 연기 직후 실제 판매·예약 숫자가 터지고 국내 생산은 미실행 훅으로 남아 다음 완판 Arc로 가속한다.,7.00,6.75,7.25,144,144화,미국 흥행을 근거로 무역 압박과 공동성명을 가동해 방송위원회 철회 지시를 끌어낸다,8,144,144화,미국 흥행을 근거로 무역 압박과 공동성명을 가동해 방송위원회 철회 지시를 끌어낸다,8,144,144화,미국 흥행을 근거로 무역 압박과 공동성명을 가동해 방송위원회 철회 지시를 끌어낸다,8,0.270,0.270,0.282,0.060,0.118
DCA-N15,147,150,완판 숫자를 초반 보상으로 주고 충전망·지분조건·로봇계약을 계단처럼 쌓는다. 150화 말 WTC 임차 제안은 기술봉우리 뒤 생존전의 불안으로만 남긴다.,5.25,7.25,6.75,150,150화,아마존과 로봇·스마트팩토리 공동개발을 체결하고 데이비드에게 세계무역센터 장기임차를 알아보게 한다,6,147,147화,초도 10만 대가 일주일 만에 매진되자 500곳 넘는 매장에 와이파이·충전망을 설치한다,8,148,148화,두 달간 주가 회복을 확인하고 AI 공동개발 비용과 지분을 50대50으로 합의한다,7,0.250,0.225,0.252,0.052,0.220
DCA-N15B,151,153,151화 계약은 짧고 152~153화의 비움·대피·붕괴 순간에 시간과 감정을 몰아준다. 정치적 보상은 구조 뒤에 붙여 인명구조가 물질거래에 묻히지 않는다.,7.33,7.67,7.67,152,152화,9·11 직후 공매도·매도를 금지하고 크레인과 구조 인력을 투입해 붕괴를 통제한다,9,152,152화,9·11 직후 공매도·매도를 금지하고 크레인과 구조 인력을 투입해 붕괴를 통제한다,9,151,151화,99년 32억 달러 임차를 확정하고 모든 보험을 든 뒤 두 동을 비우는 리모델링과 구조 인력 배치를 지시한다,10,0.223,0.297,0.243,0.123,0.113
DCA-N16,154,159,154화는 승계·미국방패·제품·직원보상을 충분히 지급하고 세이월드는 마지막 한 줄만 연다. 155~159화는 창업자 면담과 기능제작에 오래 머물러 관계협상의 결을 살린다.,5.67,6.50,6.17,155,155화,서광수와 투자·독립 경영을 논의한 뒤 기획실 보고로 KS의 70억 원 주식 인수와 박동희의 동문 압박을 확인한다,7,154,154화,"김태중의 회장직 제안과 베트남 귀환 뒤에도 혼자면 승계하겠다는 결혼 최후통첩을 받는다. 백악관의 명예시민권 발표와 태우자동차 반덤핑 재량을 확인하고, 아이폰 40만 대·조너선이 참여한 애플-태우 TV 진행을 보고받아 추석 상여금 200~300%와 TV 개발진 최고등급 지급을 지시한다. 마지막에 세이월드 대표 면담 약속을 알아보게 한다.",8,157,157화,다이먼에게 CL카드 인수를 지시하고 데이비드에게 마크 30% 지분 제안을 맡긴 뒤 오희건과 특허 협상을 시작한다,7,0.273,0.185,0.327,0.068,0.147
DCA-N16B,160,166,학생 카드발급과 부실숫자로 압박을 먼저 키우고 협상·회수 장면에서 물질보상을 집중한다. 은행 간판보다 다이먼의 재등장에 관계 체류를 준다.,6.86,6.43,6.71,161,161화,고승택과 2조 원·부채 인수안을 협상하고 김태중을 불러 정부·채권단의 탕감을 끌어낸다,8,161,161화,고승택과 2조 원·부채 인수안을 협상하고 김태중을 불러 정부·채권단의 탕감을 끌어낸다,7,160,160화,박만덕과 이영한에게 CL카드 채권·10조 원대 유동성을 설명하고 대출 차단·채권 압박·부실 발급 가속을 맡긴다,8,0.247,0.263,0.256,0.057,0.177
DCA-N17,167,176,천민정의 집·경찰·면담과 가족 사정에 거래숫자보다 오래 머문다. 채용 뒤 곧바로 기술시연을 붙여 보호가 능력지급으로 이어짐을 보여 준다.,5.70,6.80,6.80,168,168화,연봉·복지·법률 보호를 제시하고 강 대위에게 정호영 일가를 감시시킨 뒤 정신수에게 차장검사 승진과 아들 유학을 맞바꿀 거래를 건다,8,176,176화,대전으로 내려가 서광수에게 페이스북 한국 법인장과 지분을 제안하고 미니홈피 특허들을 보여 주며 옛 동료들에게 즉시 연락하게 한다,10,176,176화,대전으로 내려가 서광수에게 페이스북 한국 법인장과 지분을 제안하고 미니홈피 특허들을 보여 주며 옛 동료들에게 즉시 연락하게 한다,8,0.234,0.239,0.324,0.123,0.080
DCA-N18,177,180,"177화 가족 허락에서 감정을 길게 쉬고, 뒤의 페이팔·기술협상은 속도를 높여 처리한다. 180화는 작동하는 음성인식 수치에 기술보상을 주고 IIT 캠퍼스는 계획으로만 남겨 관계봉우리 뒤 작은 제품봉우리를 세운다.",5.25,7.50,6.75,178,178화,20억 달러를 제시해 페이팔 인수를 확정하고 피터 일행에게 향후 창업 우선투자를 약속한 뒤 프랑스 식당에서 일론 머스크와 처음 만난다,6,177,177화,김태중은 과거 결혼 압박을 사과하며 손자 곁에 있어 달라고 말하고 민재는 다이먼에게 실리콘밸리 영업 지원을 약속한 뒤 천민정과 호텔 회의실로 간다,8,178,178화,20억 달러를 제시해 페이팔 인수를 확정하고 피터 일행에게 향후 창업 우선투자를 약속한 뒤 프랑스 식당에서 일론 머스크와 처음 만난다,7,0.268,0.152,0.338,0.102,0.140
DCA-N18B,181,183,자금흐름과 증거확보가 빠르게 진행되고 서광수의 선택에서 잠시 멈춘다. 공개 역공은 짧은 훅으로 남아 다음 기술시연과 대비된다.,7.00,7.33,8.33,181,181화,강 대위와 국세청 인맥을 움직여 KS해운 비자금·현금 차량을 추적하고 야당과 검찰에 정보를 흘리게 한다,8,182,182화,100억 원을 넘는 선거자금·약 2천억 원 비자금 장부와 현금차 사진을 검찰에 넘기고 태우SNS가 세이월드를 밀어낸 실적을 보고받는다,9,183,183화,페이스북 한국 법인에 있던 서광수에게 세이월드·하두리 장점을 합친 숏폼을 제안하고 서문영과 공동대표로 즉시 합류시킨다,9,0.273,0.260,0.313,0.077,0.077
DCA-N18C,184,186,결제 실험은 짧고 기능시연의 반응에 시간을 쓴다. 숫자보상보다 관객이 시리와 IoT를 목격하는 공개성이 Arc의 리듬을 만든다.,5.00,8.00,7.00,185,185화,스티브의 아이폰 발표에 이어 무대에 올라 시리로 에어컨·TV·세탁기와 태우자동차 시동까지 실시간 작동시킨다,6,185,185화,스티브의 아이폰 발표에 이어 무대에 올라 시리로 에어컨·TV·세탁기와 태우자동차 시동까지 실시간 작동시킨다,9,184,184화,태우IT 회의에 게임사 대표들을 불러 채굴 보상·아이템 결제·국경 없는 거래를 제안하고 사용량 제한과 지역락 방어책을 확인한 뒤 샌프란시스코로 간다,8,0.277,0.253,0.263,0.053,0.153
DCA-N19,187,191,정부협상과 학교조건은 정보밀도가 높아 압축하고 공장·브랜드 문이 열리는 순간에 보상을 준다. 귀국 뒤 천민우 사건이 들이닥치며 정서가 급격히 바뀐다.,5.60,7.00,6.80,187,187화,우성일에게 과소 생산계획 책임을 묻고 베트남 공장 확대와 인도 대규모 가전 공장 신설을 검토시킨다,6,191,191화,아노르 가문과 한국 매장·브랜드 전략을 조율한 뒤 불법 대선자금 수사 국면을 보며 깨끗한 경제인·정치인 연합을 검토한다,8,189,189화,허황후 관련 다큐와 문화 사업을 지시하고 10조 원대 인도 투자 계획을 알리며 베트남·인도 생산라인 확대를 확정한다,8,0.310,0.188,0.316,0.082,0.104
DCA-N20,192,199,192화 폭행영상의 구체 행동과 194화 교실 보호에 관계·감정 체류를 집중한다. 후보명단·정당·희토류 지시는 보호결산 뒤 빠르게 펼쳐 다음 공적 Arc를 연다.,6.75,6.75,7.25,193,193화,경호원들이 하굣길 폭행을 막고 천민우를 집까지 지킨 뒤 기획실이 학교·추영택 부모·담임의 유착을 조사한다,8,195,195화,화원정밀을 태우 협력망에서 끊고 추영택 아버지의 상급 검찰선을 움직여 가족에게 공개 사과와 전학을 받아낸다,10,193,193화,경호원들이 하굣길 폭행을 막고 천민우를 집까지 지킨 뒤 기획실이 학교·추영택 부모·담임의 유착을 조사한다,9,0.266,0.230,0.325,0.102,0.076
DCA-N20B,200,202,200화 첫 면담은 병목과 신뢰를 확인하는 저점이고 201화 지장·50억 계약에서 보상이 솟는다. 202화 슈퍼볼·인재영입은 짧게 확장해 플랫폼의 다음 속도를 만든다.,5.00,6.67,7.33,200,200화,투자 제안서를 다시 찾아 김익수를 부회장실로 부른 뒤 국내 서비스만으로는 서버와 저작권 비용을 버티기 어렵고 세계화에는 수백억 원이 든다고 경고한다,6,201,201화,판타지TV에 50억 원을 제시하고 천민정이 만든 알파 버전을 보여 준 뒤 애플·구글·아마존이 참여할 회사를 김익수가 관리하게 한다,8,200,200화,투자 제안서를 다시 찾아 김익수를 부회장실로 부른 뒤 국내 서비스만으로는 서버와 저작권 비용을 버티기 어렵고 세계화에는 수백억 원이 든다고 경고한다,8,0.240,0.217,0.270,0.097,0.177
DCA-N20C,203,206,연봉과 직함보다 천민정과의 밤샘 대화에 오래 머물러 영입의 감정적 납득을 만든다. 취임 발령과 리튬 권리는 뒤에서 명확한 지위·물질 영수증을 준다.,5.75,6.75,7.00,204,204화,최재석의 촛불 연설과 SNS 확산을 지원하면서 태우상사에 칠레·볼리비아 광산을 먼저 조사·계약하게 한다,7,206,206화,천민정과의 기술 토론 뒤 마음을 바꾼 리사 수와 악수하고 한 달 후 태우전자 사장에 공식 임명하며 임원 교체 전권을 공표한다,9,205,205화,우유니 염호와 리튬 트라이앵글 광구 열 곳 이상을 계약하고 방한한 리사 수에게 태우전자·반도체·IT 현장을 안내한다,8,0.220,0.195,0.260,0.162,0.162
DCA-N20D,207,209,CEO 무대와 AI 시연은 빠르게 보여 주고 개표 숫자가 움직이는 밤에 긴장을 유지한다. 38석 발표와 학습량이 정치·기술의 이중 봉우리다.,6.00,7.33,7.00,208,208화,출구조사 방송을 지켜보며 천민정이 영어 영화 음성을 곧바로 한글 자막으로 바꾸는 딥러닝 기능을 시연하고 지역별 개표를 추적한다,7,209,209화,비밀리에 최재석을 만나 회유에도 중심을 지키겠다는 약속을 받고 천민정에게 번역 논문 2만 건과 영화·드라마·소설·만화를 학습시킨 뒤 음성인식 추가를 지시한다,9,208,208화,출구조사 방송을 지켜보며 천민정이 영어 영화 음성을 곧바로 한글 자막으로 바꾸는 딥러닝 기능을 시연하고 지역별 개표를 추적한다,8,0.243,0.227,0.200,0.120,0.210
DCA-N20E,210,211,두 화 모두 보상보다 위험관찰에 머무는 낮은 보상구간이다. 빈집·대출서류와 보험조건을 천천히 쌓아 이후 AIZ·CITI 수확의 신뢰를 선불한다.,6.00,5.50,6.50,210,210화,10년간 10조 원 인도 투자안을 준비하는 한편 다이먼에게 NINA 대출과 저신용 주택담보 사례를 조사하게 한다,6,210,210화,10년간 10조 원 인도 투자안을 준비하는 한편 다이먼에게 NINA 대출과 저신용 주택담보 사례를 조사하게 한다,6,210,210화,10년간 10조 원 인도 투자안을 준비하는 한편 다이먼에게 NINA 대출과 저신용 주택담보 사례를 조사하게 한다,7,0.335,0.165,0.185,0.100,0.215
DCA-N20F,212,215,입법과 교육여론은 압축하고 정밀지도 병목·사용권 협상에 시간을 쓴다. 앱 출시는 미지급으로 남겨 계획보상 뒤 신사옥 장면으로 전환한다.,5.00,6.25,7.00,214,214화,현재자동차 장경준에게 태우가 외국 자본을 캐피탈 시장에 끌어오지 않겠다고 약속하고 그 대가로 씽크윈 박태수와 자리를 마련받아 회사 인수를 제안한다,6,212,212화,"IIT 한국 캠퍼스의 한국인 20퍼센트·태우 공채 20퍼센트 확대·빅테크 연구소 유치를 설명해 최재석의 지지를 얻고, 태우자동차의 전기차 투자와 테슬라 경쟁 구도를 점검한다.",7,212,212화,"IIT 한국 캠퍼스의 한국인 20퍼센트·태우 공채 20퍼센트 확대·빅테크 연구소 유치를 설명해 최재석의 지지를 얻고, 태우자동차의 전기차 투자와 테슬라 경쟁 구도를 점검한다.",7,0.250,0.208,0.230,0.110,0.202
DCA-N21,216,221,부지·승계·한전의 큰 거래를 계단식으로 압축한 뒤 221화 태우맵 사용자 숫자에서 생활보상을 준다. 말미 택시 콜 독점이 안정된 리듬을 깨뜨린다.,5.33,6.33,7.00,220,220화,김태중이 산업부·한전 앞에서 러시아 측 요구를 밀어붙인 뒤 결렬 가능성을 연기하고 민재는 최재석에게 행정부처와 함께 공기업도 지역으로 옮기자고 제안한다,6,218,218화,러시아 로만에게 극동 유전·가스전의 한러 공동개발을 제안해 5000억 달러 규모 사업을 만들고 귀국해 진호균과 아노르·중국 지원 조건의 가계약을 맺는다,7,219,219화,델핀을 설득해 아노르 계열 다섯 브랜드를 샤롯면세점에 입점시키고 중국 사업 인맥을 붙인 뒤 러시아 국영 에너지 기업 대표들을 맞는다,8,0.242,0.212,0.245,0.108,0.193
DCA-N22,222,226,횡령조사와 닷새 파업은 행동압박을 오래 유지하고 조폭 100명 충돌에서 정점을 찍는다. 기사 가입률은 소란 뒤 차분한 대중반응 보상으로 놓인다.,7.80,7.20,7.60,225,225화,강인식이 상납 피해와 공동 처벌 가능성을 상기시키고 양쪽 호출망을 함께 써도 된다고 설득해 사장들이 차봉훈 치부를 검찰에 내놓게 한다,9,226,226화,강인운수 기사들이 20분 만에 습격대를 제압하고 경찰이 영신운수 배후를 잡는 동안 가맹 지역을 수도권·광역시로 넓힌다,10,223,223화,경찰·검찰·국세청에 차봉훈 자료를 동시에 넘기고 새 택시 호출 앱·단말기를 완성해 무료 가맹 신청을 개인기사와 중소회사에 퍼뜨린다.,9,0.178,0.354,0.172,0.114,0.182
DCA-N23,227,234,토지계약은 빠르게 지급하고 항공규제와 Su-47 교환조건에서 정보체류가 길어진다. 착공 가능성이 확정되는 순간 다음 우주·콘텐츠 투자선으로 시야를 넓힌다.,5.75,7.88,7.88,230,230화,현재캐피탈을 태우·카이 파트너로 3년 쓰는 조건을 받아 장경준이 입찰서를 찢게 한 뒤 4조 서류를 제출하고 6조1705억 비상안을 장경준에게 보낸다,8,228,228화,중국에 나흘 머물며 샤롯백화점 허가를 성사시킨 뒤 한·미·일 감정가 평균에 50%를 얹어 진호균·김태중이 계약서에 도장 찍게 한다,9,233,233화,미국 대사에게 부시의 감사와 수호이 비밀 반입 허용을 확인하고 강인식에게 코코아택시 전국 가맹·대리운전·렌터카 확장을 맡긴다,9,0.208,0.241,0.214,0.108,0.230
DCA-N24,235,237,서브프라임 면책 기록을 짧게 닫고 우주·반도체·몽골 투자결정을 빠르게 펼친다. 아직 수익이 없는 계획구간이라 보상점보다 규모와 시간 약속이 리듬을 지배한다.,5.00,7.33,6.67,235,235화,한 팀장에게 보험 매집을 늘리되 경고 보고서를 정부에 남기게 하고 텍사스 공장에서 머스크에게 매년 10억 달러씩 10년·첫해 최대 30억 달러 투자를 약속한다,6,236,236화,김익수·채드 헐리·스티브 첸의 베타 버전을 검수하고 50명 투표로 위튜브라는 이름을 정한 뒤 애플 기본앱·구글·아마존·페이스북 홍보를 약속한다,9,235,235화,한 팀장에게 보험 매집을 늘리되 경고 보고서를 정부에 남기게 하고 텍사스 공장에서 머스크에게 매년 10억 달러씩 10년·첫해 최대 30억 달러 투자를 약속한다,7,0.267,0.193,0.207,0.090,0.243
DCA-N24B,238,242,오디션과 계약 장면에 인물반응을 넓게 쓰고 출시 뒤 순위·가입자 숫자를 연속 보상으로 터뜨린다. 242화 SpaceX 소식은 주봉우리 뒤 짧은 잔향이다.,5.20,7.80,6.80,242,242화,톱10 전원 계약과 순차 음반 제작을 확정한 뒤 100인분 음식을 전용기로 마셜제도에 날라 팰컨1 실패 팀에게 100번 실패해도 지원한다고 선언한다,7,242,242화,톱10 전원 계약과 순차 음반 제작을 확정한 뒤 100인분 음식을 전용기로 마셜제도에 날라 팰컨1 실패 팀에게 100번 실패해도 지원한다고 선언한다,10,242,242화,톱10 전원 계약과 순차 음반 제작을 확정한 뒤 100인분 음식을 전용기로 마셜제도에 날라 팰컨1 실패 팀에게 100번 실패해도 지원한다고 선언한다,8,0.198,0.254,0.208,0.126,0.214
DCA-N24C,243,246,가수들의 위기와 양지파 위협을 길게 끌어 적의 얼굴을 유지한다. 246화 보상은 소유권 완료가 아니라 굴복 약속이라 일부러 중간 강도로 닫는다.,8.00,6.00,6.75,245,245화,흑사회 개입을 알리자 쩡칭훙이 군·탱크로 조직을 습격해 두목을 한국에 보내고 민재는 그에게 사흘 안에 양지파와 SG 비리를 터뜨리라고 명령한다,9,245,245화,흑사회 개입을 알리자 쩡칭훙이 군·탱크로 조직을 습격해 두목을 한국에 보내고 민재는 그에게 사흘 안에 양지파와 SG 비리를 터뜨리라고 명령한다,8,245,245화,흑사회 개입을 알리자 쩡칭훙이 군·탱크로 조직을 습격해 두목을 한국에 보내고 민재는 그에게 사흘 안에 양지파와 SG 비리를 터뜨리라고 명령한다,8,0.175,0.322,0.225,0.132,0.145
DCA-N25,247,247,만남·기술검증·조건·서명을 단화에 압축하지만 지분비율을 정확히 남긴다. 다음 화 시민펀드로 곧장 바뀌므로 짧고 선명한 계약봉우리다.,5.00,7.00,7.00,247,247화,AAA 보험 익스포저와 테슬라 시제품·배터리 공장 계획을 점검한 뒤 부산 게임 결승에서 AOS 유즈맵 개발자들에게 블리야드 지원과 1000만 달러를 제시한다,5,247,247화,AAA 보험 익스포저와 테슬라 시제품·배터리 공장 계획을 점검한 뒤 부산 게임 결승에서 AOS 유즈맵 개발자들에게 블리야드 지원과 1000만 달러를 제시한다,7,247,247화,AAA 보험 익스포저와 테슬라 시제품·배터리 공장 계획을 점검한 뒤 부산 게임 결승에서 AOS 유즈맵 개발자들에게 블리야드 지원과 1000만 달러를 제시한다,7,0.310,0.200,0.160,0.080,0.250
DCA-N25B,248,252,펀드 참여자의 반응과 전기차 공개를 교차해 물질과 대중 보상을 번갈아 준다. 252화 선거승리가 정치봉우리를 닫고 곧바로 서브프라임 경고로 온도를 낮춘다.,5.20,7.80,6.40,249,249화,천민정에게 P2P·증권 전문가를 붙여 펀딩을 만들게 하고 원격조종 보고를 받은 뒤 드라이빙센터에서 10대 차량의 충돌 감지·자동 급제동을 시연한다,6,250,250화,국민경제회복펀드를 출시해 10분 만에 5만 명을 받고 개인 후보 투자·맞춤공약 알고리즘을 보강하며 미국 제작진을 붙인 위튜브 정치채널을 운영한다,9,248,248화,행정기관 이전 정치 합의를 확인하고 경기도지사 출마를 결심한 최재석에게 선거비 보전 후 돌려주는 크라우드펀딩을 제안한다,7,0.204,0.288,0.192,0.106,0.210
DCA-N25C,253,269,"253~258화는 경고·보험료·정치압박으로 보상을 늦춘다. 259화 픽시와 스타크 AI가 중간 기술봉우리를 만들고, 269화 AIZ·SAVE·태우증권 합병·실소유 공개와 김태중 수용이 금융·관계 결산을 함께 준다.",6.71,7.00,7.41,266,266,연준 인사의 모욕에 다이먼과 실제 퇴장해 재무부를 굴복시키고 사전 경고 보고서로 책임 전가를 차단한 뒤 AIZ 70% 이상을 부실 공개 후 4달러에 인수하겠다고 버틴다.,9,267,267,다이먼이 AIZ 청구를 선언해 4달러·70% 지분을 관철하고 태우증권-SAVE-AIZ 합병안을 제시하며 CITI 인수에는 전 경영진 해임과 국세청 압박을 조건으로 건다.,9,264,264,지게차 로봇·자동검수·로봇팔·드론으로 인건비 30%를 줄인 창고를 점검하되 설비보다 인건비가 아직 싸다는 한계를 확인한다. 다이먼에게 CITI가 소진될 때까지 기다리게 하고 김태중의 ‘완벽히 끝내고 오라’는 전언을 받은 뒤 1년을 건너 리먼 파산설을 맞는다.,9,0.262,0.238,0.234,0.119,0.148
DCA-N27,270,275,270~271화 같은 보험증서 평가를 이어 가며 숫자를 충분히 숙성한다. 275화 청와대·이사회 승계 장면은 거래수익보다 관계·직책에 오래 머무는 결산이다.,6.00,7.33,7.00,275,275,대통령에게 산업은행 파산·제2 IMF 가능성을 30% 이상이라고 설명해 재검토 결정을 끌어내고 한전 부지에 대형 금융사 10곳 이상을 모을 마천루·아시아 금융 허브를 제안한다.,8,272,272,AIZ 8천 명 해고·핵심 인재 승진과 연봉 인상을 지시하고 이사회에서 회장직을 수락한 뒤 박만덕을 금융 부회장으로 한정훈을 태우증권 사장으로 의결한다.,9,274,274,데이비드의 예상가 대비 30% 할인 인수를 승인하고 오바마의 면담 요청을 수락한 뒤 천민정에게 미국 트럭 충돌방지·단계적 자율주행·원격조종 실증 계획을 지시한다.,8,0.218,0.215,0.277,0.157,0.133
DCA-N27B,276,286,미국 출장·금융허브 설계는 빠르게 넓히고 281~282화 KIKO 훅과 신화은행 실행은 끊지 않는다. 통화스와프 승인에서 국가급 물질봉우리가 온다.,6.18,7.45,7.36,279,279화,최재석과 별장에서 청와대 발표의 역효과와 규제 완화 연대를 논의해 중립 이상의 지원을 확보하고 추석 연휴 리먼 660조 원 파산 직후 환율 1400원·15조 원 KIKO 보험 청구를 준비한다.,8,280,280,금융허브 비전을 발표한 뒤 퀀텀·CITI·버크셔 대표를 차례로 공개하고 버핏이 한국 지점 개설과 태우증권·자동차·IT·철강·부품 투자를 직접 선언하게 한다.,9,276,276,다이먼에게 임원 상세정보 심사 도움을 약속하고 CITI·핀테크의 한국 이전 계약을 받은 뒤 보험 청구 완화와 4년 뒤 입주를 교환하도록 맡기며 비트코인 거래소 설립과 데이비드 부사장 배치를 지시한다.,8,0.263,0.228,0.256,0.103,0.150
DCA-N28,287,296,정부·노조 협상은 같은 조건검토가 이어져 291~292를 자르지 않고 체류한다. 296화 바이오 인재 결산 뒤 로켓·우주 목표가 열려 산업톤을 바꾼다.,6.20,7.10,7.10,293,293,핀테크가 가진 빅3 채권 약 100억 달러와 채권단·언론을 움직여 GM 파산 확률을 끌어올리고 찾아온 티모시에게 선파산 후인수를 제안한다.,9,288,288,오희건에게 OLED 개발비 30% 지원과 태우전자 우선·원가 공급을 교환하고 한경 지분을 넘겨받은 뒤 한정훈에게 코닥의 OLED 원천기술 인수까지 설명한다.,8,291,291,오바마의 ‘희망과 변화’ 취임사를 들은 뒤 연준 청사에서 티모시와 첫 협상을 열어 단순 부채탕감만으로는 가치가 없다고 하고 전면 체질개선 조건을 건다.,8,0.260,0.234,0.244,0.105,0.157
DCA-N28B,297,301,297화 새 목표 선언 후 창고·배송·발사 현장으로 곧장 움직여 행동리본이 높다. 성공·실패 장면을 짧게 교차해 미래가 자동승리가 아님을 남긴다.,4.60,7.00,6.00,301,301,"용산 공개전을 앞둔 바둑 AI의 승률을 점검한 뒤 리그 오브 챔피언스 스킨이 하루 약 10억 원어치 팔린 실적, 스페이스X 네 번째 발사 성공, 타미플루 대량생산 성공과 일본 주문을 차례로 확인한다. 월 200만 명분 생산을 전 공장·2교대로 늘리라고 지시하지만 월 1천만 명분은 아직 생산능력 전망이다.",6,298,298화,김태중에게 GM 인수를 함께 기뻐하고 기획실 보고에서 파운드리 1위 가능성·상사 사기 저하를 확인한 뒤 유통 치킨게임을 승인한다.,8,301,301,"용산 공개전을 앞둔 바둑 AI의 승률을 점검한 뒤 리그 오브 챔피언스 스킨이 하루 약 10억 원어치 팔린 실적, 스페이스X 네 번째 발사 성공, 타미플루 대량생산 성공과 일본 주문을 차례로 확인한다. 월 200만 명분 생산을 전 공장·2교대로 늘리라고 지시하지만 월 1천만 명분은 아직 생산능력 전망이다.",7,0.226,0.216,0.250,0.128,0.180
DCA-N29,302,316,청문회 공방의 긴장을 앞에서 높이고 각 제품 지급을 연속적으로 보여 준다. 306→307 미국 대사 요청과 면담은 같은 미지급 약속이라 흐름을 끊지 않는다.,5.73,7.20,6.87,303,303,혼잡도 120%를 넘으면 김 의원이 사퇴한다는 약속을 생방송으로 받아내고 개통 뒤 실제 자료를 공개한다.,9,303,303,혼잡도 120%를 넘으면 김 의원이 사퇴한다는 약속을 생방송으로 받아내고 개통 뒤 실제 자료를 공개한다.,9,312,312,가입자 130만 명·멤버십 30%를 확인하고 델핀을 통해 아노르 가문 중저가 명품의 VIP 온라인 입점을 성사시킨다.,8,0.215,0.271,0.238,0.102,0.175
DCA-N30,317,326,제품 시승과 예약반응에 행동·대중체류를 주고 주가전은 숫자를 빠르게 올린다. 공매도 항복 뒤 일본·남유럽 금융위기로 새 압박을 즉시 연결한다.,6.50,7.20,7.20,322,322,3년 뒤 주가가 낮으면 현재가로 전량 매수하겠다고 보증해 펀드를 참전시킨다.,8,326,326화,"테슬라 공매도 세력의 공개 항복과 주가 신고가, 태우차·카이차 30만 원대를 확인한다. 이어 게임팀에서 승부조작 가담자가 최소 3명, 연루자가 5명 이상이라는 경기영상·자료를 받고 전수조사와 검찰 이첩을 지시한다.",9,322,322,3년 뒤 주가가 낮으면 현재가로 전량 매수하겠다고 보증해 펀드를 참전시킨다.,8,0.221,0.274,0.230,0.106,0.169
DCA-N31,327,333,금융시장 숫자는 압축하고 331~332화 선거작전 개시와 PC방 실행은 이어서 보여 준다. 서로 다른 전선을 병렬 배치하되 다음 지진 Arc의 경보로 긴장을 올린다.,5.00,6.71,6.43,331,331,지원 요구를 거절하고 핀테크 대출을 정상금리로 받으며 캡틴 PC방 IP 작전을 가동한다.,6,332,332,국민경제당이 8개 광역단체장을 얻자 무상급식 찬성·서울 보궐 전략을 제시하고 일본에 첫 100억 달러를 투입한다.,8,329,329화,캡틴 PC방을 전국에 적자 확장하고 최재석에게 광역단체 다수 승리를 약속한다.,7,0.267,0.211,0.240,0.091,0.190
DCA-N31B,334,337,334~335화는 운송·자료·물자 준비를 차근히 쌓은 뒤 전화벨과 지진 발생을 10점 훅으로 터뜨린다. 336~337화 재난·금융결산은 같은 약속의 실행이라 숨 돌릴 틈 없이 이어진다.,7.75,8.00,7.75,335,335,"최소 1만2천 명 교민의 대피지원·비용 전액 부담을 선언하고 운송수단, 미국 추가자료 요청, 구호물자 조달선을 준비한다.",10,336,336,한정훈에게 공매도·상품 합의 뒤 엔화 상승 전환을 지시하고 최재석 미담·구호·성금을 확산한다.,10,335,335,"최소 1만2천 명 교민의 대피지원·비용 전액 부담을 선언하고 운송수단, 미국 추가자료 요청, 구호물자 조달선을 준비한다.",10,0.190,0.302,0.230,0.138,0.140
DCA-N31C,338,341,337화 일본 금융결산 뒤 338화 투표현장으로 분명히 전환한다. 개표 숫자와 서버증거를 교차하되 최재석의 대중반응에서 관계보상을 준다.,7.25,6.75,7.00,340,340화,"핀테크 거래기록과 좀비폰으로 필리핀 조직의 보스·조직원·사무실을 특정하고, 위장 취업 경로와 다음 날 출국할 직원·경호인력 50명을 준비한다.",8,341,341화,"서울시장 선거 개표에서 국민경제당 후보가 36대34, 2퍼센트 차이로 이긴다. 디도스 증거는 개표 뒤 공개하도록 기획실장에게 넘기지만 언론·SNS 공개는 아직 없고, 최재석은 긴 침묵 끝에 이제 움직이겠다고 말한다.",8,340,340화,"핀테크 거래기록과 좀비폰으로 필리핀 조직의 보스·조직원·사무실을 특정하고, 위장 취업 경로와 다음 날 출국할 직원·경호인력 50명을 준비한다.",8,0.230,0.310,0.242,0.118,0.100
DCA-N32,342,344,짧은 세 화에서 지분협상보다 연구실 설명에 정보체류를 둔다. 도산 장비·텍사스 부지로 넘어갈 때 임상 가능성을 미지급 훅으로 남긴다.,5.33,7.00,6.33,342,342화,디도스 수사를 확산하고 한정훈에게 유럽 청산·데이비드에게 미국 셰일 인맥 구축을 맡긴다.,6,344,344,"로보와 인슐린 아시아 생산권, 당뇨 신약 연구비 전액지원과 신약지분 30퍼센트를 묶은 계약을 체결한다. 데이비드에게 트럼프 지원을 맡기고 덴마크 임무를 끝낸 뒤 한국으로 돌아오게 한다.",8,343,343,김민재가 인슐린·mRNA 투자를 제안하고 한정훈·데이비드가 로보 지분 약 30%를 모은다.,7,0.313,0.190,0.250,0.080,0.167
DCA-N32B,345,351,장비 목록과 토지조건은 빠르게 정리하고 센트리언 신약실 방문 예고→실행인 346~347을 붙여 읽는다. 351화 이중축 결산 뒤 귀국 장면이 다음 정치·조직 Arc를 연다.,5.29,7.00,6.71,345,345,후분양 10곳 확대를 요구하고 박민용에게 매입가 그대로 현금 인수를 제안한다.,6,349,349,현금·즉시결제를 제시해 각 3.5억 달러를 송금한다.,8,345,345,후분양 10곳 확대를 요구하고 박민용에게 매입가 그대로 현금 인수를 제안한다.,7,0.251,0.230,0.279,0.084,0.156
DCA-N32C,352,356,귀국 보고와 총선표는 압축하고 직원·가족 반응에 호흡을 늦춘다. 356화 문화결산 뒤 신사옥 국제무대가 열리며 규모를 다시 키운다.,4.80,7.60,6.20,355,355,서정준의 공동연구를 승인하고 금융사에 러시아 확장·제재 정보를 공개한다.,6,352,352,퀀텀·버크셔·핀테크·노무라·BNP를 완공식에 모으고 홍콩 통제 위험을 설득한다.,9,355,355,서정준의 공동연구를 승인하고 금융사에 러시아 확장·제재 정보를 공개한다.,7,0.256,0.190,0.262,0.122,0.170
DCA-N33,357,368,신사옥·대선·사드의 관계압박을 길게 쌓고 369화 초 ARN 입금·계약까지 같은 결산으로 읽는다. 연준 테이퍼링 신호는 지급 뒤 날카로운 금융 훅이다.,5.75,6.67,7.08,362,362화,중임제를 제안해 두 후보 동의를 받은 뒤 대선 사퇴·재보궐을 선언한다.,8,357,357,후쿠다·천민정 의견을 받아 임원 접근금지 커뮤니티를 만들고 완공식에서 오희건·머스크를 맞는다.,8,357,357,후쿠다·천민정 의견을 받아 임원 접근금지 커뮤니티를 만들고 완공식에서 오희건·머스크를 맞는다.,8,0.237,0.237,0.291,0.114,0.122
DCA-N33B,369,373,연준 유지·번복·재축소를 세 번의 작은 파동으로 보여 줘 같은 숫자곡선을 피한다. 373화 석유전 설계 뒤 계열사 종무식으로 급히 온도를 낮춘다.,6.00,6.60,6.80,371,371,진동오의 미국혜택 논리에 진동구가 중국 전사업 철수 위험을 경고한다.,7,369,369,긴급계약을 설명하고 ARN·AI 설계를 파운드리 수주와 연결한다.,7,369,369,긴급계약을 설명하고 ARN·AI 설계를 파운드리 수주와 연결한다.,7,0.300,0.218,0.276,0.086,0.120
DCA-N33C,374,377,2013 사업결산은 짧게 지나가고 몽골 철도·국경 병목에 정보체류를 준다. 크림 수익 뒤 협상은 제안상태로 멈춰 378화 사우디 왕궁의 새 상대를 선명하게 만든다.,5.25,7.50,6.75,375,375,루블·주가 하락에 베팅하고 반항 금융사는 내버려둔 뒤 유가자산을 정리하며 러시아 진출 계열사 대책을 세운다.,6,375,375,루블·주가 하락에 베팅하고 반항 금융사는 내버려둔 뒤 유가자산을 정리하며 러시아 진출 계열사 대책을 세운다.,8,374,374,저궤도 통신·전기차·자원 인프라 계획을 재확인하고 금융타워의 크림반도 투자금을 유지한다.,7,0.282,0.208,0.280,0.085,0.145
DCA-N33D,378,380,왕위협상은 관계긴장을 길게 잡고 증산 발표 뒤 가격·레버리지·전액회수를 빠른 숫자연쇄로 터뜨린다. 380화가 정치와 물질의 이중봉우리다.,7.67,7.67,6.67,380,380,천민정이 사우디 왕족 비밀계좌를 찾고 김민재가 텍사스 관계자에게 경고한 뒤 OPEC 증산 발표와 함께 원유 공매도를 실행한다. 원유는 110달러에서 105달러로 내려간다.,9,380,380,천민정이 사우디 왕족 비밀계좌를 찾고 김민재가 텍사스 관계자에게 경고한 뒤 OPEC 증산 발표와 함께 원유 공매도를 실행한다. 원유는 110달러에서 105달러로 내려간다.,9,379,379,불법 왕족 자산을 국고로 환수한다는 명분을 주고 천민정·강 대위·한정훈에게 정보수집 시스템을 맡긴다.,7,0.203,0.263,0.290,0.110,0.133
DCA-N34,381,396,자산·지분 설명이 많은 구간이라 382화 고유 표적과 금액을 또렷이 붙잡고 나머지는 압축한다. 394화는 이벤트만 숨기고 395화에서 공개매수를 지급해 선취 없는 긴장을 만든다.,7.00,7.38,7.00,393,393,태우·핀테크가 지분을 사고 한정훈이 합법 매매로 상승 압력을 더한다.,9,390,390,쉘에서 동전던지기로 태우·엑슨 지분을 1달러씩 사고 핀테크 명의 공매도 수익도 챙긴다.,9,387,387,체셔피크 협상을 맡기고 중국에서 CNOOC 지분을 산 뒤 금융타워 석유포지션을 정리한다.,8,0.249,0.274,0.249,0.100,0.127
DCA-N34B,397,399,397화 손잡기와 398화 실행을 붙여 배신의 무게를 살린다. 399화 한정훈 취임은 환호보다 실제 결재권·자금줄에 머물러 지위보상을 구체화한다.,7.00,8.00,7.33,397,397,박만득 은퇴·인수인계를 지시하고 카노스에게 동료 펀드 배신과 자산 흡수를 제안한다.,8,397,397,박만득 은퇴·인수인계를 지시하고 카노스에게 동료 펀드 배신과 자산 흡수를 제안한다.,8,398,398,"카노스가 2주 만에 헤지펀드들을 파산시키자 태우 300억 달러·금융타워 총 600억 달러를 중국에 배치하고, 한정훈의 부회장 교육·다음 달 이취임식과 태우건설의 부동산 회복을 점검한다.",8,0.230,0.237,0.337,0.103,0.093
DCA-N34C,400,401,"400화 폐기보고·매각안은 저점, 401화 서명이 확실한 보상봉우리다. 후반 중국 D-DAY는 신약권리보다 작게 다뤄 다음 Arc 진입신호로 남긴다.",7.00,7.00,6.00,400,400,천민정의 시스템 정보로 선점하고 데이비드가 포섭한 에릭센을 통해 이사회 매각안을 통과시킨다.,7,401,401,로보와 10억 달러에 폐기신약의 모든 권리·연구자료를 넘기고 인슐린 로열티를 없애는 계약에 당일 서명한다. 귀국 직후 중국 공매도 D-DAY를 시작하지만 수익은 아직 발생 전이다.,9,401,401,로보와 10억 달러에 폐기신약의 모든 권리·연구자료를 넘기고 인슐린 로열티를 없애는 계약에 당일 서명한다. 귀국 직후 중국 공매도 D-DAY를 시작하지만 수익은 아직 발생 전이다.,7,0.275,0.200,0.240,0.075,0.210
DCA-N35,402,410,402~404화 금융·승계는 자원축적이라 빠르게 지나가고 405~410화 환자·연구실·승인에 오래 머문다. 주가하락보다 환자회복을 큰 보상으로 둔다.,7.33,7.00,7.11,405,405,연구원 대폭 증원·신축을 지시하고 위안화 절하 투자 중 국내 메르스 첫 환자를 확인해 사스 자료 인수까지 결정한다.,9,408,408,10% 제안을 거절해 절반 인하를 받아내고 귀국 후 독단 중단 금융사를 처벌하며 위안화 절하 수익을 이어간다.,9,402,402,금융사 이익 일부를 차명계좌로 중국 수뇌부에 보내고 병원에서 오희건의 후계 부탁을 듣는다.,8,0.246,0.223,0.177,0.146,0.209
DCA-N36,411,414,총선 전 지역반응과 일자리 압박을 천천히 보여 준 뒤 공장·생산 배치를 짧게 지급한다. 중국폭락 신호가 들어오며 금융행동으로 속도를 높인다.,7.25,6.25,6.50,413,413,당선 가능성을 재확인하고 강 대위·천민정의 범죄정보망으로 가짜뉴스 없이 양당 악행을 과대포장한다.,8,412,412,태우 선박 5억 달러를 군산 조선소에 일시불 발주하고 시위대에 사과한 뒤 최재석의 공로를 공개한다. 남은 5억 달러는 새만금 몫으로 두고 다른 기업을 끌어들여 총 20억 달러 이상을 만들 계획을 세운다.,7,411,411,서울 지지율 30퍼센트를 계산하고 호남 공략을 위해 군산 조선소와 새만금에 쓸 10억 달러를 별도 자금으로 빼 두라고 지시한다.,7,0.225,0.215,0.228,0.138,0.195
DCA-N36B,415,419,"415→416 중국폭락 약속과 실행, 420 직전 ASML 지급을 끊지 않고 이어 간다. 주가 숫자는 압축하고 자율주행·장비 소유 순간을 길게 잡는다.",6.40,7.60,7.00,416,416,미국 화물사까지 협업을 확대하고 중국 개장 한 시간 7%·700조 원 증발에도 주말까지 청산을 미룬다.,9,416,416,미국 화물사까지 협업을 확대하고 중국 개장 한 시간 7%·700조 원 증발에도 주말까지 청산을 미룬다.,9,416,416,미국 화물사까지 협업을 확대하고 중국 개장 한 시간 7%·700조 원 증발에도 주말까지 청산을 미룬다.,9,0.234,0.198,0.158,0.116,0.294
DCA-N36C,420,426,"420→421, 425→426의 제안·실행을 같은 흐름으로 유지한다. PF 숫자압박 뒤 하야 발표와 대중반응이 정치봉우리를 형성한다.",8.00,7.29,8.00,426,426,탄핵은 국정 공백만 길어진다고 압박하고 동시에 6월 23일 브렉시트 국민투표 투자 준비를 유지한다.,10,426,426,탄핵은 국정 공백만 길어진다고 압박하고 동시에 6월 23일 브렉시트 국민투표 투자 준비를 유지한다.,10,426,426,탄핵은 국정 공백만 길어진다고 압박하고 동시에 6월 23일 브렉시트 국민투표 투자 준비를 유지한다.,10,0.197,0.193,0.170,0.194,0.246
DCA-N37,427,430,도시규모와 전력수요는 정보리본이 높지만 현장부지·선박계약에서 물질감을 준다. 430화 빅딜 뒤 사우디 왕위·총선으로 정치리듬이 열린다.,7.00,7.25,6.75,427,427,정부는 인허가와 기반공사를 맡고 태우가 투자·기업 유치를 담당하는 구도를 최재석에게 제안한다.,8,430,430,현재해운 부채 20퍼센트인 1조6천억 원을 탕감받고 매각계약에 서명한다. 도장을 찍은 뒤 남은 부채를 일시상환하고 현진·현재해운을 태우상사에 편입한다.,9,428,428,토지공사 매각으로 받은 6조 지원금과 4조 보상금을 다시 부지에 투입하고 태우건설이 평생 유지보수 일자리와 용접공·일용직 대규모 채용을 설계하게 한다.,7,0.210,0.158,0.235,0.105,0.292
DCA-N37B,431,435,왕실·개표·브렉시트 세 봉우리를 같은 숫자로 평탄화하지 않고 각 목격자 반응을 짧게 분리한다. 마지막 해운비용 훅이 실물경제로 돌아가게 한다.,8.00,8.00,7.40,431,431,태우 자동차계열이 전기차 타이어 개발 명목으로 2조 원 이상 투자하게 하고 사우디 숙청 대상 정보를 빈 살만에게 제공한다.,9,433,433,최재석의 국익 중심 승리 연설을 지켜본 뒤 한 달 뒤 제리 왕과 용선료 재협상을 준비하고 유전자 가위 특허 자체 인수를 지시한다.,9,434,434,데이비드에게 각 진영 협상과 로비를 맡기고 무제한 연구비·한국 연구소를 제시하는 한편 로보의 유고빈 지분소송에는 AI 기술절도 맞소송을 준비한다.,9,0.182,0.174,0.224,0.174,0.246
DCA-N38,436,440,해운요율과 법정공방을 번갈아 보여 주고 440화 결산 뒤 제주 렌터카로 분명히 전환한다. 긴 거래설명은 선박·법원·도시라는 물건과 장소로 끊어 읽는다.,8.00,6.60,6.80,438,438,과거 협업 중 로보가 AI 신약기술을 빼간 기록을 증거로 미국 대형 로펌의 맞소송을 제기하고 태우해운의 2M 가입도 병행한다.,9,437,437,기존 용선료 50% 인하와 추가 5년 계약·미납금 선납을 묶어 당일 서명시키고 제리 왕에게 동맹 재편 정보를 받는다.,7,436,436,5년치 선납을 제시한 뒤 태우가 이미 60만 TEU 자가선복을 갖췄다고 공개해 계약 파기 시 직접 운항하겠다고 압박한다.,7,0.218,0.226,0.228,0.112,0.216
DCA-N38B,441,446,441화 이동실증의 생활감에서 시작해 인재관계에 호흡을 두고 445→446 스파이 훅·실행을 붙여 긴장을 높인다. 편안한 제품체험이 내부위협으로 변하는 리듬이다.,6.67,6.83,7.33,444,444,러스트벨트와 경합주 결과를 따라 포지션을 유지하고 50억 달러 미국 투자계획을 트럼프 캠프에 연결한다.,9,444,444,러스트벨트와 경합주 결과를 따라 포지션을 유지하고 50억 달러 미국 투자계획을 트럼프 캠프에 연결한다.,9,442,442,두 배 연봉·무제한 연구비·IIT 교수직을 제시하며 모든 유전자 가위 권리를 센트리언·태우와 공유하는 합의를 끌어낸다.,8,0.218,0.185,0.260,0.160,0.177
DCA-N38C,447,450,규제발표로 긴장을 빠르게 올리고 선박명·자산가격·소유권 이전에서 보상을 준다. 450화 지급 뒤 무인공장 기술전으로 장면을 좁힌다.,6.25,7.25,6.75,447,447,외국 대형 해운동맹이 미국 중소 해운사를 죽인다고 아메리카 퍼스트 논리로 설득하고 미국 투자·고용 계획을 제시한다.,8,447,447,외국 대형 해운동맹이 미국 중소 해운사를 죽인다고 아메리카 퍼스트 논리로 설득하고 미국 투자·고용 계획을 제시한다.,8,447,447,외국 대형 해운동맹이 미국 중소 해운사를 죽인다고 아메리카 퍼스트 논리로 설득하고 미국 투자·고용 계획을 제시한다.,7,0.165,0.172,0.295,0.155,0.212
DCA-N39,451,455,공장 자동화 수치는 빠르게 보여 주고 말레이시아 생존변수에서 감정·관계 체류를 늘린다. 기술쾌감 뒤 실제 사람의 비용을 붙이는 완급이다.,7.60,6.80,7.40,454,454,두 여성의 공격 직후 아트로핀을 투여하고 태우 의료캠프에서 완전 처치한 뒤 신분을 숨겨 철수시킨다.,10,454,454,두 여성의 공격 직후 아트로핀을 투여하고 태우 의료캠프에서 완전 처치한 뒤 신분을 숨겨 철수시킨다.,9,453,453,말레이시아 암살정보를 강 대위에게 주고 현장팀과 독살 대응 해독제·의료진을 준비시켜 정권교체가 아닌 협상카드 확보임을 명시한다.,9,0.246,0.282,0.116,0.170,0.186
DCA-N40,456,462,왕실·연금 회의는 정보량을 압축하고 게임 접속·통신반응에서 독자가 쉬며 보상을 체감한다. 이후 일본 품질정보가 조용한 위기신호로 들어온다.,5.57,7.29,6.57,457,457,사우디 전용층과 퀀텀펀드 연계를 검토하며 최재석의 긴급 호출을 받아 중국 피해기업 지원과 국민연금 외부운용 제안을 듣는다.,7,459,459,게임 수익을 투명하게 공개하고 MCA 레코드와 함께 초대형 구형 공연장 건설안을 6조 원 규모로 설계한다.,9,459,459,게임 수익을 투명하게 공개하고 MCA 레코드와 함께 초대형 구형 공연장 건설안을 6조 원 규모로 설계한다.,7,0.233,0.151,0.229,0.091,0.296
DCA-N41,463,465,품질문서와 유전·공장 지표를 낮은 톤으로 모아 폭발 전 긴장을 만든다. 확정소유보다 관찰과 포지션에 머무는 준비 Arc다.,6.33,6.33,7.00,463,463,JIS 공개수치와 실험값을 비교해 조작을 확인하고 태우 자동차·항공 계열의 일본산 알루미늄 부품을 비공개로 교체한다.,9,465,465,헤스가 가진 가이아나 펀드 지분을 합쳐 태우 측 70퍼센트 지배를 확인한다. 비트코인·알트코인 매도를 시작하고 이더리움이 8달러에서 200달러 가까이 오른 수익을 점검한 뒤 메타버스를 AI센터 공식사업으로 승인해 채용·특허·기업·VR기기 인수권을 연다.,8,463,463,JIS 공개수치와 실험값을 비교해 조작을 확인하고 태우 자동차·항공 계열의 일본산 알루미늄 부품을 비공개로 교체한다.,8,0.320,0.180,0.163,0.107,0.230
DCA-N41B,466,470,465→466 전환 뒤 공장별 협상을 이어 읽고 470화 대금·임차 결산에서 멈춘다. 471화 일본 품질공격은 상대와 보상통화를 완전히 바꾼다.,7.20,6.20,7.20,469,469,한 부회장이 단독협상처럼 보이게 뜸을 들이고 일본업체들의 유럽진출 욕망을 자극해 공장 전체를 묶어 제시한다.,8,470,470,러시아 공장 임대계약에 서명해 5조 원을 받고 도요타에 2년간 빌려준다. 로만에게 러시아 철수 오해를 설명하고 신규공장 계획을 내세워 시간을 벌자 로만이 크렘린의 오해를 풀겠다고 약속한다.,9,468,468,도박·범죄자금 유입을 추적하며 규제 전 마지막 상승을 기다리고 현재자동차 장경준에게 태우의 러시아 철수 이유와 매입기회를 흘린다.,8,0.248,0.192,0.198,0.096,0.266
DCA-N41C,471,477,문서폭로와 소비자 반응을 충분히 보여 준 뒤 주가숫자는 빠르게 처리한다. 477화 매수기회가 지급되고 도시바 협상으로 바로 이어진다.,8.29,6.71,7.71,472,472,상납을 유지해 운송로를 열어 둔 채 금융타워·해외 연구소·언론을 동원하고 태우·카이·GM의 선제 리콜과 다국가 소송을 발표한다.,10,472,472,상납을 유지해 운송로를 열어 둔 채 금융타워·해외 연구소·언론을 동원하고 태우·카이·GM의 선제 리콜과 다국가 소송을 발표한다.,8,475,475,연구소장에게 회귀 전 결함정보를 주고 수백억 원 시험비에 100억 원을 추가해 일본차 여러 모델을 동시에 분해·충돌시킨다.,9,0.216,0.283,0.169,0.173,0.160
DCA-N41D,478,481,478→481은 협상예고·실사·가격조정·서명이 한 줄로 이어져 제목경계에서 자르지 않는다. 도장과 담보이전이 느린 고중량 결산을 만든다.,7.50,7.00,7.00,480,480,금융타워가 코인 매수세를 더 유인하는 동안 웨스팅하우스의 매년 천문학적 적자를 근거로 사모펀드보다 약간 높은 가격만 제시한다.,8,481,481,"도시바와 도시바메모리·웨스팅하우스를 합계 4조5500억 엔에 인수하는 계약에 당일 서명한다. 잔여지분 45퍼센트를 담보로 2조 엔을 빌려주고, 카메코 지분은 3년에 걸쳐 조용히 모으라고 지시한다.",10,479,479,핀테크은행을 미국측 인수자로 세워 로비하고 3배 오른 유가를 근거로 글로벌 석유사들에 800억~1천억 달러 차익 규모의 매각 미끼를 뿌린다.,8,0.232,0.155,0.240,0.078,0.295
DCA-N42,482,488,482화는 5%·600만 파운드 계산과 지시만 있어 낮은 보상으로 둔다. 488화 35억 달러 채권↔3% 교환과 8%·10% 숫자가 실제 물질봉우리다.,5.71,7.14,7.00,483,483,명동이 타부처 반박설을 흘려 세력을 묶고 금융타워가 숏을 집행하며 동시에 알래스카·북해·가이아나 지분 입찰을 석유사들에 연다.,8,484,484,지분 매각대금을 미국·중국 포지션에 배정하고 비트코인 급락 때 중소거래소 고객을 흡수해 전액인출도 버틸 유동성을 확보한다.,9,483,483,명동이 타부처 반박설을 흘려 세력을 묶고 금융타워가 숏을 집행하며 동시에 알래스카·북해·가이아나 지분 입찰을 석유사들에 연다.,8,0.249,0.173,0.179,0.110,0.290
DCA-N42B,489,495,전쟁관세·채권압박을 쌓은 뒤 495화 말수락에서 보상을 주되 도장으로 과장하지 않는다. 니콜라 폭로 신호가 미완 계약의 여진 위로 올라온다.,7.71,7.14,7.29,494,494,중국의 편을 들라는 제안을 연속 거절하고 미국 공화당의 청나라 채권 법안 속보를 보여 준 뒤 데이비드가 민진당에 채권소각 프로젝트를 제공한다.,9,489,489,트럼프의 호출에 응해 중국 보유채권 20% 이상 매각 가능성을 계산하고 공매도 수익으로 채권을 사겠다고 제안한다.,8,489,489,트럼프의 호출에 응해 중국 보유채권 20% 이상 매각 가능성을 계산하고 공매도 수익으로 채권을 사겠다고 제안한다.,8,0.266,0.177,0.220,0.086,0.251
DCA-N43,496,505,니콜라 증거와 공급량은 빠르게 지급하고 500화 서정준의 가동률 걱정·150% 보증 대화에 오래 머문다. 공장 두 배는 가능성으로 남겨 다음 팬데믹 장비전의 긴장을 살린다.,5.90,6.80,6.70,496,496,후계자 김정권에게 영상의 각도를 돌려 사기방식을 보여 주고 2주 안에 지분을 팔며 새만금 공장·인력을 배치하라는 조건을 건다.,7,496,496,후계자 김정권에게 영상의 각도를 돌려 사기방식을 보여 주고 2주 안에 지분을 팔며 새만금 공장·인력을 배치하라는 조건을 건다.,8,497,497,대화와 공동연구를 시작하며 일본의 10월 수출제한을 설명하고 중국의 희토류 위협에는 베트남 인맥을 가진 할아버지에게 도움을 청한다.,7,0.260,0.174,0.252,0.108,0.206
DCA-N43B,506,510,증거 수천 건과 배신자의 얼굴을 길게 보여 주고 법 제정·리강 양보를 뒤에서 지급한다. 공격자를 추상 국가로 지우지 않고 내부고발자의 위험에 체류한다.,8.20,6.60,7.40,507,507,이영한이 탑테크 양진태를 압박해 내부고발자로 돌린다,9,508,508,암호화폐 자금흐름과 5조 원 피해를 공개해 12월 7일 기술보호법 통과를 밀어붙인다,8,506,506,천민정의 디스플레이 기술유출 증거와 관련자 명단을 이영한에게 넘긴다.,8,0.240,0.276,0.220,0.136,0.128
DCA-N43C,511,512,공식협상과 금액을 단 두 화에 강하게 압축한다. 512화 인수도장이 큰 보상이고 513화 해외팹 회의가 완전히 다른 공급망 질문을 연다.,6.00,6.50,6.50,511,511,카길·와이자타 앞에서 연 1천억 달러 곡물 구매와 농장 임차를 제안한다,7,512,512,"이미 인수한 비테라를 태우곡물회사로 바꾸고 곡물 메이저들과 연 1천억 달러 구매·농장임차 협상을 진행한다. 일부 5년 계약은 순차 체결되고 아마존 창고 임대에도 합의하지만, 다음 반기 500억 달러·내년 1천억 달러는 집행계획이다.",8,511,511,카길·와이자타 앞에서 연 1천억 달러 곡물 구매와 농장 임차를 제안한다,7,0.245,0.150,0.230,0.070,0.305
DCA-N43D,513,516,513~514화는 장비·재고·곡물 위험을 설계하고 515화 제안에서 보상을 억제한다. 516화 보름 뒤 계약·지출 회고와 통신명령이 확실한 결산을 준다.,5.75,6.50,6.75,514,514,"공장별 생산품을 배분한 뒤 베트남 공장 대가로 곡물계약·대규모 농지사용권, 인도 공장 대가로 밀을 요구하기로 한다. 1,000억 달러 곡물 비판을 버티며 ASML이 중국 대신 태우와 구형장비 계약을 맺을지 우려하자 김민재가 직접 협상하고 귀로 베트남·인도 도장을 받겠다고 정한다.",7,516,516,베트남 대규모 구형 반도체 단지를 계획하고 이미 체결한 ASML 계약으로 중국행 구형장비 일부를 확보한다. 단지 보상으로 곡물·농지를 요구하고 김태중이 푹 수상 자리를 마련하기로 한다. 보름 뒤 네덜란드 5년 계약 10조 원 이상과 베트남·인도 수배 지출을 회고한 뒤 28GHz·스타링크 구축을 지시한다.,8,513,513,인도·베트남 팹을 중국 구형반도체 시장 최소 50% 대체 규모로 잡고 중국 업체보다 먼저 구형 노광장비 공급계약을 맺도록 지시한다. 2년 내 제재·차량용 공급부족을 설명하고 악성재고는 본사가 매입 책임지며 HBM 5배 증설·한국 GPU 부지를 배치한다.,7,0.312,0.218,0.170,0.062,0.238
DCA-N44,517,540,24화를 한 전쟁으로 유지하되 소재 실험·금융압박·오염수 여론의 봉우리를 분리한다. 같은 일본 상대라도 실험실·거래실·외교무대의 체류비중을 달리한다.,7.33,6.42,7.50,528,528,일본의 3개 소재 수출규제에 6개월 재고와 국산화 기술을 내보이고 정부 규제완화를 얻는다,9,532,532,불화수소 공급을 70퍼센트에서 100퍼센트로 끌어올리고 일본의 규제 철회를 받아낸다,9,526,526,G20 직후 트럼프의 방한과 반도체도시 방문을 일본 공매도 개시 신호로 삼는다,9,0.248,0.241,0.183,0.120,0.208
DCA-N45,541,555,이상 폐렴 정보는 낮게 시작해 진단·물자 준비를 촘촘히 쌓고 크루즈 구조에서 감정·행동봉우리를 만든다. 사망자 숫자보다 승객·의료진 반응에 머문다.,8.53,6.93,7.60,541,541,태우병원 이동수 의료진이 우한에서 신종 코로나를 탐지하고 센트리언이 검사키트·백신·치료제 연구에 착수한다.,9,555,555,다이아 프린스 승객 약 300명을 한국으로 옮겨 하루 안에 전원 검사한다. 미국인 16명은 양성으로 태우 음압병동에서 치료하고 한국인은 확진자 0명을 확인한다. 최재석에게 거리두기와 석 달 안 좋은 소식을 약속하지만 백신은 미완성이다.,9,541,541,태우병원 이동수 의료진이 우한에서 신종 코로나를 탐지하고 센트리언이 검사키트·백신·치료제 연구에 착수한다.,9,0.229,0.287,0.188,0.183,0.112
DCA-N45B,556,565,폭락 당일 거래는 행동·물질비중이 높고 후보 면담은 관계·정보로 속도를 늦춘다. 560→561 미국 출장 결정을 끊지 않아 시험과 실행을 같은 약속으로 읽는다.,7.50,6.90,7.40,556,556,AI가 예측한 3월 폭락에 금융타워·국민연금 포지션을 맞춘다,9,565,565,"바이든에게 백신효과가 확인되면 의무접종을 추진하겠다는 답을 받고 지원을 두 배로 늘린다. FDA가 정식심사와 이달 승인 가능성을 발표하자 센트리언 주가가 하루 약 10퍼센트 오르고, 공매도를 청산해 수십조 원 수익을 주식에 재투자한다. 마지막에는 주중 사장단회의를 지시한다.",9,556,556,AI가 예측한 3월 폭락에 금융타워·국민연금 포지션을 맞춘다,8,0.244,0.241,0.191,0.153,0.171
DCA-N46,566,570,사장단 회의에서 숨을 고른 뒤 일본 자산과 FDA 승인이라는 두 보상을 나눠 준다. 570화 결산 다음 마이너스 유가가 즉시 새 외교자원으로 바뀐다.,7.00,6.20,7.20,568,568,의료붕괴 일본의 비밀 지원요청을 받고 협상 장소를 호주로 정해 일본 측과 만나기로 한다.,8,570,570,일본이 조건을 수락하고 센트리언 백신의 FDA 승인이 도착한다,9,569,569,멜버른에서 손정우·다이키요에게 방역물자와 20조 엔 자산 인수를 제안한다,8,0.220,0.140,0.302,0.132,0.206
DCA-N47,571,577,유가 숫자는 빠르게 처리하고 백신 배분·시장조건 협상에 정보와 관계시간을 쓴다. 577화 국가접근권 지급 뒤 게임스핀 개미군단으로 무대가 대중시장으로 내려온다.,7.14,7.14,6.71,576,576,EU의 백신 생산·수출 봉쇄를 아프리카연합 규탄과 충전·독점규제 협상으로 되받는다,9,572,572,4월 20일 WTI 마이너스 가격에서 원유를 받아 돈까지 받고 곧바로 롱으로 전환한다,9,571,571,한국·FDA 백신 승인을 발표하고 일본에도 물자를 공급한다,7,0.233,0.220,0.220,0.119,0.209
DCA-N48,578,583,게시판·매수행렬·가격급등을 짧은 컷으로 쌓아 행동리듬을 높인다. 베릴의 감정과 헤지펀드 항복장면에서 속도를 늦춰 대중복수의 맛을 준다.,6.50,6.50,7.00,581,581,헬리콥터 머니 속 베릴 100만 구독자와 게임스핀 8달러 상승을 확인한다,8,583,583,게임스핀 주가가 500달러를 찍은 뒤 약 370달러로 내려오고 한국 개인투자자 약 1억 달러가 참여한 것을 확인한다. 헤지펀드 손실은 확인분만 100억 달러를 넘고 최대 700억 달러 추정이 나오며 한 곳이 공개사과한다. 베릴 구독자는 300만 명이 된다.,9,581,581,헬리콥터 머니 속 베릴 100만 구독자와 게임스핀 8달러 상승을 확인한다,8,0.208,0.252,0.202,0.147,0.192
DCA-N49,584,585,두 화의 규제협상과 인수도장을 빠르고 무겁게 처리한다. 585화 소유권 봉우리 뒤 586화 충전표준·데이터센터로 기술범위를 넓힌다.,7.00,6.50,7.00,584,584,미국 칩수출 제한을 인텔 NAND 인수기회로 판단하고 바이든의 중국 팹 유예와 인텔 가격협상을 위해 미국 방문을 정한다.,7,585,585,바이든에게 중국 팹 제재 4년 유예를 구두로 얻고 인텔 CEO와 NAND 사업부 75억 달러 매입가격을 악수로 합의한다. 정식 계약·대금지급·소유권 이전은 아직 없다.,8,584,584,미국 칩수출 제한을 인텔 NAND 인수기회로 판단하고 바이든의 중국 팹 유예와 인텔 가격협상을 위해 미국 방문을 정한다.,7,0.290,0.150,0.220,0.075,0.265
DCA-N49B,586,590,규격·전력·장비 정보를 압축하되 실제 충전·서버 배치 장면을 붙여 추상을 피한다. 590화 기반설계 뒤 GDC 국제무대로 관객을 바꾼다.,6.00,6.00,7.20,589,589,CIA의 북한 백신 100만~2천만 회분 요청과 에이든의 침묵을 받아 의도를 의심하고 지원 여부를 보류한다.,8,590,590,"이준수 라인이 중국 팹에서 빼낼 수 있는 장비 20여 대를 추리고, 이미 7대를 팔아 2천만 달러가 넘는 대금을 받은 뒤 그날 4대를 선적한다. 판즈 측 담당자도 합류해 기술자와 장비를 더 모으지만 해외 팹 설치·가동은 아직 없다.",8,589,589,CIA의 북한 백신 100만~2천만 회분 요청과 에이든의 침묵을 받아 의도를 의심하고 지원 여부를 보류한다.,8,0.296,0.200,0.196,0.100,0.208
DCA-N50,591,595,국제행사 반응과 개표를 짧게 교차한 뒤 연구투자 숫자에 물질보상을 준다. 595화 기술결산 뒤 SMA 환자 장면이 거대외교를 개인생존 문제로 좁힌다.,5.40,7.80,6.80,592,592,유럽·미국·한국 기업을 GDC로 묶고 칩·배터리·충전망을 조건부 공급한다,7,593,593,G7 화상회의에서 한국·호주를 포함한 G7+를 만들고 변이백신을 추가 카드로 낸다,9,592,592,유럽·미국·한국 기업을 GDC로 묶고 칩·배터리·충전망을 조건부 공급한다,8,0.236,0.112,0.272,0.152,0.228
DCA-N50B,596,598,환자와 가족 반응에 감정체류를 주고 로비문건은 압축한다. 598화 말합의는 중간 보상으로 닫아 599화 미국 정권이양보다 과장하지 않는다.,8.00,6.00,7.00,597,597,SNS·환자 가족 여론으로 제약협회를 역풍에 몰아넣자 협회장이 한국 방문과 센트리언 정회원 제안을 결정한다.,9,598,598,스티븐과 미 제약협회 정회원 조건을 협상해 SMA 무료 희귀질환 사업의 잔여 9억 달러 중 30퍼센트인 2억7천만 달러를 협회가 부담하게 한다. 백신공장·아시아 생산권까지 묶어 이틀 뒤 실무진이 예비계약을 마치지만 세부조건과 최종서명은 남는다.,7,596,596,미 제약로비의 특허강탈 위협에 SMA 치료제 무료 공급으로 여론전을 건다,7,0.213,0.213,0.230,0.197,0.147
DCA-N51,599,600,선거결과와 트럼프 분열은 빠르게 확인하고 바이든에게 내미는 금융·방산 조건에서 정보체류를 늘린다. 600화는 합의가 아닌 공식 제안의 봉우리다.,8.50,6.50,7.50,599,599,바이든의 58대42 승리를 확인하고 트럼프의 분열·폭주를 달랜다,9,599,599,바이든의 58대42 승리를 확인하고 트럼프의 분열·폭주를 달랜다,7,600,600,"바이든 당선인에게 기존 태우 사업과 가이아나 사업의 지속·확대, 환경조건 아래 알래스카·가이아나 사업 유지, 가이아나의 한국산 무기구매를 막지 않겠다는 답을 받는다. 데이비드에게 유전지분을 담보로 한 장기 100억 달러 대출 협상을 맡기고 중국 팹·러우전쟁 정보망을 점검하지만 대출·무기계약은 아직 없다.",8,0.240,0.125,0.345,0.165,0.125
DCA-N51B,601,603,연구성과를 먼저 보여 기술보상을 주고 지분구조는 협상표로 압축한다. 603화 미서명 상태에서 북한 해킹이 침입해 행동리듬을 급히 올린다.,5.00,6.67,7.00,602,602,"현재 장 회장에게 가이아나 전차수출 지원과 원전 동맹을 제안하고, 가이아나 계약이 성사되면 적극 돕겠다는 조건부 약속을 얻는다.",6,601,601,천민정의 AI·장비 성과를 확인하고 SMR을 밀며 차량용칩 위기 뒤를 준비한다,8,601,601,천민정의 AI·장비 성과를 확인하고 SMR을 밀며 차량용칩 위기 뒤를 준비한다,7,0.250,0.123,0.213,0.083,0.330
DCA-N51C,604,605,"해킹 탐지·차단은 짧고 날카로운 행동봉우리, 후반 석탄·QUAD 회의는 정보압박이다. 다음 화 순방을 미리 특정하지 않고 비축질문만 남긴다.",8.50,6.00,8.00,604,604,암호화폐 거품 단속을 준비하던 중 북한의 센트리언 핵심표적 해킹을 포착한다,9,605,605,"AI 방어가 센트리언 해킹을 막고 6천 대 좀비PC·북한 암호·반체제 인사명단·비트코인 경로를 잡아낸다. 중국의 호주산 석탄 금지에서 전력난을 읽어 몽골 증산·비축을 지시하지만 실제 물량은 없고, 마지막에는 QUAD 참여압박의 부담을 확인한다.",8,604,604,암호화폐 거품 단속을 준비하던 중 북한의 센트리언 핵심표적 해킹을 포착한다,8,0.290,0.270,0.100,0.190,0.150
DCA-N51D,606,608,606화 저장고·출장분담은 준비로 낮게 두고 607~608화 정상·장관 협상에서 관계와 물질보상을 키운다. 합의 뒤 베트남 은행 의혹이 어두운 여진으로 들어온다.,6.33,6.67,7.00,607,607,모리슨에게 중국이 막은 호주 석탄을 태우가 사들이는 장기계약을 제안한다,7,608,608,"가이아나 정부와 100억 달러 국채계약을 체결해 유전·인프라 지분조건을 확보하고, 호주와는 석탄 장기계약을 맺어 부산·인천으로 보내기로 한다. 올해 1억 달러·내년 10억 달러 이상 물량은 계약됐지만 세부 무기목록과 몽골 비축은 후속이다.",9,606,606,최재석과 동해 고갈가스전을 LNG 저장고로 전환하고 호주·가이아나 순방을 정한다,7,0.220,0.153,0.267,0.087,0.273
DCA-N51E,609,610,609화 의심·일주일 조사계획에서 긴장을 만들고 610화 보고서 숫자와 정부반응을 지급한다. 현금창고·구속을 당겨 쓰지 않아 다음 첫 장면의 보상공간을 남긴다.,7.50,5.50,7.50,610,610,"가이아나 30억 달러 군수계약과 스테이블코인 공개공격 준비를 확인한 뒤, 40조 원 불법대출·10조 원 비자금 보고서를 터뜨려 베트남 정부가 주동자 처리에 합의하게 한다.",8,610,610,"가이아나 30억 달러 군수계약과 스테이블코인 공개공격 준비를 확인한 뒤, 40조 원 불법대출·10조 원 비자금 보고서를 터뜨려 베트남 정부가 주동자 처리에 합의하게 한다.",7,610,610,"가이아나 30억 달러 군수계약과 스테이블코인 공개공격 준비를 확인한 뒤, 40조 원 불법대출·10조 원 비자금 보고서를 터뜨려 베트남 정부가 주동자 처리에 합의하게 한다.",8,0.285,0.205,0.255,0.130,0.125
DCA-N52,611,614,611화 베트남 결산은 진입배경으로 짧게 처리하고 부산 축구장·표 모으기·17표 발표에 관계체류를 준다. 지분대가 주식은 조용한 물질여진이다.,6.75,7.50,7.25,613,613,국제 축구인맥·추가 구단·중계권 60억에서 300억 인상 공약을 대의원들에게 제시해 우호 반응을 끌어낸다.,8,611,611,"즈엉 미아인의 구속과 정유회사 인수 보고를 확인한 뒤, 귀국한 김태중과 부산 축구장에서 경기를 본다",9,613,613,국제 축구인맥·추가 구단·중계권 60억에서 300억 인상 공약을 대의원들에게 제시해 우호 반응을 끌어낸다.,8,0.185,0.192,0.315,0.150,0.158
DCA-N53,615,618,정상외교 조건은 압축하고 일본 차량칩 부족·중국 백신실패라는 현장압박을 보여 준다. 618화 시장권리와 공매도 실행은 큰 계획보상이지 아직 수익결산은 아니다.,7.25,7.75,7.25,617,617,센트리언 공장 철거 엄포와 델타 실패로 중국을 다시 협상장에 세운다,8,616,616,르네사스 화재 뒤 일본 완성차에 칩을 주되 T충전망·EV 10년 계약을 묶는다,9,616,616,르네사스 화재 뒤 일본 완성차에 칩을 주되 T충전망·EV 10년 계약을 묶는다,8,0.252,0.165,0.235,0.095,0.252
DCA-N53B,619,620,619화 구조행동이 가장 길고 620화 통항권은 짧은 보상이다. 후반 로나 표적은 아직 결산하지 않고 세계 폭우·석탄난으로 다음 압박을 넘긴다.,8.00,7.00,8.00,619,619,수에즈 좌초 소식을 받자 태우 선박을 우회시키고 중장비·예인선을 투입해 자비로 운하 구조작업을 시작한다.,8,620,620,"수에즈 운하를 나흘 만에 열어 우선 통항권·확장공사 약속을 받고, 로나 스테이블코인의 구조적 허점을 공개한다",9,619,619,수에즈 좌초 소식을 받자 태우 선박을 우회시키고 중장비·예인선을 투입해 자비로 운하 구조작업을 시작한다.,8,0.225,0.315,0.160,0.145,0.155
DCA-N54,621,625,"중국 폭우와 탄광침수는 정보압박, 기업농 논쟁은 관계비용, 제주 무인주행은 행동보상으로 리본이 교대한다. 625화 배신자 실명은 남겨 둔다.",6.40,7.20,7.00,625,625,"제주 무인주행 15일 실증에서 시스템 오류 사고 0건과 음주운전자 7명 적발, 관광객 30퍼센트·외국인 15퍼센트 증가를 확인한다. 당원 3천여 명을 훑어 봉우리파 관련자 이름을 추리고 강 대위에게 수사를 맡기지만 배신 증거는 아직 없다.",8,623,623,명동 투자금을 꼭대기 전에 회수하고 일본 슈퍼앱·레벨5 자율차·국내 평야 매입을 점검한다,8,621,621,중국 폭우·폭염·탄광침수로 석탄난이 오자 비축물량과 해운을 가동한다,7,0.262,0.200,0.182,0.104,0.252
DCA-N54B,626,630,"626화 공개 정치정리는 빠르게, 연변 돈줄과 장남 정보는 은밀하게 오래 읽힌다. 630화 조지 배치가 다음 리튬·전쟁시장으로 연결되는 낮은 훅이다.",7.60,6.80,7.20,626,626,유석훈에게 배신 증거를 넘겨 국민경제당을 정리하고 북한 장남 정보는 내부처리만 지시한다,8,629,629,에버그란데 주가를 띄운 뒤 공매도 수익을 거두고 연변 돈주로 장남을 지원한다,8,628,628,미국 허리케인으로 오른 유가에 크게 롱하고 에버그란데 공격세력과 손잡는다,8,0.226,0.226,0.228,0.118,0.202
DCA-N55,631,633,러시아 침공정보·에너지 포지션은 빠르게 지나가고 광산탈환 현장에 행동체류를 준다. 지분 5%보다 민간피해·제재거리 유지가 여진을 만든다.,8.00,6.67,7.33,632,632,말리 쿠데타가 리튬광산을 빼앗자 MBS·로만을 통해 바그너를 투입한다,9,633,633,2천 명이 넘는 PMC가 말리 반군을 물러나게 하고 광산은 다음 날 재가동·일주일 안 정상화를 예정한다. 말리 정부가 리튬광산 지분 5퍼센트를 더 주겠다고 약속하자 김민재는 진행을 받아들이지만 법적 지분이전은 아직 없다.,8,631,631,리강에게 러시아의 3월 침공 정보를 확인하고 금융타워 자본 절반을 에너지에 건다,8,0.217,0.307,0.180,0.130,0.167
DCA-N55B,634,636,"외교판단은 정보 중심으로 짧게, 기업농 반발과 28GHz 비용은 생활·물질압박으로 길게 둔다. 즉시 이익보다 유지결정이 보상인 숨고르기 Arc다.",7.00,7.00,6.33,635,635,이 상무의 CNC가 북한으로 흘러가는 것을 허용하고 기업농 법안을 통과시킨다,8,635,635,이 상무의 CNC가 북한으로 흘러가는 것을 허용하고 기업농 법안을 통과시킨다,8,635,635,이 상무의 CNC가 북한으로 흘러가는 것을 허용하고 기업농 법안을 통과시킨다,7,0.270,0.193,0.200,0.157,0.180
DCA-N56,637,641,637화 조손 대화와 구단 선물에 감정체류를 주고 선수협상·계약은 경기처럼 속도를 높인다. 641화 외교선 지급 뒤 연변 위조지폐 장면이 분위기를 급랭시킨다.,5.40,7.20,7.00,640,640,연준 금리인상·크레디트스위스·암호화폐 위험을 점검하고 홀랜드 고액계약을 감수한다.,7,637,637,김태중이 손자의 과부하를 걱정하자 EPL 리즈 구단을 선물하겠다고 한다,8,637,637,김태중이 손자의 과부하를 걱정하자 EPL 리즈 구단을 선물하겠다고 한다,7,0.210,0.142,0.304,0.158,0.186
DCA-N56B,642,643,642화는 이 상무가 상황을 이해하지 못한 정지화면으로 끝내 보상을 유예한다. 643화 초 복수 영수증을 밀도 높게 지급한 뒤 러시아 침공으로 세계위기 리듬을 덮어쓴다.,9.00,6.50,8.00,643,643,"이영한에게서 조작 감별기와 내부자 배신, 이 상무의 비트코인 계좌 전액 탈취, 리규철·북한 해킹세력의 장남 귀속, CNC와 비자금이 장남에게 넘어갔다는 보고를 받는다. 베이징올림픽 폐막 직후 러시아 침공이 시작되자 유가·전황·SNS 정보와 금융타워 포지션을 실시간 점검한다.",10,643,643,"이영한에게서 조작 감별기와 내부자 배신, 이 상무의 비트코인 계좌 전액 탈취, 리규철·북한 해킹세력의 장남 귀속, CNC와 비자금이 장남에게 넘어갔다는 보고를 받는다. 베이징올림픽 폐막 직후 러시아 침공이 시작되자 유가·전황·SNS 정보와 금융타워 포지션을 실시간 점검한다.",8,643,643,"이영한에게서 조작 감별기와 내부자 배신, 이 상무의 비트코인 계좌 전액 탈취, 리규철·북한 해킹세력의 장남 귀속, CNC와 비자금이 장남에게 넘어갔다는 보고를 받는다. 베이징올림픽 폐막 직후 러시아 침공이 시작되자 유가·전황·SNS 정보와 금융타워 포지션을 실시간 점검한다.",9,0.190,0.300,0.220,0.190,0.100
DCA-N57,644,645,643화 후반 침공은 진입배경이고 644화부터 정보판독·우회군수 지시가 주 행동이다. 645화 패키지 설계 뒤 니켈 마진콜로 목표가 선명하게 갈린다.,7.50,5.50,7.00,644,644,"천민정의 비밀 게임·플랫폼으로 친우크라이나 여론을 만들고, 직접지원 제약을 들은 뒤 최재석에게 쓸 수 있는 여러 우회방법이 있다고 알린다.",8,645,645,"대통령이 러우전쟁 대응과 미국·유럽 연결역할을 김민재에게 맡긴다. 김민재는 미국의 재고보충 판매, 유럽의 방산·원전·물류·식량 패키지를 설계하고 데이비드에게 백악관 접촉을 지시하지만 승인·수출·계약은 아직 없다.",6,644,644,"천민정의 비밀 게임·플랫폼으로 친우크라이나 여론을 만들고, 직접지원 제약을 들은 뒤 최재석에게 쓸 수 있는 여러 우회방법이 있다고 알린다.",7,0.265,0.200,0.280,0.115,0.140
DCA-N57B,646,648,646화 마진콜 숫자와 광산요구에 긴장을 집중하고 647~648화 보증·양도·가격안정을 순차 지급한다. 다음 SVB 채권매각은 다른 금융위기의 차가운 신호다.,8.00,6.67,7.33,647,647,"시안의 니켈광산 양도와 200억 달러 지급보증에 합의하고, LME에 마진콜 무기한 유예를 요청한다.",9,648,648,"니켈 마진콜을 무기한 유예시키고 가격이 내려가는 동안 금융타워의 숏 포지션을 유지한다. 창산에 200억 달러 보증을 서지만 실제 현금은 나가지 않고, 한 부회장·데이비드의 동유럽 일정과 동남아를 거친 러시아 에너지 전략을 점검한다.",8,646,646,니켈 공매도 마진콜에 몰린 창산 시안을 만나 구제조건을 묻고 현금 대신 인도네시아 니켈광산을 요구한다.,8,0.210,0.250,0.203,0.100,0.237
DCA-N58,649,654,649화 200억 달러 채권매각 탐지에서 긴장을 시작해 규제·계약을 쌓고 654화 소유권·시장반응을 큰 물질봉우리로 준다. 뒤 유통개혁은 다음 관계전의 짧은 여진이다.,6.33,6.33,7.17,650,650,다이아몬드의 보고로 SVB·연쇄은행 실패를 금융타워 통합 기회로 정한다,8,652,652,미 국채를 보유하고 유동성을 책임지는 조건으로 SVB를 받고 400억 달러 원전사업 약속을 얻는다,9,649,649,폴란드·루마니아 방산·원전 협상을 넓히던 중 SVB의 200억 달러 채권매각을 포착한다,8,0.245,0.125,0.250,0.113,0.267
DCA-N58B,655,661,655화 개인복수 잔향에서 조지의 작전으로 전환하고 660화는 폴란드 20조·은행지급 뒤 로나 결과를 기다린다. 661화 폭락·베릴 복권이 물질·관계의 이중봉우리다.,7.14,7.43,7.29,656,656,금융타워를 거절한 리퍼블릭은행의 뱅크런을 방치해 본보기로 만들고 시그니처를 인수한다,8,661,661,"로나가 85달러에서 0.003달러 미만으로 99% 폭락하고 시가총액 약 400억 달러 가운데 절반가량, 약 200억 달러를 금융타워가 흡수한 사실을 확인한다. 파산할 가상화폐 헤지펀드 자금까지 흡수하면 최소 총 300억 달러가 될 것이라는 전망을 따로 받고, 공개 복권된 베릴 뒤 김태중에게 동남아 식량·러시아 에너지 순방을 부탁한다.",9,658,658,70조 엔 엔캐리 계약을 확인한 뒤 크레디트스위스 1달러 인수와 스위스의 유럽 방공망 참여를 제안한다.,8,0.231,0.171,0.213,0.110,0.274
DCA-N59,662,662,단화 안에서 협상조건과 시장가격을 빠르게 연결한다. 포괄 한국예외가 아니라 태우 물량·대가를 구체적으로 보여 주는 조손 실행보상이다.,6.00,8.00,6.00,662,662,"김태중이 베트남·동남아와 협상해 태우그룹 소유 농장의 농산물에는 수출제한을 두지 않고, 제한품목인 팜유는 태우상사에 공급받는다. 대가로 태우해운 원유 운송량 30% 이상 증가, 정유시설 지분 10%, 일부 국가 투자약속을 내주며 동남아산 팜유와 인도산 밀 공급재개 뒤 물가가 빠르게 안정되는 결과까지 확인한다.",6,662,662,"김태중이 베트남·동남아와 협상해 태우그룹 소유 농장의 농산물에는 수출제한을 두지 않고, 제한품목인 팜유는 태우상사에 공급받는다. 대가로 태우해운 원유 운송량 30% 이상 증가, 정유시설 지분 10%, 일부 국가 투자약속을 내주며 동남아산 팜유와 인도산 밀 공급재개 뒤 물가가 빠르게 안정되는 결과까지 확인한다.",8,662,662,"김태중이 베트남·동남아와 협상해 태우그룹 소유 농장의 농산물에는 수출제한을 두지 않고, 제한품목인 팜유는 태우상사에 공급받는다. 대가로 태우해운 원유 운송량 30% 이상 증가, 정유시설 지분 10%, 일부 국가 투자약속을 내주며 동남아산 팜유와 인도산 밀 공급재개 뒤 물가가 빠르게 안정되는 결과까지 확인한다.",6,0.180,0.250,0.200,0.080,0.290
DCA-N59B,663,664,"663화 물류·지분은 정보와 물질 중심, 664화 공연은 관객·감정 중심으로 리본이 바뀐다. 숫자설명보다 만석 반응에 오래 머문다.",4.00,6.50,6.50,663,663,로봇 물류와 일본 3대 상사 지분 50퍼센트를 활용하고 엔캐리 500억 달러 이익을 전망한다,4,663,663,로봇 물류와 일본 3대 상사 지분 50퍼센트를 활용하고 엔캐리 500억 달러 이익을 전망한다,7,663,663,로봇 물류와 일본 3대 상사 지분 50퍼센트를 활용하고 엔캐리 500억 달러 이익을 전망한다,7,0.220,0.180,0.210,0.095,0.295
DCA-N59C,665,668,미국 농업연맹 공격으로 적의 얼굴을 먼저 세우고 정상·기업 협상은 단계별로 지급한다. 668화 합의 뒤 로만의 사적 지원요청이 거대외교의 온도를 낮춘다.,7.00,7.25,7.00,668,668,바이든에게 곡물메이저의 압박을 알리고 IRS가 불법·탈세 혐의를 제시하자 곡물메이저가 태우 방해를 멈추기로 한다. IRS는 조사를 보류하고 빈 살만은 OPEC+ 증산안을 논의하겠다고 답하지만 실제 증산은 아직 없다.,8,667,667,바이든에게 금융타워를 보여 주고 반도체 특별대우를 받은 뒤 사우디 협상을 제안한다,8,667,667,바이든에게 금융타워를 보여 주고 반도체 특별대우를 받은 뒤 사우디 협상을 제안한다,8,0.205,0.150,0.338,0.130,0.178
DCA-N60,669,672,로만의 생활비 대화는 관계·감정에 머물고 보급선은 빠르게 실행한다. 672화 대선보험 확정 뒤 사우디 PIF 제안으로 물질규모가 급상승한다.,6.25,5.75,7.00,671,671,로만·프리고진을 보안 메타버스에서 강 대위와 연결하고 동남아 에너지 수익을 제공한다,7,669,669,구단 급료와 생활비까지 막힌 로만의 사정을 듣고 제재에 걸리지 않는 지원 방법을 찾아 알려 주겠다고 약속하며 친구로서 연락을 계속한다.,7,670,670,로만이 튀르키예에서 지친 프리고진을 만나 서로의 처지를 확인하고 김민재의 조언을 구해 보자고 제안한다.,8,0.218,0.148,0.345,0.180,0.110
DCA-N60B,673,675,673화 6천억 달러 제안에 물질중량을 주고 프로젝트 배분은 정보로 압축한다. 675화 증산 발표는 작은 시장봉우리이며 미서명 조건이 다음 주의 압박을 남긴다.,6.00,8.33,7.00,674,674,PIF를 성과보수·위험조건으로 받고 바이든·MBS 증산 뒤 원유 공매도를 건다,7,675,675,"네옴 공연장·사우디 통신망·해저케이블·행정IT의 예상 규모와 비용분담을 사장들과 정리하고 실무진 파견을 지시한 뒤, PIF 확대와 바그너 보급선을 점검하고 25만 배럴 증산 발표를 확인한다.",9,673,673,러시아의 노르트스트림 차단 뒤 사우디에서 살만 국왕의 6천억 달러 PIF 위탁 제안을 받는다,8,0.257,0.127,0.250,0.107,0.260
DCA-N61,676,679,정책보고는 낮은 긴장으로 시작해 빅테크 자금이 몇 시간 만에 모이는 장면에서 보상을 급상승시킨다. 679화 합작 뒤 제품공개로 초점을 좁힌다.,5.50,7.00,7.00,676,676,"최재석에게 태우 세계 1위·한국 경제 5위와 부산 엑스포 구상을 설명하고, 금융타워 보고서를 이번 주 전달해 경제부처가 검토하도록 요청한다.",6,679,679,아마존·구글·MS·메타와 1천억 달러 AI 데이터센터를 동등지분으로 만든다,9,677,677,천민정의 생성형 AI·영상 기술을 확인하고 오용재를 만나 삼진의 역사를 바꿀 스마트폰 협업 제안을 꺼내기 시작한다.,8,0.252,0.135,0.280,0.070,0.262
DCA-N61B,680,681,"680화 완성확인·공개결정은 준비, 681화 모터쇼 관객·계약요청이 보상이다. 제품반응 뒤 N&K 주가조작이 긴장을 즉시 되살린다.",6.50,8.00,7.50,681,681,파리 모터쇼에서 고체배터리와 T-9의 1천 킬로미터 주행·10분 충전을 공개한다. 세계 완성차들이 공급계약을 요구하자 준비한 계약서를 건네지만 서명은 아직 확인되지 않는다.,8,680,680,AI 주문 폭증과 고체배터리 완성을 확인하고 파리 모터쇼 공개를 결정한다,8,680,680,AI 주문 폭증과 고체배터리 완성을 확인하고 파리 모터쇼 공개를 결정한다,8,0.235,0.185,0.210,0.110,0.260
DCA-N62,682,684,682화 주가조작 포착에서 불안을 만들고 계좌·계약 증거를 쌓는다. 684화 동결·체포를 행동봉우리로 준 뒤 안덕환의 대박 외침으로 다른 산업보상을 연다.,7.33,5.67,8.33,684,684,계좌를 동결하고 검찰이 둘을 체포하게 해 시장충격 없이 제거한다,8,684,684,계좌를 동결하고 검찰이 둘을 체포하게 해 시장충격 없이 제거한다,8,683,683,이영한이 나기연 조직을 압박하자 김남훈이 배신을 결심하고 10분 안에 증거를 가져오겠다고 제안한다.,9,0.233,0.247,0.210,0.160,0.150
DCA-N62B,685,687,685화 원전 대박은 짧은 진입보상이고 제약 M&A 대상탐색·가족협상에 더 오래 머문다. 687화 경영권 이전 뒤 러북 거래자료로 주제가 급변한다.,7.33,7.67,8.00,687,687,"한아약품 모녀·형제들의 가족지분을 태우와 금융타워로 넘겨 경영권을 확보한다. 센트리언 매각은 다음 해 계획으로 남고, 북한 미사일이 NLL 남쪽에 떨어졌다가 경보가 해제되자 장남 카드를 움직일 대응을 연다.",9,686,686,한아약품 모녀 지분을 20퍼센트 프리미엄에 사서 월가 사모펀드가 붙은 아들들과 맞선다.,8,687,687,"한아약품 모녀·형제들의 가족지분을 태우와 금융타워로 넘겨 경영권을 확보한다. 센트리언 매각은 다음 해 계획으로 남고, 북한 미사일이 NLL 남쪽에 떨어졌다가 경보가 해제되자 장남 카드를 움직일 대응을 연다.",9,0.170,0.167,0.270,0.153,0.240
DCA-N63,688,688,강 대위 사무실의 데이비드 대화에 오래 머문 뒤 하루를 건너 세 정보선의 보고를 짧게 겹친다. 마지막은 공개나 공급 결과가 아니라 바그너의 불만으로 러시아 분열을 설계할 수 있는지 묻는 정보 중심 훅이다.,8.00,6.00,7.00,688,688,"강 대위 사무실에서 데이비드와 중국·북한 관계, 장남, 러북 거래 가능성을 검토한다. 하루 뒤 데이비드의 러시아·미국 정보선, 강 대위의 바그너 보급선, 이영한의 연변 장마당선이 러시아의 식량 반출과 북한산 무기·탄약 거래를 같은 방향으로 확인한다. 김민재는 중국 고위층과 장남의 비공식 접촉, 러시아의 북한무기 수입 언론 제보, 한국의 우크라이나 무기지원 위협, 바그너 불만 감시를 각각 지시한다.",8,688,688,"강 대위 사무실에서 데이비드와 중국·북한 관계, 장남, 러북 거래 가능성을 검토한다. 하루 뒤 데이비드의 러시아·미국 정보선, 강 대위의 바그너 보급선, 이영한의 연변 장마당선이 러시아의 식량 반출과 북한산 무기·탄약 거래를 같은 방향으로 확인한다. 김민재는 중국 고위층과 장남의 비공식 접촉, 러시아의 북한무기 수입 언론 제보, 한국의 우크라이나 무기지원 위협, 바그너 불만 감시를 각각 지시한다.",6,688,688,"강 대위 사무실에서 데이비드와 중국·북한 관계, 장남, 러북 거래 가능성을 검토한다. 하루 뒤 데이비드의 러시아·미국 정보선, 강 대위의 바그너 보급선, 이영한의 연변 장마당선이 러시아의 식량 반출과 북한산 무기·탄약 거래를 같은 방향으로 확인한다. 김민재는 중국 고위층과 장남의 비공식 접촉, 러시아의 북한무기 수입 언론 제보, 한국의 우크라이나 무기지원 위협, 바그너 불만 감시를 각각 지시한다.",7,0.420,0.170,0.220,0.100,0.090
DCA-N63B,689,690,689화 리강 신뢰확인 뒤 스와프·자산조건을 압축하고 690화 원화 결제합의에서 물질·지위보상을 준다. 고체배터리 가격장벽이 다음 기술압박이다.,6.00,6.50,7.00,689,689,총리가 된 리강의 장남 지원을 확인하고 걸프 스와프·자산으로 원화 국제화를 짠다,6,689,689,총리가 된 리강의 장남 지원을 확인하고 걸프 스와프·자산으로 원화 국제화를 짠다,7,689,689,총리가 된 리강의 장남 지원을 확인하고 걸프 스와프·자산으로 원화 국제화를 짠다,7,0.280,0.100,0.300,0.080,0.240
DCA-N64,691,693,"화재뉴스와 가격장벽은 정보압박, 스파이 추적은 행동긴장으로 리본이 바뀐다. 693화 보너스·환수는 관계와 물질의 결산이다.",7.00,5.67,7.33,692,692,화재보도 반응과 중국 기술요구를 확인하다 직원명부로 산업스파이를 추적한다,8,691,691,고체배터리 가격장벽을 넘기 위해 전기차 화재·한파를 뉴스 의제로 설계하고 최재석에게 정책지원과 국민경제당 후계구도를 논의한다.,7,692,692,화재보도 반응과 중국 기술요구를 확인하다 직원명부로 산업스파이를 추적한다,8,0.260,0.240,0.203,0.177,0.120
DCA-N64B,694,696,정상회의의 긴 협상을 압축하되 각국 배터리 배정표와 공동로비 합의에서 멈춘다. 697화 해상도시 장면이 회의실 추상을 시각적 실물로 바꾼다.,7.00,7.33,7.00,694,694,폴란드 원전 설명회에서 동유럽 정상들에게 금융타워 중심 경제블록을 제안한다,7,695,695,방산·원전·연구투자를 묶어 동유럽 정상 전원의 경제블록 동의를 받는다,8,695,695,방산·원전·연구투자를 묶어 동유럽 정상 전원의 경제블록 동의를 받는다,8,0.233,0.127,0.340,0.070,0.230
DCA-N65,697,710,697~705화 실물도시·배터리 개발과 706~710화 외교전은 같은 엑스포 질문으로 이어진다. 정부 영상·빈 살만 철회·지분계약을 서로 다른 봉우리로 배치한다.,6.86,7.07,7.00,707,707,김태중과 리즈 경기를 본 뒤 빈 살만에게 부산 엑스포 양보를 요구한다,9,701,701,세계 최초 고체배터리 전기차 이오닉스 6천 대를 하루 만에 팔고 10만 대 예약을 받는다,9,703,703,전 계열사를 투입해 공장을 전환하면서 리강의 고체배터리 협상단을 맞는다,8,0.236,0.164,0.277,0.124,0.199
DCA-N67,711,715,710화 일본 D-DAY 여진 뒤 중국 특혜의 독을 차분히 검토한다. 715화 철수권 지급 직후 프리고진 반란을 열어 보상과 위기를 한 화 안에서 구분한다.,7.80,5.00,7.60,715,715,중국 특구의 철수권 조건을 점검하고 계열사들이 진출준비를 시작한다. 마지막에는 프리고진과 바그너 지도부가 러시아로 가기로 결정하지만 행군·점령·반란결과는 아직 없다.,9,711,711,바흐무트 승리 뒤 바그너 불만과 엔비디아 사기꾼을 확인하고 중국 특혜의 독을 경계한다,5,715,715,중국 특구의 철수권 조건을 점검하고 계열사들이 진출준비를 시작한다. 마지막에는 프리고진과 바그너 지도부가 러시아로 가기로 결정하지만 행군·점령·반란결과는 아직 없다.,9,0.264,0.208,0.258,0.162,0.108
DCA-N67B,716,720,716화 가스거점·에너지 위험을 빠르게 계산하고 무기·선박 이동에 행동비중을 높인다. 720화 승인·경제영토 지급 뒤 직접 휴전중재 결심으로 관계목표가 바뀐다.,7.80,6.60,7.20,716,716,바그너 반란의 자금·가스거점 장악 가능성을 읽고 한 부회장에게 장기 에너지 대응을 시킨다,9,720,720,미국이 항모운용 제안을 받아들이고 무기수송선은 13일 만에 수에즈에 도착해 대기 없이 통과한다. 전투기는 이미 폴란드에 있고 동유럽 재고도 우크라이나로 넘어간 것을 확인한 뒤 지린특구·북한·러시아 육로 경제영토를 설계한다.,9,716,716,바그너 반란의 자금·가스거점 장악 가능성을 읽고 한 부회장에게 장기 에너지 대응을 시킨다,8,0.244,0.236,0.270,0.122,0.128
DCA-N68,721,731,721~731화는 푸틴→프리고진→백악관·EU→젤렌스키로 설득대상을 바꾸며 긴장을 상승시킨다. 725→726 선박면담은 이어 읽고 731화 초 합의를 결산봉우리로 둔다.,8.18,6.27,7.91,722,722,일본의 태우IT 지분 49퍼센트 강제안에 일본 철수를 선언하도록 한다,9,731,731,우크라이나·벨라루스 협상일정을 확정하고 이스라엘 PMC 계약·드론 수송·대피소 착공을 확인한다. 일본에는 1천2백억 달러 상당 엔화를 반나절 만에 상환해 니케이 15퍼센트·나스닥과 KOSPI 6퍼센트 하락을 만들고 자민당 비자금 자료를 축적한다.,9,724,724,크렘린에서 푸틴에게 전쟁 이전선 휴전·가스관·횡단철도·한국투자를 제시한다,9,0.217,0.212,0.295,0.155,0.121
DCA-N70,732,735,"732화 30조 엔 대응회의와 미국 환율압박은 정보긴장, 김민재·한 부회장 투트랙은 행동전환이다. 735화 은행지분·야권통로가 지급되고 중동기습이 새 위기를 연다.",7.75,7.25,7.50,732,732,"전액상환 충격을 받은 일본 금융청의 30조 엔 대응회의와 미국의 환율관찰국 지정을 확인하고, 일본의 협상요청에 김민재·한 부회장 투트랙으로 대응한다.",9,733,733,한 부회장·조지가 기시다에게 중앙은행 보증·우대금리·세제·핀테크 개방·자본규제 완화와 총리 사퇴·중의원 해산 약속을 받아낸다.,8,732,732,"전액상환 충격을 받은 일본 금융청의 30조 엔 대응회의와 미국의 환율관찰국 지정을 확인하고, 일본의 협상요청에 김민재·한 부회장 투트랙으로 대응한다.",8,0.215,0.195,0.298,0.112,0.180
DCA-N71,736,739,휴전서명은 조용한 지위보상으로 지나가고 하마스 패러글라이더·드론 대응에 행동·긴장을 몰아준다. 739화 민간인 생존이 Arc의 감정봉우리다.,8.75,8.75,7.75,736,736,기시다 퇴진·중의원 해산 속 하마스 패러글라이더 침공과 러우 휴전 서명을 동시에 대비한다,9,737,737,러우 휴전 체결과 태우 브랜드 상승을 확인한 뒤 일본 은행 30조 엔 폭탄·뱅크런을 공개한다,9,736,736,기시다 퇴진·중의원 해산 속 하마스 패러글라이더 침공과 러우 휴전 서명을 동시에 대비한다,9,0.180,0.262,0.250,0.188,0.120
DCA-N72,740,744,740화 미국 보상은 빠르게 지급하고 741~744화 러시아·일본·중국 설계에 정보체류를 둔다. 천민정의 새 기술보고가 국가질서 뒤 사적 미래를 여는 낮은 훅이다.,6.20,7.80,6.80,740,740,미국대사에게 PMC 비용·미국 기업 동등대우·우크라이나 재건 중심권을 받아 낸 뒤 러시아 전후투자를 서두른다,7,740,740,미국대사에게 PMC 비용·미국 기업 동등대우·우크라이나 재건 중심권을 받아 낸 뒤 러시아 전후투자를 서두른다,8,741,741,러시아에서 로만·푸틴과 공장 무상회수·가스관·횡단철도·북한 장남 지원을 합의한다,7,0.212,0.134,0.334,0.122,0.198
DCA-N73,745,748,745화 조손 대화에 관계·감정체류를 주고 방북·협상은 긴장 있게 압축한다. 748화 우주배터리·플랫폼 지급 뒤 철도 첫 삽과 노벨상으로 결말리듬이 열린다.,5.50,8.00,7.75,745,745,이영한에게 일본·지린 사채망과 북한 장남 세력을 확인한 뒤 김태중이 대북특사를 자청한다,6,747,747,최재석과 남북 정상회담·북한횡단철도 40조 비용을 논의한 뒤 머스크를 맞는다,9,745,745,이영한에게 일본·지린 사채망과 북한 장남 세력을 확인한 뒤 김태중이 대북특사를 자청한다,8,0.202,0.135,0.342,0.140,0.180
DCA-N74,749,751,749화 착공·화학상 뒤 천민정 보호에 오래 머물고 750화 주가·매출·브랜드·후계구도를 지급한다. 751화 기업제국을 크게 연 뒤 초음파와 조손 손잡기로 물질보다 가족감정을 마지막 봉우리로 둔다.,4.67,10.00,6.67,749,749,"북한 횡단철도 착공식에서 첫 삽을 뜬 뒤 천민정이 AI로 코로나 치료제와 희귀질병 치료제를 개발한 공로로 노벨 화학상 수상자가 됐다는 소식을 받는다. 회의실에 숨은 천민정에게 수상 자격과 과거 보호를 보증하고, 다리에 힘이 풀린 그녀의 머리를 양복 상의로 가린 채 안아 들어 조용히 회사 밖으로 빠져나간다.",6,749,749,"북한 횡단철도 착공식에서 첫 삽을 뜬 뒤 천민정이 AI로 코로나 치료제와 희귀질병 치료제를 개발한 공로로 노벨 화학상 수상자가 됐다는 소식을 받는다. 회의실에 숨은 천민정에게 수상 자격과 과거 보호를 보증하고, 다리에 힘이 풀린 그녀의 머리를 양복 상의로 가린 채 안아 들어 조용히 회사 밖으로 빠져나간다.",10,749,749,"북한 횡단철도 착공식에서 첫 삽을 뜬 뒤 천민정이 AI로 코로나 치료제와 희귀질병 치료제를 개발한 공로로 노벨 화학상 수상자가 됐다는 소식을 받는다. 회의실에 숨은 천민정에게 수상 자격과 과거 보호를 보증하고, 다리에 힘이 풀린 그녀의 머리를 양복 상의로 가린 채 안아 들어 조용히 회사 밖으로 빠져나간다.",8,0.143,0.123,0.327,0.290,0.117
