sequence,visible_label,field,source_lines,manager_start_before,pre_rejection_after,stage_after,bidirectional_result,evidence,adjudication
5,5화,reader_promise,L930~L1168,미래 전쟁을 돈과 국가급 인맥으로 동시에 바꾸며 SAVE의 기반을 닦는다.,미래 전쟁을 돈과 국가급 인맥으로 동시에 바꾸며 미국 투자회사의 기반을 닦는다.,미래 전쟁을 돈과 국가급 인맥으로 동시에 바꾸며 미국 투자회사의 기반을 닦는다.,PASS_BIDIRECTIONAL,현재 화 인물·고유명·수치·행동·계약상태와 다음 화 첫선을 대조,미래 선취와 현재 사실 누락이 없음
12,12화,opened_loops,L2353~L2512,장학생 선발; 청년 창업; 공직자 100명 펀드 라인; 기부금 조달,장학생 선발; 청년 창업; 공직자 펀드 라인; 기부금 조달,장학생 선발; 청년 창업; 공직자 펀드 라인; 기부금 조달,PASS_BIDIRECTIONAL,현재 화 인물·고유명·수치·행동·계약상태와 다음 화 첫선을 대조,미래 선취와 현재 사실 누락이 없음
18,18화,turn_or_reveal,L3403~L3587,SAVE 자금이 150억 달러에서 360억 달러로 컸고 김민재는 CL·현재·현진의 후계 분쟁을 일으켜 알짜 계열사를 먹을 후보로 고른다.,SAVE 자금이 150억 달러에서 360억 달러로 컸고 김민재는 청년경제포럼의 재벌 2·3세들 가운데 승계 분쟁을 일으킬 표적을 찾는다.,SAVE 자금이 150억 달러에서 360억 달러로 컸고 김민재는 청년경제포럼의 재벌 2·3세들 가운데 승계 분쟁을 일으킬 표적을 찾는다.,PASS_BIDIRECTIONAL,현재 화 인물·고유명·수치·행동·계약상태와 다음 화 첫선을 대조,미래 선취와 현재 사실 누락이 없음
18,18화,paid_reward,L3403~L3587,"강인식의 충성, 일본 기업·은행의 대규모 파생계약, 재계 후계자 첫 공식 인맥과 다섯 기업 먹잇감을 확보한다.","강인식의 충성, 일본 기업·은행의 대규모 파생계약과 재계 후계자 첫 공식 인맥을 확보한다. 구체 표적 가문은 아직 고르지 않았다.","강인식의 충성, 일본 기업·은행의 대규모 파생계약과 재계 후계자 첫 공식 인맥을 확보한다. 구체 표적 가문은 아직 고르지 않았다.",PASS_BIDIRECTIONAL,현재 화 인물·고유명·수치·행동·계약상태와 다음 화 첫선을 대조,미래 선취와 현재 사실 누락이 없음
18,18화,opened_loops,L3403~L3587,CL·현재·현진 승계 분열; 고베 지진 파생 결산; 공장 내부 제보,재벌가 승계 분열 표적 선정; 고베 지진 파생 결산; 공장 내부 제보,재벌가 승계 분열 표적 선정; 고베 지진 파생 결산; 공장 내부 제보,PASS_BIDIRECTIONAL,현재 화 인물·고유명·수치·행동·계약상태와 다음 화 첫선을 대조,미래 선취와 현재 사실 누락이 없음
22,22화,action,L4175~L4371,"김택훈에게 정수철·이준수·광화문 곰 연결 자료를 받아 강인식에게 넘기고, 한국에 온 조지에게 150억 달러 중 절반인 75억 달러 계약을 120억 달러와 원하는 지분에 팔겠다고 제안한다.","김택훈에게 이준수 상무와 명동 4인방의 연결 자료를 받아 강인식에게 넘기고, 한국에 온 조지에게 150억 달러 중 절반인 75억 달러 계약을 120억 달러와 원하는 지분에 팔겠다고 제안한다.","김택훈에게 이준수 상무와 명동 4인방의 연결 자료를 받아 강인식에게 넘기고, 한국에 온 조지에게 150억 달러 중 절반인 75억 달러 계약을 120억 달러와 원하는 지분에 팔겠다고 제안한다.",PASS_BIDIRECTIONAL,현재 화 인물·고유명·수치·행동·계약상태와 다음 화 첫선을 대조,미래 선취와 현재 사실 누락이 없음
22,22화,state_change,L4175~L4371,창원 개인 비리가 감사팀 정수철·이준수·명동 차입금의 구조적 유착으로 넓고 SAVE는 일본 정부 상대 연합을 설계한다.,창원 개인 비리가 감사팀 이준수 상무·명동 차입금의 구조적 유착으로 넓고 SAVE는 일본 정부 상대 연합을 설계한다.,창원 개인 비리가 감사팀 이준수 상무·명동 차입금의 구조적 유착으로 넓고 SAVE는 일본 정부 상대 연합을 설계한다.,PASS_BIDIRECTIONAL,현재 화 인물·고유명·수치·행동·계약상태와 다음 화 첫선을 대조,미래 선취와 현재 사실 누락이 없음
22,22화,opened_loops,L4175~L4371,애플·포드 지분 협상; 명동 유착 제거; 감사팀 장악,돈으로 사기 힘든 기업지분 협상; 명동 유착 제거; 감사팀 장악,돈으로 사기 힘든 기업지분 협상; 명동 유착 제거; 감사팀 장악,PASS_BIDIRECTIONAL,현재 화 인물·고유명·수치·행동·계약상태와 다음 화 첫선을 대조,미래 선취와 현재 사실 누락이 없음
46,46화,opened_loops,L8489~L8672,독일 박람회; 이노폰 판매; 박진훈 축출,독일 박람회; 폴더폰 공개·판매; 박진훈 축출,독일 박람회; 폴더폰 공개·판매; 박진훈 축출,PASS_BIDIRECTIONAL,현재 화 인물·고유명·수치·행동·계약상태와 다음 화 첫선을 대조,미래 선취와 현재 사실 누락이 없음
50,50화,protagonist_goal,L9210~L9397,이노폰 신뢰가 무너지기 전에 보도 공작의 증거를 보전하고 공개 검증 무대를 준비한다,이노폰 신뢰가 무너지기 전에 허위 결함을 반박하고 공개 검증 무대를 준비한다.,이노폰 신뢰가 무너지기 전에 보도 공작 증거를 보전하고 허위 결함을 공개 검증할 무대를 준비한다.,EDIT_CURRENT_FACT_RECOVERY,현재 화 인물·고유명·수치·행동·계약상태와 다음 화 첫선을 대조,삭제·일반화된 현재 사실을 복원하거나 잘못된 유예를 제거
50,50화,action,L9210~L9397,박진훈이 우성일에게 거짓 결함 자료와 돈을 건네 박 기자에게 전달하게 하자 강인식이 사진·녹취를 확보하고 김민재가 3국 공개 시연을 준비한다.,"박진훈이 우성일에게 거짓 결함 자료를 만들고 기자에게 넘기라고 지시한 뒤 1면 기사가 나오자, 김민재는 SAVE 반박자료를 제시하고 한국·미국·독일 동시 이벤트를 준비한다.",박진훈이 우성일에게 거짓 결함 자료를 기자에게 넘기게 하자 강 대위 쪽이 전달 장면 영상과 음성 녹음을 확보한다. 1면 기사가 나온 뒤 김민재는 SAVE 반박자료를 제시하고 한국·미국·독일 동시 이벤트를 준비한다.,EDIT_CURRENT_FACT_RECOVERY,현재 화 인물·고유명·수치·행동·계약상태와 다음 화 첫선을 대조,삭제·일반화된 현재 사실을 복원하거나 잘못된 유예를 제거
50,50화,paid_reward,L9210~L9397,SAVE의 반박 자료와 돈 전달 사진·녹취를 확보해 허위보도를 뒤집을 수단을 갖춘다,허위 결함을 반박할 SAVE 자료와 세 나라 공개 이벤트 계획을 확보한다. 돈·자료 전달의 사진과 녹취는 아직 없다.,"우성일의 자료 전달 영상·음성 녹음, SAVE의 허위결함 반박자료, 한국·미국·독일 공개 이벤트 계획을 확보한다.",EDIT_CURRENT_FACT_RECOVERY,현재 화 인물·고유명·수치·행동·계약상태와 다음 화 첫선을 대조,삭제·일반화된 현재 사실을 복원하거나 잘못된 유예를 제거
50,50화,state_change,L9210~L9397,박진훈이 언론의 선수를 친 국면에서 김민재가 반박 증거와 세 나라 공개 검증의 주도권을 잡는다,박진훈이 언론의 선수를 친 국면에서 김민재가 내부 반박자료와 세 나라 공개검증 계획으로 대응 주도권을 잡는다.,박진훈이 언론의 선수를 친 국면에서 김민재가 전달 증거·반박자료·세 나라 공개검증 계획으로 대응 주도권을 잡는다.,EDIT_CURRENT_FACT_RECOVERY,현재 화 인물·고유명·수치·행동·계약상태와 다음 화 첫선을 대조,삭제·일반화된 현재 사실을 복원하거나 잘못된 유예를 제거
50,50화,closed_loops,L9210~L9397,박진훈에서 박 기자로 이어진 돈·거짓 자료 전달 경로를 확인하고 증거를 보전한다,기사의 결함 주장이 허위임을 내부 자료로 확인; 세 나라 공개 이벤트 결정,우성일의 기자 접촉과 자료 전달 증거 확보; 기사 주장의 허위 확인; 세 나라 공개 이벤트 결정,EDIT_CURRENT_FACT_RECOVERY,현재 화 인물·고유명·수치·행동·계약상태와 다음 화 첫선을 대조,삭제·일반화된 현재 사실을 복원하거나 잘못된 유예를 제거
56,56화,opened_loops,L10327~L10491,넥스트 인수금·소프트웨어 권리·잡스의 실제 CEO 복귀는 남아 있다,넥스트 인수금 부담주체·대가; 잡스의 실제 CEO 복귀,넥스트 인수금 부담주체·대가; 잡스의 실제 CEO 복귀,PASS_BIDIRECTIONAL,현재 화 인물·고유명·수치·행동·계약상태와 다음 화 첫선을 대조,미래 선취와 현재 사실 누락이 없음
74,74화,opened_loops,L13605~L13786,포드·상하이자동차의 지분·공장 조건과 MCA 계약은 남는다,포드·중국 합작 파트너의 지분·공장 조건과 MCA 계약,포드·중국 합작 파트너의 지분·공장 조건과 MCA 계약,PASS_BIDIRECTIONAL,현재 화 인물·고유명·수치·행동·계약상태와 다음 화 첫선을 대조,미래 선취와 현재 사실 누락이 없음
81,81화,opened_loops,L14871~L15040,외환위기 매물 인수·김태중의 전경련 역할·냅스터 대응은 남는다,외환위기 매물 인수; 김태중의 재계 역할; 세계 IT 지분 배치,외환위기 매물 인수; 김태중의 재계 역할; 세계 IT 지분 배치,PASS_BIDIRECTIONAL,현재 화 인물·고유명·수치·행동·계약상태와 다음 화 첫선을 대조,미래 선취와 현재 사실 누락이 없음
96,96화,ending_hook,L17616~L17784,정부가 퀀텀 컨소시엄에 지하철 9호선·거가대교를 맡기고 태우건설 시공을 허용할 것인가?,정부가 퀀텀 이름의 비밀 민자 컨소시엄에 장기 운영권을 주고 태우건설 시공을 허용할 것인가?,정부가 퀀텀 이름의 비밀 민자 컨소시엄에 장기 운영권을 주고 태우건설 시공을 허용할 것인가?,PASS_BIDIRECTIONAL,현재 화 인물·고유명·수치·행동·계약상태와 다음 화 첫선을 대조,미래 선취와 현재 사실 누락이 없음
99,99화,opened_loops,L18128~L18314,MC소프트 투자·게임 유통권·ESD 플랫폼 출시는 아직 실행 전이다,게임사 투자·독점 유통권; 전자 소프트웨어 유통 플랫폼 출시,게임사 투자·독점 유통권; 전자 소프트웨어 유통 플랫폼 출시,PASS_BIDIRECTIONAL,현재 화 인물·고유명·수치·행동·계약상태와 다음 화 첫선을 대조,미래 선취와 현재 사실 누락이 없음
103,103화,resistance_or_cost,L18839~L19009,"통신 출혈경쟁과 영화 배급·불법복제 문제가 남고, 금감원·정치권을 포함한 대부업 카르텔 가능성 때문에 공개 대응이 어렵다","통신 출혈경쟁과 영화 배급·불법복제 문제가 남고, 정부·관련부처·정치권을 포함한 대부업 카르텔 가능성 때문에 공개 대응이 어렵다.","통신 출혈경쟁과 영화 배급·불법복제 문제가 남고, 정부·관련부처·정치권을 포함한 대부업 카르텔 가능성 때문에 공개 대응이 어렵다.",PASS_BIDIRECTIONAL,현재 화 인물·고유명·수치·행동·계약상태와 다음 화 첫선을 대조,미래 선취와 현재 사실 누락이 없음
143,143화,entry_state,L26108~L26283,태우 실권을 맡자 통신사들이 WIPI로 국내 아이폰 판매를 막는다,태우 실권을 맡자 통신사·전자회사 카르텔이 무선인터넷 규제로 국내 아이폰 판매를 막으려 한다.,태우 실권을 맡자 통신사·전자회사 카르텔이 무선인터넷 규제로 국내 아이폰 판매를 막으려 한다.,PASS_BIDIRECTIONAL,현재 화 인물·고유명·수치·행동·계약상태와 다음 화 첫선을 대조,미래 선취와 현재 사실 누락이 없음
143,143화,protagonist_goal,L26108~L26283,WIPI 협상 실패 뒤 미국의 무역 압박을 끌어온다,국내 통신·방송 규제 협상 실패 뒤 미국에서 외부 통상 압박 수단을 찾는다.,국내 통신·방송 규제 협상 실패 뒤 미국에서 외부 통상 압박 수단을 찾는다.,PASS_BIDIRECTIONAL,현재 화 인물·고유명·수치·행동·계약상태와 다음 화 첫선을 대조,미래 선취와 현재 사실 누락이 없음
143,143화,opened_loops,L26108~L26283,미국 외부 압박; WIPI 규제전,미국 외부 압박 수단; 국내 통신·방송 규제전,미국 외부 압박 수단; 국내 통신·방송 규제전,PASS_BIDIRECTIONAL,현재 화 인물·고유명·수치·행동·계약상태와 다음 화 첫선을 대조,미래 선취와 현재 사실 누락이 없음
154,154화,reader_promise,L28006~L28171,성장한 모바일 생태계가 세이월드 창업자를 부르는 다음 목표를 연다,성장한 모바일 생태계가 세이월드 대표를 부르는 다음 목표를 연다.,"김태중의 승계·결혼 압박, 백악관의 미국 방패, 아이폰·TV·상여금 영수증을 받은 뒤 세이월드라는 다음 SNS 표적만 연다.",EDIT_CURRENT_FACT_RECOVERY,현재 화 인물·고유명·수치·행동·계약상태와 다음 화 첫선을 대조,삭제·일반화된 현재 사실을 복원하거나 잘못된 유예를 제거
154,154화,protagonist_goal,L28006~L28171,국내 실적을 점검하고 서광수와 만날 자리를 만든다,국내 실적을 점검하고 세이월드 대표와 만날 자리를 만든다.,할아버지와 승계 시점을 조율하고 미국 보호선·모바일·TV 실적·직원 보상을 확인한 다음 새 SNS 후보의 면담을 잡는다.,EDIT_CURRENT_FACT_RECOVERY,현재 화 인물·고유명·수치·행동·계약상태와 다음 화 첫선을 대조,삭제·일반화된 현재 사실을 복원하거나 잘못된 유예를 제거
154,154화,action,L28006~L28171,아이폰·스마트TV 현황을 보고받고 세이월드 창업자 서광수를 만나고 싶다고 지시한다,아이폰·스마트TV 현황을 보고받고 세이월드 대표를 만나고 싶다고 지시한다.,"김태중의 회장직 제안과 베트남 귀환 뒤에도 혼자면 승계하겠다는 결혼 최후통첩을 받는다. 백악관의 명예시민권 발표와 태우자동차 반덤핑 재량을 확인하고, 아이폰 40만 대·조너선이 참여한 애플-태우 TV 진행을 보고받아 추석 상여금 200~300%와 TV 개발진 최고등급 지급을 지시한다. 마지막에 세이월드 대표 면담 약속을 알아보게 한다.",EDIT_CURRENT_FACT_RECOVERY,현재 화 인물·고유명·수치·행동·계약상태와 다음 화 첫선을 대조,삭제·일반화된 현재 사실을 복원하거나 잘못된 유예를 제거
154,154화,resistance_or_cost,L28006~L28171,서광수가 KS와 거래 중이라는 정보조차 아직 직접 확인되지 않았다,세이월드 대표의 성향·기존 거래관계·면담 의사는 아직 확인되지 않았다.,"젊은 총수라는 시선 때문에 회장 취임을 미루고 싶고, 아이폰은 성능·콘텐츠 제약을 안으며 애플-태우 TV 협업에는 직원 자존심 비용도 남아 있다.",EDIT_CURRENT_FACT_RECOVERY,현재 화 인물·고유명·수치·행동·계약상태와 다음 화 첫선을 대조,삭제·일반화된 현재 사실을 복원하거나 잘못된 유예를 제거
154,154화,paid_reward,L28006~L28171,모바일 반등을 SNS 사업으로 이을 후보를 특정한다,모바일 반등을 SNS 사업으로 이을 회사와 대표 면담 대상을 특정한다.,"김태중의 승계 신뢰, 백악관 명예시민권 발표, 태우자동차 반덤핑 재량, 아이폰 40만 대, 조너선이 설계에 참여한 애플-태우 TV, 추석 상여금 200~300%와 TV 개발진 최고등급 지급 지시를 얻는다. 세이월드 면담은 아직 약속을 알아보는 단계다.",EDIT_CURRENT_FACT_RECOVERY,현재 화 인물·고유명·수치·행동·계약상태와 다음 화 첫선을 대조,삭제·일반화된 현재 사실을 복원하거나 잘못된 유예를 제거
154,154화,state_change,L28006~L28171,서광수가 잠재 영입 대상이 되고 협상은 미착수 상태다,세이월드가 잠재 확장 대상이 되고 대표 면담은 미착수 상태다.,김민재는 김태중이 회장직을 맡길 후계자로 다시 확인되고 미국 정치·통상 보호선을 얻는다. 모바일 40만 대와 TV 협업은 실적이 되고 직원에게는 200~300% 보너스가 배정된다.,EDIT_CURRENT_FACT_RECOVERY,현재 화 인물·고유명·수치·행동·계약상태와 다음 화 첫선을 대조,삭제·일반화된 현재 사실을 복원하거나 잘못된 유예를 제거
154,154화,ending_hook,L28006~L28171,서광수와 약속을 잡아 세이월드의 현재 가치와 활용법을 직접 확인해야 한다.,세이월드 대표와 약속을 잡아 회사의 현재 가치와 활용법을 직접 확인할 수 있는가?,마지막에 처음 꺼낸 세이월드 대표의 약속을 실제로 잡아 SNS의 가치와 인수 가능성을 확인할 수 있는가?,EDIT_CURRENT_FACT_RECOVERY,현재 화 인물·고유명·수치·행동·계약상태와 다음 화 첫선을 대조,삭제·일반화된 현재 사실을 복원하거나 잘못된 유예를 제거
154,154화,opened_loops,L28006~L28171,서광수 첫 면담; 세이월드 인수·확장,세이월드 대표 첫 면담; 세이월드 활용·확장,세이월드 대표 첫 면담; 세이월드의 투자·인수 여부,EDIT_CURRENT_FACT_RECOVERY,현재 화 인물·고유명·수치·행동·계약상태와 다음 화 첫선을 대조,삭제·일반화된 현재 사실을 복원하거나 잘못된 유예를 제거
161,161화,resistance_or_cost,L29176~L29348,20조 원대 카드채와 숨은 연체가 인수 뒤에도 남는다,20조 원대 자금유동성 부담과 숨은 연체가 인수 뒤에도 남는다.,20조 원대 자금유동성 부담과 숨은 연체가 인수 뒤에도 남는다.,PASS_BIDIRECTIONAL,현재 화 인물·고유명·수치·행동·계약상태와 다음 화 첫선을 대조,미래 선취와 현재 사실 누락이 없음
161,161화,opened_loops,L29176~L29348,카드채 정상화,CL카드 자금유동성·연체 정상화,CL카드 자금유동성·연체 정상화,PASS_BIDIRECTIONAL,현재 화 인물·고유명·수치·행동·계약상태와 다음 화 첫선을 대조,미래 선취와 현재 사실 누락이 없음
177,177화,opened_loops,L32081~L32276,천민정과의 관계; 다이먼의 핀테크은행·페이팔 인수,천민정과의 관계; 다이먼의 실리콘밸리 은행 진출·실탄 축적,천민정과의 관계; 다이먼의 실리콘밸리 은행 진출·실탄 축적,PASS_BIDIRECTIONAL,현재 화 인물·고유명·수치·행동·계약상태와 다음 화 첫선을 대조,미래 선취와 현재 사실 누락이 없음
191,191화,paid_reward,L34605~L34776,유럽 명품 동맹과 50명 규모 경제정치 연합의 목표를 함께 얻는다,유럽 명품 동맹과 깨끗한 경제인·정치인 연합이라는 목표를 함께 얻는다.,유럽 명품 동맹과 깨끗한 경제인·정치인 연합이라는 목표를 함께 얻는다.,PASS_BIDIRECTIONAL,현재 화 인물·고유명·수치·행동·계약상태와 다음 화 첫선을 대조,미래 선취와 현재 사실 누락이 없음
191,191화,opened_loops,L34605~L34776,경제정치 연합; 최재석 중심의 새 정치 구상,경제정치 연합의 인물·규모·구조,경제정치 연합의 인물·규모·구조,PASS_BIDIRECTIONAL,현재 화 인물·고유명·수치·행동·계약상태와 다음 화 첫선을 대조,미래 선취와 현재 사실 누락이 없음
192,192화,protagonist_goal,L34777~L34942,기존 양당에 휘둘리지 않을 세력을 설계하고 천민정의 동생 천민우에게 닥친 위험을 파악한다,천민정의 동생에게 벌어진 학교폭력을 확인하고 즉시 보호한다.,"최재석에게 깨끗한 정치인 후보를 추려 달라고 맡기고, 천민정의 동생에게 벌어진 학교폭력을 확인해 보호에 착수한다.",EDIT_CURRENT_FACT_RECOVERY,현재 화 인물·고유명·수치·행동·계약상태와 다음 화 첫선을 대조,삭제·일반화된 현재 사실을 복원하거나 잘못된 유예를 제거
192,192화,action,L34777~L34942,최재석 중심 50명 연합을 구상하다 경호 영상에서 불량학생 4~5명이 천민우의 머리를 때리고 식판에 침 뱉는 장면을 확인한다.,"최재석 중심 50명 정치연합을 설계하고, 강인식이 보여 준 영상에서 불량학생들이 천민정의 동생을 폭행하는 장면을 확인한다.",최재석에게 이번 주 안에 후보 약 50명을 추려 보고해 달라고 맡긴다. 강 대위가 보여 준 영상에서는 불량학생 4~5명이 천민정의 동생 머리를 후려치고 식판에 침을 뱉는 장면을 확인한다.,EDIT_CURRENT_FACT_RECOVERY,현재 화 인물·고유명·수치·행동·계약상태와 다음 화 첫선을 대조,삭제·일반화된 현재 사실을 복원하거나 잘못된 유예를 제거
192,192화,resistance_or_cost,L34777~L34942,깨끗한 의원을 모으기 어렵고 추영택은 부장검사 아버지와 중견기업 외가·학교 권력을 등에 업고 있다,"학교폭력이 은밀히 이어져 왔고, 영상 속 가해 학생의 신원과 배경은 아직 알 수 없다.","20명 교섭단체를 만들 만큼 깨끗한 후보를 찾기 어렵고, 영상 속 가해 학생들의 이름·가족 배경은 이 화에서 아직 알 수 없다.",EDIT_CURRENT_FACT_RECOVERY,현재 화 인물·고유명·수치·행동·계약상태와 다음 화 첫선을 대조,삭제·일반화된 현재 사실을 복원하거나 잘못된 유예를 제거
192,192화,turn_or_reveal,L34777~L34942,거시적인 정치세력 구상이 천민정의 가족을 즉시 보호해야 하는 현실 문제로 전환된다.,정치 방벽 논의가 핵심 인재의 가족이 학교폭력을 당하는 긴급 보호문제로 전환된다.,정치 방벽 논의가 천민정의 동생이 교실에서 반복적으로 맞고 모욕당하는 긴급 보호문제로 전환된다.,EDIT_CURRENT_FACT_RECOVERY,현재 화 인물·고유명·수치·행동·계약상태와 다음 화 첫선을 대조,삭제·일반화된 현재 사실을 복원하거나 잘못된 유예를 제거
192,192화,paid_reward,L34777~L34942,천민우가 겪은 상습 폭력을 조기에 발견하고 가해자 수와 장면을 확보한다.,정치인 후보 50명 명단과 천민정의 동생에게 벌어진 폭력 영상이라는 즉시 대응 근거를 확보한다.,"최재석에게 후보 선별 과업을 맡기고, 불량학생 4~5명의 폭행·식판 침 장면이 담긴 대응 근거를 확보한다. 후보 50명 명단은 아직 미지급이다.",EDIT_CURRENT_FACT_RECOVERY,현재 화 인물·고유명·수치·행동·계약상태와 다음 화 첫선을 대조,삭제·일반화된 현재 사실을 복원하거나 잘못된 유예를 제거
192,192화,state_change,L34777~L34942,추상적 경제정당 계획이 태우 울타리 안 가족을 지키는 당면 과제와 연결된다,"장기 정치 방벽 설계 중 천민정의 가족 보호가 최우선 현안으로 끼어들지만, 동생과 가해자 신원은 아직 확인 전이다.",추상적 경제정당 계획이 태우 핵심인재의 가족을 지키는 당면 과제와 연결된다. 피해자는 이 화 표면대로 천민정의 동생이며 실명과 가해자 배경은 다음 확인으로 남는다.,EDIT_CURRENT_FACT_RECOVERY,현재 화 인물·고유명·수치·행동·계약상태와 다음 화 첫선을 대조,삭제·일반화된 현재 사실을 복원하거나 잘못된 유예를 제거
192,192화,ending_hook,L34777~L34942,가해 학생들은 누구이며 천민우를 즉시 어떻게 보호할 것인가?,폭행 영상 속 천민정의 동생을 즉시 어떻게 보호하고 가해 학생들을 확인할 것인가?,영상 속 천민정의 동생을 즉시 보호하고 불량학생 4~5명의 신원과 배경을 어떻게 확인할 것인가?,EDIT_CURRENT_FACT_RECOVERY,현재 화 인물·고유명·수치·행동·계약상태와 다음 화 첫선을 대조,삭제·일반화된 현재 사실을 복원하거나 잘못된 유예를 제거
192,192화,opened_loops,L34777~L34942,천민우 보호; 가해자 신원; 경제정치 연합,천민정의 동생 보호; 가해 학생 신원; 경제정치 연합,후보 약 50명 보고; 천민정의 동생 보호; 가해 학생 신원·배경 확인,EDIT_CURRENT_FACT_RECOVERY,현재 화 인물·고유명·수치·행동·계약상태와 다음 화 첫선을 대조,삭제·일반화된 현재 사실을 복원하거나 잘못된 유예를 제거
194,194화,action,L35137~L35343,천민정과 학부모 회의에 참석해 경호 영상·상습폭행 자료를 내놓고 학교 조사와 추영택 아버지의 검찰 라인·외가 화원정밀 거래를 동시에 캐게 한다,천민정과 학부모 회의에 참석해 경호 영상·상습폭행 자료를 내놓고 학교 조사와 가해 학생 가족·학교폭력위원의 배경조사를 동시에 지시한다.,"학부모 회의에서 몇 달치 사진·영상·녹취·진술서와 경호원 바디캠을 제시해 정식 학폭위를 요구한다. 교실로 가 천민우를 안아 공개 보호하고 재폭행을 막은 뒤 학폭위원 뒷조사, 명동선 확인, 추영택 아버지의 부장검사 윗라인 압박을 지시한다.",EDIT_CURRENT_FACT_RECOVERY,현재 화 인물·고유명·수치·행동·계약상태와 다음 화 첫선을 대조,삭제·일반화된 현재 사실을 복원하거나 잘못된 유예를 제거
194,194화,resistance_or_cost,L35137~L35343,학교는 학부모회장 눈치를 보고 조영희는 검사 남편과 중견기업 친정을 믿고 물러서지 않는다,가해 학생 가족과 학교폭력위원의 이해관계가 아직 드러나지 않았고 교사·학교는 사건 축소에 익숙하다.,조영희는 부장검사 남편과 중견기업 회장가 친정을 믿고 버티며 학교도 학부모회 눈치를 본다. 화원정밀 거래중단 같은 다음 화 조치는 아직 없다.,EDIT_CURRENT_FACT_RECOVERY,현재 화 인물·고유명·수치·행동·계약상태와 다음 화 첫선을 대조,삭제·일반화된 현재 사실을 복원하거나 잘못된 유예를 제거
194,194화,ending_hook,L35137~L35343,화원정밀 거래 중단과 검사 인사 압박이 실제 사과를 끌어낼지 남는다,가해 학생 가족과 학교폭력위원의 배경을 확인해 학교의 축소 대응을 뒤집을 수 있는가?,학폭위원 뒷조사와 명동선·부장검사 윗라인 압박이 추영택 가족과 학교의 축소 대응을 어디까지 무너뜨릴 것인가?,EDIT_CURRENT_FACT_RECOVERY,현재 화 인물·고유명·수치·행동·계약상태와 다음 화 첫선을 대조,삭제·일반화된 현재 사실을 복원하거나 잘못된 유예를 제거
194,194화,opened_loops,L35137~L35343,화원정밀·검찰 응징,가해 학생 가족·학교폭력위원 배경조사; 학교·검찰선 압박,정식 학폭위; 학폭위원·추영택 가족 뒷조사; 명동·검찰 윗라인 압박,EDIT_CURRENT_FACT_RECOVERY,현재 화 인물·고유명·수치·행동·계약상태와 다음 화 첫선을 대조,삭제·일반화된 현재 사실을 복원하거나 잘못된 유예를 제거
221,221화,turn_or_reveal,L39738~L39888,출시 보름 만에 하루 이용자 10만 명을 넘지만 서울 택시회사들이 차봉훈의 압력으로 데이터 계약을 동시에 취소한다,출시 보름 만에 하루 이용자 10만 명을 넘지만 서울 택시회사들이 한꺼번에 데이터 계약을 취소하고 콜 업체를 장악한 서울 지부장의 압력이 드러난다.,출시 보름 만에 하루 이용자 10만 명을 넘지만 서울 택시회사들이 한꺼번에 데이터 계약을 취소하고 콜 업체를 장악한 서울 지부장의 압력이 드러난다.,PASS_BIDIRECTIONAL,현재 화 인물·고유명·수치·행동·계약상태와 다음 화 첫선을 대조,미래 선취와 현재 사실 누락이 없음
221,221화,ending_hook,L39738~L39888,택시 호출망을 장악한 차봉훈 카르텔이 다음 직접 상대가 된다,콜 업체와 택시노조를 장악한 서울 지부장의 카르텔을 어떻게 약화시킬 것인가?,콜 업체와 택시노조를 장악한 서울 지부장의 카르텔을 어떻게 약화시킬 것인가?,PASS_BIDIRECTIONAL,현재 화 인물·고유명·수치·행동·계약상태와 다음 화 첫선을 대조,미래 선취와 현재 사실 누락이 없음
223,223화,action,L40045~L40202,경찰·검찰·국세청에 자료를 동시에 넘기고 코코아택시 앱·단말기를 완성해 무료 가맹 신청을 개인기사와 중소회사에 퍼뜨린다,경찰·검찰·국세청에 차봉훈 자료를 동시에 넘기고 새 택시 호출 앱·단말기를 완성해 무료 가맹 신청을 개인기사와 중소회사에 퍼뜨린다.,경찰·검찰·국세청에 차봉훈 자료를 동시에 넘기고 새 택시 호출 앱·단말기를 완성해 무료 가맹 신청을 개인기사와 중소회사에 퍼뜨린다.,PASS_BIDIRECTIONAL,현재 화 인물·고유명·수치·행동·계약상태와 다음 화 첫선을 대조,미래 선취와 현재 사실 누락이 없음
223,223화,ending_hook,L40045~L40202,차봉훈이 주도한 닷새 총파업이 코코아택시의 첫 실전이 된다,차봉훈이 주도한 닷새 총파업이 새 택시 호출 서비스의 첫 실전이 된다.,차봉훈이 주도한 닷새 총파업이 새 택시 호출 서비스의 첫 실전이 된다.,PASS_BIDIRECTIONAL,현재 화 인물·고유명·수치·행동·계약상태와 다음 화 첫선을 대조,미래 선취와 현재 사실 누락이 없음
223,223화,opened_loops,L40045~L40202,다기관 수사·총파업 대응,새 택시 호출 서비스 출시·첫 실전; 차봉훈 수사·총파업,새 택시 호출 서비스 출시·첫 실전; 차봉훈 수사·총파업,PASS_BIDIRECTIONAL,현재 화 인물·고유명·수치·행동·계약상태와 다음 화 첫선을 대조,미래 선취와 현재 사실 누락이 없음
230,230화,ending_hook,L41259~L41447,태우가 실제 4조 원으로 낙찰됐다는 통보가 현재자동차 회장실에 들어온다,한전 부지 입찰 승리가 확인된 뒤 실제 낙찰가와 장경준의 반응은 어떻게 드러날 것인가?,한전 부지 입찰 승리가 확인된 뒤 실제 낙찰가와 장경준의 반응은 어떻게 드러날 것인가?,PASS_BIDIRECTIONAL,현재 화 인물·고유명·수치·행동·계약상태와 다음 화 첫선을 대조,미래 선취와 현재 사실 누락이 없음
230,230화,opened_loops,L41259~L41447,4조 낙찰·공군 인허가,한전 부지 실제 낙찰가; 공군 인허가,한전 부지 실제 낙찰가; 공군 인허가,PASS_BIDIRECTIONAL,현재 화 인물·고유명·수치·행동·계약상태와 다음 화 첫선을 대조,미래 선취와 현재 사실 누락이 없음
243,243화,turn_or_reveal,L43451~L43611,강수기가 과거 조폭 소탕 명단에 있었고 SG 지분·양지파 관계까지 이어진다는 단서가 나온다,강수기가 과거 조폭 소탕 명단에 있었고 SG엔터 지분과 조직폭력 배후가 이어진다는 단서가 나온다.,강수기가 과거 조폭 소탕 명단에 있었고 SG엔터 지분과 조직폭력 배후가 이어진다는 단서가 나온다.,PASS_BIDIRECTIONAL,현재 화 인물·고유명·수치·행동·계약상태와 다음 화 첫선을 대조,미래 선취와 현재 사실 누락이 없음
243,243화,paid_reward,L43451~L43611,이적 분쟁의 핵심 상대를 강수기와 양지파로 좁히고 비공개 대응팀을 세운다,이적 분쟁의 핵심 상대를 강수기와 정체를 숨긴 조직폭력 배후로 좁히고 비공개 대응팀을 세운다.,이적 분쟁의 핵심 상대를 강수기와 정체를 숨긴 조직폭력 배후로 좁히고 비공개 대응팀을 세운다.,PASS_BIDIRECTIONAL,현재 화 인물·고유명·수치·행동·계약상태와 다음 화 첫선을 대조,미래 선취와 현재 사실 누락이 없음
243,243화,opened_loops,L43451~L43611,강수기 면담; SG·양지파의 배후,강수기 면담; SG엔터의 조직폭력 배후,강수기 면담; SG엔터의 조직폭력 배후,PASS_BIDIRECTIONAL,현재 화 인물·고유명·수치·행동·계약상태와 다음 화 첫선을 대조,미래 선취와 현재 사실 누락이 없음
253,253,action,L45073~L45227,전기차를 걱정하는 김태중 회장에게 장기 선점 논리를 설명해 믿음을 얻고 한 팀장·데이비드에게 연체율·파산율·평가등급 괴리를 보고받아 라구람 라잔 접촉을 지시한다.,전기차를 걱정하는 김태중에게 장기 선점 논리를 설명해 믿음을 얻고 한 팀장·데이비드에게 연체율·파산율·평가등급 괴리를 보고받아 부동산 버블을 경고한 라잔 접촉을 지시한다.,전기차를 걱정하는 김태중에게 장기 선점 논리를 설명해 믿음을 얻고 한 팀장·데이비드에게 연체율·파산율·평가등급 괴리를 보고받아 부동산 버블을 경고한 라잔 접촉을 지시한다.,PASS_BIDIRECTIONAL,현재 화 인물·고유명·수치·행동·계약상태와 다음 화 첫선을 대조,미래 선취와 현재 사실 누락이 없음
253,253,turn_or_reveal,L45073~L45227,지역 연방준비은행과 IMF 출신 라잔도 부동산 버블을 경고했다는 사실이 확인되고 라잔이 현재 미국에 있음이 드러난다.,지역 연방준비은행과 IMF 출신 라잔도 2005년부터 부동산 버블을 경고했고 현재 미국에 있음이 확인된다.,지역 연방준비은행과 IMF 출신 라잔도 2005년부터 부동산 버블을 경고했고 현재 미국에 있음이 확인된다.,PASS_BIDIRECTIONAL,현재 화 인물·고유명·수치·행동·계약상태와 다음 화 첫선을 대조,미래 선취와 현재 사실 누락이 없음
253,253,ending_hook,L45073~L45227,미국 부동산 붕괴를 2005년부터 경고한 라잔을 영입하러 간다.,2005년부터 미국 부동산 붕괴를 경고한 라잔을 만나 SAVE의 다음 책임자로 영입할 수 있는가?,2005년부터 미국 부동산 붕괴를 경고한 라잔을 만나 SAVE의 다음 책임자로 영입할 수 있는가?,PASS_BIDIRECTIONAL,현재 화 인물·고유명·수치·행동·계약상태와 다음 화 첫선을 대조,미래 선취와 현재 사실 누락이 없음
253,253,opened_loops,L45073~L45227,라잔 영입과 월가 붕괴 대응 조직 구축 루프,라잔 첫 면담·영입; 월가 붕괴 대응 조직 구축,라잔 첫 면담·영입; 월가 붕괴 대응 조직 구축,PASS_BIDIRECTIONAL,현재 화 인물·고유명·수치·행동·계약상태와 다음 화 첫선을 대조,미래 선취와 현재 사실 누락이 없음
259,259,action,L46076~L46253,천민정에게 사투리·다국어 통역·방범을 지원하는 픽시2와 바둑 AI를 보고받고 스타크 AI를 용산 프로게이머 이벤트전에 투입한다.,천민정에게 차세대 스마트 셋톱박스와 바둑 AI 진행을 보고받고 스타크 AI를 용산 프로게이머 이벤트전에 투입한다.,"픽시가 전국·북한 사투리, 영어·중국어·일본어·스페인어와 간단 통역, CCTV 방범·자동연락을 지원하며 즉시 출시 가능하다는 보고를 받는다. 래더 2위·프로 상대 승률 50%, 전용 하드웨어 전망 80%인 스타크 AI를 용산 공개전에 투입한다.",EDIT_CURRENT_FACT_RECOVERY,현재 화 인물·고유명·수치·행동·계약상태와 다음 화 첫선을 대조,삭제·일반화된 현재 사실을 복원하거나 잘못된 유예를 제거
259,259,paid_reward,L46076~L46253,천민정의 연구가 연구실을 벗어나 상용 픽시2와 대중 앞의 인간-AI 대결로 진입한다.,천민정의 연구가 연구실을 벗어나 차세대 스마트 셋톱박스 준비와 대중 앞 인간-AI 대결로 진입한다.,"출시 가능한 픽시의 사투리·4개 외국어·통역·방범 기능, 스타크 AI의 래더 2위·프로 승률 50%와 전용 하드웨어 80% 전망, 용산 공개전 1경기 승리를 확인한다.",EDIT_CURRENT_FACT_RECOVERY,현재 화 인물·고유명·수치·행동·계약상태와 다음 화 첫선을 대조,삭제·일반화된 현재 사실을 복원하거나 잘못된 유예를 제거
259,259,closed_loops,L46076~L46253,픽시2·게임 AI 개발 루프,차세대 스마트 셋톱박스·게임 AI 개발점검,픽시 업그레이드 기능·즉시 출시 준비; 스타크 AI 래더 성능 확인; 공개전 1경기 승리,EDIT_CURRENT_FACT_RECOVERY,현재 화 인물·고유명·수치·행동·계약상태와 다음 화 첫선을 대조,삭제·일반화된 현재 사실을 복원하거나 잘못된 유예를 제거
264,264,resistance_or_cost,L46932~L47106,자동화 비용은 아직 인건비보다 비싸고 다이먼은 복수심에 들떠 있으며 CITI도 2만 명 감원으로 버틴다.,"자동화 비용은 아직 인건비보다 비싸고 다이먼은 복수심에 들떠 있으며, 대형 금융사들의 실제 부실규모도 아직 드러나지 않았다.","자동화는 30%를 절감했어도 아직 인건비가 더 싸고, 다이먼은 복수심에 들떠 있다. CITI는 2만 명을 감원해도 최소 600억 달러 손실을 현금으로 막지 못한다.",EDIT_CURRENT_FACT_RECOVERY,현재 화 인물·고유명·수치·행동·계약상태와 다음 화 첫선을 대조,삭제·일반화된 현재 사실을 복원하거나 잘못된 유예를 제거
264,264,opened_loops,L46932~L47106,CITI·리먼·AIZ를 고르는 금융 수확 루프,CITI·리먼 등 위기 금융사 수확,CITI 부실자산·리먼 등 위기 금융사 수확; 보험증서 행사시점,EDIT_CURRENT_FACT_RECOVERY,현재 화 인물·고유명·수치·행동·계약상태와 다음 화 첫선을 대조,삭제·일반화된 현재 사실을 복원하거나 잘못된 유예를 제거
309,309,ending_hook,L54454~L54614,주유소·휴게소와 해외 충전망이 다음 병목이다.,5년 전기차 인프라 약속을 실제 충전기 설치와 재선 이후 지속사업으로 만들 수 있는가?,5년 전기차 인프라 약속을 실제 충전기 설치와 재선 이후 지속사업으로 만들 수 있는가?,PASS_BIDIRECTIONAL,현재 화 인물·고유명·수치·행동·계약상태와 다음 화 첫선을 대조,미래 선취와 현재 사실 누락이 없음
327,327화,paid_reward,L57488~L57633,태우가 공격적 확장기에서 현금 축적기로 전환한다.,"일본 KIKO·공매도와 남유럽 디폴트 포지션, 퀀텀·사우디 자금의 참여 방향을 비상회의에서 승인한다. 실제 수익은 아직 전이다.","일본 KIKO·공매도와 남유럽 디폴트 포지션, 퀀텀·사우디 자금의 참여 방향을 비상회의에서 승인한다. 실제 수익은 아직 전이다.",PASS_BIDIRECTIONAL,현재 화 인물·고유명·수치·행동·계약상태와 다음 화 첫선을 대조,미래 선취와 현재 사실 누락이 없음
327,327화,state_change,L57488~L57633,태우가 공격적 확장기에서 현금 축적기로 전환한다.,태우가 공격적 확장기에서 대형 위기에 대비한 현금 축적기로 전환한다.,태우가 공격적 확장기에서 대형 위기에 대비한 현금 축적기로 전환한다.,PASS_BIDIRECTIONAL,현재 화 인물·고유명·수치·행동·계약상태와 다음 화 첫선을 대조,미래 선취와 현재 사실 누락이 없음
331,331,turn_or_reveal,L58139~L58329,계약 우위가 유지되고 전국 260개 PC방이 여론전에 투입된다.,계약 우위가 유지되고 전국의 PC방 IP를 선거 여론전에 쓸 준비가 끝난다.,계약 우위가 유지되고 전국의 PC방 IP를 선거 여론전에 쓸 준비가 끝난다.,PASS_BIDIRECTIONAL,현재 화 인물·고유명·수치·행동·계약상태와 다음 화 첫선을 대조,미래 선취와 현재 사실 누락이 없음
334,334,protagonist_goal,L58666~L58839,1만2천 교민을 대피시키고 최재석의 지도력을 세운다.,일본 교민 대피수단을 마련하고 최재석의 지도력을 세운다.,일본 교민 대피수단을 마련하고 최재석의 지도력을 세운다.,PASS_BIDIRECTIONAL,현재 화 인물·고유명·수치·행동·계약상태와 다음 화 첫선을 대조,미래 선취와 현재 사실 누락이 없음
334,334,action,L58666~L58839,항공기·버스·전용기를 투입하고 최재석에게 긴급 기자회견과 현장 대피를 맡긴다.,항공기·버스를 계약하고 최재석에게 긴급 기자회견과 교민협조 역할을 맡긴다.,항공기·버스를 계약하고 최재석에게 긴급 기자회견과 교민협조 역할을 맡긴다.,PASS_BIDIRECTIONAL,현재 화 인물·고유명·수치·행동·계약상태와 다음 화 첫선을 대조,미래 선취와 현재 사실 누락이 없음
334,334,paid_reward,L58666~L58839,회귀지식이 돈보다 먼저 생명을 구하는 자산이 된다.,항공기·버스 계약과 현지 교민 협조선을 확보하고 최재석의 일본행·기자회견 역할을 정한다. 실제 대피는 아직 전이다.,항공기·버스 계약과 현지 교민 협조선을 확보하고 최재석의 일본행·기자회견 역할을 정한다. 실제 대피는 아직 전이다.,PASS_BIDIRECTIONAL,현재 화 인물·고유명·수치·행동·계약상태와 다음 화 첫선을 대조,미래 선취와 현재 사실 누락이 없음
334,334,state_change,L58666~L58839,회귀지식이 돈보다 먼저 생명을 구하는 자산이 된다.,정부가 움직이지 않는 동안 태우가 민간 대피수단을 준비하고 최재석이 현장 책임을 맡는 단계로 바뀐다.,정부가 움직이지 않는 동안 태우가 민간 대피수단을 준비하고 최재석이 현장 책임을 맡는 단계로 바뀐다.,PASS_BIDIRECTIONAL,현재 화 인물·고유명·수치·행동·계약상태와 다음 화 첫선을 대조,미래 선취와 현재 사실 누락이 없음
334,334,opened_loops,L58666~L58839,김민재 기자회견; 1만2천 명 대피·비용 부담의 실제 발표와 실행,김민재 기자회견; 교민 대피·비용 부담의 실제 발표와 실행,김민재 기자회견; 교민 대피·비용 부담의 실제 발표와 실행,PASS_BIDIRECTIONAL,현재 화 인물·고유명·수치·행동·계약상태와 다음 화 첫선을 대조,미래 선취와 현재 사실 누락이 없음
335,335,paid_reward,L58840~L59004,과잉대응 프레임이 선견으로 뒤집힐 준비가 끝난다.,"교민 1만2천 명 대피 지원과 비용 전액 부담, 미·일 자료 전달·미국 추가자료 요청·구호물자 조달선을 실제로 확보한다.","교민 대피 지원과 비용 전액 책임을 공개하고, 운송수단·미국 추가자료 요청·구호물자 조달선을 확보한다. 1만2천 명 실제 대피는 아직 미지급이다.",EDIT_CURRENT_FACT_RECOVERY,현재 화 인물·고유명·수치·행동·계약상태와 다음 화 첫선을 대조,삭제·일반화된 현재 사실을 복원하거나 잘못된 유예를 제거
335,335,state_change,L58840~L59004,과잉대응 프레임이 선견으로 뒤집힐 준비가 끝난다.,김민재가 회장직과 그룹 신뢰를 담보로 AI 재난예측을 공개해 개인 판단을 태우그룹의 공식 책임으로 바꾼다.,"김민재가 그룹 신뢰를 담보로 AI 재난예측과 민간 대피책임을 공식화하고, 동일본 대지진 발생으로 구조 실행단계에 들어간다.",EDIT_CURRENT_FACT_RECOVERY,현재 화 인물·고유명·수치·행동·계약상태와 다음 화 첫선을 대조,삭제·일반화된 현재 사실을 복원하거나 잘못된 유예를 제거
341,341화,paid_reward,L59812~L59973,최재석은 침묵을 끝내고 대통령 후보로 나설 기반을 얻는다.,"국민경제당 후보가 서울시장 보궐선거에서 36대34, 2퍼센트 차이로 당선된다.",국민경제당 후보의 서울시장 보궐선거 36대34 승리와 디도스 증거의 내부 인계가 지급된다. 증거 공개와 최재석의 공식 대선선언은 아직 전이다.,EDIT_CURRENT_FACT_RECOVERY,현재 화 인물·고유명·수치·행동·계약상태와 다음 화 첫선을 대조,삭제·일반화된 현재 사실을 복원하거나 잘못된 유예를 제거
341,341화,state_change,L59812~L59973,최재석은 침묵을 끝내고 대통령 후보로 나설 기반을 얻는다.,국민경제당이 서울시장 승리를 얻고 김민재는 오래 침묵한 최재석을 당의 대권 중심으로 세울 때라고 판단한다. 실제 대권 선언은 아직 전이다.,국민경제당은 서울시장직을 얻고 최재석은 대권행보를 시작할 정치적 발판을 확보한다.,EDIT_CURRENT_FACT_RECOVERY,현재 화 인물·고유명·수치·행동·계약상태와 다음 화 첫선을 대조,삭제·일반화된 현재 사실을 복원하거나 잘못된 유예를 제거
341,341화,ending_hook,L59812~L59973,최재석의 대권 선언이 기다린다.,서울시장 승리를 발판으로 최재석이 오랜 침묵을 깨고 실제 대권 도전에 나설 것인가?,최재석이 긴 침묵을 끝내고 이제 움직이겠다고 말한다.,EDIT_CURRENT_FACT_RECOVERY,현재 화 인물·고유명·수치·행동·계약상태와 다음 화 첫선을 대조,삭제·일반화된 현재 사실을 복원하거나 잘못된 유예를 제거
341,341화,closed_loops,L59812~L59973,서울 보궐 증거,서울시장 보궐선거 승리,서울시장 보궐선거 36대34 승리; 디도스 증거 내부 인계,EDIT_CURRENT_FACT_RECOVERY,현재 화 인물·고유명·수치·행동·계약상태와 다음 화 첫선을 대조,삭제·일반화된 현재 사실을 복원하거나 잘못된 유예를 제거
341,341화,opened_loops,L59812~L59973,최재석 대권·해외 투자,최재석의 대권 결심·선언; 해외 투자,디도스 증거 공개; 최재석의 공식 대권선언; 해외투자,EDIT_CURRENT_FACT_RECOVERY,현재 화 인물·고유명·수치·행동·계약상태와 다음 화 첫선을 대조,삭제·일반화된 현재 사실을 복원하거나 잘못된 유예를 제거
347,347,resistance_or_cost,L60801~L60982,센트리언 규모가 작고 오스틴은 외국기업을 거부한다.,텍사스 토지 소유주들은 외국기업의 셰일 개발 참여를 꺼리고 전직 대통령에게도 아직 구체 설득을 부탁하지 않았다.,텍사스 토지 소유주들은 외국기업의 셰일 개발 참여를 꺼리고 전직 대통령에게도 아직 구체 설득을 부탁하지 않았다.,PASS_BIDIRECTIONAL,현재 화 인물·고유명·수치·행동·계약상태와 다음 화 첫선을 대조,미래 선취와 현재 사실 누락이 없음
348,348,turn_or_reveal,L60983~L61166,오스틴이 제주도보다 큰 50만 에이커 왜그너 목장을 알려준다.,부시의 소개로 만난 텍사스 토지 소유주가 제주도보다 큰 50만 에이커 목장 매물을 알려 준다.,부시의 소개로 만난 텍사스 토지 소유주가 제주도보다 큰 50만 에이커 목장 매물을 알려 준다.,PASS_BIDIRECTIONAL,현재 화 인물·고유명·수치·행동·계약상태와 다음 화 첫선을 대조,미래 선취와 현재 사실 누락이 없음
348,348,ending_hook,L60983~L61166,왜그너 상속자와 협상해야 한다.,이름이 아직 나오지 않은 50만 에이커 목장 매도 측을 찾아 먼저 매물을 확보할 수 있는가?,이름이 아직 나오지 않은 50만 에이커 목장 매도 측을 찾아 먼저 매물을 확보할 수 있는가?,PASS_BIDIRECTIONAL,현재 화 인물·고유명·수치·행동·계약상태와 다음 화 첫선을 대조,미래 선취와 현재 사실 누락이 없음
351,351,protagonist_goal,L61506~L61665,셰일 합작과 트럼프 후원·금융타워 입주를 확정한다.,셰일 합작과 트럼프 후원·유럽 금융사의 서울 금융허브 입주를 확정한다.,셰일 합작과 트럼프 후원·유럽 금융사의 서울 금융허브 입주를 확정한다.,PASS_BIDIRECTIONAL,현재 화 인물·고유명·수치·행동·계약상태와 다음 화 첫선을 대조,미래 선취와 현재 사실 누락이 없음
381,381,paid_reward,L66743~L66910,태우는 마르지 않는 투자우물을 확보한다.,"커넥트 자동번역 완성, 로보가 훔친 신약 AI 오염, 금융사별 유가 하락 수익 배분을 실행하고 원유 100달러선 붕괴·셰일주 15퍼센트 하락을 확인한다.","커넥트 자동번역 완성, 로보가 훔친 신약 AI 오염, 금융사별 유가 하락 수익 배분을 실행하고 원유 100달러선 붕괴·셰일주 15퍼센트 하락을 확인한다.",PASS_BIDIRECTIONAL,현재 화 인물·고유명·수치·행동·계약상태와 다음 화 첫선을 대조,미래 선취와 현재 사실 누락이 없음
381,381,state_change,L66743~L66910,석유전과 바이오 정보전이 동시에 전쟁으로 명명된다.,석유 하락 포지션과 로보 바이오 역정보가 동시에 실행되는 두 전쟁으로 전환된다. 20년 뒤 대규모 투자의 정체는 아직 감춰져 있다.,석유 하락 포지션과 로보 바이오 역정보가 동시에 실행되는 두 전쟁으로 전환된다. 20년 뒤 대규모 투자의 정체는 아직 감춰져 있다.,PASS_BIDIRECTIONAL,현재 화 인물·고유명·수치·행동·계약상태와 다음 화 첫선을 대조,미래 선취와 현재 사실 누락이 없음
382,382,protagonist_goal,L66911~L67084,헤스와 체셔피크 인수자금을 만든다.,미국 정부가 구조를 요청한 셰일업체 가운데 알짜 자산을 인수할 자금을 만든다.,체셔피크와 헤스를 500억 달러 이상 규모로 인수할 자금을 만들고 헤스의 가이아나 펀드 30%를 태우 목표 60%로 끌어올린다.,EDIT_CURRENT_FACT_RECOVERY,현재 화 인물·고유명·수치·행동·계약상태와 다음 화 첫선을 대조,삭제·일반화된 현재 사실을 복원하거나 잘못된 유예를 제거
382,382,action,L66911~L67084,체셔피크·헤스 공매도를 늘리고 가이아나 해양유전 지분을 노리며 미국대사의 구조요청을 받는다.,셰일업체 공매도를 늘리고 미국 대사의 구조요청을 받은 뒤 알짜 업체·지분만 골라 인수할 뜻을 밝힌다.,"체셔피크·헤스 공매도를 늘려 주가를 낮추고, 헤스가 가진 가이아나 펀드 30%와 태우 목표 60%를 확인한다. 미국 대사가 셰일업체 구조를 요청하자 두 회사를 고유 표적으로 제시한다.",EDIT_CURRENT_FACT_RECOVERY,현재 화 인물·고유명·수치·행동·계약상태와 다음 화 첫선을 대조,삭제·일반화된 현재 사실을 복원하거나 잘못된 유예를 제거
391,391,ending_hook,L68452~L68641,정밀조사 일주일 동안 공매도 자금을 더 끌어들인다.,가이아나 현장팀의 최소 50억 배럴 추정이 실제 대형 유전으로 확인돼 헤스 공매도판을 뒤집을 수 있는가?,가이아나 현장팀의 최소 50억 배럴 추정이 실제 대형 유전으로 확인돼 헤스 공매도판을 뒤집을 수 있는가?,PASS_BIDIRECTIONAL,현재 화 인물·고유명·수치·행동·계약상태와 다음 화 첫선을 대조,미래 선취와 현재 사실 누락이 없음
394,394,action,L68991~L69182,주식 반환을 거절하고 1억 달러 프리미엄을 요구한 뒤 버크셔가 판 지분을 워런과 협상한다.,"금융타워의 레일·마크 펀드에 1억 달러 프리미엄을 요구해 내보낸 뒤, 버크셔가 헤스 지분 7퍼센트 이상을 모은 이유를 확인하고 워런에게 3년 임대를 제안한다.","금융타워의 레일·마크 펀드에 1억 달러 프리미엄을 요구해 내보낸 뒤, 버크셔가 헤스 지분 7퍼센트 이상을 모은 이유를 확인하고 워런에게 3년 임대를 제안한다.",PASS_BIDIRECTIONAL,현재 화 인물·고유명·수치·행동·계약상태와 다음 화 첫선을 대조,미래 선취와 현재 사실 누락이 없음
394,394,turn_or_reveal,L68991~L69182,버크셔가 가치투자로 헤스를 전부 샀고 워런이 작전에 관심을 보인다.,버크셔의 매수 목적은 가치투자였고 워런은 민재를 지지하지만 헤스 지분 매각은 거절한다.,버크셔의 매수 목적은 가치투자였고 워런은 민재를 지지하지만 헤스 지분 매각은 거절한다.,PASS_BIDIRECTIONAL,현재 화 인물·고유명·수치·행동·계약상태와 다음 화 첫선을 대조,미래 선취와 현재 사실 누락이 없음
394,394,paid_reward,L68991~L69182,"금융타워 배신자에게 1억 달러 프리미엄 규율을 적용하고, 버크셔와 헤스 지분 임대·공개매수 동맹 협상을 연다. 워런의 참여 확답은 아직 전이다.","배신 펀드 두 곳에 1억 달러 프리미엄 규율을 적용하고, 워런에게 헤스 지분 3년 임대와 정체를 밝히지 않은 시장 이벤트를 제안한다. 지분 임대와 참여 확답은 아직 전이다.","배신 펀드 두 곳에 1억 달러 프리미엄 규율을 적용하고, 워런에게 헤스 지분 3년 임대와 정체를 밝히지 않은 시장 이벤트를 제안한다. 지분 임대와 참여 확답은 아직 전이다.",PASS_BIDIRECTIONAL,현재 화 인물·고유명·수치·행동·계약상태와 다음 화 첫선을 대조,미래 선취와 현재 사실 누락이 없음
394,394,state_change,L68991~L69182,"배신자 처분은 실행되고 버크셔는 잠재 우군으로 등장하지만, 지분 임대와 동맹은 제안 단계로 남는다.","금융타워 내부 배신자에게 퇴출성 비용이 부과되고, 버크셔는 작전 내용을 듣기 전 잠재 우군으로 이동한다.","금융타워 내부 배신자에게 퇴출성 비용이 부과되고, 버크셔는 작전 내용을 듣기 전 잠재 우군으로 이동한다.",PASS_BIDIRECTIONAL,현재 화 인물·고유명·수치·행동·계약상태와 다음 화 첫선을 대조,미래 선취와 현재 사실 누락이 없음
394,394,ending_hook,L68991~L69182,워런이 헤스 지분 3년 임대와 아직 밝히지 않은 공개매수 작전에 참여할 것인가?,워런은 헤스 지분을 3년 빌려 달라는 제안과 정체가 공개되지 않은 시장 이벤트에 참여할 것인가?,워런은 헤스 지분을 3년 빌려 달라는 제안과 정체가 공개되지 않은 시장 이벤트에 참여할 것인가?,PASS_BIDIRECTIONAL,현재 화 인물·고유명·수치·행동·계약상태와 다음 화 첫선을 대조,미래 선취와 현재 사실 누락이 없음
394,394,opened_loops,L68991~L69182,버크셔 지분 임대·동맹; 헤스 공개매수·상장폐지,버크셔 헤스 지분 3년 임대; 정체를 밝히지 않은 시장 이벤트,버크셔 헤스 지분 3년 임대; 정체를 밝히지 않은 시장 이벤트,PASS_BIDIRECTIONAL,현재 화 인물·고유명·수치·행동·계약상태와 다음 화 첫선을 대조,미래 선취와 현재 사실 누락이 없음
399,399,ending_hook,L69891~L70053,유고빈 원형 신약을 헐값에 사야 한다.,로보가 폐기하려는 신약을 태우가 헐값에 확보할 수 있는가?,천민정이 로보가 폐기하려는 신약 후보를 태우가 살릴 수 있다고 보고한다.,EDIT_CURRENT_FACT_RECOVERY,현재 화 인물·고유명·수치·행동·계약상태와 다음 화 첫선을 대조,삭제·일반화된 현재 사실을 복원하거나 잘못된 유예를 제거
414,414,entry_state,L72491~L72663,유고빈 FDA 승인이 임박하고 빈 살만이 한국에 온다.,센트리언의 당뇨병 치료제 FDA 승인이 임박하고 빈 살만이 한국에 온다.,센트리언의 당뇨병 치료제 FDA 승인이 임박하고 빈 살만이 한국에 온다.,PASS_BIDIRECTIONAL,현재 화 인물·고유명·수치·행동·계약상태와 다음 화 첫선을 대조,미래 선취와 현재 사실 누락이 없음
414,414,protagonist_goal,L72491~L72663,유고빈 공장을 늘리고 빈 살만을 왕세자로 올린다.,당뇨병 치료제 생산공장을 늘리고 빈 살만을 왕세자로 올린다.,당뇨병 치료제 생산공장을 늘리고 빈 살만을 왕세자로 올린다.,PASS_BIDIRECTIONAL,현재 화 인물·고유명·수치·행동·계약상태와 다음 화 첫선을 대조,미래 선취와 현재 사실 누락이 없음
414,414,closed_loops,L72491~L72663,유고빈 심사,당뇨병 치료제 FDA 심사,삼진바이오 흑자·무상 공장지원 제안; 국민경제당 지지율 1위; 빈 살만의 부왕 동의,EDIT_CURRENT_FACT_RECOVERY,현재 화 인물·고유명·수치·행동·계약상태와 다음 화 첫선을 대조,삭제·일반화된 현재 사실을 복원하거나 잘못된 유예를 제거
415,415,turn_or_reveal,L72664~L72834,25만 대 렌터카와 미국 화물망이 실험대상이 된다.,렌터카 업체와 미국 화물망이 원격조종·자율주행 실험대상이 될 수 있다.,렌터카 업체와 미국 화물망이 원격조종·자율주행 실험대상이 될 수 있다.,PASS_BIDIRECTIONAL,현재 화 인물·고유명·수치·행동·계약상태와 다음 화 첫선을 대조,미래 선취와 현재 사실 누락이 없음
419,419,ending_hook,L73360~L73524,최재석과 해운·PF 정책을 확정한다.,최재석이 생각을 정리한 해운업 문제를 다음 날 어떤 조건으로 풀지 남는다.,최재석이 생각을 정리한 해운업 문제를 다음 날 어떤 조건으로 풀지 남는다.,PASS_BIDIRECTIONAL,현재 화 인물·고유명·수치·행동·계약상태와 다음 화 첫선을 대조,미래 선취와 현재 사실 누락이 없음
433,433,ending_hook,L75754~L75944,버클리·브로드 등 세 유전자 가위 진영을 한꺼번에 영입한다.,특허분쟁 중인 세 유전자 가위 진영을 각각 만나 기술·연구진을 한꺼번에 확보할 수 있는가?,특허분쟁 중인 세 유전자 가위 진영을 각각 만나 기술·연구진을 한꺼번에 확보할 수 있는가?,PASS_BIDIRECTIONAL,현재 화 인물·고유명·수치·행동·계약상태와 다음 화 첫선을 대조,미래 선취와 현재 사실 누락이 없음
445,445,action,L77842~L78035,미국 투자약속을 공식화한 뒤 리강·칭화 회장의 반도체 기술매각 요구를 거절하고 천민정의 무단접속 기록을 정영근의 칭화 연계 정보와 대조한다.,미국 투자약속을 공식화한 뒤 리강·칭화 회장의 반도체 기술매각 요구를 거절하고 천민정의 무단접속 기록을 200명 명단의 이중소속 정보와 대조한다.,미국 투자약속을 공식화한 뒤 리강·칭화 회장의 반도체 기술매각 요구를 거절하고 천민정의 무단접속 기록을 200명 명단의 이중소속 정보와 대조한다.,PASS_BIDIRECTIONAL,현재 화 인물·고유명·수치·행동·계약상태와 다음 화 첫선을 대조,미래 선취와 현재 사실 누락이 없음
445,445,turn_or_reveal,L77842~L78035,정영근이 칭화 기획조직과 태우반도체에 동시에 걸친 산업스파이로 드러난다.,200명 명단에서 칭화 기획조직과 태우반도체에 동시에 걸친 산업스파이 후보 한 명이 드러난다.,200명 명단에서 칭화 기획조직과 태우반도체에 동시에 걸친 산업스파이 후보 한 명이 드러난다.,PASS_BIDIRECTIONAL,현재 화 인물·고유명·수치·행동·계약상태와 다음 화 첫선을 대조,미래 선취와 현재 사실 누락이 없음
445,445,state_change,L77842~L78035,50억 달러 투자로 미국 우군을 사고 스파이의 실명까지 확보한다.,50억 달러 투자로 미국 우군을 사고 내부 산업스파이 후보를 한 명까지 좁힌다.,50억 달러 투자로 미국 우군을 사고 내부 산업스파이 후보를 한 명까지 좁힌다.,PASS_BIDIRECTIONAL,현재 화 인물·고유명·수치·행동·계약상태와 다음 화 첫선을 대조,미래 선취와 현재 사실 누락이 없음
445,445,ending_hook,L77842~L78035,정영근이 칭화그룹 기획팀과 태우반도체 기술개발팀에 동시에 속한 산업스파이임이 드러난다.,두 회사 소속이 함께 적힌 산업스파이 후보의 계좌·접촉선을 조사해 실제 유출 증거를 확보할 수 있는가?,두 회사 소속이 함께 적힌 산업스파이 후보의 계좌·접촉선을 조사해 실제 유출 증거를 확보할 수 있는가?,PASS_BIDIRECTIONAL,현재 화 인물·고유명·수치·행동·계약상태와 다음 화 첫선을 대조,미래 선취와 현재 사실 누락이 없음
445,445,opened_loops,L77842~L78035,정영근 조사·미중 기술전,산업스파이 후보 조사; 미중 기술전,산업스파이 후보 조사; 미중 기술전,PASS_BIDIRECTIONAL,현재 화 인물·고유명·수치·행동·계약상태와 다음 화 첫선을 대조,미래 선취와 현재 사실 누락이 없음
453,453,action,L79277~L79459,말레이시아 암살정보를 강대위에게 주고 현장팀과 VX 해독제·의료진을 준비시켜 정권교체가 아닌 협상카드 확보임을 명시한다.,말레이시아 암살정보를 강 대위에게 주고 현장팀과 독살 대응 해독제·의료진을 준비시켜 정권교체가 아닌 협상카드 확보임을 명시한다.,말레이시아 암살정보를 강 대위에게 주고 현장팀과 독살 대응 해독제·의료진을 준비시켜 정권교체가 아닌 협상카드 확보임을 명시한다.,PASS_BIDIRECTIONAL,현재 화 인물·고유명·수치·행동·계약상태와 다음 화 첫선을 대조,미래 선취와 현재 사실 누락이 없음
506,506,reader_promise,L88515~L88679,중국으로 기술을 빼돌린 탑테크를 물증과 명동 집행력으로 공개 본보기로 만드는 약속.,중국으로 기술을 빼돌린 협력업체 관련자를 물증과 명동 집행력으로 공개 본보기로 만드는 약속.,중국으로 기술을 빼돌린 협력업체 관련자를 물증과 명동 집행력으로 공개 본보기로 만드는 약속.,PASS_BIDIRECTIONAL,현재 화 인물·고유명·수치·행동·계약상태와 다음 화 첫선을 대조,미래 선취와 현재 사실 누락이 없음
506,506,action,L88515~L88679,천민정의 기술절도 증거로 탑테크와 중국 유출선을 이영한에게 넘긴다,천민정의 디스플레이 기술유출 증거와 관련자 명단을 이영한에게 넘긴다.,천민정의 디스플레이 기술유출 증거와 관련자 명단을 이영한에게 넘긴다.,PASS_BIDIRECTIONAL,현재 화 인물·고유명·수치·행동·계약상태와 다음 화 첫선을 대조,미래 선취와 현재 사실 누락이 없음
506,506,resistance_or_cost,L88515~L88679,탑테크 관련자는 불법자금을 숨겼고 합법적 기업인 태우가 직접 회수하면 수사·평판 위험이 생긴다.,관련자들은 불법자금을 숨겼고 합법기업인 태우가 직접 회수하면 수사·평판 위험이 생긴다.,관련자들은 불법자금을 숨겼고 합법기업인 태우가 직접 회수하면 수사·평판 위험이 생긴다.,PASS_BIDIRECTIONAL,현재 화 인물·고유명·수치·행동·계약상태와 다음 화 첫선을 대조,미래 선취와 현재 사실 누락이 없음
506,506,ending_hook,L88515~L88679,악마의 미소를 지은 이영한이 탑테크 관련자들을 어떤 방식으로 무너뜨릴지가 걸린다.,악마의 미소를 지은 이영한이 기술유출 관련자들을 어떤 방식으로 무너뜨릴지가 걸린다.,악마의 미소를 지은 이영한이 기술유출 관련자들을 어떤 방식으로 무너뜨릴지가 걸린다.,PASS_BIDIRECTIONAL,현재 화 인물·고유명·수치·행동·계약상태와 다음 화 첫선을 대조,미래 선취와 현재 사실 누락이 없음
506,506,closed_loops,L88515~L88679,탑테크·관련자 명단 확보와 이영한 투입 결정.,기술유출 관련자 명단 확보와 이영한 투입 결정,기술유출 관련자 명단 확보와 이영한 투입 결정,PASS_BIDIRECTIONAL,현재 화 인물·고유명·수치·행동·계약상태와 다음 화 첫선을 대조,미래 선취와 현재 사실 누락이 없음
513,513,ending_hook,L89697~L89854,공장에 넣을 ASML 장비를 중국 제재 물량까지 포함해 어떻게 선점할지가 남는다.,AI·HBM·GPU를 태우가 독식해 앞으로 20년 성장동력으로 만들 수 있는가?,중국 업체보다 먼저 구형 노광장비 공급계약을 확보하고 2년 뒤 차량용 반도체 부족 전에 인도·베트남 팹을 가동할 수 있는가?,EDIT_CURRENT_FACT_RECOVERY,현재 화 인물·고유명·수치·행동·계약상태와 다음 화 첫선을 대조,삭제·일반화된 현재 사실을 복원하거나 잘못된 유예를 제거
513,513,opened_loops,L89697~L89854,해외 팹 건설·양산; ASML EUV·DUV 공급권 확보,해외 팹 건설·양산; HBM·GPU 개발·한국 공장 착공,구형 노광장비 선점계약; 인도·베트남 팹 건설·양산; 중국 경쟁·악성재고 위험,EDIT_CURRENT_FACT_RECOVERY,현재 화 인물·고유명·수치·행동·계약상태와 다음 화 첫선을 대조,삭제·일반화된 현재 사실을 복원하거나 잘못된 유예를 제거
514,514,reader_promise,L89855~L90022,중국으로 갈 ASML 장비를 태우가 먼저 받아 반도체 대란 때 국가보다 큰 공급력을 갖는 약속.,해외 팹의 장비병목을 확인하고 김민재가 ASML 직접 협상에 나서는 약속.,"베트남 반도체공장↔쌀·농지, 인도 공장↔밀을 교환하고 ASML 구형장비를 중국 대신 태우로 돌릴 직접협상을 연다.",EDIT_CURRENT_FACT_RECOVERY,현재 화 인물·고유명·수치·행동·계약상태와 다음 화 첫선을 대조,삭제·일반화된 현재 사실을 복원하거나 잘못된 유예를 제거
514,514,protagonist_goal,L89855~L90022,ASML 증설과 장비 배분 조건을 협상해 해외 공장에 필요한 EUV 물량을 확보한다.,해외 팹에 필요한 ASML 장비 공급을 직접 협상한다.,해외팹 생산품을 배분하고 베트남·인도 곡물·농지 조건과 ASML 구형장비 공급을 직접 협상한다.,EDIT_CURRENT_FACT_RECOVERY,현재 화 인물·고유명·수치·행동·계약상태와 다음 화 첫선을 대조,삭제·일반화된 현재 사실을 복원하거나 잘못된 유예를 제거
514,514,action,L89855~L90022,해외 레거시 공장별 생산품을 배분하고 ASML 장비 선점을 위해 피터슨을 직접 만나기로 정한 뒤 베트남·인도 출장길에 오른다.,"곡물시장 비판 보도를 확인하고 해외 팹 진출은 계속 밀되, ASML과 추가 협상이 필요하다는 보고에 김민재가 직접 나서겠다고 정한다.","공장별 생산품을 배분한 뒤 베트남 공장 대가로 곡물계약·대규모 농지사용권, 인도 공장 대가로 밀을 요구하기로 한다. 1,000억 달러 곡물 비판을 버티며 ASML이 중국 대신 태우와 구형장비 계약을 맺을지 우려하자 김민재가 직접 협상하고 귀로 베트남·인도 도장을 받겠다고 정한다.",EDIT_CURRENT_FACT_RECOVERY,현재 화 인물·고유명·수치·행동·계약상태와 다음 화 첫선을 대조,삭제·일반화된 현재 사실을 복원하거나 잘못된 유예를 제거
514,514,turn_or_reveal,L89855~L90022,"중국 제재로 비는 장비를 선점하면 반도체 대란 때 태우 영향력이 국가 수준을 넘을 수 있지만, ASML 협상은 아직 시작 전이다.","언론의 오너리스크 공세와 중국 배후 의심에도 계획을 바꾸지 않고, ASML 협상 뒤 베트남·인도 계약까지 직접 잇기로 한다.",곡물시장 비판과 중국 배후 의심에도 김민재가 ASML 직접협상 뒤 베트남·인도 정부 계약까지 한 순방으로 잇기로 한다.,EDIT_CURRENT_FACT_RECOVERY,현재 화 인물·고유명·수치·행동·계약상태와 다음 화 첫선을 대조,삭제·일반화된 현재 사실을 복원하거나 잘못된 유예를 제거
514,514,paid_reward,L89855~L90022,레거시 공장별 생산품과 필요한 장비 방향을 정하고 피터슨과 직접 협상할 출장 일정을 잡는다. ASML 공급권·증설 합의는 아직 없다.,"비판 여론에도 곡물·해외 팹 계획을 유지하고, ASML 장비 문제를 김민재가 직접 협상하기로 정한다. 상대와 장비별 조건은 아직 나오지 않는다.","해외팹 생산품 배분, 베트남의 곡물·농지와 인도의 밀이라는 교환조건, ASML 직접협상 및 베트남·인도 방문·도장 계획을 확정한다. ASML 장비공급과 정부계약은 아직 미지급이다.",EDIT_CURRENT_FACT_RECOVERY,현재 화 인물·고유명·수치·행동·계약상태와 다음 화 첫선을 대조,삭제·일반화된 현재 사실을 복원하거나 잘못된 유예를 제거
514,514,state_change,L89855~L90022,"추상적 해외 증설안이 공장별 생산품과 장비수요를 정한 실행계획으로 좁혀지고, 다음 직접협상으로 이동한다.",해외 팹 구상이 언론 비판을 버티며 ASML 직접 협상과 베트남·인도 방문 일정으로 진전되지만 장비 공급계약은 전이다.,해외팹은 반도체 생산계획에서 식량·농지·노광장비를 맞바꾸는 국가협상안으로 진전된다.,EDIT_CURRENT_FACT_RECOVERY,현재 화 인물·고유명·수치·행동·계약상태와 다음 화 첫선을 대조,삭제·일반화된 현재 사실을 복원하거나 잘못된 유예를 제거
514,514,ending_hook,L89855~L90022,피터슨을 직접 만나 ASML 증설비와 기존·신규 EUV·DUV 공급비율을 거래할 수 있는가?,김민재가 직접 나선 ASML 협상에서 해외 팹에 필요한 장비 공급을 어떤 조건으로 확보할 것인가?,ASML이 중국 대신 태우와 구형장비 공급계약을 맺고 베트남·인도가 곡물·농지 교환조건에 도장 찍을 것인가?,EDIT_CURRENT_FACT_RECOVERY,현재 화 인물·고유명·수치·행동·계약상태와 다음 화 첫선을 대조,삭제·일반화된 현재 사실을 복원하거나 잘못된 유예를 제거
514,514,opened_loops,L89855~L90022,피터슨 면담; ASML 증설비 부담과 EUV·DUV 공급비율 계약,ASML 직접 협상; 해외 팹 장비 공급; 베트남·인도 계약,ASML 구형장비 공급계약; 베트남 곡물·농지 계약; 인도 밀·팹 계약,EDIT_CURRENT_FACT_RECOVERY,현재 화 인물·고유명·수치·행동·계약상태와 다음 화 첫선을 대조,삭제·일반화된 현재 사실을 복원하거나 잘못된 유예를 제거
522,522,action,L91201~L91367,수감된 이 상무가 물 만한 가짜·도난 반도체 기술 USB와 간접 전달경로를 설계해 중국 보조금 사냥의 미끼를 준비한다.,수감된 이 상무의 욕심과 간접 전달경로를 이용해 중국 각지에 가짜 반도체 공장을 만들 보조금 사냥 미끼를 설계한다.,수감된 이 상무의 욕심과 간접 전달경로를 이용해 중국 각지에 가짜 반도체 공장을 만들 보조금 사냥 미끼를 설계한다.,PASS_BIDIRECTIONAL,현재 화 인물·고유명·수치·행동·계약상태와 다음 화 첫선을 대조,미래 선취와 현재 사실 누락이 없음
522,522,turn_or_reveal,L91201~L91367,"진짜 생산에는 쓸모없는 기술도 중국 보조금 심사에는 그럴듯해 보이지만, USB 전달과 이 상무의 반응은 아직 남는다.","실제 생산에는 쓸모없지만 보조금 심사에는 그럴듯해 보일 기술미끼와 전달경로가 필요하고, 이 상무의 반응은 남는다.","실제 생산에는 쓸모없지만 보조금 심사에는 그럴듯해 보일 기술미끼와 전달경로가 필요하고, 이 상무의 반응은 남는다.",PASS_BIDIRECTIONAL,현재 화 인물·고유명·수치·행동·계약상태와 다음 화 첫선을 대조,미래 선취와 현재 사실 누락이 없음
522,522,paid_reward,L91201~L91367,"가짜·도난 기술 USB와 간접 전달경로, 이 상무를 보조금 사냥꾼으로 쓸 계획을 완성한다. 실제 전달·가짜 팹 설립은 아직 전이다.",이 상무를 보조금 사냥꾼으로 쓸 기술미끼·간접 전달경로 계획을 완성한다. 실제 전달·가짜 팹 설립은 전이다.,이 상무를 보조금 사냥꾼으로 쓸 기술미끼·간접 전달경로 계획을 완성한다. 실제 전달·가짜 팹 설립은 전이다.,PASS_BIDIRECTIONAL,현재 화 인물·고유명·수치·행동·계약상태와 다음 화 첫선을 대조,미래 선취와 현재 사실 누락이 없음
522,522,ending_hook,L91201~L91367,USB가 이 상무에게 실제 전달되고 그가 미끼를 물어 가짜 팹을 만들 것인가?,설계한 기술미끼가 이 상무에게 전달되고 그가 욕심을 부려 가짜 팹을 만들 것인가?,설계한 기술미끼가 이 상무에게 전달되고 그가 욕심을 부려 가짜 팹을 만들 것인가?,PASS_BIDIRECTIONAL,현재 화 인물·고유명·수치·행동·계약상태와 다음 화 첫선을 대조,미래 선취와 현재 사실 누락이 없음
522,522,closed_loops,L91201~L91367,이 상무 활용계획; 가짜 기술 USB·간접경로 준비,이 상무 활용계획; 기술미끼·간접경로 설계,이 상무 활용계획; 기술미끼·간접경로 설계,PASS_BIDIRECTIONAL,현재 화 인물·고유명·수치·행동·계약상태와 다음 화 첫선을 대조,미래 선취와 현재 사실 누락이 없음
522,522,opened_loops,L91201~L91367,USB 전달; 이 상무의 수락; 가짜 팹 확산; 중국 보조금 고갈,기술미끼 전달; 이 상무의 수락; 가짜 팹 확산; 중국 보조금 고갈,기술미끼 전달; 이 상무의 수락; 가짜 팹 확산; 중국 보조금 고갈,PASS_BIDIRECTIONAL,현재 화 인물·고유명·수치·행동·계약상태와 다음 화 첫선을 대조,미래 선취와 현재 사실 누락이 없음
531,531,reader_promise,L92761~L92938,12나인 불화수소 양산을 국민과 시장 앞에 공개해 일본 독점의 첫 고리를 끊는 보상.,국산 불화수소 양산을 국민과 시장 앞에 공개해 일본 독점의 첫 고리를 끊는 보상.,국산 불화수소 양산을 국민과 시장 앞에 공개해 일본 독점의 첫 고리를 끊는 보상.,PASS_BIDIRECTIONAL,현재 화 인물·고유명·수치·행동·계약상태와 다음 화 첫선을 대조,미래 선취와 현재 사실 누락이 없음
531,531,action,L92761~L92938,미국 지지를 확인한 뒤 12나인 불화수소 양산을 기자회견으로 발표한다,미국 지지를 확인한 뒤 국산 불화수소 양산을 기자회견으로 발표한다.,미국 지지를 확인한 뒤 국산 불화수소 양산을 기자회견으로 발표한다.,PASS_BIDIRECTIONAL,현재 화 인물·고유명·수치·행동·계약상태와 다음 화 첫선을 대조,미래 선취와 현재 사실 누락이 없음
531,531,paid_reward,L92761~L92938,12나인 불화수소 양산 성공이 기자회견으로 공인되고 일본 독점의 기술우위가 깨진다.,국산 불화수소 양산 성공이 기자회견으로 공인되고 일본 독점의 기술우위가 깨진다.,국산 불화수소 양산 성공이 기자회견으로 공인되고 일본 독점의 기술우위가 깨진다.,PASS_BIDIRECTIONAL,현재 화 인물·고유명·수치·행동·계약상태와 다음 화 첫선을 대조,미래 선취와 현재 사실 누락이 없음
531,531,closed_loops,L92761~L92938,12나인 양산 성공의 공개 검증.,국산 불화수소 양산 성공의 공개 검증,국산 불화수소 양산 성공의 공개 검증,PASS_BIDIRECTIONAL,현재 화 인물·고유명·수치·행동·계약상태와 다음 화 첫선을 대조,미래 선취와 현재 사실 누락이 없음
541,541,reader_promise,L94487~L94679,중국 발표 전 병원데이터로 신종 코로나를 잡아 세계 최초의 진단·백신 대응시간을 얻는 약속.,중국 발표 전 병원데이터로 신종 코로나를 잡아 세계 최초의 검사키트·백신·치료제 대응시간을 얻는 약속.,중국 발표 전 병원데이터로 신종 코로나를 잡아 세계 최초의 검사키트·백신·치료제 대응시간을 얻는 약속.,PASS_BIDIRECTIONAL,현재 화 인물·고유명·수치·행동·계약상태와 다음 화 첫선을 대조,미래 선취와 현재 사실 누락이 없음
541,541,action,L94487~L94679,태우병원 이동수 의료진이 우한에서 신종 코로나를 탐지하고 센트리언이 백신·진단 개발에 착수한다,태우병원 이동수 의료진이 우한에서 신종 코로나를 탐지하고 센트리언이 검사키트·백신·치료제 연구에 착수한다.,태우병원 이동수 의료진이 우한에서 신종 코로나를 탐지하고 센트리언이 검사키트·백신·치료제 연구에 착수한다.,PASS_BIDIRECTIONAL,현재 화 인물·고유명·수치·행동·계약상태와 다음 화 첫선을 대조,미래 선취와 현재 사실 누락이 없음
541,541,paid_reward,L94487~L94679,이동수의 이상감염 보고가 센트리언에 전달되고 진단키트·백신 개발팀이 가동된다.,이동수의 이상감염 보고가 센트리언에 전달되고 검사키트·백신·치료제 개발팀이 가동된다.,이동수의 이상감염 보고가 센트리언에 전달되고 검사키트·백신·치료제 개발팀이 가동된다.,PASS_BIDIRECTIONAL,현재 화 인물·고유명·수치·행동·계약상태와 다음 화 첫선을 대조,미래 선취와 현재 사실 누락이 없음
541,541,opened_loops,L94487~L94679,"진단키트 성공, 의료진 격리·귀국, 중국 공식발표 전 대응.",검사키트 성공; 의료진 격리·귀국; 중국 공식발표 전 대응,검사키트 성공; 의료진 격리·귀국; 중국 공식발표 전 대응,PASS_BIDIRECTIONAL,현재 화 인물·고유명·수치·행동·계약상태와 다음 화 첫선을 대조,미래 선취와 현재 사실 누락이 없음
568,568,reader_promise,L99285~L99462,일본의 비밀 구조요청을 공개 굴욕 없이 장기 외교·자산 보상으로 바꾸는 약속.,일본의 비밀 구조요청을 제3국 협상으로 바꾸고 방역물자 지원의 구체 대가를 정하는 외교 담판,일본의 비밀 구조요청을 제3국 협상으로 바꾸고 방역물자 지원의 구체 대가를 정하는 외교 담판,PASS_BIDIRECTIONAL,현재 화 인물·고유명·수치·행동·계약상태와 다음 화 첫선을 대조,미래 선취와 현재 사실 누락이 없음
568,568,protagonist_goal,L99285~L99462,다이키요를 일본 밖 호주로 불러 방역물자와 G7 지지를 교환한다.,일본의 비밀 지원요청을 호주 회담으로 끌어내 구체 대가를 정한다.,일본의 비밀 지원요청을 호주 회담으로 끌어내 구체 대가를 정한다.,PASS_BIDIRECTIONAL,현재 화 인물·고유명·수치·행동·계약상태와 다음 화 첫선을 대조,미래 선취와 현재 사실 누락이 없음
568,568,paid_reward,L99285~L99462,일본의 비밀 지원요청과 호주 회담 일정·장소를 확보한다. G7 지지·자산 인수 조건은 아직 제시·합의 전이다.,일본의 비밀 지원요청과 호주 회담 장소를 확보한다. 구체 대가는 아직 제시·합의 전이다.,일본의 비밀 지원요청과 호주 회담 장소를 확보한다. 구체 대가는 아직 제시·합의 전이다.,PASS_BIDIRECTIONAL,현재 화 인물·고유명·수치·행동·계약상태와 다음 화 첫선을 대조,미래 선취와 현재 사실 누락이 없음
568,568,ending_hook,L99285~L99462,호주 회담에서 방역물자 대가로 어떤 G7·자산 조건을 제시하고 일본이 받아들일 것인가?,호주 회담에서 방역물자 지원의 대가로 무엇을 요구하고 일본이 받아들일 것인가?,호주 회담에서 방역물자 지원의 대가로 무엇을 요구하고 일본이 받아들일 것인가?,PASS_BIDIRECTIONAL,현재 화 인물·고유명·수치·행동·계약상태와 다음 화 첫선을 대조,미래 선취와 현재 사실 누락이 없음
568,568,opened_loops,L99285~L99462,방역물자 조건제시; G7 비반대; 일본 저평가자산 인수,호주 회담; 방역물자 지원 조건,호주 회담; 방역물자 지원 조건,PASS_BIDIRECTIONAL,현재 화 인물·고유명·수치·행동·계약상태와 다음 화 첫선을 대조,미래 선취와 현재 사실 누락이 없음
577,577,ending_hook,L100880~L101041,1달러 위탁생산과 공공재 이미지를 바탕으로 양적완화 개인자금을 시장에 끌어들일 새 얼굴과 서사를 만들 수 있는가?,양적완화 지원금을 들고 망설이는 개인들을 주식시장으로 밀어 넣을 촉매는 무엇인가?,양적완화 지원금을 들고 망설이는 개인들을 주식시장으로 밀어 넣을 촉매가 필요하다.,EDIT_CURRENT_FACT_RECOVERY,현재 화 인물·고유명·수치·행동·계약상태와 다음 화 첫선을 대조,삭제·일반화된 현재 사실을 복원하거나 잘못된 유예를 제거
577,577,opened_loops,L100880~L101041,개인투자자 유입; 시장 영웅·서사 설계; 유럽 정책협력,개인투자자 유입 촉매; 유럽 정책협력,유럽 위탁생산 계약; 아프리카 백신공급; 개인투자자 유입,EDIT_CURRENT_FACT_RECOVERY,현재 화 인물·고유명·수치·행동·계약상태와 다음 화 첫선을 대조,삭제·일반화된 현재 사실을 복원하거나 잘못된 유예를 제거
578,578,protagonist_goal,L101042~L101213,베릴의 방송·이미지를 키워 게임스핀 공매도에 소액투자자를 결집시킨다.,베릴의 방송·이미지를 키워 아직 정하지 않은 공매도 표적에 소액투자자를 결집시킨다.,베릴의 방송·이미지를 키워 아직 정하지 않은 공매도 표적에 소액투자자를 결집시킨다.,PASS_BIDIRECTIONAL,현재 화 인물·고유명·수치·행동·계약상태와 다음 화 첫선을 대조,미래 선취와 현재 사실 누락이 없음
584,584,paid_reward,L102093~L102272,미국 방문과 중국 팹 규제유예·인텔 NAND 가격협상 방침을 정한다. 4년 유예·75억 달러 매입합의는 아직 전이다.,미국 방문과 중국 팹 규제유예·인텔 NAND 가격협상 방침을 정한다. 유예기간·매입가격·계약은 아직 전이다.,미국 방문과 중국 팹 규제유예·인텔 NAND 가격협상 방침을 정한다. 유예기간·매입가격·계약은 아직 전이다.,PASS_BIDIRECTIONAL,현재 화 인물·고유명·수치·행동·계약상태와 다음 화 첫선을 대조,미래 선취와 현재 사실 누락이 없음
591,591,ending_hook,L103265~L103426,폭스바겐·르노 등 유럽 기업이 GDC 조건을 수용할지가 걸린다.,다음 날 유럽 완성차 대표들이 차량용반도체·충전시스템을 조건으로 태우식 자동차 동맹에 들어올 것인가?,다음 날 유럽 완성차 대표들이 차량용반도체·충전시스템을 조건으로 태우식 자동차 동맹에 들어올 것인가?,PASS_BIDIRECTIONAL,현재 화 인물·고유명·수치·행동·계약상태와 다음 화 첫선을 대조,미래 선취와 현재 사실 누락이 없음
591,591,opened_loops,L103265~L103426,"GDC 창설, G7+ 가입, 최재석 재선.",유럽 완성차 동맹 협상; G7+ 가입; 최재석 재선,유럽 완성차 동맹 협상; G7+ 가입; 최재석 재선,PASS_BIDIRECTIONAL,현재 화 인물·고유명·수치·행동·계약상태와 다음 화 첫선을 대조,미래 선취와 현재 사실 누락이 없음
592,592,ending_hook,L103427~L103586,미쉘이 약속한 한국·호주 G7+ 가입을 실제 표결로 만들지가 남는다.,이번 주 안에 GDC 회원사별 차량용반도체 공급량을 공평하게 정하고 동맹을 실제 가동할 수 있는가?,이번 주 안에 GDC 회원사별 차량용반도체 공급량을 공평하게 정하고 동맹을 실제 가동할 수 있는가?,PASS_BIDIRECTIONAL,현재 화 인물·고유명·수치·행동·계약상태와 다음 화 첫선을 대조,미래 선취와 현재 사실 누락이 없음
592,592,opened_loops,L103427~L103586,"G7+ 확정, 중국·일본의 배제 반응.",회원사별 차량용반도체 공급량; GDC 가동; 중국·일본의 배제 반응,회원사별 차량용반도체 공급량; GDC 가동; 중국·일본의 배제 반응,PASS_BIDIRECTIONAL,현재 화 인물·고유명·수치·행동·계약상태와 다음 화 첫선을 대조,미래 선취와 현재 사실 누락이 없음
597,597,action,L104261~L104422,SNS·환자 가족 여론으로 제약협회를 역풍에 몰아넣자 스티븐 허블이 한국 협상방문을 결정한다.,SNS·환자 가족 여론으로 제약협회를 역풍에 몰아넣자 협회장이 한국 방문과 센트리언 정회원 제안을 결정한다.,SNS·환자 가족 여론으로 제약협회를 역풍에 몰아넣자 협회장이 한국 방문과 센트리언 정회원 제안을 결정한다.,PASS_BIDIRECTIONAL,현재 화 인물·고유명·수치·행동·계약상태와 다음 화 첫선을 대조,미래 선취와 현재 사실 누락이 없음
597,597,ending_hook,L104261~L104422,허블이 어떤 생산권·가입조건을 내놓고 김민재가 무료약 부담을 어떻게 나눌지가 열린다.,협회장이 정회원 자격을 들고 실제 한국에 왔을 때 김민재가 어떤 역조건을 내놓을지가 열린다.,협회장이 정회원 자격을 들고 실제 한국에 왔을 때 김민재가 어떤 역조건을 내놓을지가 열린다.,PASS_BIDIRECTIONAL,현재 화 인물·고유명·수치·행동·계약상태와 다음 화 첫선을 대조,미래 선취와 현재 사실 누락이 없음
597,597,opened_loops,L104261~L104422,협회장 실제 방한·협상; 정회원 계약; 아시아 필수의약품 생산권,협회장 실제 방한·협상; 정회원 계약,협회장 실제 방한·협상; 정회원 계약,PASS_BIDIRECTIONAL,현재 화 인물·고유명·수치·행동·계약상태와 다음 화 첫선을 대조,미래 선취와 현재 사실 누락이 없음
605,605,reader_promise,L105610~L105770,AI로 북한 공격을 막고 장남 경로와 호주석탄 물량을 함께 확보해 안보·에너지 역공을 준비하는 약속.,북한 AI 해킹을 막고 중국 전력난에 대비해 몽골 석탄 증산·비축을 준비하는 에너지 역공,북한 AI 해킹을 막고 중국 전력난에 대비해 몽골 석탄 증산·비축을 준비하는 에너지 역공,PASS_BIDIRECTIONAL,현재 화 인물·고유명·수치·행동·계약상태와 다음 화 첫선을 대조,미래 선취와 현재 사실 누락이 없음
605,605,protagonist_goal,L105610~L105770,침입을 역추적해 북한 내부 불만세력을 그리고 중국이 막은 호주산 석탄을 선점한다.,북한 해킹을 차단하고 중국 전력난에 쓸 몽골 석탄 생산량과 비축량을 늘린다.,북한 해킹을 차단하고 중국 전력난에 쓸 몽골 석탄 생산량과 비축량을 늘린다.,PASS_BIDIRECTIONAL,현재 화 인물·고유명·수치·행동·계약상태와 다음 화 첫선을 대조,미래 선취와 현재 사실 누락이 없음
605,605,action,L105610~L105770,AI 방어로 북한 해킹을 막고 장남 관련 경로를 검토한 뒤 몽골 석탄 생산량을 늘려 비축하라고 지시하며 호주·가이아나 순방을 구상한다.,"AI 방어로 북한 해킹을 막고 장남 관련 경로를 검토한 뒤, 중국의 호주산 석탄 수입금지를 전력난 기회로 읽어 몽골 석탄 증산·비축을 지시한다.","AI 방어가 센트리언 해킹을 막고 6천 대 좀비PC·북한 암호·반체제 인사명단·비트코인 경로를 잡아낸다. 중국의 호주산 석탄 금지에서 전력난을 읽어 몽골 증산·비축을 지시하지만 실제 물량은 없고, 마지막에는 QUAD 참여압박의 부담을 확인한다.",EDIT_CURRENT_FACT_RECOVERY,현재 화 인물·고유명·수치·행동·계약상태와 다음 화 첫선을 대조,삭제·일반화된 현재 사실을 복원하거나 잘못된 유예를 제거
605,605,ending_hook,L105610~L105770,몽골 석탄 증산·비축을 실제 물량으로 만들고 QUAD 가입 없이 호주·가이아나와 에너지·방산 계약을 맺을 수 있는가?,몽골 석탄 증산·비축을 실제 물량으로 만들고 QUAD 압박 속 중국 전력난에 어떻게 활용할 것인가?,QUAD 참여압박을 감당하면서 몽골 증산·비축을 실제 물량으로 바꿔 중국 전력난에 대응할 수 있는가?,EDIT_CURRENT_FACT_RECOVERY,현재 화 인물·고유명·수치·행동·계약상태와 다음 화 첫선을 대조,삭제·일반화된 현재 사실을 복원하거나 잘못된 유예를 제거
605,605,opened_loops,L105610~L105770,몽골 석탄 실제 생산·비축; 호주 석탄·가이아나 방산 계약; 북한 장남 변수,몽골 석탄 실제 생산·비축; 중국 전력난; 북한 장남 변수,몽골 석탄 실제 증산·비축; 중국 전력난; QUAD 참여압박; 북한 권력변수,EDIT_CURRENT_FACT_RECOVERY,현재 화 인물·고유명·수치·행동·계약상태와 다음 화 첫선을 대조,삭제·일반화된 현재 사실을 복원하거나 잘못된 유예를 제거
606,606,protagonist_goal,L105771~L105925,저장고 전환을 정부사업으로 확정하고 호주·가이아나 순방에서 공급계약을 닫는다.,동해 가스전의 저장고 전환을 정부사업으로 확정하고 호주·가이아나 출장 역할을 나눈다.,동해 가스전의 저장고 전환을 정부사업으로 확정하고 호주·가이아나 출장 역할을 나눈다.,PASS_BIDIRECTIONAL,현재 화 인물·고유명·수치·행동·계약상태와 다음 화 첫선을 대조,미래 선취와 현재 사실 누락이 없음
606,606,ending_hook,L105771~L105925,모리슨이 중국에 막힌 석탄을 태우에 장기판매할지와 가이아나가 유전·방산안을 받을지가 열린다.,호주와 가이아나로 갈라진 두 출장에서 어떤 에너지·투자 성과를 가져올 것인가?,호주와 가이아나로 갈라진 두 출장에서 어떤 에너지·투자 성과를 가져올 것인가?,PASS_BIDIRECTIONAL,현재 화 인물·고유명·수치·행동·계약상태와 다음 화 첫선을 대조,미래 선취와 현재 사실 누락이 없음
606,606,opened_loops,L105771~L105925,LNG 저장고 공사·가동; 호주 석탄계약; 가이아나 유전·방산 합의,LNG 저장고 공사·가동; 호주·가이아나 출장 협상,LNG 저장고 공사·가동; 호주·가이아나 출장 협상,PASS_BIDIRECTIONAL,현재 화 인물·고유명·수치·행동·계약상태와 다음 화 첫선을 대조,미래 선취와 현재 사실 누락이 없음
607,607,ending_hook,L105926~L106110,숨은 카드로 어떤 가격·물량을 받고 가이아나 계약까지 이어 갈지가 남는다.,한 부회장이 준비한 숨은 카드로 모리슨에게서 어떤 가격·물량·기간의 석탄 조건을 받아낼지가 남는다.,한 부회장이 준비한 숨은 카드로 모리슨에게서 어떤 가격·물량·기간의 석탄 조건을 받아낼지가 남는다.,PASS_BIDIRECTIONAL,현재 화 인물·고유명·수치·행동·계약상태와 다음 화 첫선을 대조,미래 선취와 현재 사실 누락이 없음
607,607,opened_loops,L105926~L106110,호주 석탄 가격·물량·장기계약; 가이아나 순방,호주 석탄 가격·물량·장기계약,호주 석탄 가격·물량·장기계약,PASS_BIDIRECTIONAL,현재 화 인물·고유명·수치·행동·계약상태와 다음 화 첫선을 대조,미래 선취와 현재 사실 누락이 없음
613,613,ending_hook,L106961~L107161,실제 투표에서 17표를 확보할지와 당선 뒤 이권관리를 지킬지가 남는다.,실제 투표에서 과반을 확보할지와 당선 뒤 이권관리를 지킬지가 남는다.,실제 투표에서 과반을 확보할지와 당선 뒤 이권관리를 지킬지가 남는다.,PASS_BIDIRECTIONAL,현재 화 인물·고유명·수치·행동·계약상태와 다음 화 첫선을 대조,미래 선취와 현재 사실 누락이 없음
613,613,opened_loops,L106961~L107161,실제 표결·17표 확보; 김태중 당선; 당선 뒤 이권관리,실제 표결·과반 확보; 김태중 당선; 당선 뒤 이권관리,실제 표결·과반 확보; 김태중 당선; 당선 뒤 이권관리,PASS_BIDIRECTIONAL,현재 화 인물·고유명·수치·행동·계약상태와 다음 화 첫선을 대조,미래 선취와 현재 사실 누락이 없음
619,619,reader_promise,L108010~L108186,태우 중장비·예인선으로 운하를 나흘 만에 열고 이집트 신뢰·확장공사를 얻는 약속.,태우 중장비·예인선으로 수에즈 구조에 먼저 뛰어들어 세계 물류병목과 이집트 신뢰를 되찾는 약속.,태우 중장비·예인선으로 수에즈 구조에 먼저 뛰어들어 세계 물류병목과 이집트 신뢰를 되찾는 약속.,PASS_BIDIRECTIONAL,현재 화 인물·고유명·수치·행동·계약상태와 다음 화 첫선을 대조,미래 선취와 현재 사실 누락이 없음
619,619,paid_reward,L108010~L108186,"태우 선박 우회와 중장비·예인선 투입, 자비 구조작전 개시를 실행한다. 나흘 재개통·우선통항·확장공사는 아직 전이다.","태우 선박 우회와 중장비·예인선 투입, 자비 구조작전을 시작한다. 운하는 아직 막혀 있고 구조결과·보상은 없다.","태우 선박 우회와 중장비·예인선 투입, 자비 구조작전을 시작한다. 운하는 아직 막혀 있고 구조결과·보상은 없다.",PASS_BIDIRECTIONAL,현재 화 인물·고유명·수치·행동·계약상태와 다음 화 첫선을 대조,미래 선취와 현재 사실 누락이 없음
619,619,opened_loops,L108010~L108186,운하 재개통; 이집트 신뢰; 우선통항·확장공사 보상,운하 구조 성공·재개통; 이집트 신뢰; 구조 뒤 보상 협상,운하 구조 성공·재개통; 이집트 신뢰; 구조 뒤 보상 협상,PASS_BIDIRECTIONAL,현재 화 인물·고유명·수치·행동·계약상태와 다음 화 첫선을 대조,미래 선취와 현재 사실 누락이 없음
622,622,ending_hook,L108524~L108692,필요한 평야를 누가 사고 자율주행·당 후계문제까지 청와대에서 어떻게 묶을지가 남는다.,기업농에 필요한 농지를 어떻게 확보하고 자율주행·당 후계문제까지 청와대에서 어떻게 묶을지가 남는다.,기업농에 필요한 농지를 어떻게 확보하고 자율주행·당 후계문제까지 청와대에서 어떻게 묶을지가 남는다.,PASS_BIDIRECTIONAL,현재 화 인물·고유명·수치·행동·계약상태와 다음 화 첫선을 대조,미래 선취와 현재 사실 누락이 없음
622,622,opened_loops,L108524~L108692,"국내 평야매입, 기업농 입법, 농민반발.",기업농 농지확보; 기업농 입법; 농민반발,기업농 농지확보; 기업농 입법; 농민반발,PASS_BIDIRECTIONAL,현재 화 인물·고유명·수치·행동·계약상태와 다음 화 첫선을 대조,미래 선취와 현재 사실 누락이 없음
628,628,opened_loops,L109509~L109656,"에버그란데 결산, 연변 돈주 자금화.",에버그란데 결산; 중국 작전세력 자금망,에버그란데 결산; 중국 작전세력 자금망,PASS_BIDIRECTIONAL,현재 화 인물·고유명·수치·행동·계약상태와 다음 화 첫선을 대조,미래 선취와 현재 사실 누락이 없음
637,637,ending_hook,L111038~L111207,안드레아에게 어떤 성적연동 조건을 주고 EPL 심사를 넘을지가 남는다.,구단 매도 측과 어떤 성적연동 조건을 주고 EPL 심사를 넘을지가 남는다.,구단 매도 측과 어떤 성적연동 조건을 주고 EPL 심사를 넘을지가 남는다.,PASS_BIDIRECTIONAL,현재 화 인물·고유명·수치·행동·계약상태와 다음 화 첫선을 대조,미래 선취와 현재 사실 누락이 없음
639,639,reader_promise,L111362~L111532,심사승인 뒤 홀란드·이강임·감독을 채워 김태중의 새 무대를 실제 우승경쟁팀으로 만드는 약속.,심사승인 뒤 홀랜드·감독 등 스타 전력을 채워 김태중의 새 무대를 실제 우승경쟁팀으로 만드는 약속.,심사승인 뒤 홀랜드·감독 등 스타 전력을 채워 김태중의 새 무대를 실제 우승경쟁팀으로 만드는 약속.,PASS_BIDIRECTIONAL,현재 화 인물·고유명·수치·행동·계약상태와 다음 화 첫선을 대조,미래 선취와 현재 사실 누락이 없음
639,639,action,L111362~L111532,EPL 승인을 받고 홀란드·이강임과 감독 영입계획을 세운다,EPL 승인을 받고 홀랜드와 감독 등 스타 영입계획을 세운다.,EPL 승인을 받고 홀랜드와 감독 등 스타 영입계획을 세운다.,PASS_BIDIRECTIONAL,현재 화 인물·고유명·수치·행동·계약상태와 다음 화 첫선을 대조,미래 선취와 현재 사실 누락이 없음
639,639,paid_reward,L111362~L111532,EPL 인수승인이 나고 홀란드·이강임·감독 영입계획이 확정된다.,EPL 인수승인이 나고 홀랜드·감독 등 스타 영입계획이 확정된다.,EPL 인수승인이 나고 홀랜드·감독 등 스타 영입계획이 확정된다.,PASS_BIDIRECTIONAL,현재 화 인물·고유명·수치·행동·계약상태와 다음 화 첫선을 대조,미래 선취와 현재 사실 누락이 없음
639,639,ending_hook,L111362~L111532,EPL 승인 뒤 홀란드·이강임·감독 영입계획을 실제 계약으로 닫아 우승전력을 만들 수 있는가?,EPL 승인 뒤 홀랜드와 감독 등 스타 영입계획을 실제 계약으로 닫아 우승전력을 만들 수 있는가?,EPL 승인 뒤 홀랜드와 감독 등 스타 영입계획을 실제 계약으로 닫아 우승전력을 만들 수 있는가?,PASS_BIDIRECTIONAL,현재 화 인물·고유명·수치·행동·계약상태와 다음 화 첫선을 대조,미래 선취와 현재 사실 누락이 없음
639,639,opened_loops,L111362~L111532,홀란드·이강임·감독 협상·계약; 우승전력 구축,홀랜드·감독 등 스타 협상·계약; 우승전력 구축,홀랜드·감독 등 스타 협상·계약; 우승전력 구축,PASS_BIDIRECTIONAL,현재 화 인물·고유명·수치·행동·계약상태와 다음 화 첫선을 대조,미래 선취와 현재 사실 누락이 없음
640,640,reader_promise,L111533~L111697,금융폭풍을 준비하면서도 홀란드 고액계약을 감수해 가족구단의 경쟁력을 지키는 약속.,금융폭풍을 준비하면서도 홀랜드 고액계약을 감수해 가족구단의 경쟁력을 지키는 약속.,금융폭풍을 준비하면서도 홀랜드 고액계약을 감수해 가족구단의 경쟁력을 지키는 약속.,PASS_BIDIRECTIONAL,현재 화 인물·고유명·수치·행동·계약상태와 다음 화 첫선을 대조,미래 선취와 현재 사실 누락이 없음
640,640,action,L111533~L111697,연준 금리인상·크레디트스위스·암호화폐 위험을 점검하고 홀란드 고액계약을 감수한다,연준 금리인상·크레디트스위스·암호화폐 위험을 점검하고 홀랜드 고액계약을 감수한다.,연준 금리인상·크레디트스위스·암호화폐 위험을 점검하고 홀랜드 고액계약을 감수한다.,PASS_BIDIRECTIONAL,현재 화 인물·고유명·수치·행동·계약상태와 다음 화 첫선을 대조,미래 선취와 현재 사실 누락이 없음
640,640,paid_reward,L111533~L111697,위험자산 대응안과 홀란드 고액계약 허용선이 함께 정해진다.,위험자산 대응안과 홀랜드 고액계약 허용선이 함께 정해진다.,위험자산 대응안과 홀랜드 고액계약 허용선이 함께 정해진다.,PASS_BIDIRECTIONAL,현재 화 인물·고유명·수치·행동·계약상태와 다음 화 첫선을 대조,미래 선취와 현재 사실 누락이 없음
640,640,ending_hook,L111533~L111697,금융위험을 관리하면서 한 달 안에 홀란드와 감독의 실제 계약을 성사시킬 수 있는가?,금융위험을 관리하면서 한 달 안에 홀랜드와 감독의 실제 계약을 성사시킬 수 있는가?,금융위험을 관리하면서 한 달 안에 홀랜드와 감독의 실제 계약을 성사시킬 수 있는가?,PASS_BIDIRECTIONAL,현재 화 인물·고유명·수치·행동·계약상태와 다음 화 첫선을 대조,미래 선취와 현재 사실 누락이 없음
640,640,opened_loops,L111533~L111697,홀란드·감독 계약; 금리·은행·암호화폐 위험 대응,홀랜드·감독 계약; 금리·은행·암호화폐 위험 대응,홀랜드·감독 계약; 금리·은행·암호화폐 위험 대응,PASS_BIDIRECTIONAL,현재 화 인물·고유명·수치·행동·계약상태와 다음 화 첫선을 대조,미래 선취와 현재 사실 누락이 없음
646,646,paid_reward,L112579~L112742,시안에게 니켈광산 양도와 200억 달러 지급보증 교환안을 제시한다. 광산 양도·보증·LME 유예는 아직 합의 전이다.,시안에게 금융타워가 거래소·중개사·대출선을 움직이는 구제 구상을 보여 주고 대가로 인도네시아 니켈광산을 요구한다. 광산 지분율·지급보증·합의는 아직 전이다.,시안에게 금융타워가 거래소·중개사·대출선을 움직이는 구제 구상을 보여 주고 대가로 인도네시아 니켈광산을 요구한다. 광산 지분율·지급보증·합의는 아직 전이다.,PASS_BIDIRECTIONAL,현재 화 인물·고유명·수치·행동·계약상태와 다음 화 첫선을 대조,미래 선취와 현재 사실 누락이 없음
646,646,ending_hook,L112579~L112742,시안이 인도네시아 니켈광산을 내놓고 200억 달러 보증조건을 받아들일 것인가?,시안이 그룹 구제의 대가로 인도네시아 니켈광산을 내놓을 것인가?,시안이 그룹 구제의 대가로 인도네시아 니켈광산을 내놓을 것인가?,PASS_BIDIRECTIONAL,현재 화 인물·고유명·수치·행동·계약상태와 다음 화 첫선을 대조,미래 선취와 현재 사실 누락이 없음
646,646,opened_loops,L112579~L112742,시안의 수락·광산 양도; 200억 달러 보증; LME 유예협상,시안의 수락; 니켈광산 지분조건; 금융타워 구제조건,시안의 수락; 니켈광산 지분조건; 금융타워 구제조건,PASS_BIDIRECTIONAL,현재 화 인물·고유명·수치·행동·계약상태와 다음 화 첫선을 대조,미래 선취와 현재 사실 누락이 없음
650,650,reader_promise,L113250~L113408,은행실패를 금융타워의 미국통합 기회로 바꾸고 파월·옐런에게 1달러 인수를 요구하는 약속.,은행실패를 금융타워의 미국통합 기회로 바꾸고 미국 금융당국에 1달러 인수를 요구하는 약속.,은행실패를 금융타워의 미국통합 기회로 바꾸고 미국 금융당국에 1달러 인수를 요구하는 약속.,PASS_BIDIRECTIONAL,현재 화 인물·고유명·수치·행동·계약상태와 다음 화 첫선을 대조,미래 선취와 현재 사실 누락이 없음
650,650,ending_hook,L113250~L113408,뱅크런이 실제화될 때 파월·옐런·FDIC가 금융타워 조건을 받을지가 열린다.,뱅크런이 실제화될 때 미국 금융당국이 금융타워의 인수조건을 받을지가 열린다.,뱅크런이 실제화될 때 미국 금융당국이 금융타워의 인수조건을 받을지가 열린다.,PASS_BIDIRECTIONAL,현재 화 인물·고유명·수치·행동·계약상태와 다음 화 첫선을 대조,미래 선취와 현재 사실 누락이 없음
658,658,resistance_or_cost,L114536~L114701,중립국 스위스는 EU·NATO 체계 참여를 꺼리고 은행부실을 외국금융사에 넘기는 정치비용이 크다.,스위스는 유럽 방공시스템 참여와 은행부실을 외국금융사에 넘기는 정치비용을 함께 감당해야 한다.,스위스는 유럽 방공시스템 참여와 은행부실을 외국금융사에 넘기는 정치비용을 함께 감당해야 한다.,PASS_BIDIRECTIONAL,현재 화 인물·고유명·수치·행동·계약상태와 다음 화 첫선을 대조,미래 선취와 현재 사실 누락이 없음
658,658,ending_hook,L114536~L114701,스위스가 중립원칙을 수정하고 EU가 태우 산업참여를 보장할지가 남는다.,스위스가 크레디트스위스 1달러 인수와 유럽 방공시스템 참여 제안을 받아들일 것인가?,스위스가 크레디트스위스 1달러 인수와 유럽 방공시스템 참여 제안을 받아들일 것인가?,PASS_BIDIRECTIONAL,현재 화 인물·고유명·수치·행동·계약상태와 다음 화 첫선을 대조,미래 선취와 현재 사실 누락이 없음
666,666,ending_hook,L115810~L115982,바이든이 금융타워에서 어떤 특별대우를 직접 약속할지가 열린다.,백악관이 사우디 중재의 대가로 한국에 어떤 구체 양보를 내놓을지가 열린다.,백악관이 사우디 중재의 대가로 한국에 어떤 구체 양보를 내놓을지가 열린다.,PASS_BIDIRECTIONAL,현재 화 인물·고유명·수치·행동·계약상태와 다음 화 첫선을 대조,미래 선취와 현재 사실 누락이 없음
669,669,reader_promise,L116315~L116471,서방제재선은 지키면서 로만을 간접지원해 미래 러시아 출구인 인맥을 보존하는 약속.,서방 제재선을 지키면서 로만의 구단 급료·생활 곤란을 도울 우회법을 찾고 러시아 연락선을 보존하는 약속.,서방 제재선을 지키면서 로만의 구단 급료·생활 곤란을 도울 우회법을 찾고 러시아 연락선을 보존하는 약속.,PASS_BIDIRECTIONAL,현재 화 인물·고유명·수치·행동·계약상태와 다음 화 첫선을 대조,미래 선취와 현재 사실 누락이 없음
669,669,action,L116315~L116471,제재로 구단 급료가 막힌 로만을 간접 지원해 러시아 인맥을 보존한다,구단 급료와 생활비까지 막힌 로만의 사정을 듣고 제재에 걸리지 않는 지원 방법을 찾아 알려 주겠다고 약속하며 친구로서 연락을 계속한다.,구단 급료와 생활비까지 막힌 로만의 사정을 듣고 제재에 걸리지 않는 지원 방법을 찾아 알려 주겠다고 약속하며 친구로서 연락을 계속한다.,PASS_BIDIRECTIONAL,현재 화 인물·고유명·수치·행동·계약상태와 다음 화 첫선을 대조,미래 선취와 현재 사실 누락이 없음
669,669,paid_reward,L116315~L116471,로만의 구단·생활지원 우회로와 김민재 연락선이 유지된다.,"로만에게 지원 의사와 계속 연락할 관계를 확인하고, 로만은 언젠가 EPL에서 다시 만나겠다는 약속을 지키기 위해 버티겠다고 답한다. 급료 해결은 아직 전이다.","로만에게 지원 의사와 계속 연락할 관계를 확인하고, 로만은 언젠가 EPL에서 다시 만나겠다는 약속을 지키기 위해 버티겠다고 답한다. 급료 해결은 아직 전이다.",PASS_BIDIRECTIONAL,현재 화 인물·고유명·수치·행동·계약상태와 다음 화 첫선을 대조,미래 선취와 현재 사실 누락이 없음
669,669,state_change,L116315~L116471,밀려난 러시아재벌이 버려진 부담에서 태우에게 마음빚을 진 미래 정치통로로 바뀐다.,제재로 고립된 로만이 김민재의 연락과 지원 의사를 생존의 버팀목으로 받아들이지만 실제 자금 우회는 아직 실행 전이다.,제재로 고립된 로만이 김민재의 연락과 지원 의사를 생존의 버팀목으로 받아들이지만 실제 자금 우회는 아직 실행 전이다.,PASS_BIDIRECTIONAL,현재 화 인물·고유명·수치·행동·계약상태와 다음 화 첫선을 대조,미래 선취와 현재 사실 누락이 없음
669,669,ending_hook,L116315~L116471,로만이 프리고진의 군부불만과 반란가능성을 어떤 자리에서 가져올지가 열린다.,로만의 구단·생활 지원을 실제로 마무리하고 그가 유지한 러시아 인맥이 어떤 다음 정보를 가져올지가 열린다.,로만의 구단·생활 지원을 실제로 마무리하고 그가 유지한 러시아 인맥이 어떤 다음 정보를 가져올지가 열린다.,PASS_BIDIRECTIONAL,현재 화 인물·고유명·수치·행동·계약상태와 다음 화 첫선을 대조,미래 선취와 현재 사실 누락이 없음
669,669,closed_loops,L116315~L116471,로만 생존선 보존.,로만의 곤란 확인; 지원 의사와 연락 지속 약속,로만의 곤란 확인; 지원 의사와 연락 지속 약속,PASS_BIDIRECTIONAL,현재 화 인물·고유명·수치·행동·계약상태와 다음 화 첫선을 대조,미래 선취와 현재 사실 누락이 없음
669,669,opened_loops,L116315~L116471,"프리고진 접촉, 러시아 군부불만.",로만 간접지원 실행; 로만의 러시아 연락선,로만 간접지원 실행; 로만의 러시아 연락선,PASS_BIDIRECTIONAL,현재 화 인물·고유명·수치·행동·계약상태와 다음 화 첫선을 대조,미래 선취와 현재 사실 누락이 없음
675,675,reader_promise,L117280~L117454,케이블·IT·원전·인프라 계약을 따내 세계침체를 태우·한국의 고성장으로 바꾸는 보상.,"사우디가 맡기려는 네옴·통신·해저케이블·행정IT의 범위와 비용을 계열사별로 풀고, 25만 배럴 증산이 유가 하락으로 이어지는 보상을 확인한다.","사우디가 맡기려는 네옴·통신·해저케이블·행정IT의 범위와 비용을 계열사별로 풀고, 25만 배럴 증산이 유가 하락으로 이어지는 보상을 확인한다.",PASS_BIDIRECTIONAL,현재 화 인물·고유명·수치·행동·계약상태와 다음 화 첫선을 대조,미래 선취와 현재 사실 누락이 없음
675,675,protagonist_goal,L117280~L117454,각 계열사가 사우디 프로젝트를 나눠 맡고 바그너 보급선은 비밀리에 점검한다.,사우디가 제시한 프로젝트의 범위·비용분담·실무진을 정리하고 PIF 확대와 바그너 보급선을 점검한 뒤 증산 발표를 유가 포지션에 연결한다.,사우디가 제시한 프로젝트의 범위·비용분담·실무진을 정리하고 PIF 확대와 바그너 보급선을 점검한 뒤 증산 발표를 유가 포지션에 연결한다.,PASS_BIDIRECTIONAL,현재 화 인물·고유명·수치·행동·계약상태와 다음 화 첫선을 대조,미래 선취와 현재 사실 누락이 없음
675,675,action,L117280~L117454,사우디 케이블·IT·원전·인프라 계약을 따내고 바그너 보급선을 점검한다,"네옴 공연장·사우디 통신망·해저케이블·행정IT의 예상 규모와 비용분담을 사장들과 정리하고 실무진 파견을 지시한 뒤, PIF 확대와 바그너 보급선을 점검하고 25만 배럴 증산 발표를 확인한다.","네옴 공연장·사우디 통신망·해저케이블·행정IT의 예상 규모와 비용분담을 사장들과 정리하고 실무진 파견을 지시한 뒤, PIF 확대와 바그너 보급선을 점검하고 25만 배럴 증산 발표를 확인한다.",PASS_BIDIRECTIONAL,현재 화 인물·고유명·수치·행동·계약상태와 다음 화 첫선을 대조,미래 선취와 현재 사실 누락이 없음
675,675,resistance_or_cost,L117280~L117454,대형 해외계약 동시집행은 인력·원자재를 압박하고 러시아선이 드러나면 제재위험이 크다.,"산업 프로젝트는 사우디가 맡기기로 한 단계지만 세부 합의와 정식 계약이 남고, 바그너 지원은 제재위험을 안으며 유가 하락 수익도 아직 실현 전이다.","산업 프로젝트는 사우디가 맡기기로 한 단계지만 세부 합의와 정식 계약이 남고, 바그너 지원은 제재위험을 안으며 유가 하락 수익도 아직 실현 전이다.",PASS_BIDIRECTIONAL,현재 화 인물·고유명·수치·행동·계약상태와 다음 화 첫선을 대조,미래 선취와 현재 사실 누락이 없음
675,675,turn_or_reveal,L117280~L117454,위기는 준비된 자에게만 기회이며 태우는 이미 모든 준비를 마쳤다는 결산감이 선다.,미국·사우디 협상 뒤 하루 25만 배럴 증산이 발표되어 상승하던 유가가 하락하기 시작하고 금융타워의 숏 포지션에 실제 시장 신호가 들어온다.,미국·사우디 협상 뒤 하루 25만 배럴 증산이 발표되어 상승하던 유가가 하락하기 시작하고 금융타워의 숏 포지션에 실제 시장 신호가 들어온다.,PASS_BIDIRECTIONAL,현재 화 인물·고유명·수치·행동·계약상태와 다음 화 첫선을 대조,미래 선취와 현재 사실 누락이 없음
675,675,paid_reward,L117280~L117454,사우디 케이블·IT·원전·인프라 계약과 계열사별 집행계획이 확정된다.,"사우디 측의 네옴·통신망·해저케이블·행정IT 배정 의사와 비용분담안을 계열사에 전달하고, 하루 25만 배럴 증산 발표와 유가 하락 시작을 확인한다. 세부 합의·정식 계약·수익 실현은 아직 전이다.","사우디 측의 네옴·통신망·해저케이블·행정IT 배정 의사와 비용분담안을 계열사에 전달하고, 하루 25만 배럴 증산 발표와 유가 하락 시작을 확인한다. 세부 합의·정식 계약·수익 실현은 아직 전이다.",PASS_BIDIRECTIONAL,현재 화 인물·고유명·수치·행동·계약상태와 다음 화 첫선을 대조,미래 선취와 현재 사실 누락이 없음
675,675,state_change,L117280~L117454,PIF 신뢰가 태우 전 계열사와 한국 성장률을 끌어올리는 실물프로젝트로 전환된다.,"왕실의 산업 제안이 계열사별 실무 검토로 내려오고 증산 협상이 실제 발표로 바뀌지만, 산업계약과 공매도 수익은 미지급 상태다.","왕실의 산업 제안이 계열사별 실무 검토로 내려오고 증산 협상이 실제 발표로 바뀌지만, 산업계약과 공매도 수익은 미지급 상태다.",PASS_BIDIRECTIONAL,현재 화 인물·고유명·수치·행동·계약상태와 다음 화 첫선을 대조,미래 선취와 현재 사실 누락이 없음
675,675,ending_hook,L117280~L117454,따낸 사우디 케이블·IT·원전·인프라 계약을 계열사별 실제 수주·공사·매출로 집행할 수 있는가?,"사우디가 맡기기로 한 프로젝트를 이번 주 세부 합의와 정식 계약으로 닫고, 시작된 유가 하락을 실제 수익으로 바꿀 수 있는가?","사우디가 맡기기로 한 프로젝트를 이번 주 세부 합의와 정식 계약으로 닫고, 시작된 유가 하락을 실제 수익으로 바꿀 수 있는가?",PASS_BIDIRECTIONAL,현재 화 인물·고유명·수치·행동·계약상태와 다음 화 첫선을 대조,미래 선취와 현재 사실 누락이 없음
675,675,closed_loops,L117280~L117454,사우디 산업계약·보급선 점검.,사우디 프로젝트 범위·예상비용·분담안 전달; 하루 25만 배럴 증산 발표,사우디 프로젝트 범위·예상비용·분담안 전달; 하루 25만 배럴 증산 발표,PASS_BIDIRECTIONAL,현재 화 인물·고유명·수치·행동·계약상태와 다음 화 첫선을 대조,미래 선취와 현재 사실 누락이 없음
675,675,opened_loops,L117280~L117454,사우디 계약 집행·공사·매출; 바그너 보급선 관리,사우디 세부 합의·정식 계약·집행; 유가 숏 수익 실현; 바그너 보급선 관리,사우디 세부 합의·정식 계약·집행; 유가 숏 수익 실현; 바그너 보급선 관리,PASS_BIDIRECTIONAL,현재 화 인물·고유명·수치·행동·계약상태와 다음 화 첫선을 대조,미래 선취와 현재 사실 누락이 없음
676,676,reader_promise,L117455~L117594,정부·태우·주주가 삼각편대를 이뤄 기존 재벌의 지배구조를 압박하는 시장개혁 약속.,"태우와 한국의 동반 도약안을 대통령 의제로 올리고, 정부·태우·주주가 기존 재벌의 저항을 넘을 수 있는지를 묻는 시장개혁 약속.","태우와 한국의 동반 도약안을 대통령 의제로 올리고, 정부·태우·주주가 기존 재벌의 저항을 넘을 수 있는지를 묻는 시장개혁 약속.",PASS_BIDIRECTIONAL,현재 화 인물·고유명·수치·행동·계약상태와 다음 화 첫선을 대조,미래 선취와 현재 사실 누락이 없음
676,676,protagonist_goal,L117455~L117594,배당·자사주·이사회·공시를 바꿔 코리아 디스카운트를 걷는다.,세계 자금을 한국으로 끌어올 보고서를 최재석에게 제시해 코리아 디스카운트와 경영진의 사익 장벽을 정부 검토 의제로 만든다.,세계 자금을 한국으로 끌어올 보고서를 최재석에게 제시해 코리아 디스카운트와 경영진의 사익 장벽을 정부 검토 의제로 만든다.,PASS_BIDIRECTIONAL,현재 화 인물·고유명·수치·행동·계약상태와 다음 화 첫선을 대조,미래 선취와 현재 사실 누락이 없음
676,676,action,L117455~L117594,한국 성장세를 이용해 최재석에게 주주가치·자본시장 개혁을 요구한다,"최재석에게 태우 세계 1위·한국 경제 5위와 부산 엑스포 구상을 설명하고, 금융타워 보고서를 이번 주 전달해 경제부처가 검토하도록 요청한다.","최재석에게 태우 세계 1위·한국 경제 5위와 부산 엑스포 구상을 설명하고, 금융타워 보고서를 이번 주 전달해 경제부처가 검토하도록 요청한다.",PASS_BIDIRECTIONAL,현재 화 인물·고유명·수치·행동·계약상태와 다음 화 첫선을 대조,미래 선취와 현재 사실 누락이 없음
676,676,resistance_or_cost,L117455~L117594,기존 대기업은 총수지배력 약화와 현금유출을 이유로 집단반발할 수 있다.,"최재석은 한국에 해가 되는 항목은 이행할 수 없다고 선을 긋고, 보고서도 아직 미전달이며 기존 대기업의 집단반발이 예상된다.","최재석은 한국에 해가 되는 항목은 이행할 수 없다고 선을 긋고, 보고서도 아직 미전달이며 기존 대기업의 집단반발이 예상된다.",PASS_BIDIRECTIONAL,현재 화 인물·고유명·수치·행동·계약상태와 다음 화 첫선을 대조,미래 선취와 현재 사실 누락이 없음
676,676,turn_or_reveal,L117455~L117594,주가상승을 원하는 주주가 정부·태우 편에 서므로 재벌반발을 눌러 버릴 정치연합이 생긴다.,"최재석이 대통령직을 걸고 판을 만들겠다고 답하고 보고서 내용을 최대한 긍정적으로 검토하겠다고 약속하자, 정부·태우·주주 연합의 가능성이 열린다.","최재석이 대통령직을 걸고 판을 만들겠다고 답하고 보고서 내용을 최대한 긍정적으로 검토하겠다고 약속하자, 정부·태우·주주 연합의 가능성이 열린다.",PASS_BIDIRECTIONAL,현재 화 인물·고유명·수치·행동·계약상태와 다음 화 첫선을 대조,미래 선취와 현재 사실 누락이 없음
676,676,paid_reward,L117455~L117594,주주가치·자본시장 개혁안과 정부·태우·주주 연대가 확정된다.,부산 엑스포 지원과 금융타워 보고서의 긍정 검토 약속을 얻는다. 보고서 전달·경제부처 심사·시장개혁 정책은 아직 전이다.,부산 엑스포 지원과 금융타워 보고서의 긍정 검토 약속을 얻는다. 보고서 전달·경제부처 심사·시장개혁 정책은 아직 전이다.,PASS_BIDIRECTIONAL,현재 화 인물·고유명·수치·행동·계약상태와 다음 화 첫선을 대조,미래 선취와 현재 사실 누락이 없음
676,676,state_change,L117455~L117594,한국성장이 기업총수만의 이익에서 일반주주와 정부가 공유하는 시장재평가 프로젝트로 바뀐다.,태우와 한국의 동반 도약 구상이 대통령의 검토 의제로 올라가지만 정부·태우·주주 연합과 제도개혁은 아직 구상 단계다.,태우와 한국의 동반 도약 구상이 대통령의 검토 의제로 올라가지만 정부·태우·주주 연합과 제도개혁은 아직 구상 단계다.,PASS_BIDIRECTIONAL,현재 화 인물·고유명·수치·행동·계약상태와 다음 화 첫선을 대조,미래 선취와 현재 사실 누락이 없음
676,676,ending_hook,L117455~L117594,정부·태우·일반주주 연대가 재벌반발을 넘고 주주가치·자본시장 개혁을 실제 법·제도로 만들 수 있는가?,이번 주 전달할 금융타워 보고서가 경제부처 검토를 통과하고 대기업 반발을 넘는 실제 시장개혁으로 이어질 것인가?,이번 주 전달할 금융타워 보고서가 경제부처 검토를 통과하고 대기업 반발을 넘는 실제 시장개혁으로 이어질 것인가?,PASS_BIDIRECTIONAL,현재 화 인물·고유명·수치·행동·계약상태와 다음 화 첫선을 대조,미래 선취와 현재 사실 누락이 없음
676,676,closed_loops,L117455~L117594,자본시장 개혁연대.,부산 엑스포 지원 약속; 금융타워 보고서 긍정 검토 약속,부산 엑스포 지원 약속; 금융타워 보고서 긍정 검토 약속,PASS_BIDIRECTIONAL,현재 화 인물·고유명·수치·행동·계약상태와 다음 화 첫선을 대조,미래 선취와 현재 사실 누락이 없음
676,676,opened_loops,L117455~L117594,자본시장 개혁 입법·집행; 재벌반발; 일반주주 성과,금융타워 보고서 전달·경제부처 검토; 시장개혁 정책; 대기업 반발; 일반주주 연대,금융타워 보고서 전달·경제부처 검토; 시장개혁 정책; 대기업 반발; 일반주주 연대,PASS_BIDIRECTIONAL,현재 화 인물·고유명·수치·행동·계약상태와 다음 화 첫선을 대조,미래 선취와 현재 사실 누락이 없음
680,680,protagonist_goal,L118112~L118272,완성된 배터리와 T-9을 파리모터쇼에서 세계 완성차에 증명한다.,완성된 고체배터리 전기차를 파리모터쇼에서 세계 완성차에 증명한다.,완성된 고체배터리 전기차를 파리모터쇼에서 세계 완성차에 증명한다.,PASS_BIDIRECTIONAL,현재 화 인물·고유명·수치·행동·계약상태와 다음 화 첫선을 대조,미래 선취와 현재 사실 누락이 없음
680,680,ending_hook,L118112~L118272,파리에서 구디너프와 T-9을 공개했을 때 공급계약이 얼마나 몰릴지가 남는다.,파리에서 구디너프와 완성된 고체배터리를 공개했을 때 공급계약이 얼마나 몰릴지가 남는다.,파리에서 구디너프와 완성된 고체배터리를 공개했을 때 공급계약이 얼마나 몰릴지가 남는다.,PASS_BIDIRECTIONAL,현재 화 인물·고유명·수치·행동·계약상태와 다음 화 첫선을 대조,미래 선취와 현재 사실 누락이 없음
685,685,reader_promise,L118957~L119112,24조 원 원전·현지공장·데이터센터를 따고 센트리언 성장에 한아약품을 붙이는 약속.,24조 원 원전·현지공장·데이터센터를 따고 센트리언 성장에 새 국내 제약사를 붙이는 약속.,24조 원 원전·현지공장·데이터센터를 따고 센트리언 성장에 새 국내 제약사를 붙이는 약속.,PASS_BIDIRECTIONAL,현재 화 인물·고유명·수치·행동·계약상태와 다음 화 첫선을 대조,미래 선취와 현재 사실 누락이 없음
685,685,resistance_or_cost,L118957~L119112,원전금융·현지의무가 크고 한아약품 가족지분은 시장에서 살 수 없다.,원전금융·현지의무가 크고 제약 M&A 대상·지분구조·경영권 변수는 아직 조사 전이다.,원전금융·현지의무가 크고 제약 M&A 대상·지분구조·경영권 변수는 아직 조사 전이다.,PASS_BIDIRECTIONAL,현재 화 인물·고유명·수치·행동·계약상태와 다음 화 첫선을 대조,미래 선취와 현재 사실 누락이 없음
686,686,reader_promise,L119113~L119275,20퍼센트 프리미엄과 연구독립 약속으로 모녀지분을 사고 아폴로가 붙은 형제와 맞서는 약속.,20퍼센트 프리미엄과 연구독립 약속으로 모녀지분을 사고 월가 사모펀드가 붙은 형제와 맞서는 약속.,20퍼센트 프리미엄과 연구독립 약속으로 모녀지분을 사고 월가 사모펀드가 붙은 형제와 맞서는 약속.,PASS_BIDIRECTIONAL,현재 화 인물·고유명·수치·행동·계약상태와 다음 화 첫선을 대조,미래 선취와 현재 사실 누락이 없음
686,686,action,L119113~L119275,한아약품 모녀 지분을 20퍼센트 프리미엄에 사서 아폴로가 붙은 아들들과 맞선다,한아약품 모녀 지분을 20퍼센트 프리미엄에 사서 월가 사모펀드가 붙은 아들들과 맞선다.,한아약품 모녀 지분을 20퍼센트 프리미엄에 사서 월가 사모펀드가 붙은 아들들과 맞선다.,PASS_BIDIRECTIONAL,현재 화 인물·고유명·수치·행동·계약상태와 다음 화 첫선을 대조,미래 선취와 현재 사실 누락이 없음
686,686,resistance_or_cost,L119113~L119275,모녀지분만으로는 과반이 안 되고 형제는 세계 4대 사모펀드 지원을 받는다.,모녀지분만으로 과반이 안 되고 형제는 월가 사모펀드 지원을 받는다.,모녀지분만으로 과반이 안 되고 형제는 월가 사모펀드 지원을 받는다.,PASS_BIDIRECTIONAL,현재 화 인물·고유명·수치·행동·계약상태와 다음 화 첫선을 대조,미래 선취와 현재 사실 누락이 없음
686,686,ending_hook,L119113~L119275,아폴로가 형제지분을 누구에게 팔고 경영권 과반이 완성될지가 남는다.,형제와 월가 사모펀드가 가진 지분을 누가 확보해 경영권 과반을 만들 것인가?,형제와 월가 사모펀드가 가진 지분을 누가 확보해 경영권 과반을 만들 것인가?,PASS_BIDIRECTIONAL,현재 화 인물·고유명·수치·행동·계약상태와 다음 화 첫선을 대조,미래 선취와 현재 사실 누락이 없음
686,686,opened_loops,L119113~L119275,"형제·아폴로 지분, 고용·연구 승계.",형제·월가 사모펀드 지분; 고용·연구 승계,형제·월가 사모펀드 지분; 고용·연구 승계,PASS_BIDIRECTIONAL,현재 화 인물·고유명·수치·행동·계약상태와 다음 화 첫선을 대조,미래 선취와 현재 사실 누락이 없음
697,697,ending_hook,L120802~L120950,필립 호프만이 규모 세 배·데이터센터·원전 제안을 받을지가 남는다.,오셔닉스 대표가 규모 세 배·데이터센터·원전 제안을 받을지가 남는다.,오셔닉스 대표가 규모 세 배·데이터센터·원전 제안을 받을지가 남는다.,PASS_BIDIRECTIONAL,현재 화 인물·고유명·수치·행동·계약상태와 다음 화 첫선을 대조,미래 선취와 현재 사실 누락이 없음
699,699,turn_or_reveal,L121095~L121243,아직 검토도 안 한 해저터널을 굳이 꺼낸 것은 김민재의 대륙물류 그림에 필요한 숨은 요소이기 때문이다.,아직 검토도 안 한 해저터널을 굳이 꺼낸 것은 김민재가 밝히지 않은 큰 그림에 필요한 요소이기 때문이다.,아직 검토도 안 한 해저터널을 굳이 꺼낸 것은 김민재가 밝히지 않은 큰 그림에 필요한 요소이기 때문이다.,PASS_BIDIRECTIONAL,현재 화 인물·고유명·수치·행동·계약상태와 다음 화 첫선을 대조,미래 선취와 현재 사실 누락이 없음
699,699,ending_hook,L121095~L121243,김민재가 아직 밝히지 않은 해저터널 구상을 어떤 노선·경제권 목적에 쓸 것인가?,김민재가 아직 밝히지 않은 해저터널의 더 큰 그림은 무엇인가?,김민재가 아직 밝히지 않은 해저터널의 더 큰 그림은 무엇인가?,PASS_BIDIRECTIONAL,현재 화 인물·고유명·수치·행동·계약상태와 다음 화 첫선을 대조,미래 선취와 현재 사실 누락이 없음
699,699,opened_loops,L121095~L121243,해저터널 노선·숨은 목적; 여름착공·엑스포 활용,해저터널 구체안·숨은 목적; 여름착공·엑스포 활용,해저터널 구체안·숨은 목적; 여름착공·엑스포 활용,PASS_BIDIRECTIONAL,현재 화 인물·고유명·수치·행동·계약상태와 다음 화 첫선을 대조,미래 선취와 현재 사실 누락이 없음
700,700,protagonist_goal,L121244~L121402,정치적 비용이 큰 노선을 제거하고 이오닉스 공개로 단기혁신을 증명한다.,정치적 비용이 큰 노선을 제거하고 세계 최초 고체배터리 전기차 공개로 단기혁신을 증명한다.,정치적 비용이 큰 노선을 제거하고 세계 최초 고체배터리 전기차 공개로 단기혁신을 증명한다.,PASS_BIDIRECTIONAL,현재 화 인물·고유명·수치·행동·계약상태와 다음 화 첫선을 대조,미래 선취와 현재 사실 누락이 없음
700,700,paid_reward,L121244~L121402,한일터널안은 거절되고 북방육로 구상과 이오닉스 출시계획이 남는다.,한일터널안은 거절되고 북방육로 구상과 고체배터리 전기차 출시계획이 남는다.,한일터널안은 거절되고 북방육로 구상과 고체배터리 전기차 출시계획이 남는다.,PASS_BIDIRECTIONAL,현재 화 인물·고유명·수치·행동·계약상태와 다음 화 첫선을 대조,미래 선취와 현재 사실 누락이 없음
700,700,ending_hook,L121244~L121402,한일터널을 버리고 남긴 북방육로 구상과 이오닉스 출시계획을 실제 시장·물류 성과로 만들 수 있는가?,한일터널을 버리고 남긴 북방육로 구상과 고체배터리 전기차 출시계획을 실제 시장·물류 성과로 만들 수 있는가?,한일터널을 버리고 남긴 북방육로 구상과 고체배터리 전기차 출시계획을 실제 시장·물류 성과로 만들 수 있는가?,PASS_BIDIRECTIONAL,현재 화 인물·고유명·수치·행동·계약상태와 다음 화 첫선을 대조,미래 선취와 현재 사실 누락이 없음
700,700,opened_loops,L121244~L121402,이오닉스 출시·판매; 북방육로 구체화; 고체배터리 양산,고체배터리 전기차 출시·판매; 북방육로 구체화; 고체배터리 양산,고체배터리 전기차 출시·판매; 북방육로 구체화; 고체배터리 양산,PASS_BIDIRECTIONAL,현재 화 인물·고유명·수치·행동·계약상태와 다음 화 첫선을 대조,미래 선취와 현재 사실 누락이 없음
701,701,ending_hook,L121403~L121548,생산을 열 배 늘리고 해외 완성차의 한국진출을 로열티사업으로 받을지가 남는다.,10만 대 예약·1년 대기열을 감당할 생산량을 늘리고 AI 충성고객을 실제로 유지할 수 있는가?,10만 대 예약·1년 대기열을 감당할 생산량을 늘리고 AI 충성고객을 실제로 유지할 수 있는가?,PASS_BIDIRECTIONAL,현재 화 인물·고유명·수치·행동·계약상태와 다음 화 첫선을 대조,미래 선취와 현재 사실 누락이 없음
701,701,opened_loops,L121403~L121548,양산확대·해외 로열티·고체배터리 독점.,이오닉스 양산확대·예약물량 인도; AI 충성고객,이오닉스 양산확대·예약물량 인도; AI 충성고객,PASS_BIDIRECTIONAL,현재 화 인물·고유명·수치·행동·계약상태와 다음 화 첫선을 대조,미래 선취와 현재 사실 누락이 없음
703,703,ending_hook,L121691~L121850,리강이 단독법인·특구·시진핑 방한을 얼마나 내줄지가 남는다.,리강이 기술이전 거부를 받아들이면서 중국과 관계를 지킬 어떤 대가·조건을 내놓을 것인가?,리강이 기술이전 거부를 받아들이면서 중국과 관계를 지킬 어떤 대가·조건을 내놓을 것인가?,PASS_BIDIRECTIONAL,현재 화 인물·고유명·수치·행동·계약상태와 다음 화 첫선을 대조,미래 선취와 현재 사실 누락이 없음
703,703,opened_loops,L121691~L121850,태우 단독법인 특례·중국 특구·정상방한.,리강의 대체조건; 고체배터리 기술이전 거부와 중국 관계 유지,리강의 대체조건; 고체배터리 기술이전 거부와 중국 관계 유지,PASS_BIDIRECTIONAL,현재 화 인물·고유명·수치·행동·계약상태와 다음 화 첫선을 대조,미래 선취와 현재 사실 누락이 없음
705,705,resistance_or_cost,L121998~L122166,사우디가 압도적 선두이고 170여 회원국 표를 일일이 확보해야 한다.,사우디가 압도적 선두이고 회원국마다 한 표씩 설득해야 한다.,사우디가 압도적 선두이고 회원국마다 한 표씩 설득해야 한다.,PASS_BIDIRECTIONAL,현재 화 인물·고유명·수치·행동·계약상태와 다음 화 첫선을 대조,미래 선취와 현재 사실 누락이 없음
706,706,ending_hook,L122167~L122316,김태중과 리즈경기를 본 뒤 빈 살만에게 직접 포기를 요구할 일이 남는다.,김태중과 빈 살만의 초대로 영국에서 만났을 때 엑스포 경쟁을 어떤 조건으로 풀지가 남는다.,김태중과 빈 살만의 초대로 영국에서 만났을 때 엑스포 경쟁을 어떤 조건으로 풀지가 남는다.,PASS_BIDIRECTIONAL,현재 화 인물·고유명·수치·행동·계약상태와 다음 화 첫선을 대조,미래 선취와 현재 사실 누락이 없음
706,706,opened_loops,L122167~L122316,사우디 엑스포 양보·대체보상.,빈 살만과 엑스포 협상; 사우디와의 관계,빈 살만과 엑스포 협상; 사우디와의 관계,PASS_BIDIRECTIONAL,현재 화 인물·고유명·수치·행동·계약상태와 다음 화 첫선을 대조,미래 선취와 현재 사실 누락이 없음
707,707,ending_hook,L122317~L122468,2034 월드컵·네옴 지원이 체면 있는 대안이 될지가 남는다.,처음 차갑게 얼어붙은 자리에서 빈 살만이 부산 엑스포 양보 요구를 받아들일 것인가?,처음 차갑게 얼어붙은 자리에서 빈 살만이 부산 엑스포 양보 요구를 받아들일 것인가?,PASS_BIDIRECTIONAL,현재 화 인물·고유명·수치·행동·계약상태와 다음 화 첫선을 대조,미래 선취와 현재 사실 누락이 없음
707,707,opened_loops,L122317~L122468,후보철회·관계회복.,사우디 후보철회 여부; 빈 살만과 관계회복,사우디 후보철회 여부; 빈 살만과 관계회복,PASS_BIDIRECTIONAL,현재 화 인물·고유명·수치·행동·계약상태와 다음 화 첫선을 대조,미래 선취와 현재 사실 누락이 없음
710,710,reader_promise,L122799~L122944,아람코 0.6퍼센트를 받고 AI·엔비디아 시장까지 점검해 아시아 금융장악 D-DAY로 넘어가는 약속.,아람코 0.6퍼센트를 받고 AI·엔비디아 지분시장까지 점검해 아시아 금융장악 D-DAY로 넘어가는 약속.,아람코 0.6퍼센트를 받고 AI·엔비디아 지분시장까지 점검해 아시아 금융장악 D-DAY로 넘어가는 약속.,PASS_BIDIRECTIONAL,현재 화 인물·고유명·수치·행동·계약상태와 다음 화 첫선을 대조,미래 선취와 현재 사실 누락이 없음
710,710,protagonist_goal,L122799~L122944,지분을 인수하고 조지의 엔화청산·미 국채매각 시간을 확정한다.,지분을 인수하고 유토피아 그룹의 엔비디아 보유설을 확인하며 조지의 엔화청산·미 국채매각 시간을 정한다.,지분을 인수하고 유토피아 그룹의 엔비디아 보유설을 확인하며 조지의 엔화청산·미 국채매각 시간을 정한다.,PASS_BIDIRECTIONAL,현재 화 인물·고유명·수치·행동·계약상태와 다음 화 첫선을 대조,미래 선취와 현재 사실 누락이 없음
710,710,action,L122799~L122944,"아람코 0.6퍼센트를 사고 AI 투자광풍·엔비디아 사기꾼을 점검한 뒤, 조지에게 일본 금융공격 D-DAY를 정하라고 맡긴다.","아람코 0.6퍼센트를 사고 AI 투자광풍·유토피아 그룹의 엔비디아 대주주설을 점검한 뒤, 조지에게 일본 금융공격 D-DAY를 정하라고 맡긴다.",사우디가 2030 엑스포 후보를 공식 철회하고 부산 지지로 돌아선다. 아람코 0.6퍼센트 지분매각 계약서를 받아 핀테크 처리에 넘긴 뒤 AI 투자광풍·유토피아의 엔비디아 보유설을 점검하고 조지에게 일본 금융공격 D-DAY 결정을 맡긴다.,EDIT_CURRENT_FACT_RECOVERY,현재 화 인물·고유명·수치·행동·계약상태와 다음 화 첫선을 대조,삭제·일반화된 현재 사실을 복원하거나 잘못된 유예를 제거
710,710,resistance_or_cost,L122799~L122944,AI 열풍에 사기·과대평가가 섞이고 50배 엔화작전은 사상 최대 손실도 가능하다.,AI 열풍에 과대평가·불투명한 엔비디아 보유설이 섞이고 50배 엔화작전은 사상 최대 손실도 가능하다.,AI 열풍에 과대평가·불투명한 엔비디아 보유설이 섞이고 50배 엔화작전은 사상 최대 손실도 가능하다.,PASS_BIDIRECTIONAL,현재 화 인물·고유명·수치·행동·계약상태와 다음 화 첫선을 대조,미래 선취와 현재 사실 누락이 없음
711,711,paid_reward,L122945~L123129,바그너 불만·엔비디아 과열과 중국특구 위험목록이 확인된다.,바그너 불만·엔비디아 과열과 중국 재진출의 정책위험이 확인된다. 구체 특혜안은 아직 제시되지 않는다.,바그너 불만·엔비디아 과열과 중국 재진출의 정책위험이 확인된다. 구체 특혜안은 아직 제시되지 않는다.,PASS_BIDIRECTIONAL,현재 화 인물·고유명·수치·행동·계약상태와 다음 화 첫선을 대조,미래 선취와 현재 사실 누락이 없음
711,711,ending_hook,L122945~L123129,시진핑이 태우 전용특구와 동맹가입을 어디까지 제시할지가 남는다.,시진핑과 직접 대화할 때 중국 재진출의 독을 뺄 어떤 안전장치를 요구할 수 있는가?,시진핑과 직접 대화할 때 중국 재진출의 독을 뺄 어떤 안전장치를 요구할 수 있는가?,PASS_BIDIRECTIONAL,현재 화 인물·고유명·수치·행동·계약상태와 다음 화 첫선을 대조,미래 선취와 현재 사실 누락이 없음
711,711,opened_loops,L122945~L123129,시진핑 방한·특구조건·바그너 이동.,시진핑 회담; 중국 재진출 안전장치; 바그너 이동,시진핑 회담; 중국 재진출 안전장치; 바그너 이동,PASS_BIDIRECTIONAL,현재 화 인물·고유명·수치·행동·계약상태와 다음 화 첫선을 대조,미래 선취와 현재 사실 누락이 없음
712,712,action,L123130~L123300,시진핑 방한에서 자동차동맹·산업동맹 가입 요구를 받고 태우 전용 특구 제안을 듣는다,시진핑 방한에서 자동차·산업동맹 가입 요구를 받고 태우 전용 특수경제구역 제안을 듣는다.,시진핑 방한에서 자동차·산업동맹 가입 요구를 받고 태우 전용 특수경제구역 제안을 듣는다.,PASS_BIDIRECTIONAL,현재 화 인물·고유명·수치·행동·계약상태와 다음 화 첫선을 대조,미래 선취와 현재 사실 누락이 없음
712,712,paid_reward,L123130~L123300,시진핑이 동맹가입·전업종 태우특구를 공식 제시한다.,시진핑이 동맹 가입과 태우 전용 특수경제구역을 공식 제시한다.,시진핑이 동맹 가입과 태우 전용 특수경제구역을 공식 제시한다.,PASS_BIDIRECTIONAL,현재 화 인물·고유명·수치·행동·계약상태와 다음 화 첫선을 대조,미래 선취와 현재 사실 누락이 없음
712,712,ending_hook,L123130~L123300,시진핑이 제시한 전업종 태우특구와 동맹가입안에서 정부개입을 더 줄이고 철수권·통제권을 확보할 수 있는가?,시진핑의 특수경제구역 제안에서 김민재가 부족하다고 본 안전장치를 어떻게 더 요구할 것인가?,시진핑의 특수경제구역 제안에서 김민재가 부족하다고 본 안전장치를 어떻게 더 요구할 것인가?,PASS_BIDIRECTIONAL,현재 화 인물·고유명·수치·행동·계약상태와 다음 화 첫선을 대조,미래 선취와 현재 사실 누락이 없음
712,712,opened_loops,L123130~L123300,태우특구 보강조건; 철수권·통제권; 동맹 임시가입 결정,태우 특수경제구역 추가 안전장치; 동맹 가입 판단,태우 특수경제구역 추가 안전장치; 동맹 가입 판단,PASS_BIDIRECTIONAL,현재 화 인물·고유명·수치·행동·계약상태와 다음 화 첫선을 대조,미래 선취와 현재 사실 누락이 없음
713,713,opened_loops,L123301~L123480,"차입금 조기상환·D-DAY, 중국 임시가입.",차입금 조기상환·D-DAY; 중국 동맹가입 조건 검토,차입금 조기상환·D-DAY; 중국 동맹가입 조건 검토,PASS_BIDIRECTIONAL,현재 화 인물·고유명·수치·행동·계약상태와 다음 화 첫선을 대조,미래 선취와 현재 사실 누락이 없음
715,715,ending_hook,L123643~L123789,바그너가 모스크바·가스거점을 얼마나 쥐고 태우가 어떤 에너지이익을 받을지가 남는다.,태우라는 믿는 구석을 가진 프리고진의 무모한 러시아행이 어떤 반란 결과로 이어질 것인가?,러시아행을 택한 프리고진과 바그너가 실제로 무엇을 실행하고 푸틴은 어떻게 대응할 것인가?,EDIT_CURRENT_FACT_RECOVERY,현재 화 인물·고유명·수치·행동·계약상태와 다음 화 첫선을 대조,삭제·일반화된 현재 사실을 복원하거나 잘못된 유예를 제거
715,715,opened_loops,L123643~L123789,장기 반란·에너지수익·자동차동맹 중국결정.,바그너 행군·반란 결과; 자동차동맹 중국 결정,중국특구 실제진입; 바그너 행군·반란; 러시아 대응,EDIT_CURRENT_FACT_RECOVERY,현재 화 인물·고유명·수치·행동·계약상태와 다음 화 첫선을 대조,삭제·일반화된 현재 사실을 복원하거나 잘못된 유예를 제거
723,723,opened_loops,L124956~L125111,푸틴 조건부 승낙·엔캐리 공격.,푸틴 휴전협상; 러시아·우크라이나 투자보상; 엔캐리 대응,푸틴 휴전협상; 러시아·우크라이나 투자보상; 엔캐리 대응,PASS_BIDIRECTIONAL,현재 화 인물·고유명·수치·행동·계약상태와 다음 화 첫선을 대조,미래 선취와 현재 사실 누락이 없음
724,724,paid_reward,L125112~L125254,푸틴이 전쟁 이전선 휴전안과 경제패키지에 조건부로 승낙한다.,푸틴이 전쟁 이전선 휴전안과 경제패키지를 듣고 천천히 고개를 끄덕여 수용 의사를 보인다. 구체 조건·최종 합의는 아직 전이다.,푸틴이 전쟁 이전선 휴전안과 경제패키지를 듣고 천천히 고개를 끄덕여 수용 의사를 보인다. 구체 조건·최종 합의는 아직 전이다.,PASS_BIDIRECTIONAL,현재 화 인물·고유명·수치·행동·계약상태와 다음 화 첫선을 대조,미래 선취와 현재 사실 누락이 없음
724,724,state_change,L125112~L125254,전쟁을 계속하던 러시아가 바그너 정리와 한국투자를 조건으로 출구를 검토하는 상태로 바뀐다.,전쟁을 계속하던 러시아가 바그너 정리와 한국투자를 조건으로 출구를 검토하고 수용 의사를 보이는 상태로 바뀌지만 구체 조건은 남는다.,전쟁을 계속하던 러시아가 바그너 정리와 한국투자를 조건으로 출구를 검토하고 수용 의사를 보이는 상태로 바뀌지만 구체 조건은 남는다.,PASS_BIDIRECTIONAL,현재 화 인물·고유명·수치·행동·계약상태와 다음 화 첫선을 대조,미래 선취와 현재 사실 누락이 없음
724,724,ending_hook,L125112~L125254,강경파가 막기 전에 흑해 프리고진에게 현장합의를 받아야 한다.,푸틴의 고개 끄덕임을 실제 휴전합의와 바그너 반란 종식으로 바꿀 수 있는가?,푸틴의 고개 끄덕임을 실제 휴전합의와 바그너 반란 종식으로 바꿀 수 있는가?,PASS_BIDIRECTIONAL,현재 화 인물·고유명·수치·행동·계약상태와 다음 화 첫선을 대조,미래 선취와 현재 사실 누락이 없음
724,724,closed_loops,L125112~L125254,푸틴 조건부 승낙.,푸틴의 휴전안 수용 의사 확인,푸틴의 휴전안 수용 의사 확인,PASS_BIDIRECTIONAL,현재 화 인물·고유명·수치·행동·계약상태와 다음 화 첫선을 대조,미래 선취와 현재 사실 누락이 없음
724,724,opened_loops,L125112~L125254,프리고진 퇴장·최종 휴전.,푸틴의 구체 조건; 바그너 반란 종식,푸틴의 구체 조건; 바그너 반란 종식,PASS_BIDIRECTIONAL,현재 화 인물·고유명·수치·행동·계약상태와 다음 화 첫선을 대조,미래 선취와 현재 사실 누락이 없음
725,725,ending_hook,L125255~L125407,프리고진이 아프리카 퇴장로를 받아 반란을 종료할지가 남는다.,흑해로 먼저 움직인 두 사람이 프리고진에게 어떤 출구를 제시해 반란을 끝낼 것인가?,흑해로 먼저 움직인 두 사람이 프리고진에게 어떤 출구를 제시해 반란을 끝낼 것인가?,PASS_BIDIRECTIONAL,현재 화 인물·고유명·수치·행동·계약상태와 다음 화 첫선을 대조,미래 선취와 현재 사실 누락이 없음
725,725,opened_loops,L125255~L125407,프리고진 퇴장계약·반란종결.,프리고진 현장협상; 바그너 반란 종식,프리고진 현장협상; 바그너 반란 종식,PASS_BIDIRECTIONAL,현재 화 인물·고유명·수치·행동·계약상태와 다음 화 첫선을 대조,미래 선취와 현재 사실 누락이 없음
726,726,ending_hook,L125408~L125577,러시아 불을 끈 김민재가 백악관에서 중동 기습과 우크라이나 휴전을 함께 거래해야 한다.,러시아 불을 끈 김민재가 백악관을 어떤 자료와 조건으로 설득할 것인가?,러시아 불을 끈 김민재가 백악관을 어떤 자료와 조건으로 설득할 것인가?,PASS_BIDIRECTIONAL,현재 화 인물·고유명·수치·행동·계약상태와 다음 화 첫선을 대조,미래 선취와 현재 사실 누락이 없음
726,726,opened_loops,L125408~L125577,미국 승인·하마스 사전방어·우크라이나 설득.,미국 승인; 우크라이나 설득; 러시아·우크라이나 휴전 집행,미국 승인; 우크라이나 설득; 러시아·우크라이나 휴전 집행,PASS_BIDIRECTIONAL,현재 화 인물·고유명·수치·행동·계약상태와 다음 화 첫선을 대조,미래 선취와 현재 사실 누락이 없음
727,727,ending_hook,L125578~L125735,성공확률 절반인 도박을 유럽·러시아·일본 이해관계까지 엮어 이길 설계가 필요하다.,수조 달러 위험을 건 약속을 실제 우크라이나 휴전과 태우그룹의 성장으로 바꿀 수 있는가?,수조 달러 위험을 건 약속을 실제 우크라이나 휴전과 태우그룹의 성장으로 바꿀 수 있는가?,PASS_BIDIRECTIONAL,현재 화 인물·고유명·수치·행동·계약상태와 다음 화 첫선을 대조,미래 선취와 현재 사실 누락이 없음
727,727,opened_loops,L125578~L125735,유럽 설득·러시아 이미지·일본 금융전·우크라이나 휴전.,바이든의 우크라이나 설득; 휴전 성사; 실패 시 태우 생산거점 이전,바이든의 우크라이나 설득; 휴전 성사; 실패 시 태우 생산거점 이전,PASS_BIDIRECTIONAL,현재 화 인물·고유명·수치·행동·계약상태와 다음 화 첫선을 대조,미래 선취와 현재 사실 누락이 없음
729,729,state_change,L125884~L126045,휴전의 추상적 보상은 우크라이나 통신망·원전·자동차 산업을 선점할 사업목록으로 바뀐다.,"휴전의 추상적 보상이 우크라이나에도 태우에도 이득이 될 재건사업 한 건을 고르는 단계로 바뀌지만, 사업명과 제안은 아직 나오지 않는다.","휴전의 추상적 보상이 우크라이나에도 태우에도 이득이 될 재건사업 한 건을 고르는 단계로 바뀌지만, 사업명과 제안은 아직 나오지 않는다.",PASS_BIDIRECTIONAL,현재 화 인물·고유명·수치·행동·계약상태와 다음 화 첫선을 대조,미래 선취와 현재 사실 누락이 없음
729,729,ending_hook,L125884~L126045,통신망·원전·자동차 가운데 우크라이나가 휴전을 받아들일 만큼 크고 오래가는 재건카드는 무엇인가?,우크라이나에도 태우에도 이득인 ‘딱 하나’의 사업카드는 무엇이며 대통령을 움직일 수 있는가?,우크라이나에도 태우에도 이득인 ‘딱 하나’의 사업카드는 무엇이며 대통령을 움직일 수 있는가?,PASS_BIDIRECTIONAL,현재 화 인물·고유명·수치·행동·계약상태와 다음 화 첫선을 대조,미래 선취와 현재 사실 누락이 없음
729,729,opened_loops,L125884~L126045,우크라이나 재건카드 선택·제시; 젤렌스키 담판; 일본 조기상환 대응,우크라이나 재건카드; 대통령 방한·휴전 담판; 일본 조기상환 대응,우크라이나 재건카드; 대통령 방한·휴전 담판; 일본 조기상환 대응,PASS_BIDIRECTIONAL,현재 화 인물·고유명·수치·행동·계약상태와 다음 화 첫선을 대조,미래 선취와 현재 사실 누락이 없음
733,733,action,L126557~L126729,한 부회장·조지가 기시다에게 재차입·금리·미 국채·사과 조건을 받아낸다,한 부회장·조지가 기시다에게 중앙은행 보증·우대금리·세제·핀테크 개방·자본규제 완화와 총리 사퇴·중의원 해산 약속을 받아낸다.,한 부회장·조지가 기시다에게 중앙은행 보증·우대금리·세제·핀테크 개방·자본규제 완화와 총리 사퇴·중의원 해산 약속을 받아낸다.,PASS_BIDIRECTIONAL,현재 화 인물·고유명·수치·행동·계약상태와 다음 화 첫선을 대조,미래 선취와 현재 사실 누락이 없음
733,733,paid_reward,L126557~L126729,일본 정부가 재차입·금리·미국채·사과를 포함한 금융타워의 요구를 공식 검토하게 된다.,기시다가 중앙은행 보증·우대금리·세제·핀테크 개방·자본규제 완화와 총리 사퇴·중의원 해산을 약속한다. 재차입·미국채 매입과 시장 정상화는 주말 집행 전이다.,기시다가 중앙은행 보증·우대금리·세제·핀테크 개방·자본규제 완화와 총리 사퇴·중의원 해산을 약속한다. 재차입·미국채 매입과 시장 정상화는 주말 집행 전이다.,PASS_BIDIRECTIONAL,현재 화 인물·고유명·수치·행동·계약상태와 다음 화 첫선을 대조,미래 선취와 현재 사실 누락이 없음
733,733,state_change,L126557~L126729,채무상환 협상은 일본의 통화정책과 미국채 운용까지 태우가 간섭하는 국가급 거래로 커진다.,"채무상환 협상은 일본 통화·핀테크 정책과 총리직·의회해산까지 금융타워가 조건으로 거는 국가급 거래가 되지만, 실행은 아직 남는다.","채무상환 협상은 일본 통화·핀테크 정책과 총리직·의회해산까지 금융타워가 조건으로 거는 국가급 거래가 되지만, 실행은 아직 남는다.",PASS_BIDIRECTIONAL,현재 화 인물·고유명·수치·행동·계약상태와 다음 화 첫선을 대조,미래 선취와 현재 사실 누락이 없음
733,733,ending_hook,L126557~L126729,총리관저 밖에서 김민재가 야권의 돈줄과 불법자금 증거를 어떻게 묶을지가 남는다.,같은 시각 김민재는 기시다가 모르는 누구를 만나 무슨 다음 수를 두고 있는가?,같은 시각 김민재는 기시다가 모르는 누구를 만나 무슨 다음 수를 두고 있는가?,PASS_BIDIRECTIONAL,현재 화 인물·고유명·수치·행동·계약상태와 다음 화 첫선을 대조,미래 선취와 현재 사실 누락이 없음
733,733,closed_loops,L126557~L126729,기시다 상대 공식조건 제시.,기시다의 금융보상·사퇴·중의원 해산 약속 확보,기시다의 금융보상·사퇴·중의원 해산 약속 확보,PASS_BIDIRECTIONAL,현재 화 인물·고유명·수치·행동·계약상태와 다음 화 첫선을 대조,미래 선취와 현재 사실 누락이 없음
733,733,opened_loops,L126557~L126729,곤조 접촉·자민당 불법자금·야권 재편.,김민재의 비공개 접촉; 일본 정부 약속 집행; 금융시장 정상화,김민재의 비공개 접촉; 일본 정부 약속 집행; 금융시장 정상화,PASS_BIDIRECTIONAL,현재 화 인물·고유명·수치·행동·계약상태와 다음 화 첫선을 대조,미래 선취와 현재 사실 누락이 없음
736,736,ending_hook,L127050~L127212,러우 양측의 실제 휴전서명과 일본 중앙은행 손실폭로가 계획대로 이어질지가 남는다.,러우의 비공식 합의가 실제 서명으로 닫히고 일본 총선·중동 방어까지 세 전선이 예정대로 결산될 것인가?,러우의 비공식 합의가 실제 서명으로 닫히고 일본 총선·중동 방어까지 세 전선이 예정대로 결산될 것인가?,PASS_BIDIRECTIONAL,현재 화 인물·고유명·수치·행동·계약상태와 다음 화 첫선을 대조,미래 선취와 현재 사실 누락이 없음
736,736,opened_loops,L127050~L127212,러우 휴전서명·일본은행 손실·뱅크런.,러우 휴전서명; 일본 총선 결과; 하마스 기습 방어,러우 휴전서명; 일본 총선 결과; 하마스 기습 방어,PASS_BIDIRECTIONAL,현재 화 인물·고유명·수치·행동·계약상태와 다음 화 첫선을 대조,미래 선취와 현재 사실 누락이 없음
738,738,action,L127368~L127539,콜로노이를 시작으로 우크라이나 부패재벌을 잡고 곤조·나오토 야당연합의 50석 증가를 만든다,콜로노이 수사를 시작하고 일본 총선 출구조사에서 곤조·나오토 야당연합의 50석 증가와 과반 표시를 확인한다.,콜로노이 수사를 시작하고 일본 총선 출구조사에서 곤조·나오토 야당연합의 50석 증가와 과반 표시를 확인한다.,PASS_BIDIRECTIONAL,현재 화 인물·고유명·수치·행동·계약상태와 다음 화 첫선을 대조,미래 선취와 현재 사실 누락이 없음
738,738,turn_or_reveal,L127368~L127539,콜로노이가 보호막을 잃는 것과 동시에 일본 개표에서 야당연합이 자민당을 추월한다.,콜로노이가 보호막을 잃는 것과 동시에 일본 출구조사에서 야당연합이 자민당 과반을 무너뜨린다.,콜로노이가 보호막을 잃는 것과 동시에 일본 출구조사에서 야당연합이 자민당 과반을 무너뜨린다.,PASS_BIDIRECTIONAL,현재 화 인물·고유명·수치·행동·계약상태와 다음 화 첫선을 대조,미래 선취와 현재 사실 누락이 없음
738,738,paid_reward,L127368~L127539,우크라이나 부패재벌 정리가 시작되고 곤조·나오토 연합은 과반의석으로 자민당을 패배시킨다.,우크라이나 부패재벌 수사가 시작되고 일본 총선 출구조사에서 곤조·나오토 연합이 과반으로 표시된다. 최종 개표와 새 내각은 아직 전이다.,우크라이나 부패재벌 수사가 시작되고 일본 총선 출구조사에서 곤조·나오토 연합이 과반으로 표시된다. 최종 개표와 새 내각은 아직 전이다.,PASS_BIDIRECTIONAL,현재 화 인물·고유명·수치·행동·계약상태와 다음 화 첫선을 대조,미래 선취와 현재 사실 누락이 없음
738,738,state_change,L127368~L127539,태우의 재건사업과 일본 금융지배를 막던 현지 기득권 두 축이 선거와 수사로 제거된다.,"우크라이나 기득권 수사가 시작되고 일본 자민당의 과반은 출구조사상 붕괴하지만, 최종 개표·정권구성은 남는다.","우크라이나 기득권 수사가 시작되고 일본 자민당의 과반은 출구조사상 붕괴하지만, 최종 개표·정권구성은 남는다.",PASS_BIDIRECTIONAL,현재 화 인물·고유명·수치·행동·계약상태와 다음 화 첫선을 대조,미래 선취와 현재 사실 누락이 없음
738,738,ending_hook,L127368~L127539,우크라이나 부패수사와 일본 야당 과반이 실제 기득권 제거·새 내각·재건사업으로 굳어질 것인가?,출구조사상 야당 과반이 최종 개표와 새 내각으로 굳어지고 우크라이나 부패수사가 자산회수로 이어질 것인가?,출구조사상 야당 과반이 최종 개표와 새 내각으로 굳어지고 우크라이나 부패수사가 자산회수로 이어질 것인가?,PASS_BIDIRECTIONAL,현재 화 인물·고유명·수치·행동·계약상태와 다음 화 첫선을 대조,미래 선취와 현재 사실 누락이 없음
738,738,closed_loops,L127368~L127539,콜로노이 보호막·자민당 집권.,콜로노이 수사 착수; 출구조사상 자민당 과반 붕괴,콜로노이 수사 착수; 출구조사상 자민당 과반 붕괴,PASS_BIDIRECTIONAL,현재 화 인물·고유명·수치·행동·계약상태와 다음 화 첫선을 대조,미래 선취와 현재 사실 누락이 없음
738,738,opened_loops,L127368~L127539,우크라이나 부패재벌 수사·자산회수; 일본 야당연합 새 내각; 재건사업,우크라이나 부패재벌 수사·자산회수; 일본 최종 개표·새 내각; 재건사업,우크라이나 부패재벌 수사·자산회수; 일본 최종 개표·새 내각; 재건사업,PASS_BIDIRECTIONAL,현재 화 인물·고유명·수치·행동·계약상태와 다음 화 첫선을 대조,미래 선취와 현재 사실 누락이 없음
746,746,action,L128731~L128901,김태중이 평양 특사로 가 정상회담·5개국회의를 성사시키는 동안 고체배터리를 휴대폰·로봇으로 넓힌다,"김태중이 평양 특사를 마치고 다음 달 남북 정상회담과 중국·러시아·미국이 참여할 5개국 회담 약속을 확보한 동안, 고체배터리의 휴대폰·가전 적용계획을 점검한다.","김태중이 평양 특사를 마치고 다음 달 남북 정상회담과 중국·러시아·미국이 참여할 5개국 회담 약속을 확보한 동안, 고체배터리의 휴대폰·가전 적용계획을 점검한다.",PASS_BIDIRECTIONAL,현재 화 인물·고유명·수치·행동·계약상태와 다음 화 첫선을 대조,미래 선취와 현재 사실 누락이 없음
746,746,turn_or_reveal,L128731~L128901,김민재가 기대하는 것은 추상적인 평화가 아니라 유럽까지 연결될 실제 운송로라는 목적이 선명해진다.,"김태중이 2박3일 특사 일정으로 남북 정상회담뿐 아니라 5개국 회담 약속까지 받아 왔고, 김민재는 평화보다 유럽 육로의 실익을 본다.","김태중이 2박3일 특사 일정으로 남북 정상회담뿐 아니라 5개국 회담 약속까지 받아 왔고, 김민재는 평화보다 유럽 육로의 실익을 본다.",PASS_BIDIRECTIONAL,현재 화 인물·고유명·수치·행동·계약상태와 다음 화 첫선을 대조,미래 선취와 현재 사실 누락이 없음
746,746,paid_reward,L128731~L128901,김태중의 평양특사 파견과 5개국 정상회담 구상이 공식 실행선에 오른다.,김태중의 안전한 귀환과 다음 달 남북 정상회담·5개국 회담 약속이 발표된다. 회담 개최와 철도합의는 아직 전이다.,김태중의 안전한 귀환과 다음 달 남북 정상회담·5개국 회담 약속이 발표된다. 회담 개최와 철도합의는 아직 전이다.,PASS_BIDIRECTIONAL,현재 화 인물·고유명·수치·행동·계약상태와 다음 화 첫선을 대조,미래 선취와 현재 사실 누락이 없음
746,746,state_change,L128731~L128901,가족의 위험한 임무가 한반도 화해를 넘어 태우의 유럽 육로를 완성할 국가협상으로 확대된다.,가족의 위험한 임무가 남북·5개국 회담 약속과 태우의 유럽 육로 가능성으로 진전되지만 실제 회담·철도조건은 남는다.,가족의 위험한 임무가 남북·5개국 회담 약속과 태우의 유럽 육로 가능성으로 진전되지만 실제 회담·철도조건은 남는다.,PASS_BIDIRECTIONAL,현재 화 인물·고유명·수치·행동·계약상태와 다음 화 첫선을 대조,미래 선취와 현재 사실 누락이 없음
746,746,ending_hook,L128731~L128901,김태중의 특사 파견과 다자회담 구상을 실제 정상회담·철도합의·통행보장으로 바꿀 수 있는가?,다음 달 남북 정상회담과 5개국 회담 약속을 실제 철도합의·통행보장으로 바꿀 수 있는가?,다음 달 남북 정상회담과 5개국 회담 약속을 실제 철도합의·통행보장으로 바꿀 수 있는가?,PASS_BIDIRECTIONAL,현재 화 인물·고유명·수치·행동·계약상태와 다음 화 첫선을 대조,미래 선취와 현재 사실 누락이 없음
746,746,closed_loops,L128731~L128901,평양특사 파견·다자회담 준비.,김태중의 평양 특사 귀환; 남북·5개국 회담 약속 확보,김태중의 평양 특사 귀환; 남북·5개국 회담 약속 확보,PASS_BIDIRECTIONAL,현재 화 인물·고유명·수치·행동·계약상태와 다음 화 첫선을 대조,미래 선취와 현재 사실 누락이 없음
746,746,opened_loops,L128731~L128901,남북·다자 정상회담; 횡단철도 비용·통행보장 합의; 고체배터리 확장,남북·5개국 회담 개최; 횡단철도 비용·통행보장 합의; 고체배터리 확장,남북·5개국 회담 개최; 횡단철도 비용·통행보장 합의; 고체배터리 확장,PASS_BIDIRECTIONAL,현재 화 인물·고유명·수치·행동·계약상태와 다음 화 첫선을 대조,미래 선취와 현재 사실 누락이 없음
