sequence,visible_label,arc_id,arc_phase,tension_1_10,reward_1_10,hook_1_10,information_weight,action_weight,relationship_weight,emotion_weight,material_or_status_weight,ribbon_rationale,source_lines
1,1화,DCA-N01,N01·걸프전 100억 달러와 SAVE 월가 자립,9,6,8,0.20,0.25,0.20,0.20,0.15,고시원 죽음·17세 회귀·시계 폭로·김태중의 100만 달러가 연달아 벌어져 행동과 상실·회복 감정에 오래 머문다.,L1~L255
5,5화,DCA-N01,N01·걸프전 100억 달러와 SAVE 월가 자립,8,7,9,0.18,0.31,0.28,0.11,0.12,왕실 보석 절도를 막아 살만의 약속을 얻고 2억 달러 원유 포지션을 잡아 행동과 왕실 관계가 앞선다.,L930~L1168
6,6화,DCA-N01,N01·걸프전 100억 달러와 SAVE 월가 자립,9,9,6,0.13,0.27,0.19,0.12,0.29,이라크 침공 뒤 20억 달러가 확정되고 네 직원이 SAVE로 이동해 자산과 조직 지위가 큰 봉우리를 만든다.,L1169~L1387
7,7화,DCA-N01,N01·걸프전 100억 달러와 SAVE 월가 자립,7,6,9,0.22,0.26,0.25,0.08,0.19,35억 원 보너스와 월가 21명 채용 뒤 유가 공매도를 집행해 인재 조직과 다음 포지션에 체류한다.,L1388~L1608
8,8화,DCA-N01,N01·걸프전 100억 달러와 SAVE 월가 자립,7,9,7,0.17,0.26,0.24,0.08,0.25,유가 청산 100억 달러와 D.E 인재 13명 이탈이 겹쳐 현금 보상·영입 행동·제프리 대면이 균형을 이룬다.,L1609~L1815
9,9화,DCA-N01,N01·걸프전 100억 달러와 SAVE 월가 자립,6,6,9,0.24,0.15,0.32,0.17,0.12,제프리는 냅킨에 그린 재투자 선순환을 보고 합류하지만 혹독한 운영 방식과 성과보수 조건에서 곧바로 한정훈과 부딪힌다. 첫 설득의 들뜸이 새 조직 내부의 갈등으로 식어 인재 영입의 비용을 남긴다.,L1816~L2017
10,10화,DCA-N01,N01·걸프전 100억 달러와 SAVE 월가 자립,7,7,6,0.27,0.22,0.30,0.08,0.13,"리라화 다음 표적을 맞힌 김민재가 조지에게 모든 통화전쟁 동맹과 파운드 공격 60억 달러 공동투자를 받아 내고, 남은 40억 달러를 독자 운용할 자율성을 얻는다. 조지·짐의 대학 추천서는 써 주겠다는 약속일 뿐 원본 수령 전이므로 관계 보상과 문서 지급을 분리한다.",L2018~L2167
11,11화,DCA-N01B,N01B·하버드·공직자 펀드와 태우 귀환 준비,7,7,6,0.21,0.20,0.31,0.20,0.08,하버드 합격으로 김태중을 기쁘게 한 뒤 대선 출마를 막고 재단 허락을 받아 조손 관계와 감정이 길다.,L2168~L2352
14,14화,DCA-N01B,N01B·하버드·공직자 펀드와 태우 귀환 준비,8,8,9,0.29,0.25,0.23,0.08,0.15,클린턴·푸틴 지원과 30억 달러 지급 뒤 조지의 프랑화 배신 계획을 읽어 정보와 다음 대응 훅이 강하다.,L2677~L2851
21,21화,DCA-N02,N02·창원 장부와 명동 4천억 절단,9,7,10,0.16,0.28,0.27,0.20,0.09,태우를 버릴 수 있다는 배수진으로 김태중과 충돌해 감사본부장 자리를 얻고 고베 지진 훅으로 급전한다.,L4010~L4174
24,24화,DCA-N02,N02·창원 장부와 명동 4천억 절단,6,6,7,0.22,0.25,0.35,0.10,0.08,정수철이 고립시키려 한 윤일섭을 오히려 승진시키고 창원 직속 TF를 세운다. 한 사람을 살리는 인사 결정이 기존 감사선과 다른 독립 수사조직으로 굳어진다.,L4562~L4738
29,29화,DCA-N02,N02·창원 장부와 명동 4천억 절단,7,6,8,0.24,0.20,0.36,0.12,0.08,이준수의 변명과 명동 오만을 노출해 사장단 마음을 돌리고 CT 법인장을 들여 관계 전환에 오래 머문다.,L5470~L5654
31,31화,DCA-N02,N02·창원 장부와 명동 4천억 절단,6,5,7,0.20,0.18,0.31,0.18,0.13,이선일이 이준수를 거두고 47명 징계가 확정된 뒤 사장단이 연구소 유배를 모의해 관계 후폭풍과 다음 훅이 높다.,L5819~L6005
32,32화,DCA-N03,N03·이노폰과 박진훈 축출,5,7,8,0.28,0.18,0.31,0.08,0.15,연구소 독립성과 20명 채용권을 확보한 뒤 후쿠다를 직접 만난다. 조직의 빈칸을 채울 첫 인재 앞에서 조건표가 사람의 선택 문제로 바뀐다.,L6006~L6176
34,34화,DCA-N03,N03·이노폰과 박진훈 축출,6,7,7,0.24,0.20,0.39,0.08,0.09,박준일·장학생·조나단을 50명 특허팀에 묶고 폰 디자인 경쟁을 시작한다. 연구소의 빈자리가 이름 있는 사람과 팀으로 채워지며 기술개발이 실제 조직의 속도를 얻는다.,L6343~L6525
36,36화,DCA-N03,N03·이노폰과 박진훈 축출,6,7,9,0.27,0.17,0.35,0.08,0.13,아마존 지분을 점검하고 구디너프 성과를 받은 뒤 잡스 복귀를 제안해 인재 관계와 기술 정보에 머문다.,L6685~L6859
40,40화,DCA-N03,N03·이노폰과 박진훈 축출,8,7,8,0.18,0.26,0.34,0.13,0.09,기술과 규모를 두고 김태중과 부딪친 끝에 박진훈에게 팀·공장·자금 전권을 받아낸다. 말싸움의 승리가 독립 개발조건으로 바뀌지만 박진훈과의 권력 충돌은 더 선명해진다.,L7391~L7563
41,41화,DCA-N03,N03·이노폰과 박진훈 축출,6,5,7,0.30,0.21,0.31,0.07,0.11,에이스 30명·이석준을 직속으로 묶고 이선일의 태우전자 주식 수집을 확인해 조직 관계와 지분 정보가 앞선다.,L7564~L7753
43,43화,DCA-N03,N03·이노폰과 박진훈 축출,5,7,7,0.18,0.20,0.32,0.07,0.23,황영철에게 개발비 10억 원과 지분대금 98억 원을 지급해 49퍼센트를 얻으므로 계약 관계와 자산 보상이 크다.,L7934~L8120
45,45화,DCA-N03,N03·이노폰과 박진훈 축출,9,7,9,0.18,0.39,0.18,0.17,0.08,톰슨 특허 매입 직후 태우건설·병원을 밀어 삼풍 붕괴 구조에 들어가 긴박한 행동과 생존 감정이 솟는다.,L8295~L8488
50,50화,DCA-N03,N03·이노폰과 박진훈 축출,8,7,9,0.25,0.34,0.20,0.10,0.11,"강 대위의 보고로 우성일이 이노폰 자료를 기자에게 넘기는 영상과 음성 녹음이 이미 확보된다. 1면 허위기사에 SAVE 반박자료와 한국·미국·독일 동시 검증을 맞붙이는 리듬이라, 증거 지급 뒤 공개 시연의 성패가 훅으로 남는다.",L9210~L9397
52,52화,DCA-N03,N03·이노폰과 박진훈 축출,8,10,9,0.14,0.28,0.22,0.10,0.26,"정정기사 뒤 이노폰 국내 재고 30만 대가 팔리고 미국 30만·유럽 10만·한국 10만 주문이 붙는다. 박진훈 축출과 사장 추천까지 받은 뒤 김민재가 사장직이 아니라 지분을 요구해, 판매 절정이 곧 소유권 질문으로 꺾인다.",L9579~L9758
53,53화,DCA-N04,N04·태우전자 소유와 조선·애플 교환,6,10,7,0.13,0.17,0.28,0.14,0.28,"김태중의 지분 상속과 이사회 만장일치로 태우전자 사장 자리가 한꺼번에 지급되어 조손 승인과 지위 상승이 가장 무겁다. 후반의 현재그룹 자금난과 SAVE 차입 미끼는 이미 받은 경영권 다음에 붙는 새 위험일 뿐, 태우 지분 회수 결과까지 나아가지는 않는다.",L9759~L9940
54,54화,DCA-N04,N04·태우전자 소유와 조선·애플 교환,7,6,8,0.25,0.26,0.30,0.11,0.08,"공장 세 곳 전환과 불량품 교환을 지시한 뒤 사무직·연구원·개발팀 1,500명을 전수 검토한다. 실제 이동 규모는 아직 산정 단계라 조직 정보와 관계 체류가 앞선다.",L9941~L10126
55,55화,DCA-N04,N04·태우전자 소유와 조선·애플 교환,7,7,8,0.20,0.22,0.34,0.16,0.08,"산업스파이의 금전 흔적을 잡고 사무직 20퍼센트, 원문 표현 수백 명을 적성에 맞춰 옮긴다. 조사 결과가 실제 자리 이동으로 이어지지만 스파이 배후와 후속 처벌은 남는다.",L10127~L10326
56,56화,DCA-N04,N04·태우전자 소유와 조선·애플 교환,6,9,8,0.19,0.18,0.40,0.12,0.11,"웨일에서 모욕당한 다이먼에게 독립 금융회사와 전권을 내밀어 영입하고, 곧바로 애플 이사회에서 잡스 복귀 표를 모은다. SAVE의 3년 뒤 주가 보증이 이사들을 돌려세운 뒤 넥스트 인수금 5억 달러의 부담 주체가 미지급 질문으로 남는다.",L10327~L10491
57,57화,DCA-N04,N04·태우전자 소유와 조선·애플 교환,6,8,9,0.19,0.22,0.31,0.07,0.21,SAVE가 넥스트 인수금 5억 달러를 내고 미래 소프트웨어 권리를 챙기는 계약으로 잡스의 CEO 복귀를 결산한다. 귀국 뒤 다이먼이 태우중공업의 그룹 27퍼센트·김태중 개인 10퍼센트 지분을 훑는 후반은 축하보다 적대인수 설계에 빠르게 무게를 옮긴다.,L10492~L10663
58,58화,DCA-N04,N04·태우전자 소유와 조선·애플 교환,7,6,9,0.28,0.17,0.28,0.13,0.14,명동 13퍼센트와 현재그룹 구매력·태우 주식 교환을 설계해 지분 정보와 40퍼센트 인수전 준비가 앞선다.,L10664~L10840
59,59화,DCA-N04,N04·태우전자 소유와 조선·애플 교환,6,5,7,0.29,0.13,0.30,0.09,0.19,6개 은행과 지분 양도 가능성·10억 달러 예금 조건·다음 날 날인 일정을 맞추는 장면이다. 소유권 지급 전이라 협상 정보와 관계에 오래 머문다.,L10841~L11024
60,60화,DCA-N04,N04·태우전자 소유와 조선·애플 교환,6,8,8,0.18,0.26,0.31,0.08,0.17,"살만에게 표트르 대제의 검을 건네 아람코 협력의 온도를 올린 뒤, 아크만 명의로 태우 중소계열사 세 곳의 경영권을 실제 가져온다. 다이먼이 비리 자료를 지렛대로 제안하는 끝에서는 가족을 다치지 않게 하면서 남은 지분을 얻어야 한다는 제약이 승리감을 눌러 준다.",L11025~L11199
64,64화,DCA-N04,N04·태우전자 소유와 조선·애플 교환,7,5,8,0.27,0.21,0.34,0.12,0.06,애플 주식 교환·공동브랜드로 김태중의 검토 승인을 얻지만 오강철 파업이 떠 관계 협상과 훅이 강하다.,L11746~L11893
67,67화,DCA-N04,N04·태우전자 소유와 조선·애플 교환,8,5,9,0.23,0.25,0.36,0.12,0.04,김태중 허락 없이 주총 의결을 택하고 우호표를 모아 조손 감정보다 공식 권력관계 대결에 체류한다.,L12284~L12471
68,68화,DCA-N04,N04·태우전자 소유와 조선·애플 교환,9,8,7,0.16,0.27,0.29,0.10,0.18,국민연금·명동·은행 표를 합쳐 이사회에서 30대25를 만들고 김태중의 반대를 넘어선다. 표결 숫자가 김민재의 독립경영권으로 환전돼 조손 대립의 결론을 눈앞에서 보여 준다.,L12472~L12681
70,70화,DCA-N04,N04·태우전자 소유와 조선·애플 교환,6,9,6,0.18,0.18,0.21,0.06,0.37,애플 10퍼센트 교환·공동로고와 구글 49퍼센트 매입이 이어져 계약 자산과 지배블록 지급이 절정이다.,L12850~L13024
71,71화,DCA-N04,N04·태우전자 소유와 조선·애플 교환,5,6,7,0.20,0.19,0.31,0.12,0.18,"500대도 못 판 엠피맨 뒤 황영철이 디지털케이스 지분 전량을 넘기겠다고 하고, 김민재는 직원 보너스용 50억 원을 당일 입금하겠다고 약속한다. 직원·황영철의 애플 재출발, MCA 지분 협상 출발, 기획실 이동 동의가 이어지지만 사장 임명·기획실 발령·MCA 지분 취득은 아직 전이라 보상은 합의와 담당 확정에 둔다.",L13025~L13225
73,73화,DCA-N05,N05·중국 자동차와 인터넷 외화 출구,6,7,8,0.20,0.21,0.41,0.09,0.09,중국 권력자의 아들 안전과 체면을 지켜 준 대가로 판매허가와 관세우대를 받는다. 이어 포드 합작을 꺼내 가족비밀에서 시작한 거래를 자동차 시장의 공식 조건으로 넓힌다.,L13418~L13604
75,75화,DCA-N05,N05·중국 자동차와 인터넷 외화 출구,6,8,7,0.18,0.24,0.30,0.06,0.22,중국 판매실적을 근거로 포드·태우·상하이차 합작을 체결한다. 앞서 쥔 허가와 관세우대가 공장·수출 계약으로 굳어져 중국 진입의 영수증이 된다.,L13787~L13971
77,77화,DCA-N05,N05·중국 자동차와 인터넷 외화 출구,6,7,7,0.18,0.28,0.40,0.08,0.06,IT 인재와 자유출퇴근 팀을 만든 뒤 제프리가 낡은 보고·결재 구조를 30분 만에 뒤엎는다. 새 사람을 뽑는 데서 멈추지 않고 일하는 방식 자체가 즉시 바뀐다.,L14142~L14342
82,82화,DCA-N06,N06·외환위기 무부채와 사우디 정유,5,7,7,0.28,0.16,0.34,0.12,0.10,"잡스와 냅스터를 먼저 띄우는 음원전략 논의는 비교적 짧고, 재계 총수들이 침묵한 김태중을 차기 전경련 회장으로 일제히 추대하는 반전이 후반을 차지한다. 정부 빅딜 창구가 될 가능성은 열리지만 당사자의 수락은 아직 들리지 않는다.",L15041~L15242
83,83화,DCA-N06,N06·외환위기 무부채와 사우디 정유,6,8,8,0.18,0.16,0.40,0.18,0.08,조선·휴대폰 매각대금 3조 원을 위기기업 인수금으로 돌리고 김태중의 지휘권을 되살린다. 자산매각의 상실감보다 살아난 총수가 다시 선택하는 장면이 외환위기 반전을 확인한다.,L15243~L15431
84,84화,DCA-N06,N06·외환위기 무부채와 사우디 정유,7,9,9,0.18,0.22,0.16,0.07,0.37,환율 정점에 100억 달러를 옮겨 모든 부채를 갚고 SS오일을 협상해 재무 지위 보상이 절정이다.,L15432~L15607
85,85화,DCA-N06,N06·외환위기 무부채와 사우디 정유,6,8,8,0.20,0.22,0.31,0.06,0.21,김태중이 압둘라에게서 6조 원 정유계약과 원유 공급을 받아낸다. 왕실 친분이 말뿐인 환대가 아니라 계약서와 물량으로 환전되는 회차다.,L15608~L15801
86,86화,DCA-N06,N06·외환위기 무부채와 사우디 정유,5,9,8,0.19,0.27,0.24,0.07,0.23,IMF 앞에서 무부채 신뢰를 얻는 동안 아이팟은 사흘 만에 완판되고 애플 주가는 두 배가 된다. 장부상의 생존과 매장 안 제품반응이 동시에 나타나 태우의 선택이 시장에서 검증된다.,L15802~L15983
88,88화,DCA-N07,N07·카이자동차 51%와 카를로스 곤 독립경영,7,8,9,0.17,0.25,0.24,0.06,0.28,현재자동차의 출자전환안과 맞붙은 채권단 회의에서 김태중이 달러 현금 3조5천억 원을 못 박는 순간이 협상의 봉우리다. 가장 강한 조건과 후계 신뢰는 얻었으나 카이자동차 지분 51퍼센트의 최종 이전은 다음 판단으로 남는다.,L16166~L16347
90,90화,DCA-N07,N07·카이자동차 51%와 카를로스 곤 독립경영,5,8,7,0.19,0.18,0.42,0.11,0.10,카를로스 곤에게 전권을 주어 사장으로 세운 뒤 김태중에게 직접 소개한다. 세계급 경영자를 데려오는 결정과 새 총수의 승인이 한 자리에서 맞물린다.,L16548~L16721
91,91화,DCA-N07B,N07B·CL 카드·백화점과 통신·배터리 빅딜,6,5,7,0.29,0.20,0.38,0.08,0.05,고연진에게 장녀 승계를 부추기고 아이돌 팬덤 후원을 지시해 CL 내부 관계 조작과 시장 정보가 길다.,L16722~L16900
94,94화,DCA-N07B,N07B·CL 카드·백화점과 통신·배터리 빅딜,6,8,8,0.23,0.21,0.34,0.06,0.16,고승택에게 카드·백화점과 통신·배터리를 맞바꾸고 현재그룹을 견제할 이익까지 제시한다. 계열사 목록을 주고받는 대화가 서로의 적을 이용하는 재벌 동맹으로 굳어진다.,L17272~L17445
98,98화,DCA-N08,N08·태우통신 HTS·게임 플랫폼,5,8,5,0.25,0.19,0.30,0.06,0.20,건설 수주를 사장단에 공개하고 한 달 만에 통신 3사를 합병해 조직 관계와 시장 지위가 앞선다.,L17954~L18127
104,104화,DCA-N09,N09·이선일 죽음과 이영한 명동 후계,8,6,9,0.36,0.25,0.24,0.10,0.05,의사 진술로 박광도의 강요와 박 팀 배신을 한꺼번에 확인해 폭로 정보와 추적 긴장이 높다.,L19010~L19211
105,105화,DCA-N09,N09·이선일 죽음과 이영한 명동 후계,7,7,6,0.23,0.19,0.38,0.10,0.10,이영한의 오만이 위장이었다는 속내를 듣고 10조 원 금리전을 맡긴다. 시험하던 관계가 실제 자금을 움직이는 후계 동맹으로 바뀌어 명동 승계의 무게가 생긴다.,L19212~L19368
109,109화,DCA-N09,N09·이선일 죽음과 이영한 명동 후계,9,7,8,0.18,0.39,0.27,0.10,0.06,경찰·검찰·특수부대·국세청을 동시에 움직여 오성파 재산을 치고 명동 원로 셋을 끌어들인다. 여러 기관과 세대가 한 시각에 움직여 사채판의 세력교체를 실행한다.,L19881~L20080
110,110화,DCA-N09,N09·이선일 죽음과 이영한 명동 후계,9,8,9,0.15,0.34,0.32,0.13,0.06,야쿠자 습격을 버틴 이영한을 원로 앞에 세워 공식 후계 승인을 받아 행동·관계 보상이 절정이다.,L20081~L20250
113,113화,DCA-N10,N10·통신 카르텔과 강민 교육 역전,6,6,9,0.27,0.20,0.37,0.07,0.09,엔화·금리 양면 공격을 정하고 모델하우스에서 트럼프를 맞아 금융 전략과 새 인맥 관계가 앞선다.,L20585~L20769
115,115화,DCA-N10,N10·통신 카르텔과 강민 교육 역전,7,7,6,0.20,0.29,0.33,0.09,0.09,유해론 시위에 강민 영입과 저가 강의로 맞선다. 거리의 비난을 교육상품과 새 강사의 얼굴로 되받아 여론전의 방향을 바꾼다.,L20950~L21122
117,117화,DCA-N11,N11·35대3 부회장·푸틴·장수영 축출,5,5,6,0.34,0.12,0.31,0.16,0.07,김태중의 결혼 압박과 현 그룹 여섯 아들 분할을 함께 분석해 가족 관계·승계 정보에 머문다.,L21298~L21474
118,118화,DCA-N11,N11·35대3 부회장·푸틴·장수영 축출,6,7,6,0.24,0.19,0.38,0.06,0.13,장경준·장영준과 선총수·현건설·반도체를 맞바꾸는 계약을 맺는다. 후계자끼리의 대화가 각 가문의 지배권과 산업자산을 교환하는 동맹으로 굳어진다.,L21475~L21647
122,122화,DCA-N11,N11·35대3 부회장·푸틴·장수영 축출,6,8,9,0.18,0.18,0.39,0.10,0.15,90퍼센트 지지로 부회장이 된 직후 푸틴의 다차에 들어간다. 그룹 안 승진의 여운이 가시기도 전에 국가 최고권력과 마주해 지위 상승의 체감이 커진다.,L22201~L22405
123,123화,DCA-N11,N11·35대3 부회장·푸틴·장수영 축출,7,8,8,0.31,0.17,0.31,0.06,0.15,올리가르히 해체 지원 범위와 한국 에너지 권리를 교섭해 자원 조건과 푸틴 동맹에 오래 머문다.,L22406~L22595
124,124화,DCA-N11,N11·35대3 부회장·푸틴·장수영 축출,7,8,6,0.16,0.26,0.32,0.19,0.07,푸틴 취임식과 러시아 자원·현지공장 성과를 김태중에게 보고한 뒤 장수영 인사 문제로 조손 대화가 무거워진다. 김태중은 직접 결판내라고 보호를 거둘 뿐 사표 제출이나 해임은 아직 실행되지 않아 성과보다 관계 비용이 길게 남는다.,L22596~L22793
128,128화,DCA-N12,N12·현재건설 부도에서 태우반도체 인수·아이폰 수요,7,6,7,0.23,0.22,0.39,0.10,0.06,장영주가 다른 총수들에게 입찰 포기를 호소하고 김태중에게 살려 달라고 청한다. 한때 우위였던 재벌가가 선택권을 잃고 태우의 판단을 기다리는 장면이 권력역전을 보여 준다.,L23306~L23477
130,130화,DCA-N12,N12·현재건설 부도에서 태우반도체 인수·아이폰 수요,6,7,7,0.27,0.19,0.30,0.05,0.19,부시에게 100억 달러 공장을 약속하고 잡스에게 독점 공급을 제시해 정치·수요처 관계와 투자 규모가 크다.,L23645~L23831
132,132화,DCA-N12,N12·현재건설 부도에서 태우반도체 인수·아이폰 수요,6,8,8,0.22,0.21,0.31,0.05,0.21,11월 21일 현 반도체 인수를 공식화하고 유석재를 책임자로 세우는 조직 출범이 먼저 지급된다. 김태중이 인수 거부까지 거론하며 청와대에 흑자 전 세금 감면을 요구하는 후반은 확정된 지휘선 위에 아직 미결인 정책 혜택을 얹는다.,L24030~L24220
133,133화,DCA-N12,N12·현재건설 부도에서 태우반도체 인수·아이폰 수요,5,6,6,0.22,0.14,0.38,0.08,0.18,낮은 주가를 이용한 상속 절차가 거의 끝나 가고 유석재·웨이 공동 부사장 임명 계획이 공개된다. 실제 명의이전과 인사는 남은 상태에서 김태중이 자기 업무까지 넘기려 하자 민재가 은퇴 가능성을 붙드는 가족 장면으로 닫힌다.,L24221~L24408
134,134화,DCA-N12,N12·현재건설 부도에서 태우반도체 인수·아이폰 수요,5,9,6,0.16,0.30,0.20,0.08,0.26,CES 공개와 300만 대 대기 수요·애플 주가 반등이 한꺼번에 터져 제품 행동과 시장 보상이 솟는다.,L24409~L24613
135,135화,DCA-N13,N13·윤현길 미끼와 김태중 무혐의 보호,5,6,7,0.27,0.17,0.38,0.05,0.13,부시의 공장 약속을 고정하고 쩡홍친을 만나러 가며 미·중 최고위 관계 관리에 오래 머문다.,L24614~L24799
137,137화,DCA-N13,N13·윤현길 미끼와 김태중 무혐의 보호,8,5,10,0.33,0.25,0.25,0.13,0.04,게임 투자 이야기가 이어지다 윤현길 수사와 김태중 구속 위험이 끼어든다. 성장사업을 보던 시선이 가족과 그룹을 지킬 역공 시한표로 급히 돌아선다.,L24981~L25166
138,138화,DCA-N13,N13·윤현길 미끼와 김태중 무혐의 보호,7,6,8,0.37,0.17,0.31,0.08,0.07,장영주 장례식에 모인 푸틴과 중국·미국 인맥에게서 윤현길 비리 자료가 차례로 들어오며 외교 관계가 증거 묶음으로 바뀐다. 가장 약한 건 하나만 언론에 흘린 뒤 상대 반응을 기다리는 절제가 전면 폭로보다 긴장을 오래 붙든다.,L25167~L25375
139,139화,DCA-N13,N13·윤현길 미끼와 김태중 무혐의 보호,8,6,7,0.27,0.29,0.33,0.07,0.04,사진·영상·장부를 차례로 내밀어 윤현길 측근을 떼어 내고 장영준 메모를 장경준에게 보여 준다. 증거가 사람의 충성을 실제로 바꾸며 복수작전이 내부 붕괴 단계로 들어간다.,L25376~L25549
140,140화,DCA-N13,N13·윤현길 미끼와 김태중 무혐의 보호,7,5,7,0.24,0.21,0.42,0.09,0.04,"장경준과 오해를 풀고, 축출된 장수영에게 희생양 역할을 거부하게 만든다. 배신자로 몰린 사람이 오히려 민재를 지키는 선택을 하며 관계의 방향이 뒤집힌다.",L25550~L25727
141,141화,DCA-N13,N13·윤현길 미끼와 김태중 무혐의 보호,8,9,7,0.20,0.28,0.30,0.10,0.12,태우 무혐의를 확인하고 국제 비리 자료로 윤현길을 항복시켜 가족 보호·정치 복수 보상이 절정이다.,L25728~L25921
142,142화,DCA-N13,N13·윤현길 미끼와 김태중 무혐의 보호,6,7,7,0.19,0.17,0.41,0.17,0.06,윤현길을 미끼로 묶은 뒤 은퇴하려는 김태중에게 베트남 체류를 허용한다. 총수권 싸움의 날선 계산 끝에 조손이 서로의 퇴로를 인정하는 감정이 남는다.,L25922~L26107
145,145화,DCA-N14,N14·WIPI 통상압력과 부품 분열,7,6,7,0.24,0.29,0.37,0.05,0.05,"장경준의 정치망과 300만 대 부품계약, 일본 대체압박을 이용해 삼진과 CL 내부 이해를 갈라놓는다. 같은 편이던 기업들이 서로 다른 손익표를 보며 흔들려 다음 계약의 틈이 생긴다.",L26460~L26621
151,151화,DCA-N15B,N15B·WTC 99년 임차와 9·11 생존·미국 방패,7,6,10,0.27,0.34,0.18,0.10,0.11,"보험, 전면 리모델링, 입주자 비우기와 구조장비 배치를 차례로 점검한다. 세계무역센터의 위험을 아는 독자에게 준비항목 하나하나가 카운트다운처럼 작동한다.",L27464~L27639
152,152화,DCA-N15B,N15B·WTC 99년 임차와 9·11 생존·미국 방패,9,9,6,0.14,0.39,0.16,0.22,0.09,9·11 직후 크레인·구조대를 투입해 건물 내부 사망을 막고 붕괴를 통제해 행동·생존 감정이 최고점이다.,L27640~L27823
153,153화,DCA-N15B,N15B·WTC 99년 임차와 9·11 생존·미국 방패,6,8,7,0.26,0.16,0.39,0.05,0.14,토론토대의 제임스 힌톤을 영입한 뒤 미국 식당에서 조지 슐츠와 반덤핑 예외·SAVE 보호를 맞바꾼다. 연구인재 확보와 미국 정치거래가 연속해 김민재의 활동반경을 넓힌다.,L27824~L28005
155,155화,DCA-N16,N16·세이월드 대신 SNS·메신저·숏폼 창업자 계약,7,5,6,0.31,0.25,0.31,0.09,0.04,70억 원 계약과 박동희 강압을 확인하고 독자 SNS로 계약을 독으로 만들겠다고 선언해 정보·관계·행동이 팽팽하다.,L28172~L28345
157,157화,DCA-N16,N16·세이월드 대신 SNS·메신저·숏폼 창업자 계약,6,5,7,0.24,0.17,0.43,0.05,0.11,다이먼에게 CL카드 인수를 맡기고 데이비드에게 마크 지분 30퍼센트 제안을 전달하게 한 뒤 오희건과 스마트폰 특허 협상을 시작한다. 지시와 협상판만 열린 회차라 투자·특허 계약을 지급처럼 소비하지 않고 세 상대의 답을 기다린다.,L28516~L28676
159,159화,DCA-N16,N16·세이월드 대신 SNS·메신저·숏폼 창업자 계약,5,8,6,0.22,0.17,0.44,0.05,0.12,임재범과 서문영에게 지분과 50억 원을 내밀어 메신저·숏폼 개발을 맡긴다. 아이디어만 있던 서비스가 두 개발자와 소유조건을 얻어 실제 팀으로 출발한다.,L28839~L29001
161,161화,DCA-N16B,N16B·CL카드·태우카드·외환은행 회수,8,7,7,0.23,0.27,0.31,0.06,0.13,현금서비스 중단 뒤 2조 원·부채 조건과 정부 탕감을 협상해 채권단 관계와 인수 행동이 앞선다.,L29176~L29348
165,165화,DCA-N16B,N16B·CL카드·태우카드·외환은행 회수,6,7,7,0.18,0.27,0.34,0.05,0.16,CES 공동제품 공개와 이수현 회유를 병행해 발표 행동과 외환은행 내부 관계가 앞선다.,L29859~L30047
167,167화,DCA-N17,N17·천민정 보호와 비트코인·AI·SNS 실전배치,7,5,7,0.26,0.29,0.30,0.11,0.04,5만여 지원서를 다시 훑어 A급 다섯 명을 인턴으로 넣고 프로그래밍·알고리즘 두 항목 S급인 천민정을 찾아 술집에서 처음 마주한다. 악수와 대면만 성립했으므로 구조·특채·입사수락은 다음 회차의 관계 과제다.,L30225~L30423
168,168화,DCA-N17,N17·천민정 보호와 비트코인·AI·SNS 실전배치,8,5,7,0.16,0.32,0.34,0.13,0.05,"천민정에게 연봉·복지·법률 보호를 제시하고 강 대위에게 정호영 일가 감시를 맡긴 뒤, 정신수에게 차장검사 승진과 아들 유학을 맞바꿀 거래를 건다. 보호판은 구체화됐지만 상대 수락과 실제 출국은 아직 일어나지 않는다.",L30424~L30612
169,169화,DCA-N17,N17·천민정 보호와 비트코인·AI·SNS 실전배치,5,7,7,0.36,0.19,0.33,0.05,0.07,천민정과 암호학자들에게 채굴·분산장부 구조를 설명하고 극비팀을 시작한다. 낯선 기술설명이 사람과 보안조직을 얻으면서 비트코인 구상이 연구실 안 실제 과제로 내려온다.,L30613~L30819
171,171화,DCA-N17,N17·천민정 보호와 비트코인·AI·SNS 실전배치,5,8,6,0.15,0.18,0.34,0.22,0.11,4강 광고를 결산한 뒤 천민정 부친의 사채를 정리해 준다. 국가적 축제의 소음이 가족 빚을 조용히 없애는 장면으로 가라앉아 회사가 개인의 안전망이 되는 순간을 남긴다.,L31016~L31200
172,172화,DCA-N17,N17·천민정 보호와 비트코인·AI·SNS 실전배치,5,6,6,0.36,0.19,0.32,0.05,0.08,천민정을 힌톤 연구에 붙인 뒤 밤샘 통화로 이용자 데이터 기반 맞춤광고와 댓글 푸시 알림 아이디어를 구체화한다. 두 제품 후보와 협업 관계는 얻었지만 알고리즘 구현·배포·매출은 전혀 지급되지 않았다.,L31201~L31388
173,173화,DCA-N17,N17·천민정 보호와 비트코인·AI·SNS 실전배치,6,5,7,0.22,0.28,0.38,0.08,0.04,"서정준에게 태우증권 지분 인수와 옹호 계약을 제안해 한 달의 숙고 시간을 주고, 안상수 동조 임원 명단과 베트남 전보안을 준비시킨다. 사람을 실제 옮기거나 서정준을 영입하지 않은 채 제안과 인사설계만 열린다.",L31389~L31569
174,174화,DCA-N17,N17·천민정 보호와 비트코인·AI·SNS 실전배치,4,7,7,0.17,0.13,0.42,0.24,0.04,천민정에게 열애설 상대가 자신임을 밝혀 불안을 풀고 코코아톡 금융안을 받아 관계·감정 체류가 가장 길다.,L31570~L31756
176,176화,DCA-N17,N17·천민정 보호와 비트코인·AI·SNS 실전배치,6,10,8,0.15,0.26,0.40,0.11,0.08,서광수와 핵심 직원을 페이스북으로 되찾아 박동희 강탈을 독으로 만들므로 관계 회수와 복수 보상이 절정이다.,L31916~L32080
177,177화,DCA-N18,N18·가족 허락과 페이팔·머스크 기술방패,4,8,6,0.14,0.11,0.43,0.27,0.05,김태중은 천민정의 배경을 따지지 않고 손자 곁에 있는 사람으로 받아들인다. 사업보고가 아니라 가족 식탁의 허락이 지급되며 천민정과 조손 사이의 거리가 눈에 띄게 줄어든다.,L32081~L32276
178,178화,DCA-N18,N18·가족 허락과 페이팔·머스크 기술방패,6,8,7,0.23,0.19,0.37,0.05,0.16,20억 달러로 페이팔을 사고 머스크를 직접 만나 전기차·에너지·우주 동맹을 연다. 회사 인수 직후 창업자의 다음 야심까지 붙잡아 하나의 자산이 장기 파트너십으로 커진다.,L32277~L32455
181,181화,DCA-N18B,N18B·KS 불법 대선자금과 세이월드 역공,8,7,8,0.27,0.29,0.32,0.07,0.05,"강 대위의 추적과 국세청 인맥이 KS해운 비자금, 현금 운반 차량, 불법선거자금 단서를 한 줄로 잇는다. 야당과 검찰에 흘린 정보가 KS 한 곳을 넘어 전 대기업 수사로 번지는 순간, 복수 작전의 행동보다 관계망의 확산이 더 큰 압박으로 바뀐다.",L32798~L32963
182,182화,DCA-N18B,N18B·KS 불법 대선자금과 세이월드 역공,8,9,8,0.20,0.32,0.30,0.11,0.07,"100억 원이 넘는 정치자금과 총 2천억 원 비자금, 현금차량 사진을 수사선에 넘긴다. 증거가 실제로 이동한 뒤 세이월드 몰락까지 확인돼 정경유착 역공과 사업 정리가 함께 닫힌다.",L32964~L33126
183,183화,DCA-N18B,N18B·KS 불법 대선자금과 세이월드 역공,5,6,9,0.35,0.17,0.32,0.05,0.11,깨끗한 태우의 위치를 굳힌 뒤 서문영 팀에 숏폼 SNS를 맡겨 기술 정보와 인재 협업에 머문다.,L33127~L33294
185,185화,DCA-N18C,N18C·비트코인 게임결제와 WWDC 시리·IoT 시연,6,9,6,0.18,0.37,0.21,0.08,0.16,시리·가전 IoT·자동차 원격 시동을 세계 무대에서 실시간 시연해 공개 행동과 기업 지위 보상이 솟는다.,L33461~L33664
186,186화,DCA-N18C,N18C·비트코인 게임결제와 WWDC 시리·IoT 시연,4,8,7,0.34,0.15,0.32,0.04,0.15,"잡스와 노이즈캔슬링 이어폰, 건강·지도·음성 기능의 시계를 차례로 떠올린다. 완제품 지급 없이 아이디어가 서로의 말을 받아 커지는 공동개발 리듬이 재미를 만든다.",L33665~L33838
188,188화,DCA-N19,N19·인도 공장·IIT와 아노르 프리미엄 동맹,6,7,7,0.32,0.16,0.39,0.04,0.09,미모안 싱에게 공장·선거 지원과 IIT 캠퍼스를 교환해 국제 정치 관계와 협상 정보에 오래 머문다.,L34049~L34214
190,190화,DCA-N19,N19·인도 공장·IIT와 아노르 프리미엄 동맹,5,7,5,0.25,0.17,0.43,0.10,0.05,델핀에게 미래 가전·AI를 보여 주고 중국 허가를 해결해 가문 파트너·혼인 후보 관계가 부각된다.,L34388~L34604
193,193화,DCA-N20,N20·천민우 보호와 국민경제당·원자재 임무,8,6,9,0.24,0.34,0.25,0.13,0.04,경호원을 보내 천민정의 동생을 구하고 추영택의 폭행과 교사 묵인 증거를 모은다. 구조행동이 끝나자 가해 학생 뒤 권력배경을 추적하는 더 큰 싸움이 열린다.,L34943~L35136
194,194화,DCA-N20,N20·천민우 보호와 국민경제당·원자재 임무,8,8,8,0.18,0.30,0.35,0.14,0.03,"사진·영상·녹취·진술서와 바디캠이 회의장의 거짓말을 무너뜨리고, 김민재가 교실에서 천민우를 안아 공개 보호막을 세운다. 학폭위·명동·부장검사 윗라인 압박 지시까지 현재 화가 소유해 관계와 지위 보상이 크게 오른다.",L35137~L35343
195,195화,DCA-N20,N20·천민우 보호와 국민경제당·원자재 임무,8,10,5,0.12,0.31,0.38,0.15,0.04,화원정밀 거래를 끊고 검사 상급자를 압박해 무릎 사과·전학을 받아 천민정의 신뢰와 보호 보상이 절정이다.,L35344~L35519
196,196화,DCA-N20,N20·천민우 보호와 국민경제당·원자재 임무,6,7,8,0.36,0.14,0.37,0.07,0.06,"딥러닝 연구, 부산 데이터센터와 최재석의 정당 구상을 한 판에 연결한다. 김태중이 위험을 함께 지겠다고 나서며 기술계획이 가족과 정치의 공동책임으로 넓어진다.",L35520~L35684
197,197화,DCA-N20,N20·천민우 보호와 국민경제당·원자재 임무,5,7,7,0.24,0.14,0.50,0.06,0.06,델핀과 프리미엄 가전을 점검하는 앞 장면 뒤 김태중이 최재석에게 깨끗한 정치인 50명과 국가사업 지원 원칙을 제안한다. 인사·정책에는 간섭하지 않겠다는 선을 듣고 최재석이 도전을 받아들이며 두 사람의 소주잔이 창당 준비를 실제 관계로 굳힌다.,L35685~L35841
200,200화,DCA-N20B,N20B·판타지TV 50억 합작과 슈퍼볼 영상팀,6,5,8,0.32,0.18,0.35,0.05,0.10,"김익수와 첫 면담을 갖고 서버비·망사용료·저작권, 수백억 원 세계화 비용을 듣는다. 숫자를 확인하는 데서 멈추므로 50억 원 매각·합작 제안은 아직 이 회차의 보상이 아니다.",L36166~L36346
206,206화,DCA-N20C,N20C·리사 수 사장 취임과 남미 리튬 권리,5,9,7,0.18,0.18,0.32,0.17,0.15,천민정과의 밤샘 토론이 리사 수 취임으로 뒤집혀 관계 변화와 승진 보상이 봉우리를 만든다.,L37236~L37418
209,209화,DCA-N20D,N20D·국민경제당 38석과 AI 학습 지급,6,9,6,0.24,0.16,0.20,0.12,0.28,38석 캐스팅보트와 AI 학습자산 2만 편이 확정되어 지위·자산 지급이 가장 크다.,L37766~L37935
217,217화,DCA-N21,N21·김태중 신사옥과 샤롯·한전 부지 카드,5,6,6,0.21,0.20,0.31,0.14,0.14,샤롯 두 아들을 비교하고 조부의 판단으로 차남을 고르는 관계·승계 장면에 무게가 실린다.,L39052~L39226
223,223화,DCA-N22,N22·코코아택시·무료 단말기와 차봉훈 카르텔 붕괴,7,6,9,0.21,0.32,0.18,0.09,0.20,무료 단말 보급과 수사기관 제보에 조폭 반격이 붙어 실행과 긴장이 빠르게 오른다.,L40045~L40202
225,225화,DCA-N22,N22·코코아택시·무료 단말기와 차봉훈 카르텔 붕괴,9,7,9,0.15,0.36,0.20,0.14,0.15,70% 편입 뒤 조폭 100명 습격이 다가와 행동 대기와 관계 배신의 압력이 최고조다.,L40383~L40561
226,226화,DCA-N22,N22·코코아택시·무료 단말기와 차봉훈 카르텔 붕괴,9,10,6,0.13,0.42,0.14,0.12,0.19,20분 제압·배후 구속·80% 편입이 한꺼번에 터져 행동과 지위 보상이 가장 크게 솟는다.,L40562~L40732
228,228화,DCA-N23,N23·강남 쌍부지와 Su-47로 초고층 하늘 확보,5,9,8,0.18,0.22,0.18,0.12,0.30,중국 허가 뒤 1조7400억 원 계약서에 도장을 찍어 물질 보상과 가족 약속이 선명하다.,L40909~L41078
231,231화,DCA-N23,N23·강남 쌍부지와 Su-47로 초고층 하늘 확보,6,9,8,0.17,0.23,0.24,0.13,0.23,4조 낙찰과 조손의 기쁨 뒤 공군 고도제한이 새 병목으로 솟는다.,L41448~L41625
233,233화,DCA-N23,N23·강남 쌍부지와 Su-47로 초고층 하늘 확보,4,7,9,0.23,0.20,0.24,0.10,0.23,부시 승인 확인과 코코아 전국 확장을 지나 수호이 도착을 기다리는 연결 회차다.,L41797~L41960
234,234화,DCA-N23,N23·강남 쌍부지와 Su-47로 초고층 하늘 확보,6,9,7,0.20,0.24,0.18,0.14,0.24,실사용 Su-47 확인과 공군 무반대 약속이 놀람·행동·군사자산 보상을 함께 높인다.,L41961~L42135
236,236화,DCA-N24,N24·스페이스X·반도체·몽골 미래 인프라 투자선언,4,9,6,0.19,0.18,0.23,0.10,0.30,"위튜브 이름과 빅테크 유통망, 첫 초고층 허가가 한꺼번에 확정된다. 브랜드·판매통로·건축허가가 문서와 이름으로 지급돼 여러 준비가 실제 사업의 형태를 얻는다.",L42293~L42483
239,239화,DCA-N24B,N24B·태우엔터·위튜브 출시와 콘텐츠 플랫폼 지급,4,8,6,0.18,0.18,0.31,0.13,0.20,감독·작가에게 제작비와 장기계약을 주는 인재 관계와 선점 보상이 주축이다.,L42804~L42963
242,242화,DCA-N24B,N24B·태우엔터·위튜브 출시와 콘텐츠 플랫폼 지급,7,10,8,0.13,0.31,0.20,0.18,0.18,결승 21%·톱10 음반·세계 3천만과 머스크 격려가 대중 환호와 관계 보상을 폭발시킨다.,L43291~L43450
245,245화,DCA-N24C,N24C·SG·양지파 역공과 전원 양도 약속,9,8,8,0.14,0.42,0.16,0.12,0.16,삼합회 두목을 역으로 이용해 양지파와 SG를 사흘 안에 무너뜨린다. 상대 조직의 힘을 서로 부딪치게 한 뒤 결과를 빠르게 회수해 폭력판을 직접 장악하지 않고 끝낸다.,L43786~L43943
250,250화,DCA-N25B,N25B·시민 선거펀드와 세 전기차 공개 실증,5,9,7,0.18,0.27,0.20,0.10,0.25,400억 원·70만 구독자가 깨끗한 선거조직으로 바뀌어 행동과 지위 보상이 크게 지급된다.,L44568~L44721
264,264,DCA-N25C,N25C·서브프라임 경고·KIKO 보험과 AIZ·CITI 수확,7,7,9,0.32,0.22,0.20,0.12,0.14,"아마존 창고가 인건비 30%를 줄였지만 설비보다 인건비가 아직 싸다는 한계를 확인한다. 뒤이어 CITI 2만 명 감원·최소 600억 달러 손실·부실자산 매각 연락과 1년 뒤 리먼 파산설이 쌓여, 자동화 점검보다 금융 수확기의 숫자가 후반을 압도한다.",L46932~L47106
266,266,DCA-N25C,N25C·서브프라임 경고·KIKO 보험과 AIZ·CITI 수확,9,6,8,0.26,0.34,0.22,0.09,0.09,연준 모욕에 실제 퇴장하고 주당 4달러를 고수해 협상 행동과 압박이 최고조에 가깝다.,L47280~L47441
267,267,DCA-N25C,N25C·서브프라임 경고·KIKO 보험과 AIZ·CITI 수확,9,9,8,0.18,0.33,0.20,0.12,0.17,AIZ 70%와 CITI 왕좌를 관철해 다이먼의 복수·지분·정부지원이 한꺼번에 폭발한다.,L47442~L47596
268,268화,DCA-N25C,N25C·서브프라임 경고·KIKO 보험과 AIZ·CITI 수확,6,8,6,0.19,0.22,0.30,0.15,0.14,"다이먼 치료·충성과 박만덕 승진, SAVE 정체 공개가 사람과 조직의 지위를 재편한다.",L47597~L47759
269,269화,DCA-N25C,N25C·서브프라임 경고·KIKO 보험과 AIZ·CITI 수확,5,8,7,0.19,0.18,0.33,0.17,0.13,"AIZ·SAVE·태우증권 합병이 끝난 뒤 공항 환대와 SAVE 실소유주 공개를 거쳐 김태중에게 미국 최대 보험사의 안정 결과를 보여 준다. 조손 갈등은 수용으로 돌아서고, 태우·SAVE 현금을 쓰지 않고 부채를 온전히 떠안지 않는 조건의 GM·포드 검토만 열리므로 보상은 AIZ 합병·공개·가족 승인에 둔다.",L47760~L47922
271,271화,DCA-N27,N27·리먼 보험증서 거래와 회장 승계,7,6,7,0.17,0.20,0.31,0.22,0.10,김태중 은퇴와 전 사장단 추천을 거부하지 못해 가족·조직 관계와 책임 감정이 무겁다.,L48089~L48270
272,272,DCA-N27,N27·리먼 보험증서 거래와 회장 승계,6,9,6,0.16,0.23,0.31,0.16,0.14,"정식 회장 취임과 박만덕·한정훈 승진, 김태중의 자리 이양이 관계·지위 봉우리다.",L48271~L48457
273,273,DCA-N27,N27·리먼 보험증서 거래와 회장 승계,3,8,6,0.14,0.13,0.34,0.29,0.10,회귀 전 배고픔의 라면을 강 대위·한정훈과 나눠 먹어 동료애와 치유 감정에 오래 머문다.,L48458~L48644
277,277,DCA-N27B,N27B·금융허브·KIKO·통화스와프 국가 방패,6,8,8,0.25,0.25,0.31,0.09,0.10,오바마의 신뢰와 금융사 12곳 서명을 이틀 만에 얻어 외교 관계 보상이 크게 오른다.,L49145~L49297
278,278화,DCA-N27B,N27B·금융허브·KIKO·통화스와프 국가 방패,5,8,7,0.27,0.18,0.31,0.10,0.14,투자관을 맞춘 끝에 버핏의 한국 지점과 후속 인맥을 얻는다. 숫자 흥정보다 서로 장기투자자를 알아보는 대화가 다음 거래를 여는 보상으로 남는다.,L49298~L49458
280,280,DCA-N27B,N27B·금융허브·KIKO·통화스와프 국가 방패,7,9,7,0.18,0.26,0.22,0.16,0.18,"금융허브 발표 무대에서 퀀텀·CITI·버크셔 대표를 차례로 공개하고 버핏이 한국 지점과 태우 계열 투자까지 직접 선언한다. 여야 지지와 한전 부지의 조속한 허가 약속은 받았지만, 대통령실장이 공을 청와대와 나누라고 요구해 개발허가 전 정치 대가를 남긴다.",L49611~L49802
281,281,DCA-N27B,N27B·금융허브·KIKO·통화스와프 국가 방패,5,8,8,0.16,0.18,0.34,0.17,0.15,버핏의 50억 달러 약속과 지반공사 뒤 한정훈의 은행 회동으로 관계·지위가 이어진다.,L49803~L49976
293,293,DCA-N28,N28·금융위기 GM·OLED·해운·바이오 조건부 인수,9,7,8,0.22,0.34,0.24,0.09,0.11,채권·언론으로 GM 파산 확률을 올리고 UAW 양보를 받아 선파산 후인수를 관철한다.,L51786~L51967
296,296,DCA-N28,N28·금융위기 GM·OLED·해운·바이오 조건부 인수,5,8,7,0.23,0.18,0.34,0.14,0.11,김정우에게 AI 연구비전을 주고 센트리언과 연결해 인재 관계·감염병 권리가 지급된다.,L52303~L52474
298,298화,DCA-N28B,N28B·아마존 로켓·SpaceX 유통과 우주 실행축,4,8,6,0.18,0.16,0.34,0.22,0.10,김태중과 GM 인수를 기뻐하며 전생의 상처를 씻어 가족 관계와 감정 보상이 두드러진다.,L52623~L52803
303,303,DCA-N29,N29·청문회 역공을 타미플루·충전망·로켓·애플카로 지급,9,9,6,0.19,0.35,0.19,0.15,0.12,사퇴 약속 뒤 실제 혼잡도 120% 초과가 생방송 프레임을 깨 행동·환호 보상이 폭발한다.,L53463~L53621
304,304,DCA-N29,N29·청문회 역공을 타미플루·충전망·로켓·애플카로 지급,5,8,7,0.21,0.22,0.30,0.12,0.15,김 의원의 사과와 타미플루 원가공급을 충전소·보조금 약속으로 바꾼다. 체면을 세워 준 대가가 전기차 인프라로 돌아오며 관계역전이 실물정책을 낳는다.,L53622~L53793
310,310,DCA-N29,N29·청문회 역공을 타미플루·충전망·로켓·애플카로 지급,5,6,7,0.20,0.21,0.34,0.08,0.17,할 핀니 지원 뒤 산유국 왕족에게 전기차 공동투자를 청해 장기 동맹 관계가 크게 작동한다.,L54615~L54774
318,318,DCA-N30,N30·애플카 수요·사우디 매수벽으로 테슬라 숏 항복,5,6,7,0.25,0.18,0.34,0.09,0.14,비트코인 결제와 빈 살만 국부펀드를 일부러 미온적으로 받아 관계 협상에 오래 머문다.,L55973~L56130
326,326화,DCA-N30,N30·애플카 수요·사우디 매수벽으로 테슬라 숏 항복,6,9,7,0.23,0.30,0.15,0.15,0.17,"테슬라 공매도 세력의 항복과 전기차주 상승 뒤 천민정의 승부조작 경기영상이 장면을 꺾는다. 실제 확인된 최소 3명·연루 5명 이상과 조사 지시가 행동 비중을 높이고, 처벌 전 마지막에는 카노스의 태우그룹 공매도 원한이 남는다.",L57323~L57487
329,329화,DCA-N31,N31·일본·남유럽 금융전과 국민경제당 선거망,4,6,7,0.20,0.20,0.34,0.12,0.14,적자 PC방 확장과 최재석의 국가발전 원칙 확인이 정치 동맹의 신뢰를 재확인한다.,L57795~L57962
335,335,DCA-N31B,N31B·동일본 대지진 대피준비와 일본 금융결산,10,6,10,0.15,0.36,0.19,0.20,0.10,"최소 1만2천 명 교민의 대피비 책임을 공개하고 운송수단·미국 추가자료·구호물자 조달선을 준비한다. 실제 대피 전 전화가 동시에 울리고 동일본 대지진이 발생하므로, 지급은 준비 영수증에 제한하고 재난 발생을 드문 10점 훅으로 남긴다.",L58840~L59004
336,336,DCA-N31B,N31B·동일본 대지진 대피준비와 일본 금융결산,8,10,7,0.21,0.29,0.26,0.14,0.10,교민 생존·구호·최재석 미담과 금융사 투항이 생명·관계·승패를 한꺼번에 지급한다.,L59005~L59166
337,337,DCA-N31B,N31B·동일본 대지진 대피준비와 일본 금융결산,5,9,6,0.22,0.18,0.23,0.09,0.28,"일본 금융사 정산을 15일 안에 마치고 현금 300억 달러, 주식·부동산·특허까지 500억 달러 넘게 회수한 수치가 중심이다. 일본 해운사·유럽전은 다음 투자이고, 후반은 최재석 지지율 15퍼센트 상승과 서울 무상급식 주민투표로 정치리듬을 바꾼다.",L59167~L59333
344,344,DCA-N32,N32·로보 지분과 당뇨·mRNA 공동연구,5,8,6,0.25,0.18,0.34,0.08,0.15,"인슐린 아시아 생산권과 당뇨 신약 연구비 전액지원·지분 30퍼센트가 정식 계약으로 닫힌다. 데이비드의 트럼프 지원은 담당 배정이고, 덴마크 일을 마친 그가 한국으로 돌아오는 마지막 프레임은 다음 임무 전의 짧은 정지다.",L60319~L60493
347,347,DCA-N32B,N32B·도산 장비·텍사스 부지·체셔피크 셰일망,5,7,7,0.27,0.21,0.30,0.08,0.14,"조지 부시에게 텍사스의 경제·안보 논리를 30분 동안 설명하는 통화가 거의 전부를 차지한다. 관심은 끌었어도 토지 소유주 설득을 부탁하거나 확답받은 장면은 없으므로, 마지막은 전직 대통령의 실제 행동을 기다리는 낮은 속도의 관계 훅이다.",L60801~L60982
348,348,DCA-N32B,N32B·도산 장비·텍사스 부지·체셔피크 셰일망,6,7,7,0.23,0.25,0.31,0.10,0.11,부시가 직접 텍사스 토지 소유주를 설득하고 김민재가 임대료 50배를 제시해 셰일 실험부지의 저항을 푼다. 마지막에는 제주도보다 큰 50만 에이커 목장 매물만 알려질 뿐 목장 이름과 매도 측 협상은 다음 화에 나온다.,L60983~L61166
352,352,DCA-N32C,N32C·금융타워·제1야당과 직원 가족제도,4,9,6,0.23,0.19,0.27,0.11,0.20,퀀텀·버크셔·노무라·BNP가 완공식에 모여 도시 금융인프라와 동맹 지위가 크게 지급된다.,L61666~L61849
356,356,DCA-N32C,N32C·금융타워·제1야당과 직원 가족제도,4,7,6,0.18,0.20,0.31,0.21,0.10,"신사옥 외형은 90퍼센트이고, 실제 완료된 것은 일주일 전 직원 익명설문과 그 결과 수령이다. 연차·야근·육아휴직·재택·단축근무·안식년은 구체 시행지침이지만 직원 삶의 변화는 아직 검증 전이라 보상을 제도확정 수준에 둔다.",L62332~L62511
357,357,DCA-N33,N33·신사옥·대선·사드와 투게더워크-ARN 교환,4,8,8,0.18,0.20,0.33,0.17,0.12,임원 접근금지 커뮤니티와 완공식에서 머스크 동맹을 재확인해 관계·환대 보상이 앞선다.,L62512~L62684
358,358,DCA-N33,N33·신사옥·대선·사드와 투게더워크-ARN 교환,4,7,7,0.18,0.16,0.36,0.20,0.10,김태중 앞에서 세계 권력자들을 태우 편으로 만들겠다고 약속한다. 사업계획의 거대한 말이 조손 사이의 영속 약속으로 내려앉아 신사옥 이후 무엇을 지킬지가 분명해진다.,L62685~L62878
361,361,DCA-N33,N33·신사옥·대선·사드와 투게더워크-ARN 교환,7,5,8,0.22,0.24,0.34,0.14,0.06,차량 밀담에서 최재석에게 패배·재보궐 선택을 맡겨 정치 관계와 결단 압력이 앞선다.,L63240~L63391
363,363,DCA-N33,N33·신사옥·대선·사드와 투게더워크-ARN 교환,5,6,6,0.24,0.21,0.32,0.11,0.12,기부금 접근을 거절하고 기존 계약을 지켜 국내 정권보다 미국 우군과 원칙 관계를 확인한다.,L63563~L63736
366,366,DCA-N33,N33·신사옥·대선·사드와 투게더워크-ARN 교환,6,6,7,0.23,0.26,0.31,0.10,0.10,재벌 회장단을 모아 사드 부지를 서로 내놓게 만든다. 애국 명분과 그룹별 이해득실을 경쟁시켜 직접 명령 없이도 행동을 끌어낸다.,L64072~L64251
367,367,DCA-N33,N33·신사옥·대선·사드와 투게더워크-ARN 교환,5,7,5,0.18,0.29,0.30,0.10,0.13,양산 창고 미끼로 현재·샤롯이 더 좋은 땅을 내게 해 행동·재벌 관계 보상이 두드러진다.,L64252~L64428
371,371,DCA-N33B,N33B·테이퍼링 3단 금융작전과 3차 석유전 준비,7,6,6,0.23,0.24,0.35,0.12,0.06,진동구·진동오의 말다툼 속에서 사장단이 장남 편으로 기운다. 사업보고보다 누가 다음 권력을 잡는지 눈치를 보는 침묵이 가족 승계균열을 드러낸다.,L64952~L65120
376,376,DCA-N33C,N33C·몽골 운송병목·크림제재와 중국 판로협상,6,7,7,0.22,0.23,0.36,0.11,0.08,"축구 자선행사에 100억 원을 써 로만을 불러낸 뒤 태우 철수 방지와 몽골 자원의 러시아 경유를 맞바꾼다. 로만이 다국적 컨소시엄안을 받아 크렘린 허가를 구하겠다고 약속하는 관계 장면이 길고, 중국 구매자가 없다는 실물 구멍이 마지막에 남는다.",L65820~L65985
377,377,DCA-N33C,N33C·몽골 운송병목·크림제재와 중국 판로협상,5,8,6,0.26,0.21,0.32,0.08,0.13,"리강에게 러시아 경유안과 최소 20년 몽골 자원 구매계약을 함께 제시해 중국 권력선의 반응을 살핀다. 주석 보고와 성사 노력 약속까지만 받은 뒤 사우디 증산·왕위승계 확인으로 시선을 돌려, 판로 계약은 일부러 미지급 상태로 둔다.",L65986~L66170
378,378,DCA-N33D,N33D·살만 왕위동맹과 OPEC 증산 원유숏,7,7,6,0.21,0.22,0.37,0.15,0.05,살만의 분노를 누그러뜨리고 빈 살만을 왕세자로 올릴 방법과 왕족 숙청을 논의한다. 가족 내부의 감정대화가 곧 국가 권력승계와 계좌작전으로 이어져 둘의 동맹 위험을 키운다.,L66171~L66350
379,379,DCA-N33D,N33D·살만 왕위동맹과 OPEC 증산 원유숏,7,7,7,0.25,0.25,0.32,0.10,0.08,왕족 자산 환수 명분과 천민정·강 대위 팀을 붙여 관계·정보·실행 압력을 끌어올린다.,L66351~L66547
380,380,DCA-N33D,N33D·살만 왕위동맹과 OPEC 증산 원유숏,9,9,7,0.15,0.32,0.18,0.08,0.27,OPEC 증산 직후 원유가 110달러에서 105달러로 떨어지고 5배 레버리지 수익률이 25%를 넘는다. 준비기간 자금을 하루 만에 전액 회수했다는 정확한 영수증이 석유전쟁의 첫 큰 봉우리를 만든다.,L66548~L66742
383,383,DCA-N34,N34·헤스·체셔피크·가이아나와 카노스 공개매수 함정,6,7,5,0.27,0.23,0.32,0.09,0.09,오바마에게 두 인수안을 주고 대상 결정권을 얻어 국빈급 관계와 정책협상이 앞선다.,L67085~L67243
384,384,DCA-N34,N34·헤스·체셔피크·가이아나와 카노스 공개매수 함정,5,6,6,0.32,0.20,0.30,0.07,0.11,핀테크 자금과 중국 CNOOC 매각을 한 판에 묶어 정보·외교 관계에 오래 머문다.,L67244~L67404
386,386,DCA-N34,N34·헤스·체셔피크·가이아나와 카노스 공개매수 함정,6,8,7,0.22,0.22,0.34,0.11,0.11,창업가가 자기 프리미엄을 직원 위로금으로 돌린다. 헤스 인수조건을 맞추는 숫자 협상 속에서 직원에게 남길 몫이 관계의 온도를 바꾼다.,L67585~L67757
390,390,DCA-N34,N34·헤스·체셔피크·가이아나와 카노스 공개매수 함정,5,9,6,0.20,0.24,0.18,0.17,0.21,동전던지기로 수십조 원 유전권을 1달러에 얻는 놀람과 물질 보상이 크게 솟는다.,L68275~L68451
391,391,DCA-N34,N34·헤스·체셔피크·가이아나와 카노스 공개매수 함정,8,9,7,0.22,0.30,0.24,0.13,0.11,"살만 즉위와 빈 살만의 국방장관 임명·왕세자 계획을 점검하는 사이, 가이아나 로건팀이 최소 50억 배럴로 추정되는 대형 유전을 발견한다. 헤스 공매도판을 뒤집을 호재가 태어난 것이 지급이며 정밀조사와 시장공개는 아직 다음 단계다.",L68452~L68641
393,393,DCA-N34,N34·헤스·체셔피크·가이아나와 카노스 공개매수 함정,9,8,7,0.18,0.41,0.18,0.11,0.12,합법적으로 매수한 헤스 주가가 폭등하고 공매도에 낀 중소 펀드들이 파산선에 들어간다. 공격하던 물량이 되돌아가 상대 장부를 무너뜨리며 역포획의 결과가 숫자로 보인다.,L68808~L68990
394,394,DCA-N34,N34·헤스·체셔피크·가이아나와 카노스 공개매수 함정,7,7,8,0.20,0.26,0.35,0.10,0.09,"레일·마크 펀드가 요구한 헤스 주식 반환을 거절하고 1억 달러 프리미엄을 매긴 뒤, 버크셔의 매수 이유를 확인하는 데 회차가 오래 머문다. 워런에게는 헤스 지분 3년 임대와 정체를 밝히지 않은 시장 이벤트만 제안하므로 작전명과 참여 확답은 다음 화 몫이다.",L68991~L69182
395,395,DCA-N34,N34·헤스·체셔피크·가이아나와 카노스 공개매수 함정,7,8,8,0.27,0.23,0.32,0.08,0.10,공개매수 후 재상장안을 버핏·미 대사가 묵인해 국가·기업 연합 관계가 완성된다.,L69183~L69348
396,396,DCA-N34,N34·헤스·체셔피크·가이아나와 카노스 공개매수 함정,9,8,7,0.18,0.40,0.20,0.12,0.10,"헤스 공개매수 발표, 퀀텀 3퍼센트의 100퍼센트 프리미엄 이전, 헤지펀드 절반 이상의 카노스 이탈이 실제 시장행동으로 이어진다. 후반 최재석이 4년 중임과 평창재단 요구를 꺼내며 기업전의 속도를 정치적 거래로 낮춘다.",L69349~L69537
397,397,DCA-N34B,N34B·카노스 청소부 전향과 한정훈 지휘권 승계,8,8,7,0.19,0.27,0.37,0.10,0.07,"박만덕의 동남아 퇴직 자리와 한정훈의 인수인계·교육 경로를 정하는 승계 대화가 한 축이다. 다른 축에서는 카노스에게 동료 헤지펀드를 배신하고 자산을 흡수하라고 제안해 전향 약속을 받되, 실제 은퇴·취임과 2주 작전은 아직 앞에 둔다.",L69538~L69724
398,398,DCA-N34B,N34B·카노스 청소부 전향과 한정훈 지휘권 승계,6,8,8,0.23,0.21,0.34,0.11,0.11,"카노스가 약속한 2주 안에 헤지펀드들을 파산시킨 결과를 확인하고 태우 300억 달러·금융타워 총 600억 달러를 중국에 배치한다. 태우건설의 도급 1위와 토지 반등을 짚은 뒤 다음 달 이취임식 날짜를 잡아, 시장 승리를 한정훈의 지위 이전으로 넘긴다.",L69725~L69890
399,399,DCA-N34B,N34B·카노스 청소부 전향과 한정훈 지휘권 승계,7,8,7,0.27,0.23,0.30,0.10,0.10,"박만덕 은퇴·한정훈 부회장 취임과 중국시장 600억 달러 투입, 카노스발 헤지펀드 20곳 파산이 현재 영수증이다. 청와대 200억 원은 분할안을 냈을 뿐 지급 전이고, 마지막 로보 폐기신약 보고가 금융승계 뒤 바이오 표적을 연다.",L69891~L70053
400,400,DCA-N34C,N34C·로보 GLP-1 권리계약과 중국숏 D-DAY,7,5,5,0.31,0.24,0.30,0.08,0.07,폐기 보고·덴마크행·에릭센 매각안은 완성되지만 서명 전이라 정보·관계와 훅이 최고다.,L70054~L70215
401,401,DCA-N34C,N34C·로보 GLP-1 권리계약과 중국숏 D-DAY,7,9,7,0.24,0.16,0.18,0.07,0.35,"10억 달러로 폐기신약 전 권리·연구자료를 받고 인슐린 로열티를 없애는 계약에 당일 서명한다. 귀국 즉시 중국 공매도 D-DAY가 시작되지만 수익은 아직 없어, 바이오 소유권 보상 뒤 행동·정보 리본이 금융전 개시로 이동한다.",L70216~L70406
402,402,DCA-N35,N35·중국숏·삼진 생산동맹과 메르스 긴급승인,7,7,8,0.16,0.12,0.34,0.20,0.18,"중국 금융수익 일부를 차명계좌로 수뇌부에 보내는 정치보험 처리 뒤 병원 장면으로 자리가 바뀐다. 오희건이 승계 조언을 청하며 이번 주 태우 지분 이전을 약속하지만 실제 명의이전은 없어, 노인의 부탁과 오용재의 선택이 물질 지급보다 앞선다.",L70407~L70589
403,403,DCA-N35,N35·중국숏·삼진 생산동맹과 메르스 긴급승인,7,8,6,0.18,0.15,0.32,0.10,0.25,"삼진 합병과 공장, 인슐린 권리를 놓고 오희건과 승계조건을 맞바꾼다. 회사와 연구자산의 숫자가 가족 후계 선택에 묶이면서 인수협상이 사람의 결단을 기다린다.",L70590~L70762
405,405,DCA-N35,N35·중국숏·삼진 생산동맹과 메르스 긴급승인,9,3,8,0.32,0.28,0.08,0.20,0.12,메르스 첫 환자 정보가 연구 증원과 사스 자료 인수 행동을 촉발해 정보·행동·불안이 솟는다,L70924~L71095
406,406,DCA-N35,N35·중국숏·삼진 생산동맹과 메르스 긴급승인,9,6,7,0.20,0.42,0.12,0.18,0.08,R&D센터를 비우고 음압실과 이동식 병실을 설치한다. 메르스 정보를 읽는 즉시 건물과 장비가 움직여 연구거점이 환자를 받을 현장으로 바뀐다.,L71096~L71268
408,408,DCA-N35,N35·중국숏·삼진 생산동맹과 메르스 긴급승인,8,9,8,0.16,0.29,0.17,0.15,0.23,용선료 절반 인하와 이탈 금융사 처벌 뒤 메르스 임상 성공이 터져 행동과 보상이 동시에 오른다,L71429~L71612
409,409,DCA-N35,N35·중국숏·삼진 생산동맹과 메르스 긴급승인,8,9,7,0.21,0.29,0.18,0.12,0.20,식약처가 공개적으로 비난했던 부담을 되받아 한국 최초 메르스 치료제 긴급사용승인과 출시를 끌어낸다. FDA 방문 때 메르스·당뇨병 자료를 함께 보여 주라는 후반 지시는 국내 지급의 흥분을 연내 미국 승인이라는 새 심사로 낮춘다.,L71613~L71796
414,414,DCA-N36,N36·군산·새만금 투자와 사우디·신약 생산동맹,8,7,7,0.26,0.14,0.30,0.16,0.14,"삼진바이오 주가 네 배·흑자와 무상 공장지원 제안, 국민경제당 지지율 1위가 앞부분의 지급이다. 빈 살만은 부왕 동의와 1월 왕세자 교체·숙청계획을 털어놓을 뿐 실행 전이며, 밤새 친구로 이야기하는 관계장면이 후반을 오래 점유한다.",L72491~L72663
416,416,DCA-N36B,N36B·중국폭락·자율주행과 ASML 지분 수확,9,9,9,0.18,0.32,0.06,0.19,0.25,중국 장중 7퍼센트 폭락을 견디며 청산을 늦추는 금융 행동과 위험·수익 체감이 높다,L72835~L73014
419,419,DCA-N36B,N36B·중국폭락·자율주행과 ASML 지분 수확,4,8,6,0.14,0.11,0.33,0.12,0.30,"오용재 일가의 상속세 신용대출을 약속하고 삼진의 ASML 지분 3퍼센트 매매 합의를 얻은 뒤, 미국·대만 매도물량 추가 매집까지 지시한다. 지분 이전은 실무계약 전이고 마지막 연락은 최재석과 해운업 문제를 논의할 다음 날 약속만 연다.",L73360~L73524
422,422,DCA-N36C,N36C·새만금·부산항·PF 기업동맹과 대통령 하야,8,7,9,0.23,0.15,0.11,0.22,0.29,정부 압박 속 유고빈 이익이 커지고 총선 출구조사를 기다려 보상과 선거 긴장이 함께 높다,L73856~L74020
423,423,DCA-N36C,N36C·새만금·부산항·PF 기업동맹과 대통령 하야,8,9,7,0.13,0.11,0.22,0.22,0.32,151석 승리 뒤 장명준의 보은과 현재가 지분 협상으로 표가 권력·자산이 되는 지급 회차다,L74021~L74192
424,424,DCA-N36C,N36C·새만금·부산항·PF 기업동맹과 대통령 하야,9,7,8,0.18,0.35,0.12,0.22,0.13,세무조사 압박에 맞서 범서북파 자료를 언론에 공개한다. 방어 설명보다 증거를 먼저 터뜨려 청와대의 공격을 대중 앞 역공으로 돌린다.,L74193~L74368
425,425,DCA-N36C,N36C·새만금·부산항·PF 기업동맹과 대통령 하야,9,5,8,0.26,0.15,0.19,0.27,0.13,정권 불법과 지지율을 따져 자진 하야를 압박하는 계산 속 최재석의 결단 긴장이 커진다,L74369~L74533
426,426,DCA-N36C,N36C·새만금·부산항·PF 기업동맹과 대통령 하야,10,10,10,0.11,0.24,0.17,0.27,0.21,"최재석과 김민재의 하야 압박, 6월 23일 브렉시트 포지션 점검이 교차하다 마지막 TV 담화에서 대통령이 모든 책임을 지고 물러나겠다고 공개 선언한다. 퇴임 절차 전이지만 국가 최고권력의 자진 사퇴 약속이 생중계로 고정되어 세 점수가 함께 드문 절정에 오른다.",L74534~L74703
430,430,DCA-N37,N37·700조 반도체도시와 해운 빅딜,7,9,7,0.15,0.15,0.24,0.11,0.35,"현재해운 부채 20퍼센트인 1조6천억 원 탕감, 매각계약 날인, 잔여부채 일시상환과 현진·현재해운의 태우상사 편입이 한 회차에서 닫힌다. 해운 소유권 결산 뒤 대한타이어 회장의 면담요청이 짧은 다음 훅으로 붙는다.",L75209~L75383
431,431,DCA-N37B,N37B·사우디 왕위·총선·브렉시트 세 권력교체,9,7,8,0.18,0.28,0.25,0.16,0.13,대한타이어 승계를 지원하는 국내 협상과 사우디 왕족 체포 소식이 번갈아 온다. 한쪽에서는 후계자를 세우고 다른 쪽에서는 왕실 반대파가 제거돼 두 동맹의 안전판이 동시에 움직인다.,L75384~L75552
433,433,DCA-N37B,N37B·사우디 왕위·총선·브렉시트 세 권력교체,8,9,8,0.15,0.12,0.20,0.23,0.30,최재석 정부 출범의 감정적 승리와 유전자 가위 특허 선점이 지위 보상 뒤 새 판을 연다,L75754~L75944
434,434,DCA-N37B,N37B·사우디 왕위·총선·브렉시트 세 권력교체,8,7,9,0.27,0.15,0.18,0.13,0.27,특허분쟁·노보 맞소송을 설계하는 동안 브렉시트 결과가 나와 정보와 금융 보상이 균형을 이룬다,L75945~L76117
435,435,DCA-N37B,N37B·사우디 왕위·총선·브렉시트 세 권력교체,7,9,5,0.14,0.14,0.25,0.19,0.28,"브렉시트 통과와 빈 살만의 왕세자 등극·500명 이상 숙청·1천억 달러 초과 자산회수가 실제 권력 영수증이다. 파운드 공략 최종수익은 남지만, 옛 친구가 국가권력자로 돌아온 장면이 정치·관계·물질 보상을 동시에 끌어올린다.",L76118~L76286
438,438,DCA-N38,N38·용선료·2M·로보소송과 반도체도시 기반,9,6,7,0.20,0.31,0.15,0.14,0.20,노보 AI 절도 증거로 맞소송을 제기하고 2M 가입도 병행해 양면 반격 행동이 솟는다,L76629~L76807
439,439,DCA-N38,N38·용선료·2M·로보소송과 반도체도시 기반,8,7,7,0.17,0.16,0.35,0.14,0.18,러스의 지분요구를 밀어내고 양측 소송 동시취하를 받아낸다. 누가 먼저 물러서느냐는 힘겨루기가 법적 전선을 닫는 상호양보로 바뀐다.,L76808~L76961
441,441,DCA-N38B,N38B·렌터카 실증·바이오 인재와 중국 산업스파이,4,6,6,0.26,0.16,0.34,0.12,0.12,버클리와 브로드 연구진에게 시설을 직접 보여 주고 질문을 받아 준다. 연봉표보다 실험실과 장비를 함께 보는 시간이 길어 낯선 연구자들의 호기심이 신뢰로 바뀐다.,L77141~L77310
442,442,DCA-N38B,N38B·렌터카 실증·바이오 인재와 중국 산업스파이,6,7,8,0.20,0.12,0.40,0.12,0.16,연봉·무제한 연구비·공동특허 조건을 내밀어 원수처럼 맞서던 두 연구팀을 한 표에 앉힌다. 개인 감정을 누를 만큼 구체적인 연구환경이 제시되며 합의가 성립한다.,L77311~L77484
443,443,DCA-N38B,N38B·렌터카 실증·바이오 인재와 중국 산업스파이,4,7,7,0.17,0.13,0.40,0.19,0.11,"최정예 변호인단과 최고 수준 보수·연구비를 한꺼번에 내걸어 김진우와 핵심 연구진의 이탈을 막는다. 팀 보존과 합류는 그 자리에서 지급되지만 누명 해소 판결은 없고, 끝은 사드 불매와 미중 갈등을 버틸 자본 규모로 시야를 넓힌다.",L77485~L77653
444,444,DCA-N38B,N38B·렌터카 실증·바이오 인재와 중국 산업스파이,9,9,8,0.16,0.17,0.19,0.25,0.23,예측을 거슬러 트럼프가 당선되고 먼저 전화하는 선거 긴장·환희·권력 보상이 봉우리다,L77654~L77841
445,445,DCA-N38B,N38B·렌터카 실증·바이오 인재와 중국 산업스파이,9,6,8,0.24,0.23,0.13,0.16,0.24,"미국 해운투자 약속을 공식화하고 중국 측 반도체 기술매각 요구를 거절한 뒤, 천민정의 무단접속 기록을 200명 이중소속 명단과 대조한다. 한 산업스파이 후보를 좁힌 것이 지급이며 이름·계좌·접촉선과 실제 유출증거는 다음 화부터 확인한다.",L77842~L78035
450,450,DCA-N38C,N38C·트럼프 해운규제와 선박·북해자산 확보,3,8,7,0.15,0.06,0.37,0.34,0.08,"완공된 애플 신사옥에서 스티브가 경영복귀와 장기동맹을 확인하고, 태우 주도 미국 해운동맹도 이미 성립한 사실이 나온다. 알트코인은 매집·최소 다섯 배 계획으로만 열려 있어 관계·조직 지급 뒤 금융위험을 훅으로 둔다.",L78739~L78912
453,453,DCA-N39,N39·이더리온·무인공장과 말레이시아 생존 변수,9,4,9,0.28,0.22,0.16,0.23,0.11,"북한 장남 암살정보를 강 대위에게 넘기고 말레이시아 현장팀·독살 대응 해독제·의료진을 준비시킨다. 이 화는 생존카드를 남길 목적과 구조 준비를 소유하며, 독극물 종류와 공항에서 벌어질 구체 수법은 아직 독자에게 공개되지 않는다.",L79277~L79459
454,454,DCA-N39,N39·이더리온·무인공장과 말레이시아 생존 변수,10,9,8,0.12,0.48,0.08,0.27,0.05,공항 공격 직후 아트로핀 투여와 의료캠프 처치·철수가 이어지는 물리적 구조 봉우리다,L79460~L79656
456,456,DCA-N40,N40·빈 살만·국민연금과 게임·통신망 증명,6,8,6,0.18,0.12,0.37,0.11,0.22,"빈 살만이 2천억 달러 펀드의 절반을 맡기려 하자 김민재는 운용책임을 거절하고 차기 사업 공동투자와 MC소프트를 권한다. 몇 시간 뒤 빈 살만이 MC소프트 지분 10억 달러 계약을 끝내, 왕실 신뢰가 말이 아니라 즉석 투자로 확인된다.",L79846~L80027
459,459,DCA-N40,N40·빈 살만·국민연금과 게임·통신망 증명,4,9,7,0.18,0.14,0.10,0.10,0.48,"배틀 아레나 출시 반응과 국민연금 수익을 투명하게 공개한 뒤 MCA 레코드와 공연장 부지를 논의한다. 라스베이거스 계획의 두 배인 6조 원 구형 공연장을 꺼내는 순간, 지급된 게임 수익이 아직 규제를 풀어야 할 장기 실물사업으로 커진다.",L80370~L80531
461,461,DCA-N40,N40·빈 살만·국민연금과 게임·통신망 증명,7,7,7,0.22,0.19,0.31,0.08,0.20,"망사용료 여론전을 버틴 뒤 손정우에게 엔비디아 지분 담보 35억 달러 무이자 대출과 기존 일본-미국 해저케이블 지분 매매를 맞바꾼다. 귀국 즉시 한국-미국 직통선을 준비시키지만 구글·아마존·페이스북 공동투자는 계약 전이라, 손에 든 담보권과 앞으로 깔 선로가 분리된다.",L80715~L80890
463,463,DCA-N41,N41·일본 품질정보·북미에너지·가이아나 위기전 포지션,9,4,8,0.42,0.23,0.08,0.18,0.09,"연구소 재시험에서 JIS 공개수치와 실제 알루미늄 값이 어긋나자 자동차·항공 부품을 조용히 교체한다. 일본 품질조작이라는 시간우위를 잡은 뒤 데이비드가 알래스카 유전 참여기업이 나타났다고 알려, 실험실의 위험이 미국 자산 미끼로 이어진다.",L81044~L81207
464,464,DCA-N41,N41·일본 품질정보·북미에너지·가이아나 위기전 포지션,5,7,7,0.23,0.13,0.31,0.08,0.25,알래스카 400억 달러 투자와 미국 측 5퍼센트 참여안을 흥정한다. 거대한 개발비를 누가 내고 어느 만큼 소유할지 숫자를 맞추는 동안 국가정책이 지분표로 바뀐다.,L81208~L81389
469,469,DCA-N41B,N41B·중·러 공장철수와 5년 임차·대금회수,8,5,8,0.22,0.17,0.32,0.09,0.20,"한 부회장은 단독협상처럼 보이도록 답을 늦추고 일본 업체들의 유럽 진출 욕망을 자극해 러시아 공장 묶음을 내민다. 도요타가 가격을 받아들이고 연합 구성 시간을 요청하는 데서 멈춰, 계약금보다 누가 먼저 동료를 모아 올지가 마지막에 남는다.",L82071~L82248
470,470,DCA-N41B,N41B·중·러 공장철수와 5년 임차·대금회수,8,9,6,0.15,0.22,0.17,0.09,0.37,러시아 공장 임대계약에 서명하고 5조 원을 받아 도요타에 2년 빌려주는 현금·계약 지급이 중심이다. 로만이 신규공장 설명을 받아들여 크렘린 오해를 풀겠다고 약속하면서 철수계획은 생산연속성과 외교완충선을 동시에 얻는다.,L82249~L82431
471,471,DCA-N41C,N41C·일본 품질조작 증거·리콜과 저점매수,6,7,7,0.29,0.12,0.34,0.08,0.17,리강에게 중국 공장 축소를 일대일로 재배치로 설명한다. 철수를 모욕이 아니라 중국의 대외사업을 돕는 이동으로 포장해 관계를 깨지 않고 출구를 만든다.,L82432~L82611
472,472,DCA-N41C,N41C·일본 품질조작 증거·리콜과 저점매수,10,8,8,0.18,0.37,0.12,0.22,0.11,다국가 언론·소송·선제 리콜을 동시에 터뜨려 일본 품질조작 공개 행동과 충격이 봉우리 친다,L82612~L82783
473,473,DCA-N41C,N41C·일본 품질조작 증거·리콜과 저점매수,9,7,7,0.16,0.32,0.22,0.20,0.10,최재석 대신 책임을 떠안고 전국 정비망을 돌려 부품을 바꾸는 행동과 정치 신뢰가 크다,L82784~L82957
475,475,DCA-N41C,N41C·일본 품질조작 증거·리콜과 저점매수,9,6,9,0.24,0.39,0.08,0.20,0.09,수백억 시험비로 여러 일본차를 분해·충돌시키며 조직적 조작을 물리적으로 드러낸다,L83126~L83318
478,478,DCA-N41D,N41D·도시바메모리·웨스팅하우스 가격·담보 인수,7,5,6,0.21,0.16,0.32,0.08,0.23,러시아 계약 파기와 두 회사 매각을 맞바꾸고 반독점 연합까지 짠다. 한 계약의 손실을 여러 기업의 공동방어선으로 전환하는 협상 속도가 난다.,L83689~L83856
481,481,DCA-N41D,N41D·도시바메모리·웨스팅하우스 가격·담보 인수,8,10,7,0.21,0.13,0.18,0.07,0.41,도시바메모리·웨스팅하우스 4조5500억 엔 인수계약과 잔여지분 45퍼센트 담보의 2조 엔 대출이 당일 서명으로 닫힌다. 카메코는 3년 매집지시만 있어 우라늄 지분취득을 지급하지 않고 다음 장기투자로 남긴다.,L84192~L84351
484,484,DCA-N42,N42·청나라채권 지시·유전코인 회수와 엔비디아 현재지분,8,9,6,0.16,0.18,0.09,0.08,0.49,"유전을 1,100억 달러에 매각하고 거래소 유동성까지 장악한다. 매각대금과 시장통제권이 같은 날 지급돼 에너지 자산이 금융 인프라로 환전된다.",L84703~L84875
485,485,DCA-N42,N42·청나라채권 지시·유전코인 회수와 엔비디아 현재지분,4,8,7,0.22,0.08,0.42,0.17,0.11,워런에게 비트코인 가격 대신 금융 인프라와 세계 자금흐름을 설명해 버크셔의 150억 달러 재투자를 받아낸다. 저점을 정확히 잡은 국민연금 운용자를 보복하지 말고 영입하라는 마지막 지시가 큰 자금 보상을 한 사람 찾기로 부드럽게 낮춘다.,L84876~L85064
488,488,DCA-N42,N42·청나라채권 지시·유전코인 회수와 엔비디아 현재지분,6,8,8,0.19,0.12,0.35,0.10,0.24,35억 달러 채권과 엔비디아 3%를 실제 교환해 태우증권 8% 이상·핀테크 포함 약 10%를 확인한다. 뱅가드·피델리티 각 7% 협상으로 25%·40%·최종 50% 경로가 열리지만 현재 보유를 통제권으로 부풀리지 않는다.,L85415~L85589
490,490,DCA-N42B,N42B·미중 무역전쟁과 중국 5년 금융권한 말합의,6,7,6,0.29,0.13,0.31,0.08,0.19,한정훈·머스크와 중국전과 우주·자율주행을 조율해 동맹관계와 전략정보가 오래 남는다,L85767~L85935
494,494,DCA-N42B,N42B·미중 무역전쟁과 중국 5년 금융권한 말합의,9,6,8,0.25,0.28,0.21,0.15,0.11,리강의 편들기 요구를 거절하고 대만 채권소각을 실행해 외교 행동과 정치 긴장이 솟는다,L86463~L86651
495,495,DCA-N42B,N42B·미중 무역전쟁과 중국 5년 금융권한 말합의,9,8,7,0.18,0.12,0.26,0.08,0.36,"리강이 5년간 금융활동 무제한과 5년 뒤 채권양도를 말로 수락해 정치적 문을 연다. 각 금융사 담당자가 세부조건을 만들기 시작할 뿐 계약 체결·실행 전이어서, 보상은 권한의 정치적 합의에 두고 문서화는 열린 고리로 남긴다.",L86652~L86827
496,496,DCA-N43,N43·니콜라·희토류·HBM과 팬데믹 공급망 사전방벽,7,8,6,0.20,0.17,0.33,0.13,0.17,"김정권에게 영상 각도를 돌려 니콜라 사기방식을 직접 보여 주고 2주 안 지분 매각, 새만금 공장·인력 배치를 조건으로 건다. 아버지 김성윤이 매각대금 전액과 본사 자금까지 새만금에 넣으라고 지시하는 끝에서 후계자의 납득이 그룹 투자 의무로 커진다.",L86828~L87002
497,497,DCA-N43,N43·니콜라·희토류·HBM과 팬데믹 공급망 사전방벽,6,6,7,0.22,0.09,0.39,0.22,0.08,중국 희토류 위협 앞에서 김민재가 처음으로 김태중에게 도움을 청한다. 해결책보다 할아버지에게 약한 모습을 보이는 순간이 두 사람의 신뢰와 염려를 동시에 드러낸다.,L87003~L87178
498,498,DCA-N43,N43·니콜라·희토류·HBM과 팬데믹 공급망 사전방벽,4,8,6,0.17,0.12,0.41,0.20,0.10,베트남의 오래된 인연을 통해 동파오 규제를 풀고 할아버지께 세계 1위를 약속하는 관계 보상이다,L87179~L87338
504,504,DCA-N43,N43·니콜라·희토류·HBM과 팬데믹 공급망 사전방벽,5,7,7,0.18,0.13,0.33,0.07,0.29,트럼프와 골프를 치며 연 220억 달러 곡물 구매를 약속해 정치관계와 거래 규모가 크다,L88182~L88346
507,507,DCA-N43B,N43B·기술유출 증거·보호법과 중국 블랙리스트,9,6,8,0.18,0.28,0.33,0.17,0.04,이영한은 양진태의 약점을 짚어 내부고발자로 돌아서게 만든다. 위협받던 사람이 증거를 건네는 쪽으로 바뀌며 기술유출 수사의 문이 내부에서 열린다.,L88680~L88865
510,510,DCA-N43B,N43B·기술유출 증거·보호법과 중국 블랙리스트,8,8,7,0.24,0.17,0.34,0.10,0.15,"리강의 단계대응 수락 뒤 중국이 한국 기술자 700명 이상을 실제 해고하고 퇴직금도 주지 않은 피해가 회차 중량을 높인다. 국제 블랙리스트는 추진계획이고, 후반 미국행 비테라·곡물협상 예고가 기술인력전에서 식량전으로 넘어간다.",L89194~L89363
511,511,DCA-N43C,N43C·곡물 카르텔 1000억 달러와 비테라 인수,7,5,7,0.25,0.12,0.31,0.07,0.25,카길·와이자타에 연 1천억 달러 구매와 농장 임차를 제시해 카르텔 관계를 가른다,L89364~L89522
520,520,DCA-N44,N44·일본 소재·금융전을 12나인과 오염수로 역전,5,8,7,0.19,0.16,0.31,0.06,0.28,듀폰과 6천만 달러 한국 포토레지스트 공장에 합의하고 태우가 2천만 달러를 대 지분 30퍼센트를 받는다. 기존 태우 공장을 임시 생산거점으로 내주고 연구팀 이전까지 묶는 구체 계약이 연속 지급되어 일본 규제 역공의 실물감이 높다.,L90883~L91041
526,526,DCA-N44,N44·일본 소재·금융전을 12나인과 오염수로 역전,8,6,9,0.21,0.28,0.22,0.09,0.20,트럼프 방한을 일본 숏 개시 신호로 삼고 재선 프로젝트를 반도체 이해와 묶는다,L91879~L92060
527,527,DCA-N44,N44·일본 소재·금융전을 12나인과 오염수로 역전,7,7,8,0.21,0.18,0.32,0.10,0.19,트럼프에게 한국을 버리기 어려운 약속을 받아 일본 공격 전 백악관 관계 방패를 세운다,L92061~L92243
528,528,DCA-N44,N44·일본 소재·금융전을 12나인과 오염수로 역전,9,6,8,0.30,0.23,0.18,0.13,0.16,3개 소재 규제가 현실화되자 재고·국산기술을 확인하고 정부 규제완화를 즉시 얻는다,L92244~L92424
530,530,DCA-N44,N44·일본 소재·금융전을 12나인과 오염수로 역전,9,7,8,0.21,0.35,0.14,0.18,0.12,"일본 대북밀수의 영상·자금증거를 공개하는 강한 행동 뒤 이영한에게 소재기업 부채를 사 한국 이전을 압박하라고 지시한다. 국산 12나인 불화수소의 소량생산까지 확인하지만 대량공급과 실제 이전계약은 남아, 폭로의 즉시성 뒤에 제조 확대의 시간을 붙인다.",L92587~L92760
531,531,DCA-N44,N44·일본 소재·금융전을 12나인과 오염수로 역전,9,8,7,0.18,0.32,0.14,0.20,0.16,"미국 지지를 확인한 뒤 국산 불화수소 양산을 기자회견으로 공개한다. 구체 순도와 국내 전량대체 범위는 질의응답 전이므로, 이 화의 기술 보상은 양산 성공의 공인에 한정한다.",L92761~L92938
532,532,DCA-N44,N44·일본 소재·금융전을 12나인과 오염수로 역전,8,9,7,0.14,0.15,0.11,0.24,0.36,70퍼센트 공급과 6개월 내 전량 대체로 일본 철회·숏 수익이 지급돼 승리감과 보상이 높다,L92939~L93115
536,536,DCA-N44,N44·일본 소재·금융전을 12나인과 오염수로 역전,9,5,7,0.18,0.35,0.13,0.17,0.17,"일본 금융공격을 가정해 국내 50~60조 원 유동성과 미국 통화스와프 방어선을 숫자로 맞춘다. 태우상사의 손실과 매입 기회까지 점검하지만 공격도 집행도 시작되지 않아, 위기 전 자금배치의 건조한 긴장이 회차를 채운다.",L93620~L93775
538,538,DCA-N44,N44·일본 소재·금융전을 12나인과 오염수로 역전,7,6,8,0.32,0.16,0.30,0.10,0.12,"리강과 오염수 공조, 우한 의료진 파견 근거를 맞바꾼다. 일본을 압박할 자료와 중국이 원하는 방역명분이 교환되며 외교가 서로의 약점을 메우는 거래가 된다.",L93954~L94124
541,541,DCA-N45,N45·우한 조기경보·진단키트와 다이아 프린스 구조,9,6,9,0.39,0.29,0.09,0.18,0.05,이동수 의료진의 병원 데이터로 신종 코로나를 알아채고 백신·진단 개발을 즉시 여는 정보 봉우리다,L94487~L94679
542,542,DCA-N45,N45·우한 조기경보·진단키트와 다이아 프린스 구조,9,6,8,0.26,0.38,0.11,0.16,0.09,우한 병원을 격리하고 그룹 원격근무와 메타버스 업무체계를 한꺼번에 가동한다. 감염정보가 들어오자 병원·회사·온라인 공간이 동시에 바뀌어 생존준비가 실물로 내려온다.,L94680~L94849
543,543,DCA-N45,N45·우한 조기경보·진단키트와 다이아 프린스 구조,9,6,8,0.22,0.40,0.09,0.17,0.12,귀국 의료진 격리·공매도·마스크 원료·무인택시를 최대치로 올리는 전면 대비 행동이다,L94850~L95015
545,545,DCA-N45,N45·우한 조기경보·진단키트와 다이아 프린스 구조,9,7,9,0.24,0.18,0.36,0.17,0.05,리강천의 검역 완화 압박을 최재석이 거부해 경제보다 생존을 택하는 정상관계 장면이다,L95183~L95364
546,546,DCA-N45,N45·우한 조기경보·진단키트와 다이아 프린스 구조,9,8,7,0.18,0.33,0.15,0.24,0.10,공식 보도와 동시에 한국이 첫 환자를 잡고 마스크 가격을 통제해 행동·충격이 크게 솟는다,L95365~L95529
547,547,DCA-N45,N45·우한 조기경보·진단키트와 다이아 프린스 구조,9,7,7,0.15,0.38,0.13,0.27,0.07,민동규의 마스크 100만 장 빼돌리기를 현장에서 적발해 내부 배신 행동과 분노가 강하다,L95530~L95717
550,550,DCA-N45,N45·우한 조기경보·진단키트와 다이아 프린스 구조,8,7,7,0.29,0.13,0.34,0.10,0.14,리강의 기술·IP 요구를 거절하고 백신을 일본 항복 카드로 묶는 국가관계 협상이다,L96066~L96235
551,551,DCA-N45,N45·우한 조기경보·진단키트와 다이아 프린스 구조,9,8,6,0.29,0.27,0.12,0.18,0.14,우한 봉쇄와 WHO 지연을 확인하며 월 10억 장 마스크·KF94 공급망을 실제로 가동한다,L96236~L96405
553,553,DCA-N45,N45·우한 조기경보·진단키트와 다이아 프린스 구조,9,5,8,0.23,0.42,0.13,0.17,0.05,"WHO 비상사태 선언을 듣자 다이아 프린스 승객을 데려올 선박·음압텐트·검사팀을 즉시 준비한다. 최재석의 자국민 구조 승인은 얻었지만 출항·접안·이송은 전혀 나오지 않아, 회차는 구조 직전의 물류 행동과 감염 공포에 시간을 쓴다.",L96581~L96746
554,554,DCA-N45,N45·우한 조기경보·진단키트와 다이아 프린스 구조,9,6,8,0.21,0.41,0.09,0.18,0.11,구조선을 출항시키는 동시에 사우디·러시아 유가전쟁 숏을 유지해 두 실행선이 빠르게 교차한다,L96747~L96944
555,555,DCA-N45,N45·우한 조기경보·진단키트와 다이아 프린스 구조,9,9,7,0.13,0.28,0.24,0.27,0.08,"다이아 프린스 승객 약 300명이 한국에 도착해 하루 안 전수검사를 받고 미국인 16명은 양성치료, 한국인은 0명으로 확인된다. 구조·검사·치료의 높은 현재 보상 뒤 사회적 거리두기와 석 달 안 백신은 미지급 약속으로 남는다.",L96945~L97147
556,556,DCA-N45B,N45B·3월 폭락·유가전쟁과 미국 대선 양면보험,9,6,8,0.26,0.35,0.09,0.16,0.14,AI 예측에 맞춰 금융타워·국민연금 포지션을 조정하고 다우 급락을 저점 기회로 바꾼다,L97148~L97327
558,558,DCA-N45B,N45B·3월 폭락·유가전쟁과 미국 대선 양면보험,9,7,8,0.29,0.31,0.13,0.14,0.13,감산 합의 실패와 빈 살만의 증산 결정을 읽고 유가 붕괴 포지션을 유지한다. 산유국 발언을 따라 돈을 움직이되 실제 폭락 전이라 인내가 수익보다 앞선다.,L97506~L97678
560,560,DCA-N45B,N45B·3월 폭락·유가전쟁과 미국 대선 양면보험,9,7,7,0.25,0.26,0.12,0.17,0.20,서킷브레이커 뒤 자산을 저점매수하고 트럼프·바이든을 비교해 금융 행동과 정치 전환이 맞선다,L97866~L98046
562,562,DCA-N45B,N45B·3월 폭락·유가전쟁과 미국 대선 양면보험,6,7,8,0.20,0.16,0.35,0.09,0.20,트럼프에게 400억 달러 원유자산 재매입을 얻고 데이비드에게 바이든 접촉을 맡기는 양면 관계전이다,L98228~L98402
564,564,DCA-N45B,N45B·3월 폭락·유가전쟁과 미국 대선 양면보험,8,6,8,0.21,0.17,0.35,0.10,0.17,엑슨 자산 가격을 흥정하고 바이든·오바마에게 백신 의무화를 요구한다. 에너지 매입과 방역정책을 한 자리의 정치관계로 밀어붙여 서로 다른 보상을 노린다.,L98565~L98760
565,565,DCA-N45B,N45B·3월 폭락·유가전쟁과 미국 대선 양면보험,6,9,6,0.22,0.14,0.25,0.10,0.29,"바이든의 조건부 의무접종 약속 뒤 FDA 정식심사·이달 승인 가능성 발표, 센트리언 하루 약 10퍼센트 상승과 공매도 청산 수십조 원 수익이 연속된다. 실제 승인은 남고, 마지막 사장단회의 지시가 미국 정치·시장 봉우리에서 국내 투자로 전환한다.",L98761~L98946
567,567,DCA-N46,N46·사장단 포스트코로나 재편과 일본 20조 엔·FDA 승인,6,6,7,0.28,0.12,0.38,0.11,0.11,"최재석과 일본 의료봉쇄, 개발도상국 백신, 한국 G7 진입을 한 거래표에 올린다. 방역물자 지원이 외교적 지위와 연결되지만 실제 일본 조건과 G7 결과는 아직 협상 밖에 있다.",L99105~L99284
568,568,DCA-N46,N46·사장단 포스트코로나 재편과 일본 20조 엔·FDA 승인,8,5,7,0.22,0.12,0.36,0.20,0.10,의료붕괴에 몰린 일본이 손정우를 통해 비밀 지원을 요청하자 김민재는 일본행을 거부하고 호주를 회담 장소로 지정한다. 접촉과 장소만 잡힌 상태라 방역물자의 구체 대가와 일본 측 수락은 다음 화에 남는다.,L99285~L99462
569,569,DCA-N46,N46·사장단 포스트코로나 재편과 일본 20조 엔·FDA 승인,8,5,8,0.18,0.12,0.36,0.08,0.26,"멜버른에서 손정우·다이키요와 마주 앉아 방역물자, G7 비반대, 20조 엔대 자산 인수를 교환조건으로 펼친다. 협상 문답이 회차 대부분을 차지하고 일본 내각의 최종 수락과 센트리언 백신 FDA 결론을 동시에 기다리며 끝난다.",L99463~L99633
570,570,DCA-N46,N46·사장단 포스트코로나 재편과 일본 20조 엔·FDA 승인,8,9,7,0.12,0.14,0.24,0.19,0.31,"일본 내각이 방역물자·G7 비반대·20조 엔 자산거래를 받아들이고 곧이어 센트리언 백신의 FDA 승인까지 도착한다. 두 지급이 겹쳐 보상 밀도가 높지만 자산 인수 집행은 남고, 유일한 대량생산자가 가격·배송·국가별 대가를 정하는 새 부담이 바로 열린다.",L99634~L99819
572,572,DCA-N47,N47·마이너스 유가·백신으로 중국·아프리카·EU 개방,8,9,7,0.19,0.37,0.06,0.17,0.21,WTI가 마이너스로 무너질 때 원유와 돈을 받고 곧바로 롱 전환하는 금융 행동 봉우리다,L99994~L100194
573,573,DCA-N47,N47·마이너스 유가·백신으로 중국·아프리카·EU 개방,8,7,7,0.24,0.12,0.36,0.09,0.19,"베이징에서 리강과 80대20 합작비율, 파벌 안전을 맞바꾼다. 기술을 넘기지 않기 위한 지분선과 중국 권력층의 체면을 동시에 조율하는 대화가 길다.",L100195~L100359
575,575,DCA-N47,N47·마이너스 유가·백신으로 중국·아프리카·EU 개방,7,8,6,0.20,0.15,0.31,0.12,0.22,아프리카연합에 인프라·백신을 주고 장기 광물권을 받는 국가관계와 전략자산 거래다,L100530~L100709
576,576,DCA-N47,N47·마이너스 유가·백신으로 중국·아프리카·EU 개방,9,5,7,0.25,0.30,0.19,0.16,0.10,EU 수출봉쇄에 아프리카 규탄과 충전·독점규제 압박으로 되받아치는 외교 행동이 강하다,L100710~L100879
577,577,DCA-N47,N47·마이너스 유가·백신으로 중국·아프리카·EU 개방,7,8,6,0.20,0.13,0.32,0.08,0.27,"EU 회원국 제약사 설득과 태우의 아프리카 지도자 설득이라는 정치적 역할만 구두 합의한다. 1달러 위탁생산·백신공급 계약은 없고, 센트리언 수십 배·나스닥 32퍼센트 상승 확인과 주식 재투자가 현재 물질보상이다.",L100880~L101041
582,582,DCA-N48,N48·베릴·게임스핀 개미군단과 헤지펀드 항복,5,7,7,0.20,0.17,0.33,0.08,0.22,오용재에게 불리한 백신 위탁을 맡기고 레거시칩 정보를 보상으로 건넨다. 손해를 감수한 국내 동맹이 다음 반도체 기회를 받는 상호부조로 돌아온다.,L101724~L101897
583,583,DCA-N48,N48·베릴·게임스핀 개미군단과 헤지펀드 항복,8,9,6,0.13,0.43,0.08,0.24,0.12,"게임스핀 500달러와 한국 개인 약 1억 달러 참여, 확인된 헤지펀드 손실 100억 달러 초과·한 곳 공개사과, 베릴 300만 구독자가 현재 영수증이다. 최대 700억 달러와 두 곳 파산은 추정이라 수익 봉우리를 더 부풀리지 않는다.",L101898~L102092
585,585,DCA-N49,N49·중국팹 4년 유예와 인텔 NAND 75억 달러 인수,7,8,7,0.22,0.13,0.31,0.07,0.27,"바이든에게 중국 팹 규제 4년 유예를 받아낸 뒤 밥 스웬과 인텔 NAND 75억 달러 매입에 합의한다. 연속 협상의 관계·자산 보상은 크지만 소유권 이전과 통합은 남아, NAND를 어떤 성장자산으로 바꿀지가 마지막 실무 질문이다.",L102273~L102428
586,586,DCA-N49B,N49B·T 충전표준·AI 데이터센터와 중국 구형장비,5,7,7,0.24,0.16,0.34,0.07,0.19,"머스크와 T 충전표준 및 전기차 동맹의 기본구조를 맞추는 대화가 중심을 잡는다. 두 사람의 합의 뒤 EU·미국·한국 완성차 설득 명단을 펼치므로, 단일 관계의 지급이 다국적 가입이라는 느린 확장 과제로 이어진다.",L102429~L102578
589,589,DCA-N49B,N49B·T 충전표준·AI 데이터센터와 중국 구형장비,8,4,8,0.30,0.13,0.31,0.19,0.07,"CIA가 북한 백신 100만~2천만 회분을 요청하고 에이든이 이유를 말하지 않자 김민재가 지원 결정을 보류한다. 물량 숫자보다 침묵과 의심이 오래 남고, 장남 관련 권력정보를 확인하기 전에는 백신도 개입도 지급하지 않는 긴장 회차다.",L102919~L103092
592,592,DCA-N50,N50·GDC·G7+와 최재석 재선·50조 연구투자,7,8,8,0.24,0.13,0.36,0.07,0.20,유럽·미국·한국 완성차사를 GDC로 묶고 차량용 칩·배터리·충전망을 조건부로 나누기로 한다. 공급부족을 겪던 경쟁사들이 같은 규칙표를 받아들이며 동맹이 조직 이름과 회원사를 얻는다.,L103427~L103586
593,593,DCA-N50,N50·GDC·G7+와 최재석 재선·50조 연구투자,7,9,6,0.18,0.12,0.25,0.19,0.26,G7 화상회의에서 한국과 호주의 G7+ 가입이 확정된다. 앞선 차량용 반도체 카드가 국가 지위로 돌아와 국제회의의 표와 발표로 지급된다.,L103587~L103760
594,594,DCA-N50,N50·GDC·G7+와 최재석 재선·50조 연구투자,3,9,6,0.12,0.08,0.37,0.30,0.13,최재석 재선과 G7+를 가족 식사처럼 축하하며 원전·연금의 다음 부탁을 나누는 정서적 휴식이다,L103761~L103927
597,597,DCA-N50B,N50B·SMA 무료약 여론전과 미 제약협회 말합의,9,5,7,0.19,0.28,0.22,0.25,0.06,SNS·환자 가족 여론이 미국 제약협회를 역풍에 몰아넣고 협회장이 직접 한국을 찾아 센트리언에 정회원 자격을 제안하기로 한다. 상대는 아직 주도권이 자기들에게 있다고 믿으므로 실제 방한·협상·계약은 다음 화 몫이다.,L104261~L104422
598,598,DCA-N50B,N50B·SMA 무료약 여론전과 미 제약협회 말합의,7,7,7,0.20,0.12,0.32,0.08,0.28,SMA 무료사업 잔여 9억 달러 중 30퍼센트인 2억7천만 달러 부담과 백신공장·아시아 생산권을 정회원 조건에 묶는다. 이틀 뒤 실무 예비계약까지 나와 스티븐과의 협상관계가 중심이지만 세부조건·최종서명은 남는다.,L104423~L104592
599,599,DCA-N51,N51·미국 정권이양과 가이아나 방위 제안,9,7,7,0.17,0.15,0.37,0.25,0.06,바이든의 58대42 승리 직후 트럼프를 찾아 부정선거 소송과 지지층 폭주를 접고 4년 뒤를 보라고 설득한다. 소송 취하와 순조로운 정권이양 보도가 실제 지급으로 돌아온 뒤 다이먼과 새 행정부 협력이라는 다음 관계선이 열린다.,L104593~L104768
600,600,DCA-N51,N51·미국 정권이양과 가이아나 방위 제안,8,6,8,0.31,0.10,0.32,0.08,0.19,"바이든 당선인에게 기존 태우사업 지속·확대와 환경조건부 알래스카·가이아나 유지, 한국산 무기 비저지 약속을 받는다. 데이비드의 100억 달러 장기대출 협상과 중국 팹·러우전쟁 감시는 담당만 정해져, 정치관계 지급 뒤 전쟁정보 훅이 급격히 커진다.",L104769~L104942
602,602,DCA-N51B,N51B·AI·극저온 식각·SMR과 메타버스 40% 매각구조,6,5,7,0.20,0.13,0.32,0.08,0.27,"현재 장 회장에게 가이아나 전차수출 지원과 원전 동맹을 묶어 제안한다. 가이아나 계약이 성사되면 돕겠다는 조건부 답만 얻었으므로, 오래된 재벌 관계의 온도는 올라가도 로템 수출과 원전 참여는 전혀 결산되지 않는다.",L105102~L105272
604,604,DCA-N51C,N51C·북한 해킹방어와 몽골 석탄 증산·비축,9,4,8,0.29,0.25,0.10,0.26,0.10,북한이 센트리언 백신·치료제 기술을 노린 해킹을 벌여 정보 추적과 생존 불안이 급상승한다,L105448~L105609
607,607,DCA-N51D,N51D·호주 석탄과 가이아나 방산·유전 순방,7,5,7,0.18,0.14,0.31,0.08,0.29,중국 수입중단으로 막힌 호주 석탄을 태우가 사들이겠다고 모리슨에게 공식 제안한다. 가격·물량·기간을 확정하지 않은 채 한 부회장이 숨은 카드를 꺼낼 차례에서 끊어 거래의 실물보다 협상 수읽기가 회차를 붙든다.,L105926~L106110
608,608,DCA-N51D,N51D·호주 석탄과 가이아나 방산·유전 순방,6,9,7,0.17,0.17,0.27,0.09,0.30,"가이아나 100억 달러 국채계약과 유전·인프라 지분조건, 호주 석탄의 올해 1억 달러·내년 10억 달러 이상 장기계약이 한 회차에서 서명된다. 두 국가의 물질지급 뒤 세부 무기목록·몽골 비축·김태중의 베트남 계획이 다음 위험으로 남는다.",L106111~L106261
610,610,DCA-N51E,N51E·사이공은행 40조 불법대출·10조 비자금 공개,8,7,8,0.30,0.17,0.31,0.08,0.14,가이아나 30억 달러 군수계약과 스테이블코인 공격 준비를 보고받은 뒤 베트남의 40조 원 불법대출·10조 원 비자금 보고서를 공개한다. 압수·계좌동결·구속·정유회사 인수는 아직 없어 자료 공개와 정부 수습통로 확인에서 멈춘다.,L106420~L106590
611,611,DCA-N52,N52·김태중의 축구협회장 17표 역전,6,9,7,0.12,0.22,0.29,0.18,0.19,미아인 구속·정유회사 인수 보고로 앞 사건을 닫은 뒤 부산 축구장의 김태중으로 이동한다. 실물 지급과 조손 관계 전환을 함께 담은 혼합 회차다.,L106591~L106781
612,612,DCA-N52,N52·김태중의 축구협회장 17표 역전,6,7,7,0.22,0.11,0.37,0.17,0.13,김민재가 김태중의 축구협회장 출마 지원을 받아들이고 연 90억 원 기부·후원사 확대 방침을 정한다. 후반의 메타버스 글로벌 지분교환도 방침만 확정된 상태여서 조손 대화와 두 설계가 다음 득표·계약을 기다린다.,L106782~L106960
614,614,DCA-N52,N52·김태중의 축구협회장 17표 역전,7,8,7,0.20,0.18,0.36,0.15,0.11,"김태중이 17표로 축구협회장에 실제 당선돼 가족의 공적역할이 확정된다. 마이크로소프트는 메타버스 장기계약·주식교환에 긍정적일 뿐 계약과 주식지급은 없고, 델타 변이·중국 백신실패·바이든 방한이 새 외교압박을 연다.",L107162~L107325
615,615,DCA-N53,N53·바이든 방한·일본 차량칩과 중국 변이백신 양보,7,8,7,0.28,0.12,0.31,0.07,0.22,바이든에게 미국 반도체공장을 양보하고 중국 팹 자유와 미 국채 협력을 받아 태우의 미중 선택권을 지킨다,L107326~L107501
616,616,DCA-N53,N53·바이든 방한·일본 차량칩과 중국 변이백신 양보,7,9,8,0.23,0.14,0.27,0.06,0.30,르네사스 화재 뒤 일본 완성차에 칩을 주되 T충전망과 전기차 10년 계약을 묶어 태우 표준을 받아내게 한다,L107502~L107680
620,620,DCA-N53B,N53B·수에즈 조기 재개통과 우선통항·확장공사,8,9,8,0.29,0.27,0.12,0.18,0.14,"수에즈를 나흘 만에 열어 우선 통항권과 확장공사 약속을 받은 장면에서 앞 회차의 투입이 크게 결산된다. 곧바로 로나 스테이블코인의 구조적 허점을 공개하고 공매도를 시작해, 물류 보상을 금융 붕괴의 새 긴장으로 급전환한다.",L108187~L108349
624,624,DCA-N54,N54·중국 석탄난·기업농과 제주 자율주행 실증,6,7,7,0.22,0.20,0.32,0.13,0.13,최재석에게 제주 자율주행 실증과 기업농을 요구하고 국민경제당 후계자 선정까지 돕겠다고 약속한다,L108859~L109020
626,626,DCA-N54B,N54B·국민경제당 배신자·연변 돈주와 북한 장남망,8,7,7,0.20,0.26,0.30,0.16,0.08,유석훈에게 배신 증거를 넘겨 국민경제당 내 총질을 정리하고 북한 장남 정보는 내부처리로 묶는다,L109184~L109346
632,632,DCA-N55,N55·말리 리튬광산 탈환과 지분 5% 추가,9,5,8,0.19,0.39,0.18,0.14,0.10,말리 쿠데타로 리튬광산을 빼앗기자 MBS·로만 경로로 바그너를 투입해 피를 부르는 탈환전에 들어간다,L110172~L110332
637,637,DCA-N56,N56·리즈 인수·홀란드 계약과 베이징 외교,3,8,7,0.10,0.09,0.42,0.31,0.08,"과로하는 손자를 걱정하는 김태중에게 EPL 리즈 구단을 선물하겠다고 약속한다. 인수결정과 가족의 기대만 생긴 상태라 매도 측 인물·가격·성적연동 조건은 다음 화로 미루고, 조손의 휴식과 책임 대화에 시간을 둔다.",L111038~L111207
638,638,DCA-N56,N56·리즈 인수·홀란드 계약과 베이징 외교,6,6,7,0.14,0.16,0.34,0.13,0.23,"데이비드가 안드레아에게 성적에 따라 최대 1억 파운드를 주는 리즈 인수 옵션을 제시해 조건 합의를 얻는다. 협상 관계와 가격표는 닫히지만 EPL 심사와 소유권 이전은 남아, 선수·감독 영입의 기대를 서두르지 않는다.",L111208~L111361
639,639,DCA-N56,N56·리즈 인수·홀란드 계약과 베이징 외교,5,8,7,0.22,0.13,0.31,0.11,0.23,까다로운 재무·인성심사를 통과해 EPL 구단 인수승인을 받는다. 마지막에는 홀랜드와 감독 등 스타 전력을 채울 계획만 세우므로 승인이라는 지위 보상 뒤 실제 선수계약은 남겨 둔다.,L111362~L111532
643,643,DCA-N56B,N56B·북한 장남의 이 상무 돈·신뢰·CNC 복수,10,8,9,0.22,0.28,0.20,0.18,0.12,"명동 국화차 자리에서 조작 감별기, 비트코인 계좌 전액 탈취, 리규철·해킹세력·CNC·비자금의 장남 귀속이 실제 복수 영수증으로 나온다. 화 후반 베이징올림픽 폐막과 러시아 침공·유가 100달러가 그 개인결산을 덮어, 큰 보상 뒤 전쟁 정보·원자재 압박이 즉시 솟는 crossfade다.",L112068~L112240
647,647,DCA-N57B,N57B·니켈 마진콜 200억 보증과 광산·가격 안정,9,7,8,0.18,0.26,0.19,0.09,0.28,"시안이 니켈광산 양도와 200억 달러 지급보증 교환을 받아들이며 전 회차의 제안이 합의로 올라선다. 곧바로 LME에 마진콜 무기한 유예를 요청해 실제 광산 이전과 시간압박의 완성은 남겨 두며, 지급과 새 규제 협상을 분리한다.",L112743~L112917
651,651,DCA-N58,N58·SVB 1달러 인수와 모든 지분·경영권 이전,8,5,8,0.22,0.14,0.30,0.12,0.22,파월·옐런·FDIC 앞에서 예금자 유동성을 책임지는 대신 SVB를 1달러에 넘기라고 해 국가와 직접 흥정한다,L113409~L113563
652,652,DCA-N58,N58·SVB 1달러 인수와 모든 지분·경영권 이전,6,9,7,0.18,0.10,0.25,0.09,0.38,미 국채를 그대로 보유하고 유동성을 책임지는 조건으로 SVB를 1달러에 인수하고 예금보호까지 계약한다. 400억 달러 원전사업 약속도 함께 받아 자산·지위 보상이 집중되지만 은행 통합과 원전 수주는 이후 집행으로 분명히 남긴다.,L113564~L113713
653,653,DCA-N58,N58·SVB 1달러 인수와 모든 지분·경영권 이전,4,5,6,0.18,0.08,0.36,0.10,0.28,"다이먼에게 SVB와 연쇄 부실은행 통합을 맡기며 미국 금융망 확대의 책임을 건넨다. 김민재가 곡물·에너지 세계전략에서 그의 충성과 집행력을 되짚는 대화가 길어, 실제 통합 성과 없이 두 사람의 신뢰와 다음 임무만 확인한다.",L113714~L113857
654,654,DCA-N58,N58·SVB 1달러 인수와 모든 지분·경영권 이전,5,9,6,0.24,0.16,0.12,0.08,0.40,"금융타워가 SVB 모든 지분·경영권을 넘겨받고 뱅크런 없이 예치금·주가가 오르며 1면에 새 주인으로 실린다. 이 소유권 결산 뒤 기업농 성과와 직거래·전자상거래 유통개혁을 논의해, 앞쪽의 큰 물질 지급과 뒤쪽 국내 전환을 함께 보존한다.",L113858~L114028
661,661,DCA-N58B,N58B·명동 이 상무 처분·엔캐리와 로나 99% 폭락,6,9,7,0.13,0.18,0.28,0.14,0.27,"로나가 85달러에서 0.003달러 미만으로 99% 무너지고 시총 약 400억 달러의 절반가량, 약 200억 달러를 금융타워가 실제 흡수해 베릴이 공개 복권된다. 헤지펀드까지 합친 최소 총 300억 달러는 전망으로 남기고, 후반 김태중의 동남아 식량·러시아 에너지 순방 수락으로 물질봉우리에서 조손관계로 이동한다.",L115000~L115169
665,665,DCA-N59C,N59C·바이든·곡물메이저·사우디 증산 협상,7,6,7,0.22,0.14,0.34,0.20,0.10,빈 살만이 개막축제에 오자 김민재가 미·사우디 중재 가능성을 흘리고 미국 농업 연맹을 움직인 곡물카르텔을 되받을 관계 카드를 꺼낸다,L115641~L115809
666,666,DCA-N59C,N59C·바이든·곡물메이저·사우디 증산 협상,7,7,7,0.25,0.12,0.34,0.08,0.21,"사우디 중재 가능성을 백악관에 흘려 미국 대통령의 방한검토와 한국 금융안전판을 한 거래틀에 올린다. 이 화는 데이비드가 여론·일정의 퇴로를 막는 유인 단계이며, 실제 방문과 통화스와프·증시개혁의 구체 약속은 다음 화 이후다.",L115810~L115982
667,667,DCA-N59C,N59C·바이든·곡물메이저·사우디 증산 협상,6,8,8,0.18,0.10,0.39,0.09,0.24,바이든에게 금융타워를 보여 주고 반도체 특별대우를 받은 뒤 악수해 한국과 태우의 전략가치를 현직 대통령에게 확인받는다,L115983~L116146
669,669,DCA-N60,N60·로만·프리고진 보안메타버스와 동남아 보급선,6,7,7,0.15,0.12,0.42,0.23,0.08,"구단 급료와 생활비까지 막힌 로만의 목소리를 듣고 제재에 걸리지 않는 지원법을 찾겠다고 약속한다. 친구로 계속 연락하겠다는 말과 언젠가 EPL에서 다시 만나자는 약속이 로만을 붙들지만, 급료 우회가 실제로 해결되는 장면은 다음 화에 남는다.",L116315~L116471
670,670,DCA-N60,N60·로만·프리고진 보안메타버스와 동남아 보급선,6,4,8,0.22,0.15,0.35,0.22,0.06,"로만이 튀르키예에서 지친 프리고진과 마주 앉아 서로의 처지를 확인하는 대화가 회차 대부분을 차지한다. 김민재에게 조언을 구해 보자는 제안까지만 나오고 비밀연대나 지원계약은 없어, 두 남자의 불안과 수락 여부가 강한 관계 훅을 만든다.",L116472~L116638
671,671,DCA-N60,N60·로만·프리고진 보안메타버스와 동남아 보급선,7,7,7,0.21,0.19,0.31,0.17,0.12,로만·프리고진을 강 대위와 보안 메타버스에서 연결하고 동남아 에너지 수익을 줘 바그너의 생존선을 태우에 묶는다,L116639~L116798
672,672,DCA-N60,N60·로만·프리고진 보안메타버스와 동남아 보급선,6,5,6,0.29,0.13,0.30,0.10,0.18,"강 대위가 끓인 라면을 먹으며 바그너의 아프리카 활용과 곡물·원유카르텔의 트럼프 접근을 함께 점검한다. 현직 바이든과 차기 후보 양쪽에 선을 남기기로 하되 트럼프의 돌발행동을 통제하지 못해, 정치보험의 설계와 불안이 같은 대화 안에 머문다.",L116799~L116956
673,673,DCA-N60B,N60B·사우디 PIF 6000억 달러와 증산·원유숏,6,8,8,0.23,0.08,0.31,0.13,0.25,노르트스트림 차단 뒤 살만 국왕이 6천억 달러 PIF 전체를 맡기겠다고 해 김민재조차 말문을 잃는 초대형 신뢰 보상이 온다,L116957~L117120
675,675,DCA-N60B,N60B·사우디 PIF 6000억 달러와 증산·원유숏,5,9,6,0.30,0.14,0.20,0.12,0.24,"사우디가 맡기려는 네옴 공연장·통신망·해저케이블·행정IT의 규모와 비용을 사장들과 계산하고 이번 주 실무협상을 준비한다. 바그너의 보급난을 거친 뒤 하루 25만 배럴 증산 발표로 유가가 꺾이지만, 산업계약 서명과 공매도 수익은 아직 지급되지 않는다.",L117280~L117454
678,678,DCA-N61,N61·코리아 디스카운트 개혁과 1000억 달러 AI 데이터센터,5,8,6,0.22,0.15,0.30,0.07,0.26,오용재의 삼진이 AI폰·칩 협업을 수락하고 다른 한국 대기업도 참여해 태우 단독 상승이 시장 재평가로 넓어진다,L117766~L117948
679,679,DCA-N61,N61·코리아 디스카운트 개혁과 1000억 달러 AI 데이터센터,6,9,7,0.20,0.11,0.25,0.05,0.39,아마존·구글·MS·메타가 동등지분으로 1천억 달러 AI 데이터센터를 만들며 태우 반도체·전력 수요를 결집한다,L117949~L118111
683,683,DCA-N62,N62·N&K 기술탈취 계약위반·계좌동결과 체포,7,4,9,0.23,0.22,0.32,0.16,0.07,김남훈이 10분 안에 증거를 가져오겠다고 배신을 약속한다. 명단·계좌·비밀번호는 아직 전달 전이라 관계 균열과 미지급 질문에 머문다.,L118600~L118768
686,686,DCA-N62B,N62B·체코 원전 우선협상과 한아약품 경영권 인수,7,8,8,0.18,0.15,0.38,0.16,0.13,한아약품 모녀 지분을 20퍼센트 프리미엄에 사며 남보다 태우를 믿는 소현숙의 가족분열을 파고든다. 형제 쪽에는 정체가 아직 밝혀지지 않은 월가 사모펀드가 붙어 있어 모녀의 수락 뒤에도 과반 경영권은 남는다.,L119113~L119275
687,687,DCA-N62B,N62B·체코 원전 우선협상과 한아약품 경영권 인수,9,8,9,0.14,0.23,0.23,0.25,0.15,아폴로가 아들 지분을 금융타워에 넘겨 한아약품을 확보한 직후 북한 미사일이 남하해 기업 보상이 국가위기로 뒤집힌다,L119276~L119441
689,689,DCA-N63B,N63B·사우디 원화스와프와 유럽 원화금융,6,7,7,0.29,0.11,0.30,0.08,0.22,총리가 된 리강에게 장남 지원을 확인하고 걸프 통화스와프와 금융타워 자산으로 원화 결제망을 설계한다,L119594~L119759
690,690,DCA-N63B,N63B·사우디 원화스와프와 유럽 원화금융,6,6,7,0.27,0.09,0.30,0.08,0.26,사우디가 원화스와프·원화 원유결제를 말로 받아 실무협상이 시작되고 시장·환율이 반응한다. 유럽 9개국의 원전·방산 금융문의와 무이자대출 제안까지 이어지지만 서명된 국가간 계약은 없어 관계·정보에 오래 머물고 물질보상은 낮춘다.,L119760~L119910
694,694,DCA-N64B,N64B·동유럽 경제블록과 중국차 공동관세,7,7,7,0.27,0.12,0.35,0.08,0.18,폴란드 원전 설명회에서 동유럽 정상들에게 금융타워 자본과 방산·원전을 묶은 새 경제블록을 제안한다,L120356~L120504
695,695,DCA-N64B,N64B·동유럽 경제블록과 중국차 공동관세,7,8,8,0.19,0.10,0.38,0.06,0.27,방산·원전·연구투자를 묶어 동유럽 정상 전원의 동의를 얻고 독·프 중심 EU에 맞설 태우 우호권을 공식화한다,L120505~L120655
701,701,DCA-N65,N65·오셔닉스·고체배터리와 사우디 부산엑스포 철회,8,9,6,0.13,0.28,0.14,0.18,0.27,세계 최초 고체배터리 전기차 이오닉스 6천 대가 하루 만에 팔리고 10만 대 예약과 1년 대기열이 생긴다. 이 화는 초기 판매와 AI·15분 충전 반응을 지급하며 해외 로열티 계약은 아직 열리지 않는다.,L121403~L121548
703,703,DCA-N65,N65·오셔닉스·고체배터리와 사우디 부산엑스포 철회,8,6,8,0.24,0.19,0.35,0.14,0.08,전 계열사를 공장전환에 투입한 김민재가 리강 협상단을 맞아 완제품·투자만 내주고 기술이전은 거절한다. 마지막은 중국이 관계를 유지하려 어떤 대체조건을 내놓을지 묻지만 단독법인·특구·정상방한이라는 답은 아직 없다.,L121691~L121850
704,704,DCA-N65,N65·오셔닉스·고체배터리와 사우디 부산엑스포 철회,7,8,6,0.22,0.12,0.40,0.08,0.18,리강에게 고체배터리 기술을 주지 않고도 태우 단독 중국법인 특례와 시진핑 방한 약속을 받아 우위를 보존한다,L121851~L121997
707,707,DCA-N65,N65·오셔닉스·고체배터리와 사우디 부산엑스포 철회,9,4,8,0.12,0.14,0.43,0.26,0.05,김민재가 형제처럼 지낸 빈 살만에게 부산 엑스포 양보를 요구하자 처음으로 분위기가 차갑게 얼어붙는다,L122317~L122468
708,708,DCA-N65,N65·오셔닉스·고체배터리와 사우디 부산엑스포 철회,8,9,6,0.17,0.14,0.40,0.14,0.15,2034 월드컵과 네옴 완공 지원을 대안으로 내 사우디의 엑스포 포기를 받고 빈 살만과 다시 손을 맞잡는다,L122469~L122629
709,709,DCA-N65,N65·오셔닉스·고체배터리와 사우디 부산엑스포 철회,6,6,7,0.27,0.12,0.31,0.08,0.22,리즈 옵션으로 안드레아를 유럽 로비스트에 묶고 중국의 돼지고기·와인 보복을 EU 분열의 기회로 읽는다,L122630~L122798
710,710,DCA-N65,N65·오셔닉스·고체배터리와 사우디 부산엑스포 철회,7,9,8,0.18,0.24,0.24,0.10,0.24,사우디가 2030 엑스포 후보를 공식 철회하고 부산 지지로 돌아서며 아람코 0.6퍼센트 지분매각 계약서도 도착한다. 엑스포 외교의 큰 정치·물질 보상 뒤 유토피아의 엔비디아 보유설과 조지의 일본 D-DAY 결정이 긴장을 다시 연다.,L122799~L122944
712,712,DCA-N67,N67·중국 임시가입·경제특구와 철수 안전장치,7,5,7,0.29,0.10,0.37,0.12,0.12,시진핑이 자동차·산업동맹 가입과 전 업종 태우 특구를 제안해 한국이 미중 사이 선택권을 쥔 협상대에 선다,L123130~L123300
715,715,DCA-N67,N67·중국 임시가입·경제특구와 철수 안전장치,9,5,9,0.19,0.34,0.20,0.22,0.05,"중국특구는 철수권 조건과 계열사 진출준비까지만 진행된다. 마지막에 프리고진과 바그너 지도부가 러시아행을 택하지만 행군·점령·반란결과는 없어, 짧은 결정 한 번이 9점짜리 전쟁 훅을 만들고 실행보상은 다음으로 넘긴다.",L123643~L123789
716,716,DCA-N67B,N67B·바그너 반란 대응과 신속무기·북방 경제영토,9,6,8,0.24,0.28,0.23,0.16,0.09,바그너의 자금과 가스거점 장악 가능성을 읽고 한 부회장에게 장기 에너지 대응을 시켜 태우 지원의 대가를 준비한다,L123790~L123950
717,717,DCA-N67B,N67B·바그너 반란 대응과 신속무기·북방 경제영토,8,6,7,0.21,0.17,0.40,0.12,0.10,프리고진·로만이 보안 메타버스에서 태우 지원을 믿는 사이 자동차동맹은 중국기업을 권한 없는 임시회원으로 받는다,L123951~L124124
720,720,DCA-N67B,N67B·바그너 반란 대응과 신속무기·북방 경제영토,7,9,6,0.25,0.27,0.19,0.10,0.19,"미국의 항모운용안 수락, 무기선의 13일 내 수에즈 도착·무대기 통과, 폴란드 전투기와 우크라이나 재고 이전이 실제 군수 영수증이다. 뒤의 지린특구·북한·러시아 육로는 설계여서 행동봉우리 뒤 정보·경제영토 구상으로 속도를 낮춘다.",L124453~L124612
721,721,DCA-N68,N68·푸틴·프리고진·서방·젤렌스키 휴전 중재,8,5,8,0.24,0.18,0.33,0.17,0.08,가스관을 쥔 바그너·우크라이나를 지렛대로 최재석과 러시아 중재를 맡는 순간 일본의 태우IT 지분 49퍼센트 강제안이 온다,L124613~L124802
722,722,DCA-N68,N68·푸틴·프리고진·서방·젤렌스키 휴전 중재,9,6,7,0.14,0.34,0.20,0.21,0.11,"일본이 태우IT 지분 49퍼센트를 강제하자 협상 숫자를 더 맞추지 않고 일본 철수를 선언하게 한다. 서비스 축소 준비가 즉시 움직여 행동과 감정의 압력이 높지만, 업계·소비자·정권이 치를 비용은 아직 반응 전이라 훅을 과장하지 않는다.",L124803~L124955
724,724,DCA-N68,N68·푸틴·프리고진·서방·젤렌스키 휴전 중재,8,7,9,0.22,0.16,0.41,0.13,0.08,전쟁 이전선·가스관·횡단철도·한국투자 패키지를 차례로 내밀고 바그너 반란 종식까지 약속한다. 푸틴은 마지막에 천천히 고개를 끄덕일 뿐 구체 조건과 최종 합의는 다음 화에 남는다.,L125112~L125254
725,725,DCA-N68,N68·푸틴·프리고진·서방·젤렌스키 휴전 중재,9,6,9,0.18,0.25,0.34,0.18,0.05,푸틴의 조건부 승낙 뒤 강경파가 막기 전에 흑해의 프리고진을 설득하려 태우선박으로 급히 향한다,L125255~L125407
726,726,DCA-N68,N68·푸틴·프리고진·서방·젤렌스키 휴전 중재,8,8,7,0.15,0.26,0.39,0.15,0.05,"프리고진에게 아프리카 사업과 안전한 퇴장을 보장해 바그너 반란 종식 합의를 얻은 뒤 미국으로 향한다. 후반은 백악관 설득자료·PMC 계약 직전 준비를 빠르게 배치하지만, 미국에서 꺼낼 구체 위협과 거래내용은 아직 공개되지 않는다.",L125408~L125577
727,727,DCA-N68,N68·푸틴·프리고진·서방·젤렌스키 휴전 중재,8,4,8,0.20,0.14,0.40,0.19,0.07,바이든에게 하마스 사전방어비와 우크라이나 설득 실패비용까지 태우가 책임지겠다고 해 그룹 미래를 건 도박을 던진다,L125578~L125735
730,730,DCA-N68,N68·푸틴·프리고진·서방·젤렌스키 휴전 중재,8,7,8,0.20,0.16,0.38,0.18,0.08,젤렌스키에게 부패세력 제거와 통신·건설 재건을 제안하고 연임용 전쟁을 경고한 뒤 자금흐름 자료를 작은 선물로 준다,L126046~L126215
731,731,DCA-N68,N68·푸틴·프리고진·서방·젤렌스키 휴전 중재,9,9,8,0.18,0.37,0.08,0.10,0.27,"우크라이나·벨라루스 협상일정과 이스라엘 PMC·드론·대피소가 먼저 지급된다. 이어 엔화 1천2백억 달러를 반나절 상환해 니케이 15퍼센트·나스닥과 KOSPI 6퍼센트 하락을 만들지만 두 배 수익은 전망이며, 끝은 자민당 비자금 자료축적의 긴 숨으로 바뀐다.",L126216~L126382
732,732,DCA-N70,N70·일본 엔화 상환·3대은행 지분과 야당 집권통로,9,7,8,0.23,0.25,0.28,0.10,0.14,"전액상환 충격을 받은 일본 금융청의 30조 엔 대응, 미국 환율관찰국 지정, 일본 측 협상요청과 투트랙 결정을 다룬다. 전액상환 자체는 진입 배경이다.",L126383~L126556
733,733,DCA-N70,N70·일본 엔화 상환·3대은행 지분과 야당 집권통로,8,8,7,0.15,0.17,0.37,0.15,0.16,"한 부회장과 조지가 기시다에게 중앙은행 보증·우대금리·세제·핀테크 개방·자본규제 완화와 총리 사퇴·중의원 해산 약속을 받아낸다. 재차입·미국채 거래와 시장 정상화는 주말 집행 전이고, 마지막 문장은 기시다가 모르는 김민재의 비공개 접촉을 숨긴다.",L126557~L126729
736,736,DCA-N71,N71·러우 휴전·일본 야당과 하마스 민간인 방어,9,8,9,0.22,0.19,0.27,0.23,0.09,"기시다 퇴진·중의원 해산 뒤 일본 총선, 하마스 기습예정일, 러우 휴전서명 예정시각이 같은 날 겹친다. 세 현장 모두 실행 직전이며 실제 서명·선거결과·공격차단은 아직 지급되지 않아 동시 카운트다운에 머문다.",L127050~L127212
737,737,DCA-N71,N71·러우 휴전·일본 야당과 하마스 민간인 방어,9,9,7,0.16,0.28,0.24,0.17,0.15,러우 휴전 체결과 태우 브랜드 상승을 확인한 뒤 일본 은행의 30조 엔 손실과 뱅크런을 공개해 정치교체를 압박한다,L127213~L127367
738,738,DCA-N71,N71·러우 휴전·일본 야당과 하마스 민간인 방어,8,9,7,0.18,0.24,0.29,0.13,0.16,"콜로노이 수사 착수와 일본 총선 출구조사가 교차하고, 곤조·나오토 야당연합이 이전보다 50석을 늘려 과반으로 표시된다. 최종 개표·새 내각은 아직 전이므로 수사와 출구조사라는 관찰 가능한 결과에 보상을 한정한다.",L127368~L127539
739,739,DCA-N71,N71·러우 휴전·일본 야당과 하마스 민간인 방어,9,9,8,0.16,0.34,0.20,0.22,0.08,"일본 총선 자민당 200석·입헌민주당 162석과 태우건설의 우크라이나 재건진입이 먼저 결산된다. 곧 하마스 기습을 AI 드론·PMC가 막아 이스라엘 남서부 민간인 사망 0명을 만들며, 정치·산업 지급이 전투행동과 관계보호의 큰 봉우리로 급전환한다.",L127540~L127739
741,741,DCA-N72,N72·하마스 방어 보상을 러시아·미국·일본 질서로 고정,7,8,7,0.20,0.14,0.37,0.10,0.19,로만·푸틴과 공장 무상회수·가스관·횡단철도·장남 지원을 합의해 함경북도와 양강도까지 북방경제 기반에 넣는다,L127899~L128080
742,742,DCA-N72,N72·하마스 방어 보상을 러시아·미국·일본 질서로 고정,7,7,7,0.23,0.14,0.39,0.13,0.11,텍사스 농장에서 머스크와 트럼프를 만나 무제한 후원과 민주당 후보교체 전략을 제시해 미국대선 양쪽 선을 설계한다,L128081~L128250
743,743,DCA-N72,N72·하마스 방어 보상을 러시아·미국·일본 질서로 고정,5,8,7,0.16,0.12,0.31,0.08,0.33,곤조 총리 성립 뒤 보험료를 낮춰 주는 대신 일본 금융사를 태우 플랫폼에 가입시켜 고객과 정치권을 장기 구조로 묶는다,L128251~L128420
744,744,DCA-N72,N72·하마스 방어 보상을 러시아·미국·일본 질서로 고정,5,8,7,0.25,0.10,0.31,0.18,0.16,"고체배터리 2세대의 성능돌파·생산단서가 기술보상으로 나오고 천민정의 일본 AI 금융플랫폼 준비가 이어진다. 뒤에서는 소외감을 느낀 천민정과 오래된 호텔 구상을 다시 꺼내 관계대화가 길어지므로, 플랫폼 실행보다 기술과 두 사람의 공동미래에 머문다.",L128421~L128566
745,745,DCA-N73,N73·김태중 대북특사·횡단철도와 고체배터리 우주확장,6,7,8,0.15,0.11,0.45,0.24,0.05,"이영한의 일본·지린 사채망과 북한 장남 세력을 확인한 뒤 김태중이 대북특사를 자청한다. 손자가 막으려다 안전보장과 선물을 맡기로 물러서는 대화가 길어, 지켜야 했던 할아버지가 손자의 마지막 국가사업을 맡는 상호신뢰가 중심이다.",L128567~L128730
746,746,DCA-N73,N73·김태중 대북특사·횡단철도와 고체배터리 우주확장,6,7,8,0.20,0.18,0.36,0.14,0.12,"김태중이 평양 특사 일정을 마치고 돌아와 다음 달 남북 정상회담과 중국·러시아·미국이 참여할 5개국 회담 약속을 확보한 사실이 발표된다. 회담 개최·철도합의는 아직 전이며, 중간의 고체배터리 휴대폰·가전 확장도 개발계획으로 읽는다.",L128731~L128901
747,747,DCA-N73,N73·김태중 대북특사·횡단철도와 고체배터리 우주확장,5,9,8,0.27,0.10,0.31,0.10,0.22,최재석과 북한횡단철도 40조 비용을 정리한 직후 머스크가 스페이스X 로켓용 고체배터리를 요구해 새 수요를 연다,L128902~L129069
748,748,DCA-N73,N73·김태중 대북특사·횡단철도와 고체배터리 우주확장,5,9,7,0.19,0.15,0.25,0.08,0.33,"머스크가 우주배터리 공장·시험·휴머노이드 공동개발·탈부착 표준을 수락한다. 다음 날 일본 AI 플랫폼이 출시돼 가입자와 상품이용이 급증하고 금융타워 계열사들이 횡단철도 투자에 동의해, 관계합의가 실제 디지털 수요와 공동자금으로 연속 지급된다.",L129070~L129224
749,749,DCA-N74,N74·횡단철도·노벨상과 초음파 조손 가족완성,6,10,8,0.15,0.18,0.31,0.28,0.08,"북한 횡단철도 첫 삽과 AI 코로나·희귀질병 치료제 공로의 노벨 화학상 소식 뒤, 회의실에 웅크린 천민정을 직접 만나는 관계장면이 길게 이어진다. 김민재가 수상 자격과 과거 보호를 보증하고 양복으로 머리를 가린 채 안아 회사 밖으로 빠져나간 행동까지 이 화가 소유한다.",L129225~L129398
750,750,DCA-N74,N74·횡단철도·노벨상과 초음파 조손 가족완성,5,10,8,0.16,0.11,0.31,0.27,0.15,"749화부터 저택에서 보호 중인 천민정의 휴식·음성 인터뷰를 마련한 뒤 김민재·최재석 공동 평화상 소식이 터진다. 태우 주가와 계열사 매출 상승, 세계 최고급 브랜드, 국민경제당 후계우위까지 즉시 지급돼 관계보호의 지속상태와 기업·정치 보상의 새 발생을 분리한다.",L129399~L129568
751,751,DCA-N74,N74·횡단철도·노벨상과 초음파 조손 가족완성,3,10,4,0.12,0.08,0.36,0.32,0.12,"부산 엑스포 131대34 승리 뒤 세 선물이 결말을 층층이 연다. 평화상 상자 다음에는 50%+ 실소유 기업들과 절반 이상의 세계 10위권, 공개목록도 자산 절반 미만인 숨은 제국이 나오고, 마지막 초음파 사진 앞에서 할아버지가 영국행을 취소해 손자와 손자며느리의 손을 잡는다.",L129569~L129777
