sequence,visible_label,start_line,end_line,status,fields_changed,evidence_lines,reason,before_after
251,251,44722,44903,PASS,"",prev L44712~L44721; hard L44722~L44903; next L44904~L44913,"현재 action·turn_or_reveal·paid_reward·state_change·ending_hook·closed_loops·opened_loops가 이 회차 하드 경계와 일치하고, 계획·계약 전 상태나 인접 화의 구체 결과를 선취하지 않는다.",""
252,252,44904,45072,PASS,"",prev L44894~L44903; hard L44904~L45072; next L45073~L45082,"현재 action·turn_or_reveal·paid_reward·state_change·ending_hook·closed_loops·opened_loops가 이 회차 하드 경계와 일치하고, 계획·계약 전 상태나 인접 화의 구체 결과를 선취하지 않는다.",""
253,253,45073,45227,EDIT,action;turn_or_reveal;ending_hook;opened_loops,prev L45063~L45072; hard L45073~L45227; next L45228~L45237,"현재 action·turn_or_reveal·paid_reward·state_change·ending_hook·closed_loops·opened_loops가 이 회차 하드 경계와 일치하고, 계획·계약 전 상태나 인접 화의 구체 결과를 선취하지 않는다. [MANAGER_FOLLOWUP] 시작 SHA 7053d49dc7025e48b56daa2b35458965918ffc570cd66be0f87f4239992581f8와 현재 화 hard line을 대조해 11개 narrative field 중 4개를 교정했다.",[MANAGER_FOLLOWUP] action=[전기차를 걱정하는 김태중 회장에게 장기 선점 논리를 설명해 믿음을 얻고 한 팀장·데이비드에게 연체율·파산율·평가등급 괴리를 보고받아 라구람 라잔 접촉을 지시한다.] => [전기차를 걱정하는 김태중에게 장기 선점 논리를 설명해 믿음을 얻고 한 팀장·데이비드에게 연체율·파산율·평가등급 괴리를 보고받아 부동산 버블을 경고한 라잔 접촉을 지시한다.] || turn_or_reveal=[지역 연방준비은행과 IMF 출신 라잔도 부동산 버블을 경고했다는 사실이 확인되고 라잔이 현재 미국에 있음이 드러난다.] => [지역 연방준비은행과 IMF 출신 라잔도 2005년부터 부동산 버블을 경고했고 현재 미국에 있음이 확인된다.] || ending_hook=[미국 부동산 붕괴를 2005년부터 경고한 라잔을 영입하러 간다.] => [2005년부터 미국 부동산 붕괴를 경고한 라잔을 만나 SAVE의 다음 책임자로 영입할 수 있는가?] || opened_loops=[라잔 영입과 월가 붕괴 대응 조직 구축 루프] => [라잔 첫 면담·영입; 월가 붕괴 대응 조직 구축] || [MANAGER_FOLLOWUP] action=[전기차를 걱정하는 김태중 회장에게 장기 선점 논리를 설명해 믿음을 얻고 한 팀장·데이비드에게 연체율·파산율·평가등급 괴리를 보고받아 라구람 라잔 접촉을 지시한다.] => [전기차를 걱정하는 김태중에게 장기 선점 논리를 설명해 믿음을 얻고 한 팀장·데이비드에게 연체율·파산율·평가등급 괴리를 보고받아 부동산 버블을 경고한 라잔 접촉을 지시한다.] || turn_or_reveal=[지역 연방준비은행과 IMF 출신 라잔도 부동산 버블을 경고했다는 사실이 확인되고 라잔이 현재 미국에 있음이 드러난다.] => [지역 연방준비은행과 IMF 출신 라잔도 2005년부터 부동산 버블을 경고했고 현재 미국에 있음이 확인된다.] || ending_hook=[미국 부동산 붕괴를 2005년부터 경고한 라잔을 영입하러 간다.] => [2005년부터 미국 부동산 붕괴를 경고한 라잔을 만나 SAVE의 다음 책임자로 영입할 수 있는가?] || opened_loops=[라잔 영입과 월가 붕괴 대응 조직 구축 루프] => [라잔 첫 면담·영입; 월가 붕괴 대응 조직 구축]
254,254,45228,45387,PASS,"",prev L45218~L45227; hard L45228~L45387; next L45388~L45397,"현재 action·turn_or_reveal·paid_reward·state_change·ending_hook·closed_loops·opened_loops가 이 회차 하드 경계와 일치하고, 계획·계약 전 상태나 인접 화의 구체 결과를 선취하지 않는다.",""
255,255,45388,45569,PASS,"",prev L45378~L45387; hard L45388~L45569; next L45570~L45579,"현재 action·turn_or_reveal·paid_reward·state_change·ending_hook·closed_loops·opened_loops가 이 회차 하드 경계와 일치하고, 계획·계약 전 상태나 인접 화의 구체 결과를 선취하지 않는다.",""
256,256,45570,45726,PASS,"",prev L45560~L45569; hard L45570~L45726; next L45727~L45736,"현재 action·turn_or_reveal·paid_reward·state_change·ending_hook·closed_loops·opened_loops가 이 회차 하드 경계와 일치하고, 계획·계약 전 상태나 인접 화의 구체 결과를 선취하지 않는다.",""
257,257,45727,45913,EDIT,state_change;closed_loops;opened_loops,prev L45717~L45726; hard L45727~L45913; next L45914~L45923,L45727~L45913은 신화은행의 주간 출시 약속과 초안 검토까지다. 실제 상품 출시·계약 전이므로 은행이 이미 환율 도박꾼이 됐다는 완료 상태와 첫 상품 승인 닫힘을 되돌렸다.,"state_change=[은행이 안전한 딜러에서 환율에 베팅한 도박꾼으로 내려오고 한 팀장은 국내 금융권 복귀 명분을 쌓는다.] => [정태섭이 주간 상품 출시와 초안 검토를 약속해 신화은행을 환율 베팅의 문턱에 세우고, 한 팀장은 국내 금융권 복귀 명분을 쌓는다. 실제 KIKO 상품 출시·계약은 아직 전이다.] || closed_loops=[KIKO 가입자 설득과 첫 은행 상품 승인 루프] => [KIKO 가입자 설득; 신화은행의 주간 출시 약속과 상품 초안 검토] || opened_loops=[전 은행권 보험 판돈 확대와 환율 급등 결산 루프] => [신화은행 KIKO 실제 출시·계약; 전 은행권 보험 판돈 확대; 환율 급등 결산]"
258,258,45914,46075,PASS,"",prev L45904~L45913; hard L45914~L46075; next L46076~L46085,"현재 action·turn_or_reveal·paid_reward·state_change·ending_hook·closed_loops·opened_loops가 이 회차 하드 경계와 일치하고, 계획·계약 전 상태나 인접 화의 구체 결과를 선취하지 않는다.",""
259,259,46076,46253,EDIT,action;paid_reward;closed_loops,prev L46066~L46075; hard L46076~L46253; next L46254~L46263,"현재 action·turn_or_reveal·paid_reward·state_change·ending_hook·closed_loops·opened_loops가 이 회차 하드 경계와 일치하고, 계획·계약 전 상태나 인접 화의 구체 결과를 선취하지 않는다. [MANAGER_FOLLOWUP] 시작 SHA 7053d49dc7025e48b56daa2b35458965918ffc570cd66be0f87f4239992581f8와 현재 화 hard line을 대조해 11개 narrative field 중 3개를 교정했다.",[MANAGER_FOLLOWUP] action=[천민정에게 사투리·다국어 통역·방범을 지원하는 픽시2와 바둑 AI를 보고받고 스타크 AI를 용산 프로게이머 이벤트전에 투입한다.] => [천민정에게 차세대 스마트 셋톱박스와 바둑 AI 진행을 보고받고 스타크 AI를 용산 프로게이머 이벤트전에 투입한다.] || paid_reward=[천민정의 연구가 연구실을 벗어나 상용 픽시2와 대중 앞의 인간-AI 대결로 진입한다.] => [천민정의 연구가 연구실을 벗어나 차세대 스마트 셋톱박스 준비와 대중 앞 인간-AI 대결로 진입한다.] || closed_loops=[픽시2·게임 AI 개발 루프] => [차세대 스마트 셋톱박스·게임 AI 개발점검] || [MANAGER_FOLLOWUP] action=[천민정에게 사투리·다국어 통역·방범을 지원하는 픽시2와 바둑 AI를 보고받고 스타크 AI를 용산 프로게이머 이벤트전에 투입한다.] => [천민정에게 차세대 스마트 셋톱박스와 바둑 AI 진행을 보고받고 스타크 AI를 용산 프로게이머 이벤트전에 투입한다.] || paid_reward=[천민정의 연구가 연구실을 벗어나 상용 픽시2와 대중 앞의 인간-AI 대결로 진입한다.] => [천민정의 연구가 연구실을 벗어나 차세대 스마트 셋톱박스 준비와 대중 앞 인간-AI 대결로 진입한다.] || closed_loops=[픽시2·게임 AI 개발 루프] => [차세대 스마트 셋톱박스·게임 AI 개발점검]
260,260,46254,46423,PASS,"",prev L46244~L46253; hard L46254~L46423; next L46424~L46433,"현재 action·turn_or_reveal·paid_reward·state_change·ending_hook·closed_loops·opened_loops가 이 회차 하드 경계와 일치하고, 계획·계약 전 상태나 인접 화의 구체 결과를 선취하지 않는다.",""
261,261,46424,46598,PASS,"",prev L46414~L46423; hard L46424~L46598; next L46599~L46608,"현재 action·turn_or_reveal·paid_reward·state_change·ending_hook·closed_loops·opened_loops가 이 회차 하드 경계와 일치하고, 계획·계약 전 상태나 인접 화의 구체 결과를 선취하지 않는다.",""
262,262화,46599,46766,PASS,"",prev L46589~L46598; hard L46599~L46766; next L46767~L46776,"현재 action·turn_or_reveal·paid_reward·state_change·ending_hook·closed_loops·opened_loops가 이 회차 하드 경계와 일치하고, 계획·계약 전 상태나 인접 화의 구체 결과를 선취하지 않는다.",""
263,263,46767,46931,EDIT,paid_reward;closed_loops;opened_loops,prev L46757~L46766; hard L46767~L46931; next L46932~L46941,L46767~L46931의 애플 파크는 스티브의 건설 요청안이고 애플카는 구두합의다. 정식 수주·소유 보상과 닫힌 루프를 계약 전 상태로 분리했다.,"paid_reward=[태우건설은 최소 50억 달러급 애플 파크 수주를 얻고 태우자동차는 저가 이미지를 애플 브랜드로 바꿀 통로를 얻는다.] => [애플 파크 건설 요청안과 애플카 소프트웨어·디자인 협력 구두합의, 애플 최고 디자이너 투입 약속을 얻는다. 애플 파크 정식 수주 계약은 아직 전이다.] || closed_loops=[애플 파크 수주와 애플카 구두합의 루프] => [애플카 협력·비용부담 구두합의; 애플 파크 건설 요청안] || opened_loops=[아마존·태우 무인공장 협업과 서브프라임 도미노 루프] => [애플 파크 정식 계약; 애플카 세부조건·출시; 아마존·태우 무인공장 협업; 서브프라임 도미노]"
264,264,46932,47106,EDIT,resistance_or_cost;opened_loops,prev L46922~L46931; hard L46932~L47106; next L47107~L47116,"현재 action·turn_or_reveal·paid_reward·state_change·ending_hook·closed_loops·opened_loops가 이 회차 하드 경계와 일치하고, 계획·계약 전 상태나 인접 화의 구체 결과를 선취하지 않는다. [MANAGER_FOLLOWUP] 시작 SHA 7053d49dc7025e48b56daa2b35458965918ffc570cd66be0f87f4239992581f8와 현재 화 hard line을 대조해 11개 narrative field 중 2개를 교정했다.","[MANAGER_FOLLOWUP] resistance_or_cost=[자동화 비용은 아직 인건비보다 비싸고 다이먼은 복수심에 들떠 있으며 CITI도 2만 명 감원으로 버틴다.] => [자동화 비용은 아직 인건비보다 비싸고 다이먼은 복수심에 들떠 있으며, 대형 금융사들의 실제 부실규모도 아직 드러나지 않았다.] || opened_loops=[CITI·리먼·AIZ를 고르는 금융 수확 루프] => [CITI·리먼 등 위기 금융사 수확] || [MANAGER_FOLLOWUP] resistance_or_cost=[자동화 비용은 아직 인건비보다 비싸고 다이먼은 복수심에 들떠 있으며 CITI도 2만 명 감원으로 버틴다.] => [자동화 비용은 아직 인건비보다 비싸고 다이먼은 복수심에 들떠 있으며, 대형 금융사들의 실제 부실규모도 아직 드러나지 않았다.] || opened_loops=[CITI·리먼·AIZ를 고르는 금융 수확 루프] => [CITI·리먼 등 위기 금융사 수확]"
265,265,47107,47279,PASS,"",prev L47097~L47106; hard L47107~L47279; next L47280~L47289,"현재 action·turn_or_reveal·paid_reward·state_change·ending_hook·closed_loops·opened_loops가 이 회차 하드 경계와 일치하고, 계획·계약 전 상태나 인접 화의 구체 결과를 선취하지 않는다.",""
266,266,47280,47441,PASS,"",prev L47270~L47279; hard L47280~L47441; next L47442~L47451,"현재 action·turn_or_reveal·paid_reward·state_change·ending_hook·closed_loops·opened_loops가 이 회차 하드 경계와 일치하고, 계획·계약 전 상태나 인접 화의 구체 결과를 선취하지 않는다.",""
267,267,47442,47596,PASS,"",prev L47432~L47441; hard L47442~L47596; next L47597~L47606,"현재 action·turn_or_reveal·paid_reward·state_change·ending_hook·closed_loops·opened_loops가 이 회차 하드 경계와 일치하고, 계획·계약 전 상태나 인접 화의 구체 결과를 선취하지 않는다.",""
268,268화,47597,47759,PASS,"",prev L47587~L47596; hard L47597~L47759; next L47760~L47769,"현재 action·turn_or_reveal·paid_reward·state_change·ending_hook·closed_loops·opened_loops가 이 회차 하드 경계와 일치하고, 계획·계약 전 상태나 인접 화의 구체 결과를 선취하지 않는다.",""
269,269화,47760,47922,PASS,"",prev L47750~L47759; hard L47760~L47922; next L47923~L47932,"현재 action·turn_or_reveal·paid_reward·state_change·ending_hook·closed_loops·opened_loops가 이 회차 하드 경계와 일치하고, 계획·계약 전 상태나 인접 화의 구체 결과를 선취하지 않는다.",""
270,270,47923,48088,PASS,"",prev L47913~L47922; hard L47923~L48088; next L48089~L48098,"현재 action·turn_or_reveal·paid_reward·state_change·ending_hook·closed_loops·opened_loops가 이 회차 하드 경계와 일치하고, 계획·계약 전 상태나 인접 화의 구체 결과를 선취하지 않는다.",""
271,271화,48089,48270,PASS,"",prev L48079~L48088; hard L48089~L48270; next L48271~L48280,"현재 action·turn_or_reveal·paid_reward·state_change·ending_hook·closed_loops·opened_loops가 이 회차 하드 경계와 일치하고, 계획·계약 전 상태나 인접 화의 구체 결과를 선취하지 않는다.",""
272,272,48271,48457,PASS,"",prev L48261~L48270; hard L48271~L48457; next L48458~L48467,"현재 action·turn_or_reveal·paid_reward·state_change·ending_hook·closed_loops·opened_loops가 이 회차 하드 경계와 일치하고, 계획·계약 전 상태나 인접 화의 구체 결과를 선취하지 않는다.",""
273,273,48458,48644,PASS,"",prev L48448~L48457; hard L48458~L48644; next L48645~L48654,"현재 action·turn_or_reveal·paid_reward·state_change·ending_hook·closed_loops·opened_loops가 이 회차 하드 경계와 일치하고, 계획·계약 전 상태나 인접 화의 구체 결과를 선취하지 않는다.",""
274,274,48645,48809,PASS,"",prev L48635~L48644; hard L48645~L48809; next L48810~L48819,"현재 action·turn_or_reveal·paid_reward·state_change·ending_hook·closed_loops·opened_loops가 이 회차 하드 경계와 일치하고, 계획·계약 전 상태나 인접 화의 구체 결과를 선취하지 않는다.",""
275,275,48810,48978,PASS,"",prev L48800~L48809; hard L48810~L48978; next L48979~L48988,"현재 action·turn_or_reveal·paid_reward·state_change·ending_hook·closed_loops·opened_loops가 이 회차 하드 경계와 일치하고, 계획·계약 전 상태나 인접 화의 구체 결과를 선취하지 않는다.",""
276,276,48979,49144,PASS,"",prev L48969~L48978; hard L48979~L49144; next L49145~L49154,"현재 action·turn_or_reveal·paid_reward·state_change·ending_hook·closed_loops·opened_loops가 이 회차 하드 경계와 일치하고, 계획·계약 전 상태나 인접 화의 구체 결과를 선취하지 않는다.",""
277,277,49145,49297,PASS,"",prev L49135~L49144; hard L49145~L49297; next L49298~L49307,"현재 action·turn_or_reveal·paid_reward·state_change·ending_hook·closed_loops·opened_loops가 이 회차 하드 경계와 일치하고, 계획·계약 전 상태나 인접 화의 구체 결과를 선취하지 않는다.",""
278,278화,49298,49458,PASS,"",prev L49288~L49297; hard L49298~L49458; next L49459~L49468,"현재 action·turn_or_reveal·paid_reward·state_change·ending_hook·closed_loops·opened_loops가 이 회차 하드 경계와 일치하고, 계획·계약 전 상태나 인접 화의 구체 결과를 선취하지 않는다.",""
279,279화,49459,49610,PASS,"",prev L49449~L49458; hard L49459~L49610; next L49611~L49620,"현재 action·turn_or_reveal·paid_reward·state_change·ending_hook·closed_loops·opened_loops가 이 회차 하드 경계와 일치하고, 계획·계약 전 상태나 인접 화의 구체 결과를 선취하지 않는다.",""
280,280,49611,49802,EDIT,paid_reward;closed_loops;opened_loops,prev L49601~L49610; hard L49611~L49802; next L49803~L49812,L49796~L49798은 대통령실장이 조만간 허가가 날 것이라고 약속한 장면이다. 실제 개발허가 취득으로 쓰지 않고 약속과 발급을 분리했다.,"paid_reward=[김민재의 계약은 국민이 믿는 공개 약속으로 바뀌고 금융허브는 초당 지지·정부 인허가를 모두 얻는다.] => [금융허브에 대한 공개 신뢰와 여야 지지, 대통령실장의 조속한 한전 부지 허가 약속을 얻는다. 실제 개발 허가는 아직 발급 전이다.] || closed_loops=[국민 신뢰 확보와 허가 명분 루프] => [금융허브 공개 신뢰와 여야 지지; 대통령실장의 조속한 허가 약속] || opened_loops=[버핏 자동차 투자·금융허브 착공 루프] => [한전 부지 실제 개발허가·착공; 버핏 자동차 투자]"
281,281,49803,49976,PASS,"",prev L49793~L49802; hard L49803~L49976; next L49977~L49986,"현재 action·turn_or_reveal·paid_reward·state_change·ending_hook·closed_loops·opened_loops가 이 회차 하드 경계와 일치하고, 계획·계약 전 상태나 인접 화의 구체 결과를 선취하지 않는다.",""
282,282,49977,50135,PASS,"",prev L49967~L49976; hard L49977~L50135; next L50136~L50145,"현재 action·turn_or_reveal·paid_reward·state_change·ending_hook·closed_loops·opened_loops가 이 회차 하드 경계와 일치하고, 계획·계약 전 상태나 인접 화의 구체 결과를 선취하지 않는다.",""
283,283,50136,50295,PASS,"",prev L50126~L50135; hard L50136~L50295; next L50296~L50305,"현재 action·turn_or_reveal·paid_reward·state_change·ending_hook·closed_loops·opened_loops가 이 회차 하드 경계와 일치하고, 계획·계약 전 상태나 인접 화의 구체 결과를 선취하지 않는다.",""
284,284,50296,50455,PASS,"",prev L50286~L50295; hard L50296~L50455; next L50456~L50465,"현재 action·turn_or_reveal·paid_reward·state_change·ending_hook·closed_loops·opened_loops가 이 회차 하드 경계와 일치하고, 계획·계약 전 상태나 인접 화의 구체 결과를 선취하지 않는다.",""
285,285,50456,50614,PASS,"",prev L50446~L50455; hard L50456~L50614; next L50615~L50624,"현재 action·turn_or_reveal·paid_reward·state_change·ending_hook·closed_loops·opened_loops가 이 회차 하드 경계와 일치하고, 계획·계약 전 상태나 인접 화의 구체 결과를 선취하지 않는다.",""
286,286,50615,50766,EDIT,turn_or_reveal;paid_reward;state_change;closed_loops;opened_loops,prev L50605~L50614; hard L50615~L50766; next L50767~L50776,"L50615~L50766에서 500억 달러 통화스와프는 실행됐지만 법안은 여야 추진 경로, 게임은 베타 승인 단계다. 통과·흥행 완료와 분리했다.","turn_or_reveal=[국민경제당이 미래산업법을 주도하고 환경법으로 야당 체면을 세우는 초당 통과 경로가 생기며 태우IT에 장기 캐시카우 게임이 완성된다.] => [국민경제당이 미래산업법을 당론으로 추진하고 환경법으로 야당 체면을 세우는 초당 입법 경로가 생기며, 리그 오브 챔피언스의 한·미 베타 진행이 승인된다.] || paid_reward=[태우의 협상은 500억 달러 국가 안전판·미래산업 법제·차세대 정치인 육성·신작 게임으로 다중 결실을 낸다.] => [실행된 500억 달러 통화스와프와 미래산업·탄소감축 법안의 초당 추진선, 청년 정치인 육성 약속, 한·미 게임 베타 승인을 얻는다. 법안 통과와 게임 출시·흥행은 아직 전이다.] || state_change=[회귀 지식으로 위기를 독식하는 단계에서 대한민국 전체의 외환·법·인재 기반을 강화하는 총수 역할로 폭이 넓어진다.] => [500억 달러 통화스와프는 실행되고, 미래산업·탄소감축 법안과 청년 인재·게임은 실제 입법·출시 전 추진 단계로 구체화된다.] || closed_loops=[통화스와프·규제 완화 거래 루프] => [500억 달러 통화스와프 실행; 미래산업·탄소감축 법안의 여야 추진 경로; 한·미 게임 베타 승인] || opened_loops=[미국 자동차사 인수와 미래산업 상용화 루프] => [미래산업·탄소감축 법안 실제 통과; 리그 오브 챔피언스 베타·출시; 미국 자동차사 인수]"
287,287,50767,50931,PASS,"",prev L50757~L50766; hard L50767~L50931; next L50932~L50941,"현재 action·turn_or_reveal·paid_reward·state_change·ending_hook·closed_loops·opened_loops가 이 회차 하드 경계와 일치하고, 계획·계약 전 상태나 인접 화의 구체 결과를 선취하지 않는다.",""
288,288,50932,51085,PASS,"",prev L50922~L50931; hard L50932~L51085; next L51086~L51095,"현재 action·turn_or_reveal·paid_reward·state_change·ending_hook·closed_loops·opened_loops가 이 회차 하드 경계와 일치하고, 계획·계약 전 상태나 인접 화의 구체 결과를 선취하지 않는다.",""
289,289,51086,51250,PASS,"",prev L51076~L51085; hard L51086~L51250; next L51251~L51260,"현재 action·turn_or_reveal·paid_reward·state_change·ending_hook·closed_loops·opened_loops가 이 회차 하드 경계와 일치하고, 계획·계약 전 상태나 인접 화의 구체 결과를 선취하지 않는다.",""
290,290,51251,51425,PASS,"",prev L51241~L51250; hard L51251~L51425; next L51426~L51435,"현재 action·turn_or_reveal·paid_reward·state_change·ending_hook·closed_loops·opened_loops가 이 회차 하드 경계와 일치하고, 계획·계약 전 상태나 인접 화의 구체 결과를 선취하지 않는다.",""
291,291,51426,51615,PASS,"",prev L51416~L51425; hard L51426~L51615; next L51616~L51625,"현재 action·turn_or_reveal·paid_reward·state_change·ending_hook·closed_loops·opened_loops가 이 회차 하드 경계와 일치하고, 계획·계약 전 상태나 인접 화의 구체 결과를 선취하지 않는다.",""
292,292,51616,51785,PASS,"",prev L51606~L51615; hard L51616~L51785; next L51786~L51795,"현재 action·turn_or_reveal·paid_reward·state_change·ending_hook·closed_loops·opened_loops가 이 회차 하드 경계와 일치하고, 계획·계약 전 상태나 인접 화의 구체 결과를 선취하지 않는다.",""
293,293,51786,51967,PASS,"",prev L51776~L51785; hard L51786~L51967; next L51968~L51977,"현재 action·turn_or_reveal·paid_reward·state_change·ending_hook·closed_loops·opened_loops가 이 회차 하드 경계와 일치하고, 계획·계약 전 상태나 인접 화의 구체 결과를 선취하지 않는다.",""
294,294,51968,52141,EDIT,paid_reward;state_change;closed_loops;opened_loops,prev L51958~L51967; hard L51968~L52141; next L52142~L52151,L52131~L52141은 67퍼센트 지분 구조와 정부·노조 지원 합의 뒤 최종 서명을 기다린다. GM 경영권·소유권 확보 완료를 다음 화 계약 전 상태로 되돌렸다.,"paid_reward=[태우와 핀테크는 채권자·UAW를 포함한 미국식 소유구조 안에서 실질 경영권을 확보한다.] => [태우·핀테크·버크셔와 채권자·UAW를 묶은 67퍼센트 지분 구조 및 정부 지원안을 합의한다. 실제 인수 계약 서명과 소유권 이전은 다음 날 전이다.] || state_change=[상대를 눌러 이기는 대신 현지 상징자본을 동맹으로 끌어들여 국적 리스크를 해소한다.] => [국적 리스크를 줄인 67퍼센트 지분 구조와 정부·노조 지원선이 정리되지만, GM 경영권은 계약 서명 전 협상 상태로 남는다.] || closed_loops=[매각 반대 여론] => [매각 반대 여론 전환; GM 지분·정부·UAW 큰 틀 합의] || opened_loops=[GM 지분·가격 확정] => [GM 최종 인수가격·계약 서명·소유권 이전; 공장 이전·자동화]"
295,295,52142,52302,PASS,"",prev L52132~L52141; hard L52142~L52302; next L52303~L52312,"현재 action·turn_or_reveal·paid_reward·state_change·ending_hook·closed_loops·opened_loops가 이 회차 하드 경계와 일치하고, 계획·계약 전 상태나 인접 화의 구체 결과를 선취하지 않는다.",""
296,296,52303,52474,PASS,"",prev L52293~L52302; hard L52303~L52474; next L52475~L52484,"현재 action·turn_or_reveal·paid_reward·state_change·ending_hook·closed_loops·opened_loops가 이 회차 하드 경계와 일치하고, 계획·계약 전 상태나 인접 화의 구체 결과를 선취하지 않는다.",""
297,297화,52475,52622,PASS,"",prev L52465~L52474; hard L52475~L52622; next L52623~L52632,"현재 action·turn_or_reveal·paid_reward·state_change·ending_hook·closed_loops·opened_loops가 이 회차 하드 경계와 일치하고, 계획·계약 전 상태나 인접 화의 구체 결과를 선취하지 않는다.",""
298,298화,52623,52803,PASS,"",prev L52613~L52622; hard L52623~L52803; next L52804~L52813,"현재 action·turn_or_reveal·paid_reward·state_change·ending_hook·closed_loops·opened_loops가 이 회차 하드 경계와 일치하고, 계획·계약 전 상태나 인접 화의 구체 결과를 선취하지 않는다.",""
299,299화,52804,52960,PASS,"",prev L52794~L52803; hard L52804~L52960; next L52961~L52970,"현재 action·turn_or_reveal·paid_reward·state_change·ending_hook·closed_loops·opened_loops가 이 회차 하드 경계와 일치하고, 계획·계약 전 상태나 인접 화의 구체 결과를 선취하지 않는다.",""
300,300,52961,53125,PASS,"",prev L52951~L52960; hard L52961~L53125; next L53126~L53135,"현재 action·turn_or_reveal·paid_reward·state_change·ending_hook·closed_loops·opened_loops가 이 회차 하드 경계와 일치하고, 계획·계약 전 상태나 인접 화의 구체 결과를 선취하지 않는다.",""
301,301,53126,53287,PASS,"",prev L53116~L53125; hard L53126~L53287; next L53288~L53297,"현재 action·turn_or_reveal·paid_reward·state_change·ending_hook·closed_loops·opened_loops가 이 회차 하드 경계와 일치하고, 계획·계약 전 상태나 인접 화의 구체 결과를 선취하지 않는다.",""
302,302화,53288,53462,PASS,"",prev L53278~L53287; hard L53288~L53462; next L53463~L53472,"현재 action·turn_or_reveal·paid_reward·state_change·ending_hook·closed_loops·opened_loops가 이 회차 하드 경계와 일치하고, 계획·계약 전 상태나 인접 화의 구체 결과를 선취하지 않는다.",""
303,303,53463,53621,PASS,"",prev L53453~L53462; hard L53463~L53621; next L53622~L53631,"현재 action·turn_or_reveal·paid_reward·state_change·ending_hook·closed_loops·opened_loops가 이 회차 하드 경계와 일치하고, 계획·계약 전 상태나 인접 화의 구체 결과를 선취하지 않는다.",""
304,304,53622,53793,PASS,"",prev L53612~L53621; hard L53622~L53793; next L53794~L53803,"현재 action·turn_or_reveal·paid_reward·state_change·ending_hook·closed_loops·opened_loops가 이 회차 하드 경계와 일치하고, 계획·계약 전 상태나 인접 화의 구체 결과를 선취하지 않는다.",""
305,305,53794,53959,PASS,"",prev L53784~L53793; hard L53794~L53959; next L53960~L53969,"현재 action·turn_or_reveal·paid_reward·state_change·ending_hook·closed_loops·opened_loops가 이 회차 하드 경계와 일치하고, 계획·계약 전 상태나 인접 화의 구체 결과를 선취하지 않는다.",""
306,306,53960,54117,PASS,"",prev L53950~L53959; hard L53960~L54117; next L54118~L54127,"현재 action·turn_or_reveal·paid_reward·state_change·ending_hook·closed_loops·opened_loops가 이 회차 하드 경계와 일치하고, 계획·계약 전 상태나 인접 화의 구체 결과를 선취하지 않는다.",""
307,307,54118,54288,EDIT,ending_hook;opened_loops,prev L54108~L54117; hard L54118~L54288; next L54289~L54298,L54275~L54288의 마지막 장면은 천민정이 AI·제약 결합 가능성을 먼저 알아보고 움직이는 프레임이다. 다음 화의 구체 개발 실행을 훅에서 당기지 않았다.,ending_hook=[천민정이 변이 바이러스 치료제 개발에 뛰어든다.] => [천민정은 김민재가 지시하기 전부터 인공지능과 제약 연구의 결합 가능성을 알아보고 움직이기 시작한다.] || opened_loops=[AI 변이 치료제·미국 충전망] => [AI·제약 결합의 구체 개발과제; 미국 충전망 협상]
308,308,54289,54453,EDIT,turn_or_reveal;paid_reward;state_change;ending_hook;closed_loops;opened_loops,prev L54279~L54288; hard L54289~L54453; next L54454~L54463,L54433~L54453에서 최남호는 충전기 지원을 약속하지만 경기도 전체 시범도시는 김민재의 제안으로 끝난다. 수락·실행 완료를 제거했다.,"turn_or_reveal=[연구진이 즉시 결합하고 경기도가 위험을 낮춘 단계적 시범도시를 수용한다.] => [AI 바이오팀이 꾸려지고 최남호는 경기도 충전기 확대 지원을 약속하지만, 김민재가 제시한 경기도 전체 전기차 시범도시안은 답을 기다린다.] || paid_reward=[태우의 인재 네트워크와 국민경제당 지방권력이 산업 실험 인프라로 전환된다.] => [AI 바이오 전담팀과 경기도 충전기 확대 지원 약속을 얻는다. 경기도 전체 시범도시 지정은 아직 수락 전이다.] || state_change=[서로 다른 인맥을 목적별 팀으로 재편하는 중간 구축 회차다.] => [신약 연구는 AI 바이오팀이라는 실행 조직을 얻고, 전기차 정책은 충전기 지원 약속에서 경기도 전체 시범도시 제안으로 확대된다.] || ending_hook=[경기도의 충전망을 실제 태우 자산과 연결해야 한다.] => [최남호가 경기도 전체를 전기차 시범도시로 만들자는 김민재의 제안을 받아들일 것인가?] || closed_loops=[AI 바이오 팀 구성] => [AI 바이오팀 구성; 경기도 충전기 확대 지원 약속] || opened_loops=[경기도 전기차 시범도시] => [경기도 전기차 시범도시 수락·실행; AI 신약개발]"
309,309,54454,54614,EDIT,ending_hook,prev L54444~L54453; hard L54454~L54614; next L54615~L54624,"현재 action·turn_or_reveal·paid_reward·state_change·ending_hook·closed_loops·opened_loops가 이 회차 하드 경계와 일치하고, 계획·계약 전 상태나 인접 화의 구체 결과를 선취하지 않는다. [MANAGER_FOLLOWUP] 시작 SHA 7053d49dc7025e48b56daa2b35458965918ffc570cd66be0f87f4239992581f8와 현재 화 hard line을 대조해 11개 narrative field 중 1개를 교정했다.",[MANAGER_FOLLOWUP] ending_hook=[주유소·휴게소와 해외 충전망이 다음 병목이다.] => [5년 전기차 인프라 약속을 실제 충전기 설치와 재선 이후 지속사업으로 만들 수 있는가?] || [MANAGER_FOLLOWUP] ending_hook=[주유소·휴게소와 해외 충전망이 다음 병목이다.] => [5년 전기차 인프라 약속을 실제 충전기 설치와 재선 이후 지속사업으로 만들 수 있는가?]
310,310,54615,54774,PASS,"",prev L54605~L54614; hard L54615~L54774; next L54775~L54784,"현재 action·turn_or_reveal·paid_reward·state_change·ending_hook·closed_loops·opened_loops가 이 회차 하드 경계와 일치하고, 계획·계약 전 상태나 인접 화의 구체 결과를 선취하지 않는다.",""
311,311,54775,54938,PASS,"",prev L54765~L54774; hard L54775~L54938; next L54939~L54948,"현재 action·turn_or_reveal·paid_reward·state_change·ending_hook·closed_loops·opened_loops가 이 회차 하드 경계와 일치하고, 계획·계약 전 상태나 인접 화의 구체 결과를 선취하지 않는다.",""
312,312,54939,55096,PASS,"",prev L54929~L54938; hard L54939~L55096; next L55097~L55106,"현재 action·turn_or_reveal·paid_reward·state_change·ending_hook·closed_loops·opened_loops가 이 회차 하드 경계와 일치하고, 계획·계약 전 상태나 인접 화의 구체 결과를 선취하지 않는다.",""
313,313,55097,55276,EDIT,ending_hook;opened_loops,prev L55087~L55096; hard L55097~L55276; next L55277~L55286,L55262~L55276은 다음 날 장경준 면담 일정과 목적을 여는 데 그친다. 실제 불개입 경고는 다음 화이므로 현재 훅에서 당기지 않았다.,ending_hook=[현재자동차 장경준에게 전기차 견제 금지 메시지를 보낸다.] => [다음 날 잡힌 장경준과의 면담에서 전기차 협약 불개입 경고를 어떻게 관철할 것인가?] || opened_loops=[현재자동차와 전기차 합의] => [장경준 면담; 전기차 협약 불개입 합의]
314,314,55277,55435,PASS,"",prev L55267~L55276; hard L55277~L55435; next L55436~L55445,"현재 action·turn_or_reveal·paid_reward·state_change·ending_hook·closed_loops·opened_loops가 이 회차 하드 경계와 일치하고, 계획·계약 전 상태나 인접 화의 구체 결과를 선취하지 않는다.",""
315,315,55436,55615,PASS,"",prev L55426~L55435; hard L55436~L55615; next L55616~L55625,"현재 action·turn_or_reveal·paid_reward·state_change·ending_hook·closed_loops·opened_loops가 이 회차 하드 경계와 일치하고, 계획·계약 전 상태나 인접 화의 구체 결과를 선취하지 않는다.",""
316,316,55616,55812,PASS,"",prev L55606~L55615; hard L55616~L55812; next L55813~L55822,"현재 action·turn_or_reveal·paid_reward·state_change·ending_hook·closed_loops·opened_loops가 이 회차 하드 경계와 일치하고, 계획·계약 전 상태나 인접 화의 구체 결과를 선취하지 않는다.",""
317,317,55813,55972,PASS,"",prev L55803~L55812; hard L55813~L55972; next L55973~L55982,"현재 action·turn_or_reveal·paid_reward·state_change·ending_hook·closed_loops·opened_loops가 이 회차 하드 경계와 일치하고, 계획·계약 전 상태나 인접 화의 구체 결과를 선취하지 않는다.",""
318,318,55973,56130,EDIT,ending_hook;opened_loops,prev L55963~L55972; hard L55973~L56130; next L56131~L56140,L56116~L56130의 마지막 전환은 빈 살만 국부펀드 협력 가능성이다. 다음 화 머스크 면담을 현재 훅으로 가져오지 않았다.,ending_hook=[머스크와 테슬라를 만나 애플카와 시장을 나눠야 한다.] => [빈 살만이 사우디 국부펀드 운용과 장기 공동투자에서 어떤 제안을 내놓을 것인가?] || opened_loops=[사우디 국부펀드 우군화] => [사우디 국부펀드 공동투자; 빈 살만 장기동맹]
319,319화,56131,56286,PASS,"",prev L56121~L56130; hard L56131~L56286; next L56287~L56296,"현재 action·turn_or_reveal·paid_reward·state_change·ending_hook·closed_loops·opened_loops가 이 회차 하드 경계와 일치하고, 계획·계약 전 상태나 인접 화의 구체 결과를 선취하지 않는다.",""
320,320화,56287,56457,PASS,"",prev L56277~L56286; hard L56287~L56457; next L56458~L56467,"현재 action·turn_or_reveal·paid_reward·state_change·ending_hook·closed_loops·opened_loops가 이 회차 하드 경계와 일치하고, 계획·계약 전 상태나 인접 화의 구체 결과를 선취하지 않는다.",""
321,321,56458,56631,PASS,"",prev L56448~L56457; hard L56458~L56631; next L56632~L56641,"현재 action·turn_or_reveal·paid_reward·state_change·ending_hook·closed_loops·opened_loops가 이 회차 하드 경계와 일치하고, 계획·계약 전 상태나 인접 화의 구체 결과를 선취하지 않는다.",""
322,322,56632,56797,PASS,"",prev L56622~L56631; hard L56632~L56797; next L56798~L56807,"현재 action·turn_or_reveal·paid_reward·state_change·ending_hook·closed_loops·opened_loops가 이 회차 하드 경계와 일치하고, 계획·계약 전 상태나 인접 화의 구체 결과를 선취하지 않는다.",""
323,323,56798,56981,PASS,"",prev L56788~L56797; hard L56798~L56981; next L56982~L56991,"현재 action·turn_or_reveal·paid_reward·state_change·ending_hook·closed_loops·opened_loops가 이 회차 하드 경계와 일치하고, 계획·계약 전 상태나 인접 화의 구체 결과를 선취하지 않는다.",""
324,324화,56982,57144,PASS,"",prev L56972~L56981; hard L56982~L57144; next L57145~L57154,"현재 action·turn_or_reveal·paid_reward·state_change·ending_hook·closed_loops·opened_loops가 이 회차 하드 경계와 일치하고, 계획·계약 전 상태나 인접 화의 구체 결과를 선취하지 않는다.",""
325,325화,57145,57322,PASS,"",prev L57135~L57144; hard L57145~L57322; next L57323~L57332,"현재 action·turn_or_reveal·paid_reward·state_change·ending_hook·closed_loops·opened_loops가 이 회차 하드 경계와 일치하고, 계획·계약 전 상태나 인접 화의 구체 결과를 선취하지 않는다.",""
326,326화,57323,57487,PASS,"",prev L57313~L57322; hard L57323~L57487; next L57488~L57497,"현재 action·turn_or_reveal·paid_reward·state_change·ending_hook·closed_loops·opened_loops가 이 회차 하드 경계와 일치하고, 계획·계약 전 상태나 인접 화의 구체 결과를 선취하지 않는다.",""
327,327화,57488,57633,EDIT,paid_reward;state_change,prev L57478~L57487; hard L57488~L57633; next L57634~L57643,"현재 action·turn_or_reveal·paid_reward·state_change·ending_hook·closed_loops·opened_loops가 이 회차 하드 경계와 일치하고, 계획·계약 전 상태나 인접 화의 구체 결과를 선취하지 않는다. [MANAGER_FOLLOWUP] 시작 SHA 7053d49dc7025e48b56daa2b35458965918ffc570cd66be0f87f4239992581f8와 현재 화 hard line을 대조해 11개 narrative field 중 2개를 교정했다.","[MANAGER_FOLLOWUP] paid_reward=[태우가 공격적 확장기에서 현금 축적기로 전환한다.] => [일본 KIKO·공매도와 남유럽 디폴트 포지션, 퀀텀·사우디 자금의 참여 방향을 비상회의에서 승인한다. 실제 수익은 아직 전이다.] || state_change=[태우가 공격적 확장기에서 현금 축적기로 전환한다.] => [태우가 공격적 확장기에서 대형 위기에 대비한 현금 축적기로 전환한다.] || [MANAGER_FOLLOWUP] paid_reward=[태우가 공격적 확장기에서 현금 축적기로 전환한다.] => [일본 KIKO·공매도와 남유럽 디폴트 포지션, 퀀텀·사우디 자금의 참여 방향을 비상회의에서 승인한다. 실제 수익은 아직 전이다.] || state_change=[태우가 공격적 확장기에서 현금 축적기로 전환한다.] => [태우가 공격적 확장기에서 대형 위기에 대비한 현금 축적기로 전환한다.]"
328,328,57634,57794,PASS,"",prev L57624~L57633; hard L57634~L57794; next L57795~L57804,"현재 action·turn_or_reveal·paid_reward·state_change·ending_hook·closed_loops·opened_loops가 이 회차 하드 경계와 일치하고, 계획·계약 전 상태나 인접 화의 구체 결과를 선취하지 않는다.",""
329,329화,57795,57962,PASS,"",prev L57785~L57794; hard L57795~L57962; next L57963~L57972,"현재 action·turn_or_reveal·paid_reward·state_change·ending_hook·closed_loops·opened_loops가 이 회차 하드 경계와 일치하고, 계획·계약 전 상태나 인접 화의 구체 결과를 선취하지 않는다.",""
330,330,57963,58138,EDIT,ending_hook;opened_loops,prev L57953~L57962; hard L57963~L58138; next L58139~L58148,L58124~L58138은 조영수가 현진해운 문제를 상의하자고 연락한 장면이다. 계약승계 협상을 이미 정한 것으로 구체화하지 않았다.,ending_hook=[현진그룹 회장과 계약 승계 협상이 잡힌다.] => [현진해운 문제를 상의하자는 조영수의 요청은 어떤 자산·구조조정 협상으로 이어질 것인가?] || opened_loops=[현진해운 알짜 인수] => [조영수 면담; 현진해운 자산·구조조정 협상]
331,331,58139,58329,EDIT,turn_or_reveal,prev L58129~L58138; hard L58139~L58329; next L58330~L58339,"현재 action·turn_or_reveal·paid_reward·state_change·ending_hook·closed_loops·opened_loops가 이 회차 하드 경계와 일치하고, 계획·계약 전 상태나 인접 화의 구체 결과를 선취하지 않는다. [MANAGER_FOLLOWUP] 시작 SHA 7053d49dc7025e48b56daa2b35458965918ffc570cd66be0f87f4239992581f8와 현재 화 hard line을 대조해 11개 narrative field 중 1개를 교정했다.",[MANAGER_FOLLOWUP] turn_or_reveal=[계약 우위가 유지되고 전국 260개 PC방이 여론전에 투입된다.] => [계약 우위가 유지되고 전국의 PC방 IP를 선거 여론전에 쓸 준비가 끝난다.] || [MANAGER_FOLLOWUP] turn_or_reveal=[계약 우위가 유지되고 전국 260개 PC방이 여론전에 투입된다.] => [계약 우위가 유지되고 전국의 PC방 IP를 선거 여론전에 쓸 준비가 끝난다.]
332,332,58330,58495,PASS,"",prev L58320~L58329; hard L58330~L58495; next L58496~L58505,"현재 action·turn_or_reveal·paid_reward·state_change·ending_hook·closed_loops·opened_loops가 이 회차 하드 경계와 일치하고, 계획·계약 전 상태나 인접 화의 구체 결과를 선취하지 않는다.",""
333,333,58496,58665,PASS,"",prev L58486~L58495; hard L58496~L58665; next L58666~L58675,"현재 action·turn_or_reveal·paid_reward·state_change·ending_hook·closed_loops·opened_loops가 이 회차 하드 경계와 일치하고, 계획·계약 전 상태나 인접 화의 구체 결과를 선취하지 않는다.",""
334,334,58666,58839,EDIT,ending_hook;opened_loops;protagonist_goal;action;paid_reward;state_change,prev L58656~L58665; hard L58666~L58839; next L58840~L58849,L58822~L58839에서 김민재의 기자회견은 준비·예고 상태다. 1만2천 명 대피와 비용 선언은 다음 화이므로 현재 훅에서 실행하지 않았다. [MANAGER_FOLLOWUP] 시작 SHA 7053d49dc7025e48b56daa2b35458965918ffc570cd66be0f87f4239992581f8와 현재 화 hard line을 대조해 11개 narrative field 중 5개를 교정했다.,ending_hook=[김민재가 책임을 건 공개 경고를 한다.] => [김민재는 다음 날 자신의 기자회견에서 태풍 경고와 대피·비용 책임을 어디까지 공개할 것인가?] || opened_loops=[공개 경고·구호] => [김민재 기자회견; 1만2천 명 대피·비용 부담의 실제 발표와 실행] || [MANAGER_FOLLOWUP] protagonist_goal=[1만2천 교민을 대피시키고 최재석의 지도력을 세운다.] => [일본 교민 대피수단을 마련하고 최재석의 지도력을 세운다.] || action=[항공기·버스·전용기를 투입하고 최재석에게 긴급 기자회견과 현장 대피를 맡긴다.] => [항공기·버스를 계약하고 최재석에게 긴급 기자회견과 교민협조 역할을 맡긴다.] || paid_reward=[회귀지식이 돈보다 먼저 생명을 구하는 자산이 된다.] => [항공기·버스 계약과 현지 교민 협조선을 확보하고 최재석의 일본행·기자회견 역할을 정한다. 실제 대피는 아직 전이다.] || state_change=[회귀지식이 돈보다 먼저 생명을 구하는 자산이 된다.] => [정부가 움직이지 않는 동안 태우가 민간 대피수단을 준비하고 최재석이 현장 책임을 맡는 단계로 바뀐다.] || opened_loops=[김민재 기자회견; 1만2천 명 대피·비용 부담의 실제 발표와 실행] => [김민재 기자회견; 교민 대피·비용 부담의 실제 발표와 실행]
335,335,58840,59004,EDIT,paid_reward;state_change,prev L58830~L58839; hard L58840~L59004; next L59005~L59014,"현재 action·turn_or_reveal·paid_reward·state_change·ending_hook·closed_loops·opened_loops가 이 회차 하드 경계와 일치하고, 계획·계약 전 상태나 인접 화의 구체 결과를 선취하지 않는다. [MANAGER_FOLLOWUP] 시작 SHA 7053d49dc7025e48b56daa2b35458965918ffc570cd66be0f87f4239992581f8와 현재 화 hard line을 대조해 11개 narrative field 중 2개를 교정했다.","[MANAGER_FOLLOWUP] paid_reward=[과잉대응 프레임이 선견으로 뒤집힐 준비가 끝난다.] => [교민 1만2천 명 대피 지원과 비용 전액 부담, 미·일 자료 전달·미국 추가자료 요청·구호물자 조달선을 실제로 확보한다.] || state_change=[과잉대응 프레임이 선견으로 뒤집힐 준비가 끝난다.] => [김민재가 회장직과 그룹 신뢰를 담보로 AI 재난예측을 공개해 개인 판단을 태우그룹의 공식 책임으로 바꾼다.] || [MANAGER_FOLLOWUP] paid_reward=[과잉대응 프레임이 선견으로 뒤집힐 준비가 끝난다.] => [교민 1만2천 명 대피 지원과 비용 전액 부담, 미·일 자료 전달·미국 추가자료 요청·구호물자 조달선을 실제로 확보한다.] || state_change=[과잉대응 프레임이 선견으로 뒤집힐 준비가 끝난다.] => [김민재가 회장직과 그룹 신뢰를 담보로 AI 재난예측을 공개해 개인 판단을 태우그룹의 공식 책임으로 바꾼다.]"
336,336,59005,59166,PASS,"",prev L58995~L59004; hard L59005~L59166; next L59167~L59176,"현재 action·turn_or_reveal·paid_reward·state_change·ending_hook·closed_loops·opened_loops가 이 회차 하드 경계와 일치하고, 계획·계약 전 상태나 인접 화의 구체 결과를 선취하지 않는다.",""
337,337,59167,59333,PASS,"",prev L59157~L59166; hard L59167~L59333; next L59334~L59343,"현재 action·turn_or_reveal·paid_reward·state_change·ending_hook·closed_loops·opened_loops가 이 회차 하드 경계와 일치하고, 계획·계약 전 상태나 인접 화의 구체 결과를 선취하지 않는다.",""
338,338,59334,59486,PASS,"",prev L59324~L59333; hard L59334~L59486; next L59487~L59496,"현재 action·turn_or_reveal·paid_reward·state_change·ending_hook·closed_loops·opened_loops가 이 회차 하드 경계와 일치하고, 계획·계약 전 상태나 인접 화의 구체 결과를 선취하지 않는다.",""
339,339,59487,59656,PASS,"",prev L59477~L59486; hard L59487~L59656; next L59657~L59666,"현재 action·turn_or_reveal·paid_reward·state_change·ending_hook·closed_loops·opened_loops가 이 회차 하드 경계와 일치하고, 계획·계약 전 상태나 인접 화의 구체 결과를 선취하지 않는다.",""
340,340화,59657,59811,EDIT,action;turn_or_reveal;paid_reward;state_change;ending_hook;closed_loops;opened_loops,prev L59647~L59656; hard L59657~L59811; next L59812~L59821,L59657~L59811에는 보스·전화·사무실·위장취업 경로와 다음 날 출국 준비까지만 있다. 현장 잠입·결정적 증거 확보·조직 해체 완료를 제거했다.,"action=[핀테크 금융기록으로 조직을 특정하고 강 대위가 직원·경호원 50명을 필리핀에 투입한다.] => [핀테크 거래기록과 좀비폰으로 필리핀 조직의 보스·조직원·사무실을 특정하고, 위장 취업 경로와 다음 날 출국할 직원·경호인력 50명을 준비한다.] || turn_or_reveal=[강일파 사무실 잠입이 성사된다.] => [보스와 조직원 약 30명의 휴대전화·사무실 위치·위장 취업 경로가 잡히지만, 현장 잠입과 결정적 증거 확보는 다음 날 이후로 남는다.] || paid_reward=[최재석 대권을 위한 비밀 방어망이 완성된다.] => [필리핀 조직의 자금흐름·전화·사무실 위치와 위장 잠입 경로를 확보한다. 실제 잠입과 결정적 증거는 아직 전이다.] || state_change=[최재석 대권을 위한 비밀 방어망이 완성된다.] => [온라인 추적은 다음 날 현장 잠입을 위한 인원·경로 준비로 넘어가지만, 조직 해체나 증거 공개는 완료되지 않는다.] || ending_hook=[보궐 당일 공격을 현행으로 잡아야 한다.] => [다음 날 필리핀으로 향하는 직원과 경호팀이 보궐선거 전에 결정적 증거를 확보할 수 있는가?] || closed_loops=[디도스 경로] => [불법자금·좀비폰 추적; 보스·조직원 전화와 사무실 위치 특정; 위장 취업 경로 확보] || opened_loops=[선거일 증거 공개] => [필리핀 현장 잠입; 결정적 증거 확보·공개; 조직 처벌]"
341,341화,59812,59973,EDIT,paid_reward;state_change;ending_hook;closed_loops;opened_loops,prev L59802~L59811; hard L59812~L59973; next L59974~L59983,"현재 action·turn_or_reveal·paid_reward·state_change·ending_hook·closed_loops·opened_loops가 이 회차 하드 경계와 일치하고, 계획·계약 전 상태나 인접 화의 구체 결과를 선취하지 않는다. [MANAGER_FOLLOWUP] 시작 SHA 7053d49dc7025e48b56daa2b35458965918ffc570cd66be0f87f4239992581f8와 현재 화 hard line을 대조해 11개 narrative field 중 5개를 교정했다.","[MANAGER_FOLLOWUP] paid_reward=[최재석은 침묵을 끝내고 대통령 후보로 나설 기반을 얻는다.] => [국민경제당 후보가 서울시장 보궐선거에서 36대34, 2퍼센트 차이로 당선된다.] || state_change=[최재석은 침묵을 끝내고 대통령 후보로 나설 기반을 얻는다.] => [국민경제당이 서울시장 승리를 얻고 김민재는 오래 침묵한 최재석을 당의 대권 중심으로 세울 때라고 판단한다. 실제 대권 선언은 아직 전이다.] || ending_hook=[최재석의 대권 선언이 기다린다.] => [서울시장 승리를 발판으로 최재석이 오랜 침묵을 깨고 실제 대권 도전에 나설 것인가?] || closed_loops=[서울 보궐 증거] => [서울시장 보궐선거 승리] || opened_loops=[최재석 대권·해외 투자] => [최재석의 대권 결심·선언; 해외 투자] || [MANAGER_FOLLOWUP] paid_reward=[최재석은 침묵을 끝내고 대통령 후보로 나설 기반을 얻는다.] => [국민경제당 후보가 서울시장 보궐선거에서 36대34, 2퍼센트 차이로 당선된다.] || state_change=[최재석은 침묵을 끝내고 대통령 후보로 나설 기반을 얻는다.] => [국민경제당이 서울시장 승리를 얻고 김민재는 오래 침묵한 최재석을 당의 대권 중심으로 세울 때라고 판단한다. 실제 대권 선언은 아직 전이다.] || ending_hook=[최재석의 대권 선언이 기다린다.] => [서울시장 승리를 발판으로 최재석이 오랜 침묵을 깨고 실제 대권 도전에 나설 것인가?] || closed_loops=[서울 보궐 증거] => [서울시장 보궐선거 승리] || opened_loops=[최재석 대권·해외 투자] => [최재석의 대권 결심·선언; 해외 투자]"
342,342화,59974,60147,PASS,"",prev L59964~L59973; hard L59974~L60147; next L60148~L60157,"현재 action·turn_or_reveal·paid_reward·state_change·ending_hook·closed_loops·opened_loops가 이 회차 하드 경계와 일치하고, 계획·계약 전 상태나 인접 화의 구체 결과를 선취하지 않는다.",""
343,343,60148,60318,EDIT,paid_reward;state_change;closed_loops;opened_loops,prev L60138~L60147; hard L60148~L60318; next L60319~L60328,L60148~L60318은 로보 지분 약 30퍼센트와 다음 날 이사회 자리를 확보한다. 인슐린·mRNA·비만치료제 권리 취득은 협상 전이라 지급·닫힘에서 분리했다.,"paid_reward=[센트리언이 만성질환 플랫폼으로 확장된다.] => [로보 노디스크 지분 약 30퍼센트와 다음 날 이사회 협상 자리를 확보하고, 인슐린·mRNA·비만치료제 연구정보를 요구할 위치에 선다. 생산·공동연구 권리는 아직 협상 전이다.] || state_change=[센트리언이 만성질환 플랫폼으로 확장된다.] => [지분 약 30퍼센트와 이사회 접근권은 확보되지만, 만성질환 생산·공동연구 권리는 다음 날 협상 과제로 남는다.] || closed_loops=[센트리언 상장] => [로보 노디스크 지분 약 30퍼센트 확보; 다음 날 이사회 일정] || opened_loops=[인슐린 생산권·비만치료제] => [인슐린 생산권; mRNA 공동연구; 비만치료제 정보·권리]"
344,344,60319,60493,PASS,"",prev L60309~L60318; hard L60319~L60493; next L60494~L60503,"현재 action·turn_or_reveal·paid_reward·state_change·ending_hook·closed_loops·opened_loops가 이 회차 하드 경계와 일치하고, 계획·계약 전 상태나 인접 화의 구체 결과를 선취하지 않는다.",""
345,345,60494,60656,PASS,"",prev L60484~L60493; hard L60494~L60656; next L60657~L60666,"현재 action·turn_or_reveal·paid_reward·state_change·ending_hook·closed_loops·opened_loops가 이 회차 하드 경계와 일치하고, 계획·계약 전 상태나 인접 화의 구체 결과를 선취하지 않는다.",""
346,346,60657,60800,PASS,"",prev L60647~L60656; hard L60657~L60800; next L60801~L60810,"현재 action·turn_or_reveal·paid_reward·state_change·ending_hook·closed_loops·opened_loops가 이 회차 하드 경계와 일치하고, 계획·계약 전 상태나 인접 화의 구체 결과를 선취하지 않는다.",""
347,347,60801,60982,EDIT,action;turn_or_reveal;paid_reward;state_change;ending_hook;closed_loops;opened_loops;resistance_or_cost,prev L60791~L60800; hard L60801~L60982; next L60983~L60992,L60801~L60982의 30분 통화는 조지 부시에게 경제·안보 논리를 전달한 단계다. 텍사스 소유주 설득 부탁·지원 확답은 아직 없어 관심과 실제 개입을 분리했다. [MANAGER_FOLLOWUP] 시작 SHA 7053d49dc7025e48b56daa2b35458965918ffc570cd66be0f87f4239992581f8와 현재 화 hard line을 대조해 11개 narrative field 중 1개를 교정했다.,"action=[로보 권리를 서정준에게 주고 천민정에게 무인 건설기계를 맡긴 뒤 부시에게 텍사스 설득을 요청한다.] => [조지 부시에게 텍사스 경제·안보 논리를 30분 동안 설명해 관심을 끌지만, 토지 소유주 설득을 직접 부탁하거나 지원 확답을 받지는 않는다.] || turn_or_reveal=[AI가 제약 실험을 단축하고 부시가 움직일 여지가 생긴다.] => [전직 대통령과 직통으로 논리를 전달할 통로는 열리지만, 부시가 텍사스 토지 소유주 설득에 실제 나설지는 아직 답이 없다.] || paid_reward=[태우 AI가 약과 중장비라는 실물 혁신으로 확장된다.] => [조지 부시의 30분 통화와 관심을 얻는다. 텍사스 토지 소유주 설득 약속·실행은 아직 전이다.] || state_change=[태우 AI가 약과 중장비라는 실물 혁신으로 확장된다.] => [텍사스 토지 문제는 백악관 압박에서 전직 대통령을 설득할 논리 전달 단계로 옮겨간다.] || ending_hook=[부시가 오스틴 목장에 나타날지가 관건이다.] => [조지 부시가 김민재의 논리를 받아 실제로 텍사스 토지 소유주 설득에 나설 것인가?] || closed_loops=[인슐린 권리] => [조지 부시와 30분 통화; 텍사스 경제·안보 논리 전달] || opened_loops=[무인 범캣·텍사스 부지] => [조지 부시의 실제 개입; 텍사스 토지 소유주 설득] || [MANAGER_FOLLOWUP] resistance_or_cost=[센트리언 규모가 작고 오스틴은 외국기업을 거부한다.] => [텍사스 토지 소유주들은 외국기업의 셰일 개발 참여를 꺼리고 전직 대통령에게도 아직 구체 설득을 부탁하지 않았다.]"
348,348,60983,61166,EDIT,turn_or_reveal;ending_hook,prev L60973~L60982; hard L60983~L61166; next L61167~L61176,"현재 action·turn_or_reveal·paid_reward·state_change·ending_hook·closed_loops·opened_loops가 이 회차 하드 경계와 일치하고, 계획·계약 전 상태나 인접 화의 구체 결과를 선취하지 않는다. [MANAGER_FOLLOWUP] 시작 SHA 7053d49dc7025e48b56daa2b35458965918ffc570cd66be0f87f4239992581f8와 현재 화 hard line을 대조해 11개 narrative field 중 2개를 교정했다.",[MANAGER_FOLLOWUP] turn_or_reveal=[오스틴이 제주도보다 큰 50만 에이커 왜그너 목장을 알려준다.] => [부시의 소개로 만난 텍사스 토지 소유주가 제주도보다 큰 50만 에이커 목장 매물을 알려 준다.] || ending_hook=[왜그너 상속자와 협상해야 한다.] => [이름이 아직 나오지 않은 50만 에이커 목장 매도 측을 찾아 먼저 매물을 확보할 수 있는가?] || [MANAGER_FOLLOWUP] turn_or_reveal=[오스틴이 제주도보다 큰 50만 에이커 왜그너 목장을 알려준다.] => [부시의 소개로 만난 텍사스 토지 소유주가 제주도보다 큰 50만 에이커 목장 매물을 알려 준다.] || ending_hook=[왜그너 상속자와 협상해야 한다.] => [이름이 아직 나오지 않은 50만 에이커 목장 매도 측을 찾아 먼저 매물을 확보할 수 있는가?]
349,349,61167,61354,PASS,"",prev L61157~L61166; hard L61167~L61354; next L61355~L61364,"현재 action·turn_or_reveal·paid_reward·state_change·ending_hook·closed_loops·opened_loops가 이 회차 하드 경계와 일치하고, 계획·계약 전 상태나 인접 화의 구체 결과를 선취하지 않는다.",""
350,350,61355,61505,EDIT,action;paid_reward;state_change;ending_hook;closed_loops;opened_loops,prev L61345~L61354; hard L61355~L61505; next L61506~L61515,L61355~L61505에는 와고너 부지와 베릴 운영 참여만 확정된다. 장비와 체서피크 협업·우선인수 조항은 설계·협상 전이므로 완료 보상에서 뺐다.,"action=[금리상승 시 파산 구조를 확인하고 베릴에게 사업을 맡긴 뒤 체셔피크 합작을 준비한다.] => [와고너 목장을 시추 부지로 확보하고 베릴의 재투자·운영 참여를 정한 뒤 체서피크 협업과 우선인수 조항, 장비 확보 방안을 설계한다.] || paid_reward=[셰일 투트랙이 장비·부지·운영사까지 완성된다.] => [와고너 시추 부지와 베릴의 재투자·운영 참여를 확보한다. 체서피크 협업·우선인수 조항과 장비 계약은 아직 협상 전이다.] || state_change=[셰일 투트랙이 장비·부지·운영사까지 완성된다.] => [부지와 운영 주체는 정해졌지만 시추 장비와 체서피크 협업·우선인수는 계약 전 설계 단계로 남는다.] || ending_hook=[체셔피크가 합작에 들어온다.] => [체서피크 협업과 우선인수 조항을 실제 계약으로 묶고 필요한 시추 장비까지 확보할 수 있는가?] || closed_loops=[베릴 재투자] => [와고너 목장 매입; 베릴 재투자·운영 참여] || opened_loops=[공유오피스 매각·체셔피크 합작] => [시추 장비 확보; 체서피크 협업·우선인수 계약]"
351,351,61506,61665,EDIT,protagonist_goal,prev L61496~L61505; hard L61506~L61665; next L61666~L61675,"현재 action·turn_or_reveal·paid_reward·state_change·ending_hook·closed_loops·opened_loops가 이 회차 하드 경계와 일치하고, 계획·계약 전 상태나 인접 화의 구체 결과를 선취하지 않는다. [MANAGER_FOLLOWUP] 시작 SHA 7053d49dc7025e48b56daa2b35458965918ffc570cd66be0f87f4239992581f8와 현재 화 hard line을 대조해 11개 narrative field 중 1개를 교정했다.",[MANAGER_FOLLOWUP] protagonist_goal=[셰일 합작과 트럼프 후원·금융타워 입주를 확정한다.] => [셰일 합작과 트럼프 후원·유럽 금융사의 서울 금융허브 입주를 확정한다.] || [MANAGER_FOLLOWUP] protagonist_goal=[셰일 합작과 트럼프 후원·금융타워 입주를 확정한다.] => [셰일 합작과 트럼프 후원·유럽 금융사의 서울 금융허브 입주를 확정한다.]
352,352,61666,61849,PASS,"",prev L61656~L61665; hard L61666~L61849; next L61850~L61859,"현재 action·turn_or_reveal·paid_reward·state_change·ending_hook·closed_loops·opened_loops가 이 회차 하드 경계와 일치하고, 계획·계약 전 상태나 인접 화의 구체 결과를 선취하지 않는다.",""
353,353,61850,62004,PASS,"",prev L61840~L61849; hard L61850~L62004; next L62005~L62014,"현재 action·turn_or_reveal·paid_reward·state_change·ending_hook·closed_loops·opened_loops가 이 회차 하드 경계와 일치하고, 계획·계약 전 상태나 인접 화의 구체 결과를 선취하지 않는다.",""
354,354,62005,62159,EDIT,turn_or_reveal;paid_reward;state_change;closed_loops;opened_loops,prev L61995~L62004; hard L62005~L62159; next L62160~L62169,L62005~L62159에서 첫 야당 지위와 인슐린 개발은 실제 결실이지만 덴마크 비만치료제·지분은 서정준의 제안이다. 지급과 미지급을 나눴다.,"turn_or_reveal=[국민경제당이 제1야당이 되고 센트리언이 미래 신약지분 기회를 잡는다.] => [국민경제당이 첫 야당 지위를 얻고 센트리언의 인슐린 개발이 끝난 가운데, 서정준은 덴마크 공동연구·지분협상을 다음 확장안으로 제시한다.] || paid_reward=[정치·바이오 장기투자가 동시에 결과를 낸다.] => [국민경제당의 첫 야당 지위와 센트리언 인슐린 개발 완료를 얻는다. 덴마크 비만치료제 공동연구·지분은 아직 협상 전이다.] || state_change=[정치·바이오 장기투자가 동시에 결과를 낸다.] => [국내 정치와 인슐린 개발은 실제 결실을 내고, 덴마크 비만치료제·지분 협력은 제안 단계로 열린다.] || closed_loops=[총선 준비] => [국민경제당 첫 야당 지위; 센트리언 인슐린 개발] || opened_loops=[대권·다이어트 치료제] => [대선 준비; 로보 노디스크 공동연구·지분협상; 비만치료제]"
355,355,62160,62331,PASS,"",prev L62150~L62159; hard L62160~L62331; next L62332~L62341,"현재 action·turn_or_reveal·paid_reward·state_change·ending_hook·closed_loops·opened_loops가 이 회차 하드 경계와 일치하고, 계획·계약 전 상태나 인접 화의 구체 결과를 선취하지 않는다.",""
356,356,62332,62511,PASS,"",prev L62322~L62331; hard L62332~L62511; next L62512~L62521,"현재 action·turn_or_reveal·paid_reward·state_change·ending_hook·closed_loops·opened_loops가 이 회차 하드 경계와 일치하고, 계획·계약 전 상태나 인접 화의 구체 결과를 선취하지 않는다.",""
357,357,62512,62684,PASS,"",prev L62502~L62511; hard L62512~L62684; next L62685~L62694,"현재 action·turn_or_reveal·paid_reward·state_change·ending_hook·closed_loops·opened_loops가 이 회차 하드 경계와 일치하고, 계획·계약 전 상태나 인접 화의 구체 결과를 선취하지 않는다.",""
358,358,62685,62878,PASS,"",prev L62675~L62684; hard L62685~L62878; next L62879~L62888,"현재 action·turn_or_reveal·paid_reward·state_change·ending_hook·closed_loops·opened_loops가 이 회차 하드 경계와 일치하고, 계획·계약 전 상태나 인접 화의 구체 결과를 선취하지 않는다.",""
359,359,62879,63070,PASS,"",prev L62869~L62878; hard L62879~L63070; next L63071~L63080,"현재 action·turn_or_reveal·paid_reward·state_change·ending_hook·closed_loops·opened_loops가 이 회차 하드 경계와 일치하고, 계획·계약 전 상태나 인접 화의 구체 결과를 선취하지 않는다.",""
360,360,63071,63239,PASS,"",prev L63061~L63070; hard L63071~L63239; next L63240~L63249,"현재 action·turn_or_reveal·paid_reward·state_change·ending_hook·closed_loops·opened_loops가 이 회차 하드 경계와 일치하고, 계획·계약 전 상태나 인접 화의 구체 결과를 선취하지 않는다.",""
361,361,63240,63391,PASS,"",prev L63230~L63239; hard L63240~L63391; next L63392~L63401,"현재 action·turn_or_reveal·paid_reward·state_change·ending_hook·closed_loops·opened_loops가 이 회차 하드 경계와 일치하고, 계획·계약 전 상태나 인접 화의 구체 결과를 선취하지 않는다.",""
362,362화,63392,63562,PASS,"",prev L63382~L63391; hard L63392~L63562; next L63563~L63572,"현재 action·turn_or_reveal·paid_reward·state_change·ending_hook·closed_loops·opened_loops가 이 회차 하드 경계와 일치하고, 계획·계약 전 상태나 인접 화의 구체 결과를 선취하지 않는다.",""
363,363,63563,63736,PASS,"",prev L63553~L63562; hard L63563~L63736; next L63737~L63746,"현재 action·turn_or_reveal·paid_reward·state_change·ending_hook·closed_loops·opened_loops가 이 회차 하드 경계와 일치하고, 계획·계약 전 상태나 인접 화의 구체 결과를 선취하지 않는다.",""
364,364,63737,63895,PASS,"",prev L63727~L63736; hard L63737~L63895; next L63896~L63905,"현재 action·turn_or_reveal·paid_reward·state_change·ending_hook·closed_loops·opened_loops가 이 회차 하드 경계와 일치하고, 계획·계약 전 상태나 인접 화의 구체 결과를 선취하지 않는다.",""
365,365,63896,64071,PASS,"",prev L63886~L63895; hard L63896~L64071; next L64072~L64081,"현재 action·turn_or_reveal·paid_reward·state_change·ending_hook·closed_loops·opened_loops가 이 회차 하드 경계와 일치하고, 계획·계약 전 상태나 인접 화의 구체 결과를 선취하지 않는다.",""
366,366,64072,64251,PASS,"",prev L64062~L64071; hard L64072~L64251; next L64252~L64261,"현재 action·turn_or_reveal·paid_reward·state_change·ending_hook·closed_loops·opened_loops가 이 회차 하드 경계와 일치하고, 계획·계약 전 상태나 인접 화의 구체 결과를 선취하지 않는다.",""
367,367,64252,64428,PASS,"",prev L64242~L64251; hard L64252~L64428; next L64429~L64438,"현재 action·turn_or_reveal·paid_reward·state_change·ending_hook·closed_loops·opened_loops가 이 회차 하드 경계와 일치하고, 계획·계약 전 상태나 인접 화의 구체 결과를 선취하지 않는다.",""
368,368,64429,64601,PASS,"",prev L64419~L64428; hard L64429~L64601; next L64602~L64611,"현재 action·turn_or_reveal·paid_reward·state_change·ending_hook·closed_loops·opened_loops가 이 회차 하드 경계와 일치하고, 계획·계약 전 상태나 인접 화의 구체 결과를 선취하지 않는다.",""
369,369,64602,64774,PASS,"",prev L64592~L64601; hard L64602~L64774; next L64775~L64784,"현재 action·turn_or_reveal·paid_reward·state_change·ending_hook·closed_loops·opened_loops가 이 회차 하드 경계와 일치하고, 계획·계약 전 상태나 인접 화의 구체 결과를 선취하지 않는다.",""
370,370,64775,64951,PASS,"",prev L64765~L64774; hard L64775~L64951; next L64952~L64961,"현재 action·turn_or_reveal·paid_reward·state_change·ending_hook·closed_loops·opened_loops가 이 회차 하드 경계와 일치하고, 계획·계약 전 상태나 인접 화의 구체 결과를 선취하지 않는다.",""
371,371,64952,65120,PASS,"",prev L64942~L64951; hard L64952~L65120; next L65121~L65130,"현재 action·turn_or_reveal·paid_reward·state_change·ending_hook·closed_loops·opened_loops가 이 회차 하드 경계와 일치하고, 계획·계약 전 상태나 인접 화의 구체 결과를 선취하지 않는다.",""
372,372,65121,65294,PASS,"",prev L65111~L65120; hard L65121~L65294; next L65295~L65304,"현재 action·turn_or_reveal·paid_reward·state_change·ending_hook·closed_loops·opened_loops가 이 회차 하드 경계와 일치하고, 계획·계약 전 상태나 인접 화의 구체 결과를 선취하지 않는다.",""
373,373,65295,65470,PASS,"",prev L65285~L65294; hard L65295~L65470; next L65471~L65480,"현재 action·turn_or_reveal·paid_reward·state_change·ending_hook·closed_loops·opened_loops가 이 회차 하드 경계와 일치하고, 계획·계약 전 상태나 인접 화의 구체 결과를 선취하지 않는다.",""
374,374,65471,65627,PASS,"",prev L65461~L65470; hard L65471~L65627; next L65628~L65637,"현재 action·turn_or_reveal·paid_reward·state_change·ending_hook·closed_loops·opened_loops가 이 회차 하드 경계와 일치하고, 계획·계약 전 상태나 인접 화의 구체 결과를 선취하지 않는다.",""
375,375,65628,65819,PASS,"",prev L65618~L65627; hard L65628~L65819; next L65820~L65829,"현재 action·turn_or_reveal·paid_reward·state_change·ending_hook·closed_loops·opened_loops가 이 회차 하드 경계와 일치하고, 계획·계약 전 상태나 인접 화의 구체 결과를 선취하지 않는다.",""
376,376,65820,65985,EDIT,paid_reward;state_change;closed_loops;opened_loops,prev L65810~L65819; hard L65820~L65985; next L65986~L65995,L65934~L65985에서 로만은 크렘린에 보고해 허가를 받아오겠다고 약속한다. 러시아 정부 허가·운송로 확보 완료를 약속 단계로 되돌렸다.,"paid_reward=[태우는 중국 외 자원 수출로를 추가한다.] => [러시아 경유 운송로와 다국적 컨소시엄안을 로만에게 받아들이게 하고 크렘린 허가를 받아오겠다는 약속을 얻는다. 실제 정부 허가·운송로 확보는 아직 전이다.] || state_change=[악마와도 손잡고 필요하면 끊는 생존 원칙이 드러난다.] => [태우의 러시아 잔류를 지렛대로 몽골 자원 운송로 협상선을 열지만, 로만의 크렘린 보고와 허가가 남는다.] || closed_loops=[러시아 제재 대응] => [로만과 러시아 경유 운송로·컨소시엄 조건 협의; 크렘린 허가 약속] || opened_loops=[몽골 자원 러시아길·중국 계약] => [크렘린 실제 허가; 몽골-러시아 운송로 건설; 중국 경유 허가·계약]"
377,377,65986,66170,EDIT,action;turn_or_reveal;paid_reward;state_change;closed_loops;opened_loops,prev L65976~L65985; hard L65986~L66170; next L66171~L66180,L66130~L66170에서 리강은 주석에게 보고하고 계약 성사를 위해 노력하겠다고 답한다. 20년 장기계약과 끊기지 않는 자원 판로를 실제 체결·소유처럼 쓰지 않았다.,"action=[몽골 자원을 러시아와 중국 양쪽으로 장기 공급하고 새 지도자의 태자당 자금 욕구를 활용한다.] => [리강에게 몽골 자원 운송로와 최소 20년 장기계약을 제안하고 러시아 협의 사실을 알린 뒤, 리강이 주석 보고와 계약 성사를 위해 노력하겠다는 답을 받아낸다.] || turn_or_reveal=[중국 고위층이 러시아 협의까지 된 장기계약에 호응한다.] => [리강은 태자당 수익과 러시아 관계를 이유로 긍정적으로 반응하지만, 중국 정부 보고와 장기계약 체결은 아직 남는다.] || paid_reward=[태우는 미중분쟁에도 끊기지 않는 자원판로를 얻는다.] => [차기 중국 권력자와 운송사업·20년 계약의 협상선을 열고 주석 보고 약속을 얻는다. 실제 장기계약과 자원 판로는 아직 전이다.] || state_change=[고위층 소개가 미래 권력 보험이 된다.] => [쩡훙친의 소개로 차기 권력 보험은 얻지만, 미중분쟁에도 끊기지 않을 중국 자원 판로는 보고·계약 전 제안 단계다.] || closed_loops=[중국 자원판로] => [리강 소개; 중국 운송사업·20년 계약 제안; 주석 보고 약속] || opened_loops=[사우디 석유전쟁·차기 권력] => [중국 정부 승인·20년 계약 체결; 러시아 허가; 사우디 증산전]"
378,378,66171,66350,PASS,"",prev L66161~L66170; hard L66171~L66350; next L66351~L66360,"현재 action·turn_or_reveal·paid_reward·state_change·ending_hook·closed_loops·opened_loops가 이 회차 하드 경계와 일치하고, 계획·계약 전 상태나 인접 화의 구체 결과를 선취하지 않는다.",""
379,379,66351,66547,PASS,"",prev L66341~L66350; hard L66351~L66547; next L66548~L66557,"현재 action·turn_or_reveal·paid_reward·state_change·ending_hook·closed_loops·opened_loops가 이 회차 하드 경계와 일치하고, 계획·계약 전 상태나 인접 화의 구체 결과를 선취하지 않는다.",""
380,380,66548,66742,PASS,"",prev L66538~L66547; hard L66548~L66742; next L66743~L66752,"현재 action·turn_or_reveal·paid_reward·state_change·ending_hook·closed_loops·opened_loops가 이 회차 하드 경계와 일치하고, 계획·계약 전 상태나 인접 화의 구체 결과를 선취하지 않는다.",""
381,381,66743,66910,EDIT,paid_reward;state_change,prev L66733~L66742; hard L66743~L66910; next L66911~L66920,"현재 action·turn_or_reveal·paid_reward·state_change·ending_hook·closed_loops·opened_loops가 이 회차 하드 경계와 일치하고, 계획·계약 전 상태나 인접 화의 구체 결과를 선취하지 않는다. [MANAGER_FOLLOWUP] 시작 SHA 7053d49dc7025e48b56daa2b35458965918ffc570cd66be0f87f4239992581f8와 현재 화 hard line을 대조해 11개 narrative field 중 2개를 교정했다.","[MANAGER_FOLLOWUP] paid_reward=[태우는 마르지 않는 투자우물을 확보한다.] => [커넥트 자동번역 완성, 로보가 훔친 신약 AI 오염, 금융사별 유가 하락 수익 배분을 실행하고 원유 100달러선 붕괴·셰일주 15퍼센트 하락을 확인한다.] || state_change=[석유전과 바이오 정보전이 동시에 전쟁으로 명명된다.] => [석유 하락 포지션과 로보 바이오 역정보가 동시에 실행되는 두 전쟁으로 전환된다. 20년 뒤 대규모 투자의 정체는 아직 감춰져 있다.] || [MANAGER_FOLLOWUP] paid_reward=[태우는 마르지 않는 투자우물을 확보한다.] => [커넥트 자동번역 완성, 로보가 훔친 신약 AI 오염, 금융사별 유가 하락 수익 배분을 실행하고 원유 100달러선 붕괴·셰일주 15퍼센트 하락을 확인한다.] || state_change=[석유전과 바이오 정보전이 동시에 전쟁으로 명명된다.] => [석유 하락 포지션과 로보 바이오 역정보가 동시에 실행되는 두 전쟁으로 전환된다. 20년 뒤 대규모 투자의 정체는 아직 감춰져 있다.]"
382,382,66911,67084,EDIT,protagonist_goal;action,prev L66901~L66910; hard L66911~L67084; next L67085~L67094,"현재 action·turn_or_reveal·paid_reward·state_change·ending_hook·closed_loops·opened_loops가 이 회차 하드 경계와 일치하고, 계획·계약 전 상태나 인접 화의 구체 결과를 선취하지 않는다. [MANAGER_FOLLOWUP] 시작 SHA 7053d49dc7025e48b56daa2b35458965918ffc570cd66be0f87f4239992581f8와 현재 화 hard line을 대조해 11개 narrative field 중 2개를 교정했다.",[MANAGER_FOLLOWUP] protagonist_goal=[헤스와 체셔피크 인수자금을 만든다.] => [미국 정부가 구조를 요청한 셰일업체 가운데 알짜 자산을 인수할 자금을 만든다.] || action=[체셔피크·헤스 공매도를 늘리고 가이아나 해양유전 지분을 노리며 미국대사의 구조요청을 받는다.] => [셰일업체 공매도를 늘리고 미국 대사의 구조요청을 받은 뒤 알짜 업체·지분만 골라 인수할 뜻을 밝힌다.] || [MANAGER_FOLLOWUP] protagonist_goal=[헤스와 체셔피크 인수자금을 만든다.] => [미국 정부가 구조를 요청한 셰일업체 가운데 알짜 자산을 인수할 자금을 만든다.] || action=[체셔피크·헤스 공매도를 늘리고 가이아나 해양유전 지분을 노리며 미국대사의 구조요청을 받는다.] => [셰일업체 공매도를 늘리고 미국 대사의 구조요청을 받은 뒤 알짜 업체·지분만 골라 인수할 뜻을 밝힌다.]
383,383,67085,67243,PASS,"",prev L67075~L67084; hard L67085~L67243; next L67244~L67253,"현재 action·turn_or_reveal·paid_reward·state_change·ending_hook·closed_loops·opened_loops가 이 회차 하드 경계와 일치하고, 계획·계약 전 상태나 인접 화의 구체 결과를 선취하지 않는다.",""
384,384,67244,67404,PASS,"",prev L67234~L67243; hard L67244~L67404; next L67405~L67414,"현재 action·turn_or_reveal·paid_reward·state_change·ending_hook·closed_loops·opened_loops가 이 회차 하드 경계와 일치하고, 계획·계약 전 상태나 인접 화의 구체 결과를 선취하지 않는다.",""
385,385,67405,67584,PASS,"",prev L67395~L67404; hard L67405~L67584; next L67585~L67594,"현재 action·turn_or_reveal·paid_reward·state_change·ending_hook·closed_loops·opened_loops가 이 회차 하드 경계와 일치하고, 계획·계약 전 상태나 인접 화의 구체 결과를 선취하지 않는다.",""
386,386,67585,67757,PASS,"",prev L67575~L67584; hard L67585~L67757; next L67758~L67767,"현재 action·turn_or_reveal·paid_reward·state_change·ending_hook·closed_loops·opened_loops가 이 회차 하드 경계와 일치하고, 계획·계약 전 상태나 인접 화의 구체 결과를 선취하지 않는다.",""
387,387,67758,67939,PASS,"",prev L67748~L67757; hard L67758~L67939; next L67940~L67949,"현재 action·turn_or_reveal·paid_reward·state_change·ending_hook·closed_loops·opened_loops가 이 회차 하드 경계와 일치하고, 계획·계약 전 상태나 인접 화의 구체 결과를 선취하지 않는다.",""
388,388,67940,68101,PASS,"",prev L67930~L67939; hard L67940~L68101; next L68102~L68111,"현재 action·turn_or_reveal·paid_reward·state_change·ending_hook·closed_loops·opened_loops가 이 회차 하드 경계와 일치하고, 계획·계약 전 상태나 인접 화의 구체 결과를 선취하지 않는다.",""
389,389,68102,68274,PASS,"",prev L68092~L68101; hard L68102~L68274; next L68275~L68284,"현재 action·turn_or_reveal·paid_reward·state_change·ending_hook·closed_loops·opened_loops가 이 회차 하드 경계와 일치하고, 계획·계약 전 상태나 인접 화의 구체 결과를 선취하지 않는다.",""
390,390,68275,68451,PASS,"",prev L68265~L68274; hard L68275~L68451; next L68452~L68461,"현재 action·turn_or_reveal·paid_reward·state_change·ending_hook·closed_loops·opened_loops가 이 회차 하드 경계와 일치하고, 계획·계약 전 상태나 인접 화의 구체 결과를 선취하지 않는다.",""
391,391,68452,68641,EDIT,ending_hook,prev L68442~L68451; hard L68452~L68641; next L68642~L68651,"현재 action·turn_or_reveal·paid_reward·state_change·ending_hook·closed_loops·opened_loops가 이 회차 하드 경계와 일치하고, 계획·계약 전 상태나 인접 화의 구체 결과를 선취하지 않는다. [MANAGER_FOLLOWUP] 시작 SHA 7053d49dc7025e48b56daa2b35458965918ffc570cd66be0f87f4239992581f8와 현재 화 hard line을 대조해 11개 narrative field 중 1개를 교정했다.",[MANAGER_FOLLOWUP] ending_hook=[정밀조사 일주일 동안 공매도 자금을 더 끌어들인다.] => [가이아나 현장팀의 최소 50억 배럴 추정이 실제 대형 유전으로 확인돼 헤스 공매도판을 뒤집을 수 있는가?] || [MANAGER_FOLLOWUP] ending_hook=[정밀조사 일주일 동안 공매도 자금을 더 끌어들인다.] => [가이아나 현장팀의 최소 50억 배럴 추정이 실제 대형 유전으로 확인돼 헤스 공매도판을 뒤집을 수 있는가?]
392,392,68642,68807,PASS,"",prev L68632~L68641; hard L68642~L68807; next L68808~L68817,"현재 action·turn_or_reveal·paid_reward·state_change·ending_hook·closed_loops·opened_loops가 이 회차 하드 경계와 일치하고, 계획·계약 전 상태나 인접 화의 구체 결과를 선취하지 않는다.",""
393,393,68808,68990,PASS,"",prev L68798~L68807; hard L68808~L68990; next L68991~L69000,"현재 action·turn_or_reveal·paid_reward·state_change·ending_hook·closed_loops·opened_loops가 이 회차 하드 경계와 일치하고, 계획·계약 전 상태나 인접 화의 구체 결과를 선취하지 않는다.",""
394,394,68991,69182,EDIT,paid_reward;state_change;ending_hook;opened_loops;action;turn_or_reveal,prev L68981~L68990; hard L68991~L69182; next L69183~L69192,L69167~L69182는 워런에게 헤스 지분 임대와 아직 밝히지 않은 이벤트를 제안하는 장면이다. 버크셔 동맹·방패를 이미 얻었다는 지급 완료를 제거했다. [MANAGER_FOLLOWUP] 시작 SHA 7053d49dc7025e48b56daa2b35458965918ffc570cd66be0f87f4239992581f8와 현재 화 hard line을 대조해 11개 narrative field 중 6개를 교정했다.,"paid_reward=[카르텔 규율과 세계최대 장기투자자라는 방패를 얻는다.] => [금융타워 배신자에게 1억 달러 프리미엄 규율을 적용하고, 버크셔와 헤스 지분 임대·공개매수 동맹 협상을 연다. 워런의 참여 확답은 아직 전이다.] || state_change=[배신자와 우군을 대비해 동맹의 질을 높인다.] => [배신자 처분은 실행되고 버크셔는 잠재 우군으로 등장하지만, 지분 임대와 동맹은 제안 단계로 남는다.] || ending_hook=[워런에게 상장폐지 이벤트를 제안한다.] => [워런이 헤스 지분 3년 임대와 아직 밝히지 않은 공개매수 작전에 참여할 것인가?] || opened_loops=[버크셔 동맹·상장폐지] => [버크셔 지분 임대·동맹; 헤스 공개매수·상장폐지] || [MANAGER_FOLLOWUP] action=[주식 반환을 거절하고 1억 달러 프리미엄을 요구한 뒤 버크셔가 판 지분을 워런과 협상한다.] => [금융타워의 레일·마크 펀드에 1억 달러 프리미엄을 요구해 내보낸 뒤, 버크셔가 헤스 지분 7퍼센트 이상을 모은 이유를 확인하고 워런에게 3년 임대를 제안한다.] || turn_or_reveal=[버크셔가 가치투자로 헤스를 전부 샀고 워런이 작전에 관심을 보인다.] => [버크셔의 매수 목적은 가치투자였고 워런은 민재를 지지하지만 헤스 지분 매각은 거절한다.] || paid_reward=[금융타워 배신자에게 1억 달러 프리미엄 규율을 적용하고, 버크셔와 헤스 지분 임대·공개매수 동맹 협상을 연다. 워런의 참여 확답은 아직 전이다.] => [배신 펀드 두 곳에 1억 달러 프리미엄 규율을 적용하고, 워런에게 헤스 지분 3년 임대와 정체를 밝히지 않은 시장 이벤트를 제안한다. 지분 임대와 참여 확답은 아직 전이다.] || state_change=[배신자 처분은 실행되고 버크셔는 잠재 우군으로 등장하지만, 지분 임대와 동맹은 제안 단계로 남는다.] => [금융타워 내부 배신자에게 퇴출성 비용이 부과되고, 버크셔는 작전 내용을 듣기 전 잠재 우군으로 이동한다.] || ending_hook=[워런이 헤스 지분 3년 임대와 아직 밝히지 않은 공개매수 작전에 참여할 것인가?] => [워런은 헤스 지분을 3년 빌려 달라는 제안과 정체가 공개되지 않은 시장 이벤트에 참여할 것인가?] || opened_loops=[버크셔 지분 임대·동맹; 헤스 공개매수·상장폐지] => [버크셔 헤스 지분 3년 임대; 정체를 밝히지 않은 시장 이벤트]"
395,395,69183,69348,PASS,"",prev L69173~L69182; hard L69183~L69348; next L69349~L69358,"현재 action·turn_or_reveal·paid_reward·state_change·ending_hook·closed_loops·opened_loops가 이 회차 하드 경계와 일치하고, 계획·계약 전 상태나 인접 화의 구체 결과를 선취하지 않는다.",""
396,396,69349,69537,PASS,"",prev L69339~L69348; hard L69349~L69537; next L69538~L69547,"현재 action·turn_or_reveal·paid_reward·state_change·ending_hook·closed_loops·opened_loops가 이 회차 하드 경계와 일치하고, 계획·계약 전 상태나 인접 화의 구체 결과를 선취하지 않는다.",""
397,397,69538,69724,EDIT,paid_reward;state_change;closed_loops;opened_loops,prev L69528~L69537; hard L69538~L69724; next L69725~L69734,L69538~L69724에서 박만덕 퇴직·한정훈 취임은 인수인계·교육 단계이고 카노스의 전향만 실제로 닫힌다. 내부 승계 지급과 적 전향을 분리했다.,"paid_reward=[태우는 내부 승계와 월가 집행자를 동시에 확보한다.] => [박만덕의 동남아 퇴직 후 자리와 한정훈의 부회장 인수인계·교육 경로, 카노스의 전향 약속을 얻는다. 박만덕 은퇴와 한정훈 취임은 아직 전이다.] || state_change=[은퇴 보상과 적의 굴복이 한 회차에서 닫힌다.] => [내부 승계는 인수인계·교육 단계로 열리고, 카노스는 실제 손을 잡아 월가 집행자로 전향한다.] || closed_loops=[박만득 총괄] => [박만덕의 퇴직 후 동남아 역할 합의; 한정훈 인수인계·교육 개시; 카노스 전향] || opened_loops=[한정훈 부회장·카노스 사냥개] => [박만덕 실제 은퇴; 한정훈 부회장 취임; 카노스의 2주 헤지펀드 사냥]"
398,398,69725,69890,EDIT,action;turn_or_reveal;paid_reward;state_change;ending_hook;closed_loops;opened_loops,prev L69715~L69724; hard L69725~L69890; next L69891~L69900,"L69725~L69890은 카노스의 2주 사냥과 중국 자금 배치, 한정훈 교육·다음 달 이취임식 준비다. 실제 부회장 취임은 399화이므로 현재 지급에서 뺐다.","action=[태우 300억·타워 총 600억 달러를 배치하고 한정훈 승진·태우건설 부동산 회복을 점검한다.] => [카노스가 2주 만에 헤지펀드들을 파산시키자 태우 300억 달러·금융타워 총 600억 달러를 중국에 배치하고, 한정훈의 부회장 교육·다음 달 이취임식과 태우건설의 부동산 회복을 점검한다.] || turn_or_reveal=[카노스는 월가의 사신으로 명성을 회복하고 한정훈은 부회장 교육을 받는다.] => [카노스는 월가의 사신으로 명성을 회복하고 한정훈은 부회장 교육과 이취임식 일정을 받지만, 실제 취임식은 아직 열리지 않았다.] || paid_reward=[적이 집행자가 되고 핵심 측근이 그룹 얼굴로 승진한다.] => [공매도 연합 파산과 카노스의 집행력, 태우건설의 도급 1위·토지 가치 상승을 얻고 한정훈의 부회장 취임 일정을 확정한다.] || state_change=[헤지펀드 파멸이 다음 국가급 공매도 자금이 된다.] => [헤지펀드 파멸 수익이 중국 공매도 자금으로 이동하고, 내부 승계는 교육에서 다음 달 이취임식 준비로 진전된다.] || ending_hook=[청와대 만찬이 한정훈의 첫 공식무대다.] => [성대한 이취임식을 실제로 열어 한정훈을 부회장으로 세우고 청와대 만찬에 보낼 수 있는가?] || closed_loops=[공매도 연합 파산] => [공매도 연합 파산; 태우건설 도급 1위·부동산 회복; 한정훈 이취임식 일정] || opened_loops=[중국 공매도·부회장 승진] => [한정훈 실제 부회장 취임·청와대 만찬; 중국 공매도]"
399,399,69891,70053,EDIT,ending_hook,prev L69881~L69890; hard L69891~L70053; next L70054~L70063,"현재 action·turn_or_reveal·paid_reward·state_change·ending_hook·closed_loops·opened_loops가 이 회차 하드 경계와 일치하고, 계획·계약 전 상태나 인접 화의 구체 결과를 선취하지 않는다. [MANAGER_FOLLOWUP] 시작 SHA 7053d49dc7025e48b56daa2b35458965918ffc570cd66be0f87f4239992581f8와 현재 화 hard line을 대조해 11개 narrative field 중 1개를 교정했다.",[MANAGER_FOLLOWUP] ending_hook=[유고빈 원형 신약을 헐값에 사야 한다.] => [로보가 폐기하려는 신약을 태우가 헐값에 확보할 수 있는가?] || [MANAGER_FOLLOWUP] ending_hook=[유고빈 원형 신약을 헐값에 사야 한다.] => [로보가 폐기하려는 신약을 태우가 헐값에 확보할 수 있는가?]
400,400,70054,70215,PASS,"",prev L70044~L70053; hard L70054~L70215; next L70216~L70225,"현재 action·turn_or_reveal·paid_reward·state_change·ending_hook·closed_loops·opened_loops가 이 회차 하드 경계와 일치하고, 계획·계약 전 상태나 인접 화의 구체 결과를 선취하지 않는다.",""
401,401,70216,70406,PASS,"",prev L70206~L70215; hard L70216~L70406; next L70407~L70416,"현재 action·turn_or_reveal·paid_reward·state_change·ending_hook·closed_loops·opened_loops가 이 회차 하드 경계와 일치하고, 계획·계약 전 상태나 인접 화의 구체 결과를 선취하지 않는다.",""
402,402,70407,70589,EDIT,paid_reward;state_change;ending_hook;opened_loops,prev L70397~L70406; hard L70407~L70589; next L70590~L70599,L70579~L70589은 오희건이 이번 주 지분을 넘기겠다고 약속한 장면이다. 실제 태우 지분 이전과 오용재 수락은 아직 열려 있어 소유 완료로 쓰지 않았다.,"paid_reward=[중국 작전의 정치보험과 삼진 경쟁그룹의 지분·신뢰를 얻는다.] => [중국 수익 일부를 차명계좌로 보내 정치보험을 유지하고, 오희건으로부터 승계 조언 대가인 태우 지분을 이번 주 안에 넘기겠다는 약속을 얻는다. 실제 지분 이전은 아직 전이다.] || state_change=[183조 원 증발 보상 뒤 병상 유언으로 정서전환한다.] => [중국 작전 수익은 정치보험으로 지급되고, 삼진 승계 지원은 태우 지분 이전 약속과 오용재의 선택을 기다리는 단계로 열린다.] || ending_hook=[오용재가 승계 해법을 받아들일지 남는다.] => [오용재가 승계 해법을 받아들일지, 오희건이 이번 주 실제로 태우 지분을 이전할지가 남는다.] || opened_loops=[삼진 승계·태우지분] => [오용재의 승계안 수락; 태우 지분 실제 이전]"
403,403,70590,70762,PASS,"",prev L70580~L70589; hard L70590~L70762; next L70763~L70772,"현재 action·turn_or_reveal·paid_reward·state_change·ending_hook·closed_loops·opened_loops가 이 회차 하드 경계와 일치하고, 계획·계약 전 상태나 인접 화의 구체 결과를 선취하지 않는다.",""
404,404,70763,70923,PASS,"",prev L70753~L70762; hard L70763~L70923; next L70924~L70933,"현재 action·turn_or_reveal·paid_reward·state_change·ending_hook·closed_loops·opened_loops가 이 회차 하드 경계와 일치하고, 계획·계약 전 상태나 인접 화의 구체 결과를 선취하지 않는다.",""
405,405,70924,71095,PASS,"",prev L70914~L70923; hard L70924~L71095; next L71096~L71105,"현재 action·turn_or_reveal·paid_reward·state_change·ending_hook·closed_loops·opened_loops가 이 회차 하드 경계와 일치하고, 계획·계약 전 상태나 인접 화의 구체 결과를 선취하지 않는다.",""
406,406,71096,71268,PASS,"",prev L71086~L71095; hard L71096~L71268; next L71269~L71278,"현재 action·turn_or_reveal·paid_reward·state_change·ending_hook·closed_loops·opened_loops가 이 회차 하드 경계와 일치하고, 계획·계약 전 상태나 인접 화의 구체 결과를 선취하지 않는다.",""
407,407,71269,71428,EDIT,paid_reward;state_change;closed_loops;opened_loops,prev L71259~L71268; hard L71269~L71428; next L71429~L71438,L71417~L71428은 제리 왕이 용선료 카드를 스스로 꺼내게 기다리는 협상 직전이다. 비용개선 수단 확보 완료를 데이터망 지급과 구분했다.,"paid_reward=[태우는 팬데믹 데이터와 현진해운 원가개선 수단을 함께 잡는다.] => [메르스 치료정보 수집망을 가동하고, 제리 왕과 용선료를 카드로 한 협상 주도권을 잡는다. 용선료 인하는 아직 제안·합의 전이다.] || state_change=[병원시스템에서 중국 식탁협상으로 판을 넓힌다.] => [병원 데이터망은 실제 가동되고 중국 협상은 제리 왕이 먼저 용선료 카드를 꺼내게 만드는 대기 단계로 넘어간다.] || closed_loops=[메르스 데이터망] => [메르스 치료정보 수집망 가동; 제리 왕과 협상 주도권 확보] || opened_loops=[중국 공매도 중단·용선료] => [용선료 인하 제안·합의; 중국 공매도 중단 조건]"
408,408,71429,71612,PASS,"",prev L71419~L71428; hard L71429~L71612; next L71613~L71622,"현재 action·turn_or_reveal·paid_reward·state_change·ending_hook·closed_loops·opened_loops가 이 회차 하드 경계와 일치하고, 계획·계약 전 상태나 인접 화의 구체 결과를 선취하지 않는다.",""
409,409,71613,71796,EDIT,action;turn_or_reveal;paid_reward;state_change;ending_hook;closed_loops;opened_loops,prev L71603~L71612; hard L71613~L71796; next L71797~L71806,L71785~L71796에서 메르스 국내 긴급승인은 지급됐지만 FDA 방문·당뇨병 치료제 승인은 계획이다. 현장실사를 이미 수행한 행동과 글로벌 승인 완료를 제거했다.,"action=[식약처 비난 압력을 이용해 한국 최초 긴급사용승인을 받고 FDA 실사 때 두 치료제를 함께 보여준다.] => [식약처의 비난 부담을 이용해 한국 최초 메르스 치료제 긴급사용승인을 받고, FDA가 센트리언을 방문하면 메르스·당뇨병 치료제를 함께 보여 주라고 지시한다.] || turn_or_reveal=[메르스 치료제가 즉시 출시되고 FDA도 연내 승인을 검토한다.] => [메르스 치료제가 긴급사용승인으로 즉시 출시되고 FDA 현장방문 계획이 잡히지만, 당뇨병 치료제의 FDA 승인은 아직 심사 전이다.] || paid_reward=[센트리언은 한국 방역회사에서 글로벌 신약회사로 도약한다.] => [한국 최초 메르스 치료제 긴급사용승인·출시와 FDA 현장방문 계획을 얻는다. 당뇨병 치료제의 연내 FDA 승인은 목표로 남는다.] || state_change=[규제 압력이 오히려 승인 가속기가 된다.] => [규제 압력은 국내 긴급승인을 가속하지만, 센트리언의 글로벌 신약 지위는 FDA 현장실사·당뇨병 치료제 승인 결과를 기다린다.] || ending_hook=[FDA 현장실사와 당뇨약 결과가 남는다.] => [FDA 현장실사에서 메르스 치료제와 당뇨병 치료제 자료를 직접 보여 주면 연내 승인을 앞당길 수 있는가?] || closed_loops=[메르스 1차 임상] => [메르스 1차 임상; 국내 긴급사용승인·출시] || opened_loops=[FDA 메르스·유고빈 승인] => [FDA 현장실사; 메르스·당뇨병 치료제 FDA 승인]"
410,410,71797,71965,PASS,"",prev L71787~L71796; hard L71797~L71965; next L71966~L71975,"현재 action·turn_or_reveal·paid_reward·state_change·ending_hook·closed_loops·opened_loops가 이 회차 하드 경계와 일치하고, 계획·계약 전 상태나 인접 화의 구체 결과를 선취하지 않는다.",""
411,411,71966,72141,EDIT,action;paid_reward;state_change;closed_loops;opened_loops,prev L71956~L71965; hard L71966~L72141; next L72142~L72151,L72131~L72141의 10억 달러는 호남 투자용으로 별도 배정한 예산이다. 군산·새만금 실제 집행과 표심 성과를 현재 화의 완료로 쓰지 않았다.,"action=[서울 30% 지지를 계산하고 호남 공략용 새만금·군산 조선소에 10억 달러를 배치한다.] => [서울 지지율 30퍼센트를 계산하고 호남 공략을 위해 군산 조선소와 새만금에 쓸 10억 달러를 별도 자금으로 빼 두라고 지시한다.] || paid_reward=[국민경제당이 지역당 한계를 넘을 산업공약을 얻는다.] => [국민경제당의 지역당 한계를 넘을 군산·새만금 산업투자 예산 10억 달러를 확보한다. 실제 발주·투자는 아직 전이다.] || state_change=[정치자금이 아니라 실물 지역투자로 표심을 움직인다.] => [정치자금 대신 실물 지역투자로 표심을 움직일 예산을 배정하지만, 군산 수주와 새만금 집행은 다음 협상으로 남는다.] || closed_loops=[서울 지지상승] => [서울 지지율 상승 확인; 호남 투자예산 10억 달러 별도 배정] || opened_loops=[군산·새만금 10억 달러] => [군산 선박 발주; 새만금 투자; 장명준 영입]"
412,412,72142,72298,EDIT,action;ending_hook;closed_loops;opened_loops,prev L72132~L72141; hard L72142~L72298; next L72299~L72308,L72291~L72298에서 군산 5억 달러 발주만 실행됐고 새만금 5억 달러와 타기업 합계 20억 달러는 계획이다. 약속·집행 범위를 분리했다.,action=[태우 선박 5억 달러를 일시불 발주하고 새만금에도 5억 달러·타기업 합계 20억 달러를 약속한다.] => [태우 선박 5억 달러를 군산 조선소에 일시불 발주하고 시위대에 사과한 뒤 최재석의 공로를 공개한다. 남은 5억 달러는 새만금 몫으로 두고 다른 기업을 끌어들여 총 20억 달러 이상을 만들 계획을 세운다.] || ending_hook=[새만금 투자와 총선영입 효과가 이어진다.] => [아직 집행 전인 새만금 5억 달러와 타기업 유치 계획을 실제 20억 달러 이상 투자로 만들 수 있는가?] || closed_loops=[군산 폐쇄위기] => [군산 조선소 5억 달러 일시불 발주; 시위대 사과·최재석 공로 공개] || opened_loops=[장명준 영입·새만금 20억 달러] => [새만금 5억 달러 실제 집행; 타기업 유치·20억 달러 조성; 장명준 영입]
413,413,72299,72490,PASS,"",prev L72289~L72298; hard L72299~L72490; next L72491~L72500,"현재 action·turn_or_reveal·paid_reward·state_change·ending_hook·closed_loops·opened_loops가 이 회차 하드 경계와 일치하고, 계획·계약 전 상태나 인접 화의 구체 결과를 선취하지 않는다.",""
414,414,72491,72663,EDIT,entry_state;protagonist_goal;closed_loops,prev L72481~L72490; hard L72491~L72663; next L72664~L72673,"현재 action·turn_or_reveal·paid_reward·state_change·ending_hook·closed_loops·opened_loops가 이 회차 하드 경계와 일치하고, 계획·계약 전 상태나 인접 화의 구체 결과를 선취하지 않는다. [MANAGER_FOLLOWUP] 시작 SHA 7053d49dc7025e48b56daa2b35458965918ffc570cd66be0f87f4239992581f8와 현재 화 hard line을 대조해 11개 narrative field 중 3개를 교정했다.",[MANAGER_FOLLOWUP] entry_state=[유고빈 FDA 승인이 임박하고 빈 살만이 한국에 온다.] => [센트리언의 당뇨병 치료제 FDA 승인이 임박하고 빈 살만이 한국에 온다.] || protagonist_goal=[유고빈 공장을 늘리고 빈 살만을 왕세자로 올린다.] => [당뇨병 치료제 생산공장을 늘리고 빈 살만을 왕세자로 올린다.] || closed_loops=[유고빈 심사] => [당뇨병 치료제 FDA 심사] || [MANAGER_FOLLOWUP] entry_state=[유고빈 FDA 승인이 임박하고 빈 살만이 한국에 온다.] => [센트리언의 당뇨병 치료제 FDA 승인이 임박하고 빈 살만이 한국에 온다.] || protagonist_goal=[유고빈 공장을 늘리고 빈 살만을 왕세자로 올린다.] => [당뇨병 치료제 생산공장을 늘리고 빈 살만을 왕세자로 올린다.] || closed_loops=[유고빈 심사] => [당뇨병 치료제 FDA 심사]
415,415,72664,72834,EDIT,turn_or_reveal,prev L72654~L72663; hard L72664~L72834; next L72835~L72844,"현재 action·turn_or_reveal·paid_reward·state_change·ending_hook·closed_loops·opened_loops가 이 회차 하드 경계와 일치하고, 계획·계약 전 상태나 인접 화의 구체 결과를 선취하지 않는다. [MANAGER_FOLLOWUP] 시작 SHA 7053d49dc7025e48b56daa2b35458965918ffc570cd66be0f87f4239992581f8와 현재 화 hard line을 대조해 11개 narrative field 중 1개를 교정했다.",[MANAGER_FOLLOWUP] turn_or_reveal=[25만 대 렌터카와 미국 화물망이 실험대상이 된다.] => [렌터카 업체와 미국 화물망이 원격조종·자율주행 실험대상이 될 수 있다.] || [MANAGER_FOLLOWUP] turn_or_reveal=[25만 대 렌터카와 미국 화물망이 실험대상이 된다.] => [렌터카 업체와 미국 화물망이 원격조종·자율주행 실험대상이 될 수 있다.]
416,416,72835,73014,PASS,"",prev L72825~L72834; hard L72835~L73014; next L73015~L73024,"현재 action·turn_or_reveal·paid_reward·state_change·ending_hook·closed_loops·opened_loops가 이 회차 하드 경계와 일치하고, 계획·계약 전 상태나 인접 화의 구체 결과를 선취하지 않는다.",""
417,417,73015,73175,PASS,"",prev L73005~L73014; hard L73015~L73175; next L73176~L73185,"현재 action·turn_or_reveal·paid_reward·state_change·ending_hook·closed_loops·opened_loops가 이 회차 하드 경계와 일치하고, 계획·계약 전 상태나 인접 화의 구체 결과를 선취하지 않는다.",""
418,418,73176,73359,PASS,"",prev L73166~L73175; hard L73176~L73359; next L73360~L73369,"현재 action·turn_or_reveal·paid_reward·state_change·ending_hook·closed_loops·opened_loops가 이 회차 하드 경계와 일치하고, 계획·계약 전 상태나 인접 화의 구체 결과를 선취하지 않는다.",""
419,419,73360,73524,EDIT,action;turn_or_reveal;paid_reward;state_change;closed_loops;opened_loops;ending_hook,prev L73350~L73359; hard L73360~L73524; next L73525~L73534,L73474~L73514은 ASML 지분 3퍼센트 매매 합의와 이번 주 실무진 파견 약속이다. 실제 지분 이전·장비 우선권 귀속을 완료 보상으로 당기지 않았다. [MANAGER_FOLLOWUP] 시작 SHA 7053d49dc7025e48b56daa2b35458965918ffc570cd66be0f87f4239992581f8와 현재 화 hard line을 대조해 11개 narrative field 중 1개를 교정했다.,"action=[오용재 상속세 자금지원을 약속하는 대신 매각 예정 ASML 지분을 현재가로 넘겨받는다.] => [오용재 일가의 상속세 신용대출을 약속하고 삼진이 가진 ASML 지분 3퍼센트를 현재가에 넘기는 매매에 합의한 뒤, 미국·대만 매도물량도 사들이라고 지시한다.] || turn_or_reveal=[오용재가 은혜를 갚아 ASML 지분·장비 우선권을 제공한다.] => [오용재가 은혜를 갚아 ASML 지분 매매를 받아들이고 이번 주 실무진을 보내기로 하지만, 지분 이전과 장비 우선권의 실제 귀속은 아직 전이다.] || paid_reward=[삼진 구제복선이 세계 반도체 공급망 우위로 결산된다.] => [삼진 승계를 결산하고 ASML 지분 3퍼센트 매매 합의와 추가 매집 지시를 얻는다. 지분 이전·장비 우선권은 실무계약 이후다.] || state_change=[라이벌 협력이 독점장비 권리라는 실물보상이 된다.] => [라이벌 협력은 ASML 지분 매매 합의라는 실물 보상으로 진전되지만, 소유권과 장비 우선권은 아직 이전 전이다.] || closed_loops=[삼진 후계승계] => [삼진 후계승계; ASML 지분 3퍼센트 매매 합의] || opened_loops=[ASML 우선권·해운정책] => [ASML 지분 실무계약·이전; 미국·대만 추가지분 매집; 장비 우선권; 해운정책] || [MANAGER_FOLLOWUP] ending_hook=[최재석과 해운·PF 정책을 확정한다.] => [최재석이 생각을 정리한 해운업 문제를 다음 날 어떤 조건으로 풀지 남는다.]"
420,420,73525,73689,EDIT,action;turn_or_reveal;paid_reward;state_change;ending_hook;closed_loops;opened_loops,prev L73515~L73524; hard L73525~L73689; next L73690~L73699,L73674~L73689은 금융타워에 PF 30조 원을 권유하라는 지시와 채울 수 있다는 추산이다. 30조·50조 실제 투자와 과반 의석을 지급 완료로 쓰지 않았다.,"action=[최재석과 화학단지 안전·해운빅딜을 합의하고 수도권·광역시 PF에 30조 원을 태우·금융타워가 투자한다.] => [최재석과 새만금 화학단지 안전·해운 빅딜 방향을 합의하고, 수도권·광역시 부동산 PF 30조 원을 금융타워에 권유하되 참여가 없으면 태우 자금으로 하겠다고 정한다.] || turn_or_reveal=[금융사들이 하루 만에 30조 이상을 채울 자금구조가 완성된다.] => [태우증권이 움직이면 30조 원을 하루에도 채울 수 있다는 자금력은 확인되지만, 금융사 모집과 PF 투자는 아직 실행 전이다.] || paid_reward=[국민경제당 과반과 태우 산업기반이 같은 투자로 강화된다.] => [새만금·부산 신항·부동산 PF를 묶은 총선 정책과 30조 원 모집 경로를 설계한다. 50조 원 실제 투자나 과반 의석은 아직 지급 전이다.] || state_change=[50조 수치가 총선판을 압도하는 결산이다.] => [국민경제당의 총선안은 50조 원 규모 계획으로 구체화되지만, 금융사 참여·PF 집행·표심 결과는 열려 있다.] || ending_hook=[새만금·부산 신항·부동산 PF에 총 50조 원을 넣는 계획이 국민경제당의 과반 의석을 압박한다.] => [금융타워 권유만으로 PF 30조 원을 실제 채우고, 새만금·부산 신항과 합친 50조 원 계획을 집행할 수 있는가?] || closed_loops=[유고빈 초기입소문] => [새만금·해운 정책 방향 합의; 부동산 PF 30조 원 모집안 설계] || opened_loops=[총선 50조 정책·PF 미끼] => [금융사 PF 참여·실제 투자; 50조 정책 발표·집행; 총선 결과]"
421,421,73690,73855,PASS,"",prev L73680~L73689; hard L73690~L73855; next L73856~L73865,"현재 action·turn_or_reveal·paid_reward·state_change·ending_hook·closed_loops·opened_loops가 이 회차 하드 경계와 일치하고, 계획·계약 전 상태나 인접 화의 구체 결과를 선취하지 않는다.",""
422,422,73856,74020,PASS,"",prev L73846~L73855; hard L73856~L74020; next L74021~L74030,"현재 action·turn_or_reveal·paid_reward·state_change·ending_hook·closed_loops·opened_loops가 이 회차 하드 경계와 일치하고, 계획·계약 전 상태나 인접 화의 구체 결과를 선취하지 않는다.",""
423,423,74021,74192,PASS,"",prev L74011~L74020; hard L74021~L74192; next L74193~L74202,"현재 action·turn_or_reveal·paid_reward·state_change·ending_hook·closed_loops·opened_loops가 이 회차 하드 경계와 일치하고, 계획·계약 전 상태나 인접 화의 구체 결과를 선취하지 않는다.",""
424,424,74193,74368,PASS,"",prev L74183~L74192; hard L74193~L74368; next L74369~L74378,"현재 action·turn_or_reveal·paid_reward·state_change·ending_hook·closed_loops·opened_loops가 이 회차 하드 경계와 일치하고, 계획·계약 전 상태나 인접 화의 구체 결과를 선취하지 않는다.",""
425,425,74369,74533,PASS,"",prev L74359~L74368; hard L74369~L74533; next L74534~L74543,"현재 action·turn_or_reveal·paid_reward·state_change·ending_hook·closed_loops·opened_loops가 이 회차 하드 경계와 일치하고, 계획·계약 전 상태나 인접 화의 구체 결과를 선취하지 않는다.",""
426,426,74534,74703,PASS,"",prev L74524~L74533; hard L74534~L74703; next L74704~L74713,"현재 action·turn_or_reveal·paid_reward·state_change·ending_hook·closed_loops·opened_loops가 이 회차 하드 경계와 일치하고, 계획·계약 전 상태나 인접 화의 구체 결과를 선취하지 않는다.",""
427,427,74704,74857,EDIT,closed_loops;opened_loops,prev L74694~L74703; hard L74704~L74857; next L74858~L74867,L74704~L74733에서 대통령은 하야를 선언했지만 대선 때까지 직을 유지한다. 실제 퇴임과 이양을 닫지 않고 선언·60일 대선 시계만 닫았다.,closed_loops=[대통령 자진 하야] => [대통령의 하야 선언; 60일 조기대선 시계 확정] || opened_loops=[700조 반도체 도시 공약] => [대선까지 대통령 직 유지와 실제 이양; 700조 반도체 도시 공약·실행]
428,428,74858,75029,PASS,"",prev L74848~L74857; hard L74858~L75029; next L75030~L75039,"현재 action·turn_or_reveal·paid_reward·state_change·ending_hook·closed_loops·opened_loops가 이 회차 하드 경계와 일치하고, 계획·계약 전 상태나 인접 화의 구체 결과를 선취하지 않는다.",""
429,429,75030,75208,PASS,"",prev L75020~L75029; hard L75030~L75208; next L75209~L75218,"현재 action·turn_or_reveal·paid_reward·state_change·ending_hook·closed_loops·opened_loops가 이 회차 하드 경계와 일치하고, 계획·계약 전 상태나 인접 화의 구체 결과를 선취하지 않는다.",""
430,430,75209,75383,PASS,"",prev L75199~L75208; hard L75209~L75383; next L75384~L75393,"현재 action·turn_or_reveal·paid_reward·state_change·ending_hook·closed_loops·opened_loops가 이 회차 하드 경계와 일치하고, 계획·계약 전 상태나 인접 화의 구체 결과를 선취하지 않는다.",""
431,431,75384,75552,PASS,"",prev L75374~L75383; hard L75384~L75552; next L75553~L75562,"현재 action·turn_or_reveal·paid_reward·state_change·ending_hook·closed_loops·opened_loops가 이 회차 하드 경계와 일치하고, 계획·계약 전 상태나 인접 화의 구체 결과를 선취하지 않는다.",""
432,432,75553,75753,PASS,"",prev L75543~L75552; hard L75553~L75753; next L75754~L75763,"현재 action·turn_or_reveal·paid_reward·state_change·ending_hook·closed_loops·opened_loops가 이 회차 하드 경계와 일치하고, 계획·계약 전 상태나 인접 화의 구체 결과를 선취하지 않는다.",""
433,433,75754,75944,EDIT,ending_hook,prev L75744~L75753; hard L75754~L75944; next L75945~L75954,"현재 action·turn_or_reveal·paid_reward·state_change·ending_hook·closed_loops·opened_loops가 이 회차 하드 경계와 일치하고, 계획·계약 전 상태나 인접 화의 구체 결과를 선취하지 않는다. [MANAGER_FOLLOWUP] 시작 SHA 7053d49dc7025e48b56daa2b35458965918ffc570cd66be0f87f4239992581f8와 현재 화 hard line을 대조해 11개 narrative field 중 1개를 교정했다.",[MANAGER_FOLLOWUP] ending_hook=[버클리·브로드 등 세 유전자 가위 진영을 한꺼번에 영입한다.] => [특허분쟁 중인 세 유전자 가위 진영을 각각 만나 기술·연구진을 한꺼번에 확보할 수 있는가?] || [MANAGER_FOLLOWUP] ending_hook=[버클리·브로드 등 세 유전자 가위 진영을 한꺼번에 영입한다.] => [특허분쟁 중인 세 유전자 가위 진영을 각각 만나 기술·연구진을 한꺼번에 확보할 수 있는가?]
434,434,75945,76117,PASS,"",prev L75935~L75944; hard L75945~L76117; next L76118~L76127,"현재 action·turn_or_reveal·paid_reward·state_change·ending_hook·closed_loops·opened_loops가 이 회차 하드 경계와 일치하고, 계획·계약 전 상태나 인접 화의 구체 결과를 선취하지 않는다.",""
435,435,76118,76286,PASS,"",prev L76108~L76117; hard L76118~L76286; next L76287~L76296,"현재 action·turn_or_reveal·paid_reward·state_change·ending_hook·closed_loops·opened_loops가 이 회차 하드 경계와 일치하고, 계획·계약 전 상태나 인접 화의 구체 결과를 선취하지 않는다.",""
436,436,76287,76460,PASS,"",prev L76277~L76286; hard L76287~L76460; next L76461~L76470,"현재 action·turn_or_reveal·paid_reward·state_change·ending_hook·closed_loops·opened_loops가 이 회차 하드 경계와 일치하고, 계획·계약 전 상태나 인접 화의 구체 결과를 선취하지 않는다.",""
437,437,76461,76628,PASS,"",prev L76451~L76460; hard L76461~L76628; next L76629~L76638,"현재 action·turn_or_reveal·paid_reward·state_change·ending_hook·closed_loops·opened_loops가 이 회차 하드 경계와 일치하고, 계획·계약 전 상태나 인접 화의 구체 결과를 선취하지 않는다.",""
438,438,76629,76807,PASS,"",prev L76619~L76628; hard L76629~L76807; next L76808~L76817,"현재 action·turn_or_reveal·paid_reward·state_change·ending_hook·closed_loops·opened_loops가 이 회차 하드 경계와 일치하고, 계획·계약 전 상태나 인접 화의 구체 결과를 선취하지 않는다.",""
439,439,76808,76961,PASS,"",prev L76798~L76807; hard L76808~L76961; next L76962~L76971,"현재 action·turn_or_reveal·paid_reward·state_change·ending_hook·closed_loops·opened_loops가 이 회차 하드 경계와 일치하고, 계획·계약 전 상태나 인접 화의 구체 결과를 선취하지 않는다.",""
440,440,76962,77140,EDIT,action;turn_or_reveal;paid_reward;state_change;ending_hook;closed_loops;opened_loops,prev L76952~L76961; hard L76962~L77140; next L77141~L77150,L76962~L77140의 현재 사건은 세계 4위 선복량 확인·미국 동맹 설계·연구진 방문 추진·반도체 도시 토지 점검이다. 직전 회차 로보 결산 반복과 중간 장면 훅을 실제 마지막 명동·토지 프레임으로 교체했다.,"action=[2M 가입비 50억 달러 대신 그 돈을 미국 항만·해운에 투자하겠다고 정하고 데이비드에게 트럼프 캠프와 미국 해운사 포섭을 맡긴다.] => [태우해운의 전체 선복량이 약 280만 TEU·세계 4위임을 확인하고 50억 달러를 미국 해운·항만에 쓰는 독자 동맹안을 데이비드에게 맡긴다. 유전자 가위 연구진의 센트리언 방문을 재촉한 뒤 명동과 반도체 도시 토지·인력 확보를 점검한다.] || turn_or_reveal=[미국 우선주의와 50억 달러 투자 약속이 카르텔을 상대할 국가급 망치가 된다.] => [2M 가입비 대신 미국을 움직이는 동맹안이 시작되고, 명동의 선매입 덕분에 반도체 도시 1구역 착공이 2년 이상 앞당겨진다.] || paid_reward=[태우해운의 규모가 독립적인 글로벌 동맹 설계력으로 승격된다.] => [태우해운의 세계 4위 규모와 반도체 도시 1구역의 선매입·7천억 원 차익·빠른 착공 기반을 확인한다. 미국 주도 해운동맹과 연구진 영입은 아직 진행 중이다.] || state_change=[로보 분쟁 종결과 세계 4위 선복량이 한 화에 확정된다.] => [로보 소송의 직전 회차 결산을 반복하는 대신, 해운은 미국 주도 동맹 설계로 넘어가고 반도체 도시는 1구역 착공과 2·3구역 토지 확대 단계로 바뀐다.] || ending_hook=[데이비드는 유전자 가위 연구진까지 센트리언 방문으로 유도한다.] => [명동이 2·3구역과 주변 토지를 더 확보하되 기존 주민의 사연을 해치지 않고 반도체 도시를 확장할 수 있는가?] || closed_loops=[로보 상호 소취하·해운 통합] => [태우해운 전체 선복량 확인; 반도체 도시 1구역 토지 선매입·착공 단축] || opened_loops=[미국 주도 해운동맹·유전자 가위 영입] => [미국 주도 해운동맹; 유전자 가위 연구진 영입; 반도체 도시 2·3구역·주변토지 매입; 코로나기 명동 사업]"
441,441,77141,77310,PASS,"",prev L77131~L77140; hard L77141~L77310; next L77311~L77320,"현재 action·turn_or_reveal·paid_reward·state_change·ending_hook·closed_loops·opened_loops가 이 회차 하드 경계와 일치하고, 계획·계약 전 상태나 인접 화의 구체 결과를 선취하지 않는다.",""
442,442,77311,77484,EDIT,ending_hook;opened_loops,prev L77301~L77310; hard L77311~L77484; next L77485~L77494,L77473~L77484은 김진우에게 편법·불법 목록을 내미는 영입 협상 시작이다. 실제 영입 완료를 훅에서 당기지 않고 법적 구제·합류 질문으로 남겼다.,ending_hook=[국내 유전자 가위 과학자 김진우를 창업 전에 영입한다.] => [편법·불법 연구 목록을 눈앞에 받은 김진우를 법적 구제와 연구 지원으로 실제 영입할 수 있는가?] || opened_loops=[김진우 구제·국내 연구팀 확보] => [김진우 법적 구제·영입; 국내 유전자 가위 연구팀 확보]
443,443,77485,77653,EDIT,paid_reward;state_change;ending_hook;closed_loops;opened_loops,prev L77475~L77484; hard L77485~L77653; next L77654~L77663,L77485~L77653에서 김진우 팀은 합류를 결정하지만 누명 해소 판결은 아직이다. 마지막 프레임도 미국 후보 카드가 아니라 사드·미중 갈등에 쓸 자본 카드다.,"paid_reward=[기술 인수는 특허 계약을 넘어 개인적 은혜와 충성관계로 굳어진다.] => [김진우와 핵심 연구진이 태우의 법률 방어·최고 보수·연구비 약속을 받아들이고 팀 보존·합류를 결정한다. 누명 해소 판결은 아직 전이다.] || state_change=[누명 구제와 연구팀 보존이 동시에 지급된다.] => [김진우는 태우를 확실한 편으로 받아들이고 팀 전체 합류를 정하지만, 법적 누명 구제는 최정예 변호인단이 맡을 과제로 남는다.] || ending_hook=[미국 대선에서 태우의 해운·러스트벨트 투자가 후보 모두의 카드가 된다.] => [사드 불매와 곧 닥칠 미중 갈등에서 국가와 동등하게 협상하려면 얼마나 더 큰 자본 카드를 쥐어야 하는가?] || closed_loops=[김진우 연구팀 위기] => [김진우·핵심 연구팀 합류 결정; 법률 방어·보수·연구비 약속] || opened_loops=[미국 대선·해운규제 완화] => [김진우 누명 해소; 미국 대선·해운규제; 한중·미중 무역갈등]"
444,444,77654,77841,EDIT,ending_hook;opened_loops,prev L77644~L77653; hard L77654~L77841; next L77842~L77851,L77830~L77841은 트럼프 당선 직후 감사가 남아 있을 때 해운 규제를 청구할 수 있다는 판단이다. 실제 요구·규제 실행은 이후로 남겼다.,ending_hook=[김민재가 그 감사로 해운 카르텔 규제를 요구한다.] => [트럼프가 백악관에 들어간 뒤 감사가 옅어지기 전에 해운 카르텔 규제 도움을 어떻게 청구할 것인가?] || opened_loops=[트럼프 정부·해운규제] => [트럼프 정부 출범; 해운 카르텔 규제 요청·실행]
445,445,77842,78035,EDIT,action;turn_or_reveal;state_change;ending_hook;opened_loops,prev L77832~L77841; hard L77842~L78035; next L78036~L78045,"현재 action·turn_or_reveal·paid_reward·state_change·ending_hook·closed_loops·opened_loops가 이 회차 하드 경계와 일치하고, 계획·계약 전 상태나 인접 화의 구체 결과를 선취하지 않는다. [MANAGER_FOLLOWUP] 시작 SHA 7053d49dc7025e48b56daa2b35458965918ffc570cd66be0f87f4239992581f8와 현재 화 hard line을 대조해 11개 narrative field 중 5개를 교정했다.",[MANAGER_FOLLOWUP] action=[미국 투자약속을 공식화한 뒤 리강·칭화 회장의 반도체 기술매각 요구를 거절하고 천민정의 무단접속 기록을 정영근의 칭화 연계 정보와 대조한다.] => [미국 투자약속을 공식화한 뒤 리강·칭화 회장의 반도체 기술매각 요구를 거절하고 천민정의 무단접속 기록을 200명 명단의 이중소속 정보와 대조한다.] || turn_or_reveal=[정영근이 칭화 기획조직과 태우반도체에 동시에 걸친 산업스파이로 드러난다.] => [200명 명단에서 칭화 기획조직과 태우반도체에 동시에 걸친 산업스파이 후보 한 명이 드러난다.] || state_change=[50억 달러 투자로 미국 우군을 사고 스파이의 실명까지 확보한다.] => [50억 달러 투자로 미국 우군을 사고 내부 산업스파이 후보를 한 명까지 좁힌다.] || ending_hook=[정영근이 칭화그룹 기획팀과 태우반도체 기술개발팀에 동시에 속한 산업스파이임이 드러난다.] => [두 회사 소속이 함께 적힌 산업스파이 후보의 계좌·접촉선을 조사해 실제 유출 증거를 확보할 수 있는가?] || opened_loops=[정영근 조사·미중 기술전] => [산업스파이 후보 조사; 미중 기술전] || [MANAGER_FOLLOWUP] action=[미국 투자약속을 공식화한 뒤 리강·칭화 회장의 반도체 기술매각 요구를 거절하고 천민정의 무단접속 기록을 정영근의 칭화 연계 정보와 대조한다.] => [미국 투자약속을 공식화한 뒤 리강·칭화 회장의 반도체 기술매각 요구를 거절하고 천민정의 무단접속 기록을 200명 명단의 이중소속 정보와 대조한다.] || turn_or_reveal=[정영근이 칭화 기획조직과 태우반도체에 동시에 걸친 산업스파이로 드러난다.] => [200명 명단에서 칭화 기획조직과 태우반도체에 동시에 걸친 산업스파이 후보 한 명이 드러난다.] || state_change=[50억 달러 투자로 미국 우군을 사고 스파이의 실명까지 확보한다.] => [50억 달러 투자로 미국 우군을 사고 내부 산업스파이 후보를 한 명까지 좁힌다.] || ending_hook=[정영근이 칭화그룹 기획팀과 태우반도체 기술개발팀에 동시에 속한 산업스파이임이 드러난다.] => [두 회사 소속이 함께 적힌 산업스파이 후보의 계좌·접촉선을 조사해 실제 유출 증거를 확보할 수 있는가?] || opened_loops=[정영근 조사·미중 기술전] => [산업스파이 후보 조사; 미중 기술전]
446,446,78036,78215,EDIT,ending_hook;opened_loops,prev L78026~L78035; hard L78036~L78215; next L78216~L78225,L78208~L78215은 취임식 한 달 전 해운 동맹 문제를 해결할 계획이다. 취임식에서 규제를 이미 실행한 것처럼 쓰지 않았다.,ending_hook=[트럼프 취임식에서 해운 규제라는 두 번째 반격을 실행한다.] => [한 달 뒤 트럼프 취임식에서 해운 동맹 문제를 실제 규제 카드로 바꿀 수 있는가?] || opened_loops=[칭화 독기술·미국 해운규제] => [칭화 독기술 역공; 트럼프 취임식·미국 해운규제]
447,447,78216,78400,PASS,"",prev L78206~L78215; hard L78216~L78400; next L78401~L78410,"현재 action·turn_or_reveal·paid_reward·state_change·ending_hook·closed_loops·opened_loops가 이 회차 하드 경계와 일치하고, 계획·계약 전 상태나 인접 화의 구체 결과를 선취하지 않는다.",""
448,448,78401,78568,PASS,"",prev L78391~L78400; hard L78401~L78568; next L78569~L78578,"현재 action·turn_or_reveal·paid_reward·state_change·ending_hook·closed_loops·opened_loops가 이 회차 하드 경계와 일치하고, 계획·계약 전 상태나 인접 화의 구체 결과를 선취하지 않는다.",""
449,449,78569,78738,EDIT,ending_hook;opened_loops,prev L78559~L78568; hard L78569~L78738; next L78739~L78748,L78734~L78738은 다음 날 애플 신사옥 완공식 소식을 듣고 즉시 이동해야 하는 장면이다. 스티브와의 실제 만남은 450화이므로 선취를 제거했다.,ending_hook=[애플 신사옥 준공식에서 스티브와 마지막에 가까운 만남을 갖는다.] => [내일 열리는 애플 신사옥 완공식에 참석하기 위해 즉시 캘리포니아로 향해야 한다.] || opened_loops=[태우 해운동맹·북해 유전] => [애플 신사옥 완공식·스티브 재회; 태우 해운동맹·북해 유전]
450,450,78739,78912,EDIT,ending_hook;opened_loops,prev L78729~L78738; hard L78739~L78912; next L78913~L78922,L78901~L78912은 알트코인 시장을 금융사들에 제안하고 예상 차익을 계산한다. 실제 공급·운용 완료가 아니라 승선 여부의 질문으로 남겼다.,ending_hook=[금융타워에 비트코인보다 큰 알트코인 먹잇감을 공급한다.] => [금융타워 금융사들이 아직 폭발 전인 알트코인 시장에 올라타 최소 다섯 배 차익 항로를 실제 열 수 있는가?] || opened_loops=[미중 분쟁·알트코인 투자] => [미중 분쟁; 알트코인 매집·운용]
451,451,78913,79090,PASS,"",prev L78903~L78912; hard L78913~L79090; next L79091~L79100,"현재 action·turn_or_reveal·paid_reward·state_change·ending_hook·closed_loops·opened_loops가 이 회차 하드 경계와 일치하고, 계획·계약 전 상태나 인접 화의 구체 결과를 선취하지 않는다.",""
452,452,79091,79276,EDIT,turn_or_reveal;paid_reward;state_change;closed_loops;opened_loops,prev L79081~L79090; hard L79091~L79276; next L79277~L79286,L79091~L79276에서 자동화 팹과 5G는 투자 승인 단계다. 범용 반도체 독점·원가우위가 이미 지급된 상태로 바꾸지 않았다.,"turn_or_reveal=[사람 없이 돌아가는 공장 구상이 중국의 가격공세를 원천봉쇄할 카드가 된다.] => [사람 없이 돌아가는 공장 구상이 중국의 가격공세를 막을 투자안으로 승인되지만, 실제 자동화 팹 완공·양산은 아직 전이다.] || paid_reward=[반도체 독점이 첨단제품에서 구형 범용제품까지 확대된다.] => [자동화 팹에 기존 공장의 열 배 비용을 쓰고 리사·웨이 체제를 경쟁시키는 승인을 얻는다. 범용 반도체 원가우위와 독점은 미래 성과다.] || state_change=[연 30조 이익이 미래 원가우위라는 재투자 보상으로 바뀐다.] => [연 30조 원 이익은 자동화 팹과 차세대 통신기술을 위한 투자 승인으로 재배치되지만, 생산력·시장점유 보상은 아직 지급 전이다.] || closed_loops=[반도체 초과이익] => [반도체 초과이익 확인; 자동화 팹·5G 투자 승인] || opened_loops=[자동화 팹·북한 해커 보복] => [자동화 팹 건설·양산; 리사·웨이 경쟁; 북한 해커 역공]"
453,453,79277,79459,EDIT,ending_hook;opened_loops;action,prev L79267~L79276; hard L79277~L79459; next L79460~L79469,L79448~L79459은 2월 13일 말레이시아 작전의 인력·의료지원 계획이다. 강 대위가 현장에서 공격을 기다리는 실행은 다음 화이므로 질문으로 남겼다. [MANAGER_FOLLOWUP] 시작 SHA 7053d49dc7025e48b56daa2b35458965918ffc570cd66be0f87f4239992581f8와 현재 화 hard line을 대조해 11개 narrative field 중 1개를 교정했다.,ending_hook=[강대위가 2월 13일 말레이시아 공항에서 공격을 기다린다.] => [강 대위가 직접 맡은 2월 13일 말레이시아 공항 작전에서 독살 시도를 막고 표적을 살려낼 수 있는가?] || opened_loops=[북한 장남 구출작전] => [2월 13일 말레이시아 공항 작전; 북한 장남 구출·은폐] || [MANAGER_FOLLOWUP] action=[말레이시아 암살정보를 강대위에게 주고 현장팀과 VX 해독제·의료진을 준비시켜 정권교체가 아닌 협상카드 확보임을 명시한다.] => [말레이시아 암살정보를 강 대위에게 주고 현장팀과 독살 대응 해독제·의료진을 준비시켜 정권교체가 아닌 협상카드 확보임을 명시한다.]
454,454,79460,79656,PASS,"",prev L79450~L79459; hard L79460~L79656; next L79657~L79666,"현재 action·turn_or_reveal·paid_reward·state_change·ending_hook·closed_loops·opened_loops가 이 회차 하드 경계와 일치하고, 계획·계약 전 상태나 인접 화의 구체 결과를 선취하지 않는다.",""
455,455,79657,79845,EDIT,ending_hook;opened_loops,prev L79647~L79656; hard L79657~L79845; next L79846~L79855,L79835~L79845은 사우디 정부가 빈 살만의 방한을 예고한 장면이다. 실제 방한과 대규모 자본 협상을 현재 화에 당기지 않았다.,ending_hook=[숙청을 끝낸 빈 살만이 대규모 자본을 들고 방한한다.] => [사우디 정부가 예고한 빈 살만의 방한이 숙청 뒤 우애와 장기 사업동맹을 어떻게 이어갈 것인가?] || opened_loops=[칭화 독기술 반응·빈 살만 방한] => [칭화 독기술 반응; 빈 살만의 실제 방한·동맹 후속]
456,456,79846,80027,PASS,"",prev L79836~L79845; hard L79846~L80027; next L80028~L80037,"현재 action·turn_or_reveal·paid_reward·state_change·ending_hook·closed_loops·opened_loops가 이 회차 하드 경계와 일치하고, 계획·계약 전 상태나 인접 화의 구체 결과를 선취하지 않는다.",""
457,457,80028,80200,PASS,"",prev L80018~L80027; hard L80028~L80200; next L80201~L80210,"현재 action·turn_or_reveal·paid_reward·state_change·ending_hook·closed_loops·opened_loops가 이 회차 하드 경계와 일치하고, 계획·계약 전 상태나 인접 화의 구체 결과를 선취하지 않는다.",""
458,458,80201,80369,PASS,"",prev L80191~L80200; hard L80201~L80369; next L80370~L80379,"현재 action·turn_or_reveal·paid_reward·state_change·ending_hook·closed_loops·opened_loops가 이 회차 하드 경계와 일치하고, 계획·계약 전 상태나 인접 화의 구체 결과를 선취하지 않는다.",""
459,459,80370,80531,PASS,"",prev L80360~L80369; hard L80370~L80531; next L80532~L80541,"현재 action·turn_or_reveal·paid_reward·state_change·ending_hook·closed_loops·opened_loops가 이 회차 하드 경계와 일치하고, 계획·계약 전 상태나 인접 화의 구체 결과를 선취하지 않는다.",""
460,460,80532,80714,EDIT,state_change;ending_hook;closed_loops;opened_loops,prev L80522~L80531; hard L80532~L80714; next L80715~L80724,L80532~L80714은 공연장 규제 철폐 방향·태우건설 이관과 반값 망사용료 계약 지시다. 실제 공사·계약 체결을 완료 상태와 닫힌 루프에서 분리했다.,"state_change=[5년 6조 원 공사라는 물질 보상으로 거대자본 아크가 닫힌다.] => [공연장 규제 철폐 방향과 5년·6조 원 건설계획이 태우건설로 넘어가고, 망사용료는 반값 재계약 지시 단계로 열린다. 실제 공연장 공사와 반값 계약 체결은 아직 전이다.] || ending_hook=[반값 계약을 먼저 체결한 뒤 다른 통신사·정치권·여론이 어떻게 반응할지 지켜본다.] => [태우통신이 미국 IT 기업과 반값 망사용료 계약을 실제 체결한 뒤 다른 통신사·정치권·여론은 어떻게 반응할 것인가?] || closed_loops=[구형 공연장 규제완화] => [구형 공연장 규제 철폐 방향; 5년·6조 원 계획의 태우건설 이관; 샤롯 승계 중립 약속] || opened_loops=[반값 망사용료 반응·샤를로트 승계] => [공연장 실제 착공; 반값 망사용료 계약·업계 반응; 샤롯 주주총회]"
461,461,80715,80890,EDIT,action;turn_or_reveal;paid_reward;state_change;ending_hook;closed_loops;opened_loops,prev L80705~L80714; hard L80715~L80890; next L80891~L80900,L80715~L80890은 기존 해저케이블 지분 매매·엔비디아 담보대출 합의 뒤 새 한국-미국 케이블 준비를 지시한다. 새 공동투자 계약·착공을 아직 실행된 것으로 쓰지 않았다.,"action=[경쟁 통신사의 방통위 제소는 여론압박으로 버티며 손정우에게 해저케이블 협력과 엔비디아 주식 담보형 투자·대출을 제안한다.] => [망사용료 분쟁을 여론전으로 버티고 손정우에게 엔비디아 지분 담보 35억 달러 무이자 대출과 기존 일본-미국 해저케이블 지분 매매를 제안해 협상 합의를 얻는다. 귀국 뒤 한국-미국 직통 케이블 준비를 지시한다.] || turn_or_reveal=[손정우가 저평가한 엔비디아 지분을 넘기는 대가로 미국·일본 직결 케이블 비용을 함께 부담한다.] => [손정우는 기존 해저케이블 지분 매각과 엔비디아 담보대출 제안을 받아들이지만, 새 한국-미국 케이블의 미국 IT기업 공동투자는 아직 준비·지시 단계다.] || paid_reward=[반값 계약이 국제망 지위와 미래 반도체 지분을 사는 레버리지로 변한다.] => [쇼프트뱅크의 기존 해저케이블 지분 매매 합의와 엔비디아 지분 담보권을 얻는다. 새 직통 케이블 공동투자 계약은 아직 전이다.] || state_change=[글로벌 고객 계약과 엔비디아 지분 참여권이 동시에 열린다.] => [반값 망사용료 분쟁은 쇼프트뱅크 동맹·기존 케이블 지분 합의와 새 직통 케이블 준비로 확대된다.] || ending_hook=[태우통신은 일본-미국 직통 해저케이블 공동투자를 즉시 시작해 국제망 격차를 벌리기로 한다.] => [구글·아마존·페이스북과 한국-미국 직통 해저케이블 공동투자를 실제 계약·착공으로 만들 수 있는가?] || closed_loops=[반값 망사용료 실험] => [미국 IT기업 반값 망사용료 계약; 쇼프트뱅크 기존 케이블 지분 매매 합의; 엔비디아 담보대출 합의] || opened_loops=[해저케이블·엔비디아 지분] => [해저케이블 지분 실무이전; 한국-미국 직통 케이블 공동투자·착공; 엔비디아 담보권 실행]"
462,462,80891,81043,PASS,"",prev L80881~L80890; hard L80891~L81043; next L81044~L81053,"현재 action·turn_or_reveal·paid_reward·state_change·ending_hook·closed_loops·opened_loops가 이 회차 하드 경계와 일치하고, 계획·계약 전 상태나 인접 화의 구체 결과를 선취하지 않는다.",""
463,463,81044,81207,PASS,"",prev L81034~L81043; hard L81044~L81207; next L81208~L81217,"현재 action·turn_or_reveal·paid_reward·state_change·ending_hook·closed_loops·opened_loops가 이 회차 하드 경계와 일치하고, 계획·계약 전 상태나 인접 화의 구체 결과를 선취하지 않는다.",""
464,464,81208,81389,PASS,"",prev L81198~L81207; hard L81208~L81389; next L81390~L81399,"현재 action·turn_or_reveal·paid_reward·state_change·ending_hook·closed_loops·opened_loops가 이 회차 하드 경계와 일치하고, 계획·계약 전 상태나 인접 화의 구체 결과를 선취하지 않는다.",""
465,465,81390,81551,PASS,"",prev L81380~L81389; hard L81390~L81551; next L81552~L81561,"현재 action·turn_or_reveal·paid_reward·state_change·ending_hook·closed_loops·opened_loops가 이 회차 하드 경계와 일치하고, 계획·계약 전 상태나 인접 화의 구체 결과를 선취하지 않는다.",""
466,466,81552,81719,PASS,"",prev L81542~L81551; hard L81552~L81719; next L81720~L81729,"현재 action·turn_or_reveal·paid_reward·state_change·ending_hook·closed_loops·opened_loops가 이 회차 하드 경계와 일치하고, 계획·계약 전 상태나 인접 화의 구체 결과를 선취하지 않는다.",""
467,467,81720,81885,EDIT,action;turn_or_reveal;paid_reward;state_change;ending_hook;closed_loops;opened_loops,prev L81710~L81719; hard L81720~L81885; next L81886~L81895,L81874~L81885의 마지막 프레임은 대학원생 여섯 명의 AI 사무프로그램에 장학금·취업·특허 매입을 지시하는 장면이다. 1만 명 채용·특허 이전 완료와 초기 보고 훅을 바로잡았다.,"action=[호남 인재 5점 가산점과 1만 명 고용을 약속하고 내연기관 공장부터 중국을 나오며 돈바스 이후 러시아 재침공 가능성을 설명한다.] => [호남 인재 가산점과 1만 명 고용을 약속하고 중국 내연기관 공장 철수·러시아 재침공 가능성을 설명한 뒤, IIT 대학원생 여섯 명의 AI 사무프로그램에 장학금·특허 매입·태우 취업 조건을 지시한다.] || turn_or_reveal=[정부가 지역고용 명분을 받아들이고 단계적 철수의 정치적 방패가 생긴다.] => [정부는 지역고용 명분을 받아들이고, 대학원생 여섯 명은 프로그램 성과의 대가로 장학금과 장기 취업 경로를 받는다. 실제 1만 명 채용과 특허 이전은 아직 전이다.] || paid_reward=[지정학 대비가 새만금 일자리와 국내 배터리 공급망 투자로 전환된다.] => [중러 공장 철수의 정치적 방패와 AI 사무프로그램·인재 보상 지시를 얻는다. 새만금 1만 명 채용과 특허권 확보는 실행 전이다.] || state_change=[철수 비용이 1만 명 지역채용이라는 가시적 보상으로 바뀐다.] => [철수 비용은 1만 명 지역채용 약속으로, 대학원생의 과로는 장학금·취업·특허 매입안으로 전환되지만 실제 채용·권리 이전은 남는다.] || ending_hook=[과로한 대학원생 여섯 명이 만든 AI 사무프로그램이 보고된다.] => [장학금·태우 취업 조건을 받은 여섯 대학원생과 AI 사무프로그램을 실제 특허·제품으로 묶을 수 있는가?] || closed_loops=[호남 고용약속] => [호남 고용약속; AI 사무프로그램 성과 확인·보상 지시] || opened_loops=[중러 공장철수·AI 인재영입] => [새만금 1만 명 실제 채용; 중러 공장철수; AI 특허 매입·인재 영입]"
468,468,81886,82070,PASS,"",prev L81876~L81885; hard L81886~L82070; next L82071~L82080,"현재 action·turn_or_reveal·paid_reward·state_change·ending_hook·closed_loops·opened_loops가 이 회차 하드 경계와 일치하고, 계획·계약 전 상태나 인접 화의 구체 결과를 선취하지 않는다.",""
469,469,82071,82248,EDIT,paid_reward;state_change;ending_hook;closed_loops;opened_loops,prev L82061~L82070; hard L82071~L82248; next L82249~L82258,L82237~L82248에서 도요타는 가격을 받아들이고 일본 기업연합 구성 시간을 요청한다. 매각 계약·대금 회수를 완료 보상으로 쓰지 않았다.,"paid_reward=[철수비용이 아니라 경쟁사의 과잉투자를 끌어내는 매각수익으로 바뀐다.] => [도요타가 러시아 공장 묶음 가격을 합리적이라고 평가하고 일본 기업연합을 꾸릴 시간을 요청한다. 매각 계약·대금은 아직 전이다.] || state_change=[미래 전쟁지역 자산을 수조 원 가치로 인정받는 협상 우위를 얻는다.] => [미래 전쟁지역 자산을 수조 원 가치로 인정받아 일본 기업연합 협상 우위를 얻지만, 현금회수는 계약 이후로 남는다.] || ending_hook=[일본 연합이 데이터 조작 리콜을 모른 채 최종계약에 다가온다.] => [일본 기업연합이 철강 데이터 조작 리콜을 모른 채 최종 매각계약과 대금 지급까지 들어올 것인가?] || closed_loops=[러시아 공장 인수경쟁] => [도요타 단독협상; 러시아 공장 묶음 가격 평가; 일본 기업연합 구성 요청] || opened_loops=[일본 연합 매각·철강 리콜] => [일본 기업연합 최종계약·대금 입금; 일본 철강 리콜]"
470,470,82249,82431,PASS,"",prev L82239~L82248; hard L82249~L82431; next L82432~L82441,"현재 action·turn_or_reveal·paid_reward·state_change·ending_hook·closed_loops·opened_loops가 이 회차 하드 경계와 일치하고, 계획·계약 전 상태나 인접 화의 구체 결과를 선취하지 않는다.",""
471,471,82432,82611,PASS,"",prev L82422~L82431; hard L82432~L82611; next L82612~L82621,"현재 action·turn_or_reveal·paid_reward·state_change·ending_hook·closed_loops·opened_loops가 이 회차 하드 경계와 일치하고, 계획·계약 전 상태나 인접 화의 구체 결과를 선취하지 않는다.",""
472,472,82612,82783,PASS,"",prev L82602~L82611; hard L82612~L82783; next L82784~L82793,"현재 action·turn_or_reveal·paid_reward·state_change·ending_hook·closed_loops·opened_loops가 이 회차 하드 경계와 일치하고, 계획·계약 전 상태나 인접 화의 구체 결과를 선취하지 않는다.",""
473,473,82784,82957,PASS,"",prev L82774~L82783; hard L82784~L82957; next L82958~L82967,"현재 action·turn_or_reveal·paid_reward·state_change·ending_hook·closed_loops·opened_loops가 이 회차 하드 경계와 일치하고, 계획·계약 전 상태나 인접 화의 구체 결과를 선취하지 않는다.",""
474,474,82958,83125,PASS,"",prev L82948~L82957; hard L82958~L83125; next L83126~L83135,"현재 action·turn_or_reveal·paid_reward·state_change·ending_hook·closed_loops·opened_loops가 이 회차 하드 경계와 일치하고, 계획·계약 전 상태나 인접 화의 구체 결과를 선취하지 않는다.",""
475,475,83126,83318,PASS,"",prev L83116~L83125; hard L83126~L83318; next L83319~L83328,"현재 action·turn_or_reveal·paid_reward·state_change·ending_hook·closed_loops·opened_loops가 이 회차 하드 경계와 일치하고, 계획·계약 전 상태나 인접 화의 구체 결과를 선취하지 않는다.",""
476,476,83319,83505,PASS,"",prev L83309~L83318; hard L83319~L83505; next L83506~L83515,"현재 action·turn_or_reveal·paid_reward·state_change·ending_hook·closed_loops·opened_loops가 이 회차 하드 경계와 일치하고, 계획·계약 전 상태나 인접 화의 구체 결과를 선취하지 않는다.",""
477,477,83506,83688,EDIT,ending_hook;opened_loops,prev L83496~L83505; hard L83506~L83688; next L83689~L83698,L83677~L83688에서 도시바는 러시아 계약파기를 전화로 요청하고 김민재가 면담 일정을 잡게 한다. 실제 방문·협상은 478화이므로 선취를 제거했다.,ending_hook=[현금위기에 빠진 도시바가 러시아 공장 계약을 깨러 찾아온다.] => [도시바가 러시아 공장 계약을 파기하고 싶다고 연락하자 김민재는 직접 만날 일정을 잡으라고 지시한다.] || opened_loops=[도시바 자산매각·태우 점유율 상승] => [도시바 면담·러시아 공장 계약파기 조건; 도시바 자산매각; 태우 점유율 상승]
478,478,83689,83856,PASS,"",prev L83679~L83688; hard L83689~L83856; next L83857~L83866,"현재 action·turn_or_reveal·paid_reward·state_change·ending_hook·closed_loops·opened_loops가 이 회차 하드 경계와 일치하고, 계획·계약 전 상태나 인접 화의 구체 결과를 선취하지 않는다.",""
479,479,83857,84015,EDIT,paid_reward;state_change;ending_hook;opened_loops,prev L83847~L83856; hard L83857~L84015; next L84016~L84025,L83857~L84015은 반독점 해결 약속·석유사 인수 의사·800억~1천억 달러 추산과 연말 숏 계획이다. 인수·유전매각·대금 순환 완료로 쓰지 않았다.,"paid_reward=[일본 악재에서 나온 기술자산을 에너지 고점매각으로 결제하는 자본순환이 완성된다.] => [데이비드의 15일 반독점 해결 약속과 글로벌 석유사들의 유전 지분 인수 의사를 얻는다. 도시바 자산 인수와 유전 매각대금은 아직 확정 전이다.] || state_change=[유전 수익만으로 인수비용을 넘길 수 있다는 수치가 확정된다.] => [유전 지분을 팔면 800억~1천억 달러를 마련할 수 있다는 추산과 경쟁수요가 확인되지만, 실제 경매·입금은 남는다.] || ending_hook=[연말 비트코인 숏과 도시바 최종가격 협상이 동시에 시작된다.] => [연말 비트코인 숏을 집행하는 동안 유전 경쟁입찰과 도시바 최종가격·반독점 협상을 실제 계약으로 닫을 수 있는가?] || opened_loops=[유전 경매·도시바 반독점 승인·비트코인 숏] => [유전 지분 경매·대금 입금; 도시바 최종가격·반독점 승인; 비트코인 숏 실행]"
480,480,84016,84191,EDIT,paid_reward;state_change;closed_loops;opened_loops,prev L84006~L84015; hard L84016~L84191; next L84192~L84201,L84016~L84191은 웨스팅하우스 가격 합의 뒤 도시바메모리 약점을 파고드는 장면이다. 실제 소유권 이전·반독점 승인과 메모리 계약을 남겼다.,paid_reward=[일본 산업악재가 원전기업 저가인수와 코인 폭락 직전의 금융우위로 결산된다.] => [도시바가 러시아 공장 파기와 즉시 현금 조건 때문에 웨스팅하우스의 낮은 가격 합의를 받아들인다. 실제 소유권 이전과 도시바메모리 가격은 아직 남는다.] || state_change=[웨스팅하우스 가격 합의 뒤 더 큰 도시바메모리 계약만 남는다.] => [웨스팅하우스 가격은 합의되지만 실제 인수계약·반독점 승인과 더 큰 도시바메모리 협상은 열려 있다.] || closed_loops=[웨스팅하우스 가격협상] => [웨스팅하우스 가격 합의] || opened_loops=[도시바메모리 지분·비트코인 붕괴] => [웨스팅하우스 인수계약·승인; 도시바메모리 지분·가격; 비트코인 붕괴]
481,481,84192,84351,PASS,"",prev L84182~L84191; hard L84192~L84351; next L84352~L84361,"현재 action·turn_or_reveal·paid_reward·state_change·ending_hook·closed_loops·opened_loops가 이 회차 하드 경계와 일치하고, 계획·계약 전 상태나 인접 화의 구체 결과를 선취하지 않는다.",""
482,482,84352,84522,PASS,"",prev L84342~L84351; hard L84352~L84522; next L84523~L84532,"현재 action·turn_or_reveal·paid_reward·state_change·ending_hook·closed_loops·opened_loops가 이 회차 하드 경계와 일치하고, 계획·계약 전 상태나 인접 화의 구체 결과를 선취하지 않는다.",""
483,483,84523,84702,PASS,"",prev L84513~L84522; hard L84523~L84702; next L84703~L84712,"현재 action·turn_or_reveal·paid_reward·state_change·ending_hook·closed_loops·opened_loops가 이 회차 하드 경계와 일치하고, 계획·계약 전 상태나 인접 화의 구체 결과를 선취하지 않는다.",""
484,484,84703,84875,PASS,"",prev L84693~L84702; hard L84703~L84875; next L84876~L84885,"현재 action·turn_or_reveal·paid_reward·state_change·ending_hook·closed_loops·opened_loops가 이 회차 하드 경계와 일치하고, 계획·계약 전 상태나 인접 화의 구체 결과를 선취하지 않는다.",""
485,485,84876,85064,EDIT,action;turn_or_reveal;paid_reward;state_change;ending_hook;closed_loops;opened_loops,prev L84866~L84875; hard L84876~L85064; next L85065~L85074,L85053~L85064의 마지막 프레임은 비트코인 저점을 정확히 잡은 국민연금 운용자를 보복 대신 영입하라는 지시다. 센트리언·연금 매수 반복 훅을 실제 마지막 질문으로 바꿨다.,"action=[비트코인 자체가 아닌 시장 인프라와 세계 자금흐름을 설명하고 워렌의 자금을 금융타워를 통해 운용한다.] => [워런에게 비트코인 자체가 아니라 금융 인프라와 세계 자금흐름을 설명해 150억 달러의 금융타워 재투자를 받고, 비트코인 저점에 들어온 국민연금 운용자를 확인해 보복 대신 영입하라고 지시한다.] || turn_or_reveal=[워렌이 위험을 감수하고 필요할 때 힘까지 보태겠다고 하며 버크셔가 금융타워와 하나가 된다.] => [워런이 위험을 함께 지겠다고 금융타워에 재투자하고, 국민연금은 세력보다 정확한 저점매수 실력으로 별도의 전문가를 드러낸다.] || paid_reward=[회귀자의 단독 판단이 세계 최고 투자자의 검증과 공동책임을 얻는다.] => [버크셔의 150억 달러 재투자·공동책임과 국민연금의 뛰어난 운용자를 영입할 단서를 얻는다. 실제 영입은 아직 전이다.] || state_change=[전문가의 승인과 버크셔 동맹이라는 신뢰 보상이 결산된다.] => [세계 최고 투자자의 신뢰 보상 뒤, 금융타워를 역으로 읽은 국민연금 운용자를 포섭하는 새 과제가 열린다.] || ending_hook=[유고빈 현금으로 센트리언 공장을 키우고 국민연금은 비트코인 저점을 매수한다.] => [비트코인 저점을 정확히 잡은 국민연금 운용자가 누구인지 확인해 태우로 영입할 수 있는가?] || closed_loops=[워렌과의 수익약속] => [워런과의 수익약속; 버크셔 150억 달러 재투자] || opened_loops=[센트리언 증설·국민연금 저점매수] => [국민연금 운용자 확인·영입; 센트리언 증설]"
486,486,85065,85225,PASS,"",prev L85055~L85064; hard L85065~L85225; next L85226~L85235,"현재 action·turn_or_reveal·paid_reward·state_change·ending_hook·closed_loops·opened_loops가 이 회차 하드 경계와 일치하고, 계획·계약 전 상태나 인접 화의 구체 결과를 선취하지 않는다.",""
487,487,85226,85414,PASS,"",prev L85216~L85225; hard L85226~L85414; next L85415~L85424,"현재 action·turn_or_reveal·paid_reward·state_change·ending_hook·closed_loops·opened_loops가 이 회차 하드 경계와 일치하고, 계획·계약 전 상태나 인접 화의 구체 결과를 선취하지 않는다.",""
488,488,85415,85589,PASS,"",prev L85405~L85414; hard L85415~L85589; next L85590~L85599,"현재 action·turn_or_reveal·paid_reward·state_change·ending_hook·closed_loops·opened_loops가 이 회차 하드 경계와 일치하고, 계획·계약 전 상태나 인접 화의 구체 결과를 선취하지 않는다.",""
489,489,85590,85766,PASS,"",prev L85580~L85589; hard L85590~L85766; next L85767~L85776,"현재 action·turn_or_reveal·paid_reward·state_change·ending_hook·closed_loops·opened_loops가 이 회차 하드 경계와 일치하고, 계획·계약 전 상태나 인접 화의 구체 결과를 선취하지 않는다.",""
490,490,85767,85935,PASS,"",prev L85757~L85766; hard L85767~L85935; next L85936~L85945,"현재 action·turn_or_reveal·paid_reward·state_change·ending_hook·closed_loops·opened_loops가 이 회차 하드 경계와 일치하고, 계획·계약 전 상태나 인접 화의 구체 결과를 선취하지 않는다.",""
491,491,85936,86107,PASS,"",prev L85926~L85935; hard L85936~L86107; next L86108~L86117,"현재 action·turn_or_reveal·paid_reward·state_change·ending_hook·closed_loops·opened_loops가 이 회차 하드 경계와 일치하고, 계획·계약 전 상태나 인접 화의 구체 결과를 선취하지 않는다.",""
492,492,86108,86288,EDIT,action;paid_reward;state_change;ending_hook;closed_loops;opened_loops,prev L86098~L86107; hard L86108~L86288; next L86289~L86298,L86108~L86288에서 400억 달러 투자·5년 선납·25퍼센트 유상증자는 조건부 제안이고 젝슨 황은 다음 날 대주주 회의 지원만 약속한다. 계약·입금을 완료로 쓰지 않았다.,"action=[200억 달러 공장 생산량 70%를 5년 선납하고 총 400억 달러 유상증자를 제안하면서 이미 우호지분 30%를 가진 사실은 숨긴다.] => [젝슨 황에게 200억 달러 합작공장과 생산량 70퍼센트의 5년 선납 계약, GPU 설계 200억 달러 투자를 조건으로 유상증자 지분 25퍼센트를 제안한다. 리사와의 5촌 관계를 확인시켜 대주주 회의 지원 약속을 얻는다.] || paid_reward=[돈으로 시작한 지분협상이 가족·기술 동맹으로 강화된다.] => [젝슨 황의 제안 수락과 다음 날 대주주 회의에서 최대 지분 인수를 돕겠다는 약속을 얻는다. 400억 달러 투자·선납과 지분 취득은 아직 계약 전이다.] || state_change=[400억 달러 투자와 두 GPU 거장의 가족연결이 협상 가능성을 높인다.] => [400억 달러 투자·5년 선납은 조건부 제안으로 남고, 리사·젝슨 황의 혈연 확인이 다음 날 지분협상의 신뢰 카드가 된다.] || ending_hook=[젝슨 황은 대주주 회의에서 김민재가 최대한 많은 지분을 사도록 돕기로 하고, 혈연 카드가 협상에 마침표를 찍는다.] => [젝슨 황의 지원 약속을 다음 날 대주주 회의에서 실제 지분 인수와 유상증자 계약으로 바꿀 수 있는가?] || closed_loops=[엔비디아 저점매집] => [젝슨 황의 400억 달러 투자안 수락; 리사와 5촌 확인; 대주주 회의 지원 약속] || opened_loops=[엔비디아 증자·GPU 동맹] => [엔비디아 대주주 지분 매매; 25퍼센트 유상증자; 5년 선납·GPU 공장 계약]"
493,493,86289,86462,PASS,"",prev L86279~L86288; hard L86289~L86462; next L86463~L86472,"현재 action·turn_or_reveal·paid_reward·state_change·ending_hook·closed_loops·opened_loops가 이 회차 하드 경계와 일치하고, 계획·계약 전 상태나 인접 화의 구체 결과를 선취하지 않는다.",""
494,494,86463,86651,PASS,"",prev L86453~L86462; hard L86463~L86651; next L86652~L86661,"현재 action·turn_or_reveal·paid_reward·state_change·ending_hook·closed_loops·opened_loops가 이 회차 하드 경계와 일치하고, 계획·계약 전 상태나 인접 화의 구체 결과를 선취하지 않는다.",""
495,495,86652,86827,PASS,"",prev L86642~L86651; hard L86652~L86827; next L86828~L86837,"현재 action·turn_or_reveal·paid_reward·state_change·ending_hook·closed_loops·opened_loops가 이 회차 하드 경계와 일치하고, 계획·계약 전 상태나 인접 화의 구체 결과를 선취하지 않는다.",""
496,496,86828,87002,EDIT,turn_or_reveal;paid_reward;state_change;closed_loops;opened_loops,prev L86818~L86827; hard L86828~L87002; next L87003~L87012,L86991~L87002은 니콜라 지분을 2주 안에 팔고 매각대금·본사자금을 새만금에 넣으라는 김성윤의 결정이다. 실제 매각·자금 집행을 지급 완료와 닫힌 루프에서 분리했다.,"turn_or_reveal=[김성윤 회장이 태우의 선견을 믿어 매각대금 전액과 본사자금까지 화학단지에 넣으라고 결정한다.] => [김성윤은 김민재의 선견을 믿어 니콜라 지분을 2주 안에 팔고 매각대금 전액과 본사 자금을 새만금에 넣으라고 결정한다. 실제 매각·투자는 아직 전이다.] || paid_reward=[니콜라 폭로가 경쟁자 제거를 넘어 국내 핵심소재 동맹 자금으로 변한다.] => [대화그룹의 니콜라 지분 매각 결정과 새만금 화학단지 확대 약속을 얻는다. 매각대금과 본사 자금의 실제 투입은 남는다.] || state_change=[대화그룹의 손실회피와 새만금 대규모 증설약속이 즉시 지급된다.] => [니콜라 사기 증거는 대화그룹의 손실회피·새만금 증설 결정으로 이어지지만, 지분 매각과 자금 집행은 다음 단계다.] || closed_loops=[니콜라 조사] => [니콜라 조사·증거 제시; 대화그룹의 2주 내 매각·새만금 투자 결정] || opened_loops=[대화 지분매각·새만금 소재동맹] => [니콜라 지분 실제 매각; 매각대금·본사 자금 새만금 투입; 소재 공동연구]"
497,497,87003,87178,PASS,"",prev L86993~L87002; hard L87003~L87178; next L87179~L87188,"현재 action·turn_or_reveal·paid_reward·state_change·ending_hook·closed_loops·opened_loops가 이 회차 하드 경계와 일치하고, 계획·계약 전 상태나 인접 화의 구체 결과를 선취하지 않는다.",""
498,498,87179,87338,PASS,"",prev L87169~L87178; hard L87179~L87338; next L87339~L87348,"현재 action·turn_or_reveal·paid_reward·state_change·ending_hook·closed_loops·opened_loops가 이 회차 하드 경계와 일치하고, 계획·계약 전 상태나 인접 화의 구체 결과를 선취하지 않는다.",""
499,499,87339,87506,PASS,"",prev L87329~L87338; hard L87339~L87506; next L87507~L87516,"현재 action·turn_or_reveal·paid_reward·state_change·ending_hook·closed_loops·opened_loops가 이 회차 하드 경계와 일치하고, 계획·계약 전 상태나 인접 화의 구체 결과를 선취하지 않는다.",""
500,500,87507,87668,PASS,"",prev L87497~L87506; hard L87507~L87668; next L87669~L87678,"현재 action·turn_or_reveal·paid_reward·state_change·ending_hook·closed_loops·opened_loops가 이 회차 하드 경계와 일치하고, 계획·계약 전 상태나 인접 화의 구체 결과를 선취하지 않는다.",""
