sequence,visible_label,title,start_line,end_line,entry_state,reader_promise,protagonist_goal,action,resistance_or_cost,turn_or_reveal,paid_reward,state_change_axis,state_change,ending_hook,closed_loops,opened_loops,arc_candidate,confidence
"217","217화","","26286","26404","미리내 솔라텍이 나래 시티 수주를 했지만 현재 신재생에너지 비율로는 적자가 예정돼 있다.","강혁이 저가 부품 꼼수 없이 판 자체를 키워 적자를 뒤집는다.","나래 시티의 신재생에너지 의무 비율을 높인다.","황성용의 저급 부품안을 호통쳐 거절하고 한정식집에서 환경·시민단체 대표에게 각 1억원을 주며 시위와 서명을 주문한 뒤 신문사 광고를 사 비판 기사를 유도한다.","국토부는 낮은 비율을 고수하고 단체 대표들은 처음엔 전화·메일 정도의 소극적 항의만 제시한다.","선거철 여론을 꺼리는 공무원과 광고가 필요한 언론의 이해를 함께 지렛대로 쓴다.","과천 정부청사 앞에 기자가 붙은 신재생에너지 의무화 시위가 실제로 시작된다.","사업/윤리","강혁은 눈앞의 적자를 줄이는 하자 시공 대신 여론전으로 시장 규모를 늘리는 선택을 확정한다.","환경단체 대표가 모든 시설 의무화 때까지 투쟁하겠다고 카메라 앞에서 선언한다.","저급 패널·부품으로 10억원을 아끼자는 황성용의 제안","국토부 압박 시위와 나래 시티 의무화 여론전","L14-A 나래 시티 녹색 의무화 여론전","high"
"218","218화","","26405","26534","환경·시민단체가 과천 정부청사 앞에서 합법 시위를 이어가 국토부 장관과 담당 국장을 압박한다.","강혁이 상대의 과잉 대응까지 계산해 여론을 폭발시킨다.","시위를 단순 민원에서 정부가 무시할 수 없는 전국 이슈로 키운다.","기자가 빠진 틈에 전경이 폭력 진압하도록 기다렸다가 맞은편 빌딩 옥상의 피케 일행이 구타·피·체포 장면을 촬영해 편집본을 포털과 유튜브에 대량 배포한다.","시위대가 폭행·연행되고 경찰은 공식 사과와 석방으로 사태를 조기 수습하려 한다.","기자가 없어도 휴대폰 영상 시대라는 경찰의 맹점을 역이용한 피케의 영상이 조회 수 1위로 번진다.","과천 경찰서장이 공개 사과하고 피해자를 풀어주며 국토부·경찰의 도덕적 우위가 무너진다.","여론/권력","강혁 측의 돈으로 시작된 시위가 공권력의 실제 폭력 때문에 자생적 공분으로 바뀐다.","강혁이 사과로 끝내지 말고 다음 날 시위를 재개하라 하자 피케가 대표들이 다시 나올지 염려한다.","전경 강제 해산과 체포","시위 재점화와 정치권 합류 가능성","L14-A 나래 시티 녹색 의무화 여론전","high"
"219","219화","","26535","26648","경찰의 과잉 진압 영상으로 나래 시티 시위가 전국적 관심을 얻었다.","커진 여론이 신재생에너지 의무화를 받아내지만 새 몫을 노리는 재벌 건설사와 충돌한다.","야당과 진짜 환경단체까지 끌어들여 정부의 계획을 바꾼다.","피케에게 후원받는 야당 의원 둘을 붙이라 지시하고 광화문 촛불 시위로 판을 키운다.","정부가 물러난 뒤 한소·주성 등 컨소시엄 건설사들이 수천억원 추가 부담을 이유로 미리내 솔라텍 배제를 모의한다.","배경조는 의무화를 막는 대신 계열 태양광 업체끼리 물량과 비자금성 이익을 나누자는 이면 합의를 만든다.","정부의 전면 의무화 발표로 미리내 솔라텍 직원들은 증설을 기대하지만 국토부는 황성용을 불러 추가 물량을 다른 회사에 주겠다고 통보한다.","사업/동맹","시민 여론전은 성공했으나 강혁 대 건설사·국토부의 사업권 대결로 전장이 교대한다.","이동수 장관이 황성용의 증설 계획서를 막으며 늘어난 공사는 다른 업체에 배당된다고 밝힌다.","나래 시티 신재생에너지 전면 의무화","컨소시엄의 미리내 배제 이면 합의","L14-A 나래 시티 녹색 의무화 여론전","high"
"220","220화","","26649","26778","국토부와 건설사 컨소시엄이 계약상 전량 사업권을 가진 미리내에 20%만 주려 한다.","강혁이 정치권의 배신을 확인하고 더 센 외부 지렛대를 찾는다.","나래 시티 추가 물량 전부를 계약대로 지킨다.","황성용에게 증설을 예정대로 진행하라 못 박고 여당 실세 차기훈에게 전화해 편을 고르라고 압박한다.","차기훈은 건설사들과 이미 합을 맞춘 채 20%에 만족하라며 양쪽 싸움에서 빠진다.","국내 정치 인맥은 건설사들의 오래된 로비망을 넘지 못한다는 판단 뒤 강혁이 미국의 클린턴 국무장관에게 전화한다.","황성용은 강혁의 확신을 믿고 공장 확장과 채용을 멈추지 않는다.","의리/권력","차기훈은 돈을 받고도 결정적 순간에 중립으로 물러나고 강혁은 국내 연줄 대신 미국 권력을 선택한다.","늦은 밤 전화를 받은 클린턴이 강혁의 사정을 듣겠다고 한다.","차기훈 의원의 지원 가능성","클린턴 국무장관을 통한 청와대 압박","L14-A 나래 시티 녹색 의무화 여론전","high"
"221","221화","","26779","26916","강혁은 나래 시티 사업권을 빼앗길 위기에서 클린턴 국무장관과 통화 중이다.","전화 한 통이 대통령·장관·재벌의 힘의 서열을 뒤집는다.","청와대가 국토부의 미리내 배제 지시를 철회하게 한다.","클린턴에게 청와대 전화만 부탁하고 미국 순방 체류 연장이라는 외교적 당근을 받은 대통령이 이동수 국토부 장관을 질책하도록 만든다.","이동수는 건설사 부담을 위한 고육책이라고 둘러대고 건설사 대표들은 뇌물과 정치권 압력으로 재반격하려 한다.","대통령은 전량 미리내 배정과 앞으로 강혁을 건드리지 말라는 지시까지 내리고 비서실장이 배후가 클린턴임을 이동수에게 알려준다.","국토부는 즉시 종전 지시를 뒤집고 건설사 면담도 거부한다.","권력/위상","강혁은 국내 신참 로비스트가 아니라 미국 국무장관을 움직여 대통령까지 닿는 인물로 재벌들에게 인식되기 시작한다.","장명호가 건설사 대표들에게 이동수의 돌변은 청와대 최고 윗선 지시였다고 공개한다.","국토부의 20% 축소 지시","건설사들의 대통령 개입 확인과 항복 여부","L14-A 나래 시티 녹색 의무화 여론전","high"
"222","222화","","26917","27026","건설사 대표들이 강혁 뒤의 대통령 개입을 확인하고도 미련을 버리지 못한다.","나래 시티 승리를 구체적 발주로 지급한 뒤 콜롬비아 자원 사업으로 무대를 옮긴다.","미리내 솔라텍의 전량 사업권을 현실의 생산·채용 확대로 연결한다.","건설사들을 백기 들게 하고 황성용이 이동수의 사과와 전량 배정 통보를 받은 뒤 공장 가동 확대·기술자 호출·채용 공고를 지시하게 한다.","황성용은 또 나쁜 소식일까 두려워하고 솔라텍은 한꺼번에 밀려든 발주를 감당해야 한다.","이미 발주서가 사무실에 쏟아진 모습으로 강혁의 장담이 말이 아니라 현금흐름과 일자리로 증명된다.","폐업 직전 솔라텍이 회복하고 규모가 두 배로 커진다. 새해 뒤 콜롬비아로 간 강혁은 페르난도에게 한국광업공사의 센트랄 산맥 보크사이트 광산 매각 소식을 듣는다.","사업/장소","한국의 나래 시티 싸움이 완결되고 강혁의 시선이 콜롬비아 북부 자원과 중국 인수자로 이동한다.","탐사와 시험 채굴까지 끝낸 알짜 광산을 내전 핑계로 철수한다는 비상식이 제기된다.","나래 시티 전량 발주와 솔라텍 회생·두 배 성장","한국광업공사 보크사이트 광산의 수상한 중국 수의계약","L14-B 보크사이트 광산 탈환과 14K 차단","high"
"223","223화","","27027","27146","페르난도가 한국광업공사의 보크사이트 광산을 중국 다렌광업공사가 수의계약으로 인수한다고 알린다.","강혁이 국민 세금으로 찾은 광산을 비자금 거래에서 가로채 실물 자산으로 만든다.","광산의 진짜 매각 이유를 밝혀 미리내 개발이 인수한다.","페레즈에게 조사시켜 매장량 6억 톤·높은 순도·안전한 입지를 확인하고 현장 책임자의 대마초·도박 틈으로 1억달러 비자금 이면계약을 캐낸 뒤 스웬슨에게 3억달러와 500만달러 커미션을 제시하게 한다.","다렌은 실사를 끝내 계약 직전이고 이윤섭·박화규는 비자금과 개인 몫을 챙기려 한다.","강혁 쪽이 중국의 2억5000만달러보다 높은 가격과 커미션을 내놓자 탐욕스러운 광업공사 간부들이 즉시 상대를 바꾼다.","미리내 개발이 보크사이트 광산 계약에 서명하고 이윤섭은 현금 500만달러와 차명계좌 약속을 받는다.","자산/도덕","강혁은 남의 나라 사업가가 아니라 한국 자산의 중국 유출을 막는 소유자로 나서며 다렌과 직접 경쟁자가 된다.","다 잡은 광산을 빼앗긴 다렌광업공사 콜롬비아 지부에 문책 칼바람이 분다.","광산의 사업성과 비자금 매각 이유 규명","다렌광업공사·14K의 반발","L14-B 보크사이트 광산 탈환과 14K 차단","high"
"224","224화","","27147","27267","다렌광업공사 등안군 전무가 광산을 빼앗겨 본사 문책을 받고 강혁의 교외 저택으로 무작정 찾아온다.","강혁이 14K 간판에도 물러서지 않고 콜롬비아 진입 자체를 봉쇄한다.","광산을 지키고 다렌의 장기 헐값 독점 요구를 거절한다.","등안군의 5000만달러 웃돈 재매입과 10년 전년평균가 전량계약을 거부하고 1년 재협상·시장가 20% 할증이라는 받아들일 수 없는 역조건을 내민다.","등안군은 다렌 대주주가 마카오 삼합회 14K라고 위협하고 결렬 뒤 후회를 경고한다.","강혁은 단순 가격 협상이 아니라 14K가 콜롬비아에 발을 들이는 통로를 닫으려고 일부러 상대를 몰아냈다고 피케에게 밝힌다.","다렌은 광산과 보크사이트 전량 계약을 모두 얻지 못한 채 모욕을 안고 돌아간다.","세력/영토","강혁과 다렌의 사업 분쟁이 콜롬비아 조직 대 14K의 세력권 대결로 격상된다.","피케에게 14K의 콜롬비아 진입을 막기 위한 의도였다고 설명하며 다음 충돌을 예고한다.","등안군의 광산 재인수·장기공급 협상","14K가 체면 회복을 위해 택할 보복","L14-B 보크사이트 광산 탈환과 14K 차단","high"
"225","225화","","27268","27404","강혁은 등안군을 빈손으로 돌려보내고 피케에게 삼합회의 인해전술식 침투를 경계한다.","작은 사업 훼방이 광산 폭탄 테러라는 실제 위기로 돌아온다.","14K 연계 세력이 콜롬비아 사업장에 뿌리내릴 틈을 주지 않는다.","강혁은 인도네시아 보크사이트를 가진 중국이 전면전을 피할 것까지 계산하지만 등안군은 왕 부장을 통해 소평·장용·장천에게 50만달러를 주고 광산 파괴를 청부한다.","광산의 내부 지도와 한국광업공사 위장복을 가진 A급 해결사들이 TNT 10kg을 들고 경비초소를 통과한다.","체면만 세우려던 등안군의 훼방이 갱도·컨베이어·장비를 겨냥한 살상 가능한 폭탄 작전으로 변질된다.","소평 일행이 점심시간의 빈 광산 곳곳에 시한폭탄을 설치한다.","안전/영토","강혁의 예방 논리와 달리 다렌은 정면전 대신 익명 테러로 콜롬비아 세력권을 침범한다.","소평이 갱도 컨베이어 벨트에까지 TNT를 설치한다.","등안군과의 공개 협상","광산 폭파 청부와 배후 은폐","L14-B 보크사이트 광산 탈환과 14K 차단","high"
"226","226화","","27405","27541","소평 일행이 광산 안에 시한폭탄을 설치한 채 빠져나가려 한다.","사업 현장 방문과 마리아의 애틋한 동행이 예고 없이 참사에 겹친다.","인수한 광산의 고용·가동 계획을 직접 점검하고 마리아와 시간을 보낸다.","소평은 자신을 의심한 정비반장을 목 꺾어 살해하고 탈출한다. 마주 지나친 차량의 강혁은 마리아에게 생명의 은인임을 고백한 뒤 에드냅 소장의 고용승계·제련설비 보고를 받는다.","강혁은 수영과 마리아 누구도 놓지 못하는 관계의 죄책감을 품고 있고 현장에는 이미 타이머가 돈다.","소평 일행이 무심코 지나친 다섯 차량 안에 바로 강혁과 마리아가 있었음이 드러난다.","현지인 고용승계와 두 달 뒤 제련 계획이 확인되지만 회의 말미 광산 전체에서 TNT가 폭발한다.","관계/안전","마리아와의 관계가 보호해야 할 삶의 핵심으로 선명해지는 순간 사업 훼방이 강혁 자신과 연인을 덮친다.","강혁이 있는 회의실 건물이 폭발 충격으로 무너지고 사람들이 쓰러진다.","광산 상업생산 준비 점검","폭발 피해와 마리아의 생사","L14-B 보크사이트 광산 탈환과 14K 차단","high"
"227","227화","","27542","27682","폭발로 머리를 다친 강혁이 회의실 잔해에서 깨어나고 휴게실의 마리아를 떠올린다.","강혁이 자기 부상보다 마리아를 먼저 구하며 애매했던 관계의 진심을 행동으로 드러낸다.","책장에 깔린 마리아를 살려 수술실까지 보낸다.","2차 폭발 위험을 무릅쓰고 피케와 문을 부수며 들어가 마리아를 꺼내 직접 안고 성 브록스 병원까지 달리고 수술 결과 전까지 자신의 치료도 거부한다.","마리아는 머리와 하반신을 크게 다치고 60여 명이 사상했으며 광산 가동은 최소 1년·약 5억달러 손실을 입는다.","보호자 관계란에 친구도 애인도 쓰지 못한 강혁은 수영과 마리아를 저울질한 대가처럼 느끼며 처음으로 선택 회피의 죄책감과 마주한다.","수술은 성공하지만 하반신 신경 손상 가능성이 남고 강혁은 범인을 철저히 복수하겠다고 맹세한다.","관계/감정","마리아는 숨겨 둔 연인이 아니라 강혁이 목숨과 조직을 걸고 지킬 사람으로 행동상 격상된다.","폭발 현장에 강혁이 있었다는 뉴스를 본 등안군의 심장이 내려앉는다.","마리아의 응급 구조와 수술 성공","마리아의 보행 가능성·테러 배후 추적·복수","L14-B 보크사이트 광산 탈환과 14K 차단","high"
"228","228화","","27683","27819","등안군은 강혁이 폭발 현장에 있었다는 사실에 겁먹고 소평 일행을 베네수엘라로 빼돌리려 한다.","강혁이 콜롬비아 정보망과 직접 총격으로 테러 실행범을 잡고 물증을 확보한다.","광산 테러 배후를 다렌으로 확정하고 복수 대상을 손에 넣는다.","페레즈가 왕 부장의 TNT 반출을 찾아내자 빈민가 여관 203호를 피케·조직원 열 명과 습격해 장용을 사살하고 소평·장천을 생포한다.","총격에서 조직원 한 명을 잃고 마리아는 마이애미로 이송되며 아직 보행 여부도 모른다.","실행범 캐리어의 동일 TNT와 기폭장치가 정황을 움직일 수 없는 물증으로 바꾼다.","강혁은 실행범 둘을 잡고 마리아에게 최고의 미국 의료진을 붙인 뒤 다렌 응징을 숙고한다.","복수/증거","분노가 막연한 살기에서 실행범·TNT·왕 부장으로 이어지는 구체적 복수선으로 수렴한다.","잔금을 전달하고 회사로 돌아온 왕 부장이 밤늦게 불 켜진 등안군 방으로 들어간다.","테러 실행범 추적과 생포","소평·장천 심문과 다렌 지부 응징","L14-C 마리아 피습과 다렌 지부 처단","high"
"229","229화","","27820","27962","다렌 지사가 철수 준비를 마친 밤 왕 부장과 등안군은 실행범을 빼돌리고 귀국하려 한다.","강혁이 사랑하는 사람과 부하들의 피값을 직접 받아내는 잔혹한 결산이다.","왕 부장과 등안군을 붙잡아 테러의 책임을 묻고 다렌 본사에 재발 불가 경고를 남긴다.","이경식이 주차장에서 왕 부장을 생포하고 강혁은 경호원을 쏜 뒤 등안군의 뼈와 관절을 차례로 부숴 심장을 쳐 죽인다.","등안군은 시설만 부수라 했다고 변명하지만 마리아와 60여 명의 사상은 되돌릴 수 없고 강혁의 분노는 죽은 뒤에도 멈추지 않는다.","강혁이 공개적으로 내가 사랑하는 사람을 잃을 뻔했다고 외치며 마리아에 대한 감정을 처음 명명한다.","등안군과 경호원이 죽고 왕 부장도 끌려가며 다렌 콜롬비아 지부의 현장 책임선이 제거된다.","관계/복수","마리아를 향한 애매한 정이 사랑이라는 목소리로 확정되고 강혁의 보복 원칙이 극단적으로 각인된다.","강혁이 알아볼 수 있도록 등안군의 팔을 잘라 다렌 쪽에 보내라고 명령한다.","왕 부장·등안군 응징","절단된 손목으로 다렌·14K에 보낼 경고와 후폭풍","L14-C 마리아 피습과 다렌 지부 처단","high"
"230","230화","","27963","28087","다렌 사장 원강민에게 등안군 등 관련자 다섯 명의 손목과 강혁의 경고 쪽지가 든 아이스박스가 도착한다.","공포·금전 보상과 마리아의 회복을 함께 지급하면서 14K의 다음 수를 남긴다.","다렌이 콜롬비아에서 완전히 철수하고 광산 피해값을 치르게 한다.","등안군 권한으로 다렌의 광산 인수자금 1억5000만달러를 30개 계좌로 빼앗고 재도전 시 경영진까지 없애겠다고 경고한다.","원강민은 거액 손실에 분노해 14K 주국철을 찾고 강혁은 마리아 곁을 떠나지 못해 사업을 미룬다.","다렌은 직원 전원 귀국을 결정하지만 원강민이 주국철에게 호소하면서 회사 차원의 항복과 14K 개인 보복이 갈라진다.","마리아는 신경 단절 없이 한 달이면 완쾌 가능하다는 진단을 받고 강혁에게 밖에서 활동하라고 등을 떠민다.","복수/관계","다렌 지부 처단은 1억5000만달러 회수로 끝나지만 마리아를 지키는 삶과 14K 전쟁이라는 두 길이 동시에 열린다.","피케가 병실 밖에서 북한 대사관 직원이 강혁을 만나고 싶어 한다고 보고하려 한다.","다렌 콜롬비아 철수·피해 보상·마리아 중상 위기","14K 주국철의 대응과 북한의 비밀 접촉","L14-C 마리아 피습과 다렌 지부 처단","high"
"231","231화","","28088","28199","마리아가 회복 중인 마이애미에서 북한 대사관이 강혁에게 비밀 면담을 청한다.","나진 거래로 쌓은 신용이 태양절 금수 사치품 밀수라는 위험한 부탁으로 돌아온다.","북한과의 통로는 지키되 제재 위반 위험에 맞는 조건과 미국의 묵인을 확보한다.","안가에서 문성철 대좌·차강희 중위를 만나 4장짜리 외제차·양주·명품시계 목록을 받고 수수료 10%와 수백억원 대금 전액 선불을 역제안한다.","납기까지 보름뿐이고 유엔 제재·미국의 미움을 살 수 있으며 문성철은 요구를 독자 승인할 수 없다.","강혁은 몇십억원 때문에 미국·콜롬비아 사업을 위험에 빠뜨리지 않겠다며 북한 답변 전 발크에게 CIA 조율부터 요청한다.","문성철은 본국 승인을 받으러 물러나고 강혁은 마리아 간호로 돌아간다.","외교/위험","강혁은 돈과 의리만으로 밀수를 받지 않고 북한 신용과 미국 안전판을 동시에 유지하는 중개자로 행동한다.","반대할 줄 알았던 발크가 랭리에서 날아와 뜻밖에 일을 받으라고 한다.","북한 측 부탁의 조건 협상","CIA가 태양절 물품 반입을 허용하는 숨은 목적","L14-D 태양절 선물 운송과 14K 후계분열 공작","high"
"232","232화","","28200","28318","발크가 북한의 태양절 사치품 반입을 허용하자 강혁은 CIA의 속셈을 캐묻는다.","북한 거래를 미국의 정보 작전과 결합하고 14K 전면전 대신 내부 균열을 겨눈다.","태양절 물품을 안전하게 보내는 한편 삼합회 위협에 선제 대응할 방법을 찾는다.","CIA가 고급차 GPS를 북한 간부 동선 추적기로 쓰게 하고 북한에게 금괴 선불을 받아 물품 수배를 시작한다. 피케에게 14K 주용해·창용의 후계 갈등을 샅샅이 조사시킨다.","14K 해결사 다섯이 마이애미에 들어오려 했고 전면전은 수십만 조직원과 동반자살 위험이 있다.","발크가 해결사들을 공항에서 체포했다는 보호를 지급하고 피케는 창용이 주국철 아들 주용해에게 밀리고 MGM 카지노까지 빼앗긴 불만을 알려준다.","북한은 10% 조건을 전부 수락하고 수백억원 금괴를 건네며 문성철 일행은 강혁의 고급시계를 받아 떠난다.","동맹/전략","강혁은 CIA 보호 아래 북한의 신용 거래를 수행하면서 14K의 외부 압박을 내부 후계전으로 돌릴 실마리를 잡는다.","자본주의를 욕한 문성철조차 비싼 시계를 돌려주지 않고 넣어두라 한다.","CIA의 태양절 밀수 묵인·북한 선불 확보","창용 대 주용해 후계분열 활용과 물품 운송","L14-D 태양절 선물 운송과 14K 후계분열 공작","high"
"233","233화","","28319","28433","강혁은 태양절 물품 수배를 페르난도에게 맡기고 마리아 곁에서 14K 후계 갈등 보고서를 받는다.","정면전 대신 상대의 자존심과 충성 균열을 찔러 스스로 내전을 일으키게 한다.","창용과 주용해의 갈등을 돌아올 수 없는 지점까지 밀어 넣는다.","주국철이 돈 되는 사업과 본토 자금을 아들 주용해에게 몰아주고 해결사 파견도 주용해 계파가 했음을 확인한 뒤 충직한 이경식에게 극비 폭파 임무를 맡긴다.","이경식은 목숨을 잃을 수 있고 창용이 패배를 인정해 주용해 밑으로 들어가면 계획은 무산된다.","이경식은 고향을 떠난 자신과 가족을 구해준 강혁에게 이미 목숨을 바쳤다며 이유도 묻지 않고 명령을 받는다.","이경식이 캐나다·호주·필리핀·홍콩을 돌아 가명 토마스 웨인으로 마카오 쉐라톤 1405호에 들어가 베레타·TNT·무선기폭장치를 수령한다.","의리/전략","강혁과 이경식의 은혜·충성 관계가 조직전쟁의 가장 은밀하고 위험한 실행력으로 전환된다.","이경식이 타이파 경마장 VIP 출입구와 창용의 동선을 관광객처럼 정찰한다.","14K 후계 갈등의 정보 수집","창용을 주용해와 전쟁하게 할 위장 폭파","L14-D 태양절 선물 운송과 14K 후계분열 공작","high"
"234","234화","","28434","28564","이경식이 창용의 타이파 경마장을 정찰하고 마리아는 퇴원을 앞둔다.","정교한 위장과 폭약 기술로 창용은 살리고 공포만 극대화하는 공작을 완수한다.","창용이 주용해의 암살 시도로 오인할 차량 폭발을 만든다.","타이파 주택박물관 화장실에서 노인 관광객으로 변장해 일본인 흉내를 내며 넘어지는 척 창용의 벤츠 바퀴 안쪽에 폭탄을 붙인다.","창용 측은 상납금 두 배와 하부조직 이탈로 이미 흔들리지만 명분 없는 선제공격을 억누르고 있어 촉발점이 필요하다.","이경식은 창용이 차에 타기 전 무선 폭파해 운전수는 죽이되 목표는 가벼운 부상과 살해 공포만 느끼도록 피해 범위를 맞춘다.","경마장 VIP 주차장이 불타고 창용은 이것을 습격으로 받아들여 경호원들과 건물 안으로 피신한다.","공포/공작","창용의 수세적 인내가 자신을 죽이려 했다는 확신과 분노로 바뀔 조건이 완성된다.","불타는 벤츠와 쓰러진 부하들을 본 창용이 누가 자신을 노렸는지 추궁한다.","마카오 잠입·현장 정찰","폭발의 배후 오인과 창용의 결단","L14-D 태양절 선물 운송과 14K 후계분열 공작","high"
"235","235화","","28565","28708","이경식이 멀리서 창용의 벤츠 폭발을 확인하고 흔적을 지운 채 마카오를 떠난다.","강혁의 한 번의 거짓 깃발 공작이 14K 후계 경쟁을 실제 총력전으로 폭발시킨다.","창용이 주용해를 범인으로 믿고 주국철 부자를 치게 만든다.","이경식에게 장기 휴가와 가족 경비를 지급하고 반응을 기다린다. 창용은 임표·양흥초와 회의해 주용해·주국철 제거를 결단하고 임표 부대가 주용해의 고급 술집을 습격한다.","주용해는 자신의 소행을 부인하고 마달천과 경호원들이 비밀 뒷문으로 탈출을 시도한다.","주용해가 방어를 위해 조직원을 모은 행동조차 창용에게 공격 준비의 증거로 읽혀 오해가 스스로 증식한다.","술집 안팎에서 총격전이 벌어지고 임표가 VIP룸을 장악하지만 주용해는 간발의 차로 빠져나간다.","전쟁/세력","강혁의 흔적은 사라지고 창용·주용해의 사적 불신이 14K 내전이라는 자생적 현실이 된다.","임표가 비밀 통로로 달아나는 주용해를 놓치기 전에 쫓으라고 외친다.","이경식의 무사 탈출·위장 폭파 완료","주용해 추격과 14K 내전의 승패","L14-D 태양절 선물 운송과 14K 후계분열 공작","high"
"236","236화","","28709","28841","임표 부대가 비밀통로로 달아난 주용해를 추격하고 마달천이 뒤를 막는다.","마카오 내전의 1차 결산과 태양절 화물의 실제 나진 도착을 교차 지급한다.","창용을 완전히 쓰러뜨리지 않은 채 협상 가능한 반대세력으로 남기고 북한 거래를 완수한다.","마달천의 희생으로 주용해가 탈출하자 창용이 주국철까지 직접 치지만 주국철의 숨은 중립파 반격과 공안 투입으로 3일 전쟁이 소강된다. 강혁은 화물선으로 벤츠 등 선물을 나진항에 싣고 간다.","주용해를 놓친 창용은 명분·세력과 경마장까지 빼앗겨 절반 규모로 축소되고 마리아의 안전도 계속 신경 쓰인다.","초반 승리 뒤 몰락한 창용은 제거 대상이 아니라 강혁의 지원을 받아야만 생존 가능한 협상 상대로 바뀐다.","장성택이 직접 나진항에서 태양절 선물을 맞고 문성철·차강희를 치하한 뒤 강혁에게 나진 특구 공장 설립을 제안한다.","세력/외교","14K 내전은 강혁이 개입할 가격을 낮추고 북한과의 밀수 신뢰는 장성택 직통 제안으로 위상이 오른다.","강혁이 공장 제안을 완곡히 거절해도 장성택은 돌아가 검토하라고 압박한다.","14K 1차 내전·태양절 선물 납기","피케의 창용 담판과 나진 공장 투자 압력","L14-D 태양절 선물 운송과 14K 후계분열 공작","high"
"237","237화","","28842","28982","강혁은 나진 초대소에서 태양절 화물 하역과 장성택의 공장 제안을 검토하고 창용은 마지막 직계 조직만 남는다.","막다른 창용이 스스로 미리내의 손을 잡게 만들어 외부개입의 명분과 대가를 얻는다.","14K 지도부 교체를 창용의 요청 형식으로 실행할 계약을 맺는다.","장성택 제안의 배경을 알아보라 한 뒤 피케가 펜야 성당 언덕 주택에서 창용·양흥초를 만나 주국철 부자를 이틀 안에 제거하겠다고 제안한다.","창용은 외부 세력을 조직 내전에 끌어들이는 부담과 믿기 어려운 암살 약속 사이에서 망설인다.","충성하는 부하들을 개죽음시킬 수 없다는 양흥초의 말에 창용이 생존과 조직을 위해 자존심을 접는다.","창용은 주국철 부자를 없애주면 강혁이 원하는 것을 다 들어주겠다고 약속한다.","동맹/세력","강혁을 몰아내려던 14K의 후계후보가 이제 강혁 없이는 살 수 없는 의뢰인으로 뒤집힌다.","귀가하는 창용은 성공을 확신하지 못하면서도 정예 50명을 준비시키기로 한다.","창용의 고립과 미리내 접촉 성사","주국철 부자 암살 작전과 그 대가","L14-D 태양절 선물 운송과 14K 후계분열 공작","high"
"238","238화","","28983","29119","창용이 피케의 암살 약속에 마지막 희망을 걸고 정예 50명을 대기시킨다.","강혁이 직접 장거리 저격수로 나서 14K 내전의 목을 벤다.","주국철·주용해를 저택 밖의 조명된 골목으로 몰아낸다.","마닐라에서 가짜 여권으로 마카오에 잠입해 창용의 시내 소란을 미끼로 정문에 무인 TNT 차량과 M72 로켓·기관단총 공격을 배치하고 맞은편 빌라 옥상에서 M-200 체이탁을 겨눈다.","주국철 저택은 수십 명이 경비하고 공안 도착 전 작전 여유는 약 10분뿐이며 피케는 보스의 직접 참가를 걱정한다.","강혁은 조직원 중 자신보다 저격을 잘하는 사람이 없다며 위험을 부하에게 떠넘기지 않고 현장 역할을 고수한다.","정문 폭발과 로켓 공격에 왕홍민이 주국철 부자를 동쪽 뒷문으로 피신시키며 두 목표가 조준선에 들어온다.","행동/리더십","강혁은 책략가에서 직접 방아쇠를 당기는 현장 보스로 전환해 작전 성패를 자기 실력에 건다.","야시경을 든 부하가 저택 오른쪽에서 목표가 나왔다고 알린다.","창용과의 암살 계약","주국철·주용해 저격 성공 여부","L14-D 태양절 선물 운송과 14K 후계분열 공작","high"
"239","239화","","29120","29269","주국철과 주용해가 경호원 사이로 동쪽 골목의 승용차에 오르려 한다.","두 발의 저격과 창용의 진격으로 14K 지도부가 한 번에 교체되는 최대 결산이다.","주국철 부자를 제거하고 창용이 마카오 14K를 접수하게 한다.","M-200으로 주국철의 머리와 주용해의 심장을 각각 첫발에 관통한 뒤 피케 부대를 철수시키고 창용에게 성공을 통보한다.","시간과 거리 오차가 치명적인 저격이고 철수 뒤에도 왕홍민 조직원들이 저격수를 찾는다.","보스·후계자가 동시에 죽은 직후 창용이 카니드룸에 모인 고위간부들을 덮쳐 지휘부 공백을 완전 붕괴로 바꾼다.","창용이 14K를 사실상 접수하고 강혁은 콜롬비아 저택으로 돌아와 완쾌한 마리아 가족과 평온한 식사를 한다.","세력/관계","적대 조직 14K의 새 보스는 강혁에게 왕좌를 빚지고 마리아와의 일상은 폭탄 이전의 온기를 회복한다.","고등학교 입학을 앞둔 알론소에게 강혁이 장래 희망을 묻는다.","주국철·주용해 제거와 창용의 역전승","알론소의 진로·강혁의 보호자 역할","L14-D 태양절 선물 운송과 14K 후계분열 공작","high"
"240","240화","","29270","29407","알론소가 가족 식탁에서 어릴 때부터 의사가 되기로 했다고 선언한다.","가족의 미래를 후원하는 강혁의 따뜻한 얼굴 뒤로 나진 투자 거절과 옛 원수 백민용의 귀환이 겹친다.","알론소의 꿈은 밀어주되 손실만 보이는 나진 공장 압력은 거절한다.","알론소의 의대 과정과 생활비를 전부 돕겠다고 약속하고 피케의 조사에서 나진 부지 분양률 30% 미만·북한 계약 불신을 확인한 뒤 두만강 무역을 통해 장성택 제안을 거절한다.","마리아는 과한 지원을 염려하고 북한과 관계가 불편해질 수 있으며 백민용이 형기 1년 이상을 남기고 가석방된다.","강혁은 자신보다 북한이 더 아쉽다는 힘의 비대칭을 근거로 끝없는 수렁에 들어가지 않는 선택을 한다.","백민용이 안양교도소를 나와 미리내 솔라텍의 나래 시티 참여를 듣고 최 부장에게 한소 본사로 차를 돌리라 한다.","진로/사업","강혁은 알론소의 선택에는 자원을 아끼지 않지만 정치적 부탁성 투자는 끊으며 보호와 사업의 기준을 구분한다.","후계자 백치국이 참석한 한소 회의장으로 분노한 백민용이 올라간다.","알론소 의대 진로 지원·나진 투자 검토","백민용의 출소와 강혁 상대 복수 집착 재등장","L14-E 백민용 출소와 한소 후계전 재점화","high"
"241","241화","","29408","29551","백건호가 경기침체를 빌미로 한소중공업 노조원을 구조조정하라 지시하는 회의에 백민용이 난입한다.","가족에게 버림받은 백민용의 원한이 강혁을 넘어 아버지·형을 겨누는 패륜으로 번진다.","백민용은 한소의 후계와 재산을 되찾을 힘을 만들려 한다.","미리내 솔라텍 참여를 따지다 백건호에게 필요 없는 자식이라 쫓겨나고 백치국에게 패자의 똥을 치울 이유가 없다며 모욕당한 뒤 교도소 동기 노철기를 강남 룸으로 부른다.","백건호는 셋째를 버리고 백치국은 후계 승리를 굳혔으며 백민용은 돈·주식·직위가 모두 없다.","강혁에 대한 복수심으로 찾아왔던 백민용이 친부와 친형에게 받은 수모를 결코 잊지 않겠다는 더 직접적인 원한으로 방향을 바꾼다.","전주 식구파 간부 노철기가 도착하고 백민용은 살인도 가능한 일거리인지 떠본다.","가족/권력","한소 일가의 피붙이 관계가 승자와 패자만 남는 적대적 후계전으로 파탄 난다.","백민용이 노철기에게 사람을 죽이는 일도 맡을 수 있느냐고 묻는다.","백민용의 출소 후 가족 복귀 가능성","백건호·백치국 살인 청부 계획","L14-E 백민용 출소와 한소 후계전 재점화","high"
"242","242화","","29552","29697","노철기가 불경기 속 돈 되는 일이라면 살인도 맡겠다고 답한다.","백민용의 패륜 음모와 강혁의 양가 관계 죄책감을 가족 식탁 두 장면으로 대비한다.","백건호·백치국 제거 계획을 실행선에 올리고 한소 상속을 노린다.","노철기에게 10억원으로 친부와 친형 살해를 청부한 뒤 강혁은 수영이 만든 파래무침을 먹고 가족과 식사한다.","노철기도 가족 살인을 듣고 놀랄 만큼 표적이 거물이고 강혁은 부모가 결혼 날짜를 묻자 마리아를 떠올려 확답하지 못한다.","수영은 괜찮다며 웃지만 차에서 서둘러 떠나고 강혁은 어느 한 사람도 선택하지 못하는 자신의 회피를 다시 확인한다.","마카오 공작을 끝낸 이경식이 가족 휴가 뒤 복귀해 100만달러 보상과 강혁의 인정을 받는다.","관계/패륜","백민용은 가족을 없애 소유하려 하고 강혁은 두 가족을 모두 지키려다 약혼 관계의 상처를 키운다.","피케가 장성택이 이끄는 북한 대규모 대표단의 서울 방문 계획을 보고한다.","노철기 살인 청부 수락·이경식 공작 보상","백민용의 추가 준비와 수영·마리아 선택 문제","L14-E 백민용 출소와 한소 후계전 재점화","high"
"243","243화","","29698","29809","북한은 나진 특구의 빈 부지를 팔기 위해 장성택 대표단을 서울에 보내려 한다.","강혁이 정치 쇼를 읽고 실리는 취하되 백민용은 상속 조작을 위한 약점을 수집한다.","나진 압박에는 휘말리지 않고 재계 인맥을 넓히며 수영과의 상처를 풀어준다.","정부가 10대 그룹에 위험한 부지를 떠넘길 것이라 예측하고 힐튼 설명회 참석을 정한다. 수영과 영화·식사 데이트를 하고 백민용은 한강 주차장에서 노철기로부터 최대석의 불륜 사진·필로폰 양성 머리카락을 받는다.","강혁은 나진 커미션 잔금 세탁을 챙겨야 하고 백민용은 무례한 노철기를 참아가며 상속 변호사를 협박할 준비를 한다.","백민용은 살인만이 아니라 유언장을 관리하는 최대석까지 올가미에 넣어 합법적 승계 외형을 만들려 한다.","강혁이 장성택·재계가 모인 여의도 힐튼 사업설명회에 도착한다.","관계/음모","강혁은 수영 관계를 수습하고 공적 네트워크를 넓히는 반면 백민용은 돈과 약점으로 고립된 공범망을 만든다.","피케가 장성택의 실향민 포옹도 나진 특구 활성화 쇼였다는 강혁의 해석을 듣는다.","수영과의 데이트 화해·최대석 약점 확보","나진 설명회 압박과 백민용의 유언장 조작","L14-E 백민용 출소와 한소 후계전 재점화","high"
"244","244화","","29810","29927","강혁이 장성택 대표단의 여의도 힐튼 나진 특구 사업설명회에 참석한다.","공장 투자 요구를 재차 거절하면서도 정치·재계의 중심 인물로 위상을 확인한다.","북한의 압박을 피하고 참석한 유력 인사들과 인맥만 넓힌다.","차기훈·황인천·장성택과 공개 인사를 나누고 공장 확장 직후라 여력이 없다는 이유로 부지 분양을 거절한 뒤 행사장에서 재계 인사들과 안면을 튼다.","장성택은 거절당한 앙금으로 황인천 앞에서 강혁을 압박하고 북한이 담배 유통선을 바꿀 가능성도 있다.","정부 압력으로 10대·중견 그룹이 위험이 적은 단순가공 공장을 떠안아 특구의 빈 외형을 채운다는 강혁의 예상이 그대로 실현된다.","나진 투자 발표로 장성택과 정부는 한숨 돌리고 강혁은 투자 없이 커미션과 인맥을 지킨다. 이어 최대석이 룸살롱 카사블랑카 지하주차장에서 납치된다.","위상/사업","강혁은 북한통이자 재계 거물로 공개 인정받되 장성택에게 종속되는 투자자는 되지 않는다.","노철기 일당이 최대석의 차에 올라 회칼을 목에 대고 강도가 아니라고 밝힌다.","나진 특구 투자 압박과 사업설명회","최대석 협박·유언장 조작의 실제 실행","L14-E 백민용 출소와 한소 후계전 재점화","high"
"245","245화","","29928","30067","최대석이 카사블랑카 지하주차장에서 노철기 일당에게 납치돼 춘천 별장에서 깨어난다.","백민용이 약점·인감·살인을 한 줄로 엮어 한소 상속을 조작한다.","백건호의 유언장을 없애고 자신에게 전 주식이 오는 가짜 유언장을 만든다.","최대석의 불륜·필로폰 자료로 협박해 금고의 봉인 유언장을 꺼내게 하고 원본을 태운 뒤 본가 금고에서 훔친 백건호 인감을 내놓는다.","최대석은 변호사 자격과 자유를 잃을 약점을 잡히고 백건호가 매달 유언장을 확인한다는 위험을 경고한다.","백민용이 아버지는 새 유언장을 볼 일이 없다고 말해 가짜 상속과 백건호 살인이 하나의 계획임을 최대석에게 깨닫게 한다.","최대석은 공범이 되어 어떤 내용으로 바꿀지 묻고 같은 시각 강혁은 확장된 미리내 솔라텍 제2공장을 시찰한다.","권력/패륜","백민용은 단순 청부자가 아니라 가족 살해 후 법적 외형까지 설계한 한소 찬탈자로 선을 넘는다.","미리내 솔라텍 제2공장의 연 5만장 생산·불량률 보고가 시작된다.","최대석 약점 확보·원 유언장 폐기","가짜 유언장 작성과 백건호·백치국 제거","L14-E 백민용 출소와 한소 후계전 재점화","high"
"246","246화","","30068","30189","강혁이 미리내 솔라텍 제2공장의 자동화 생산라인과 0.5% 이하 불량률을 점검한다.","강혁이 대수롭지 않게 넘긴 옛 적이 바로 친부·형 살해를 실행하는 불길한 교차다.","나래 시티 납품 품질·재고를 안정시키고 잠재 위협을 평가한다.","황성용에게 생산량과 적정 재고를 늘리라 하고 피케에게 백민용 가석방 소식을 듣지만 천덕꾸러기라 위협이 안 된다며 감시를 붙이지 않는다.","백민용의 실제 계획을 모르는 정보 공백과 강혁의 피로가 판단을 느슨하게 한다.","백건호는 장남 백치국의 부회장 승진을 확정하는 반면 노철기는 빚에 몰린 빵집 주인에게 차용증을 미끼로 덤프트럭 살인을 시킨다.","주택가에 대기한 운전자가 가족사진을 품고 백건호·백치국의 마이바흐 옆구리를 전속력으로 들이받는다.","위협/사업","강혁은 솔라텍의 산업 위험은 꼼꼼히 관리하지만 인간의 집요함을 과소평가해 백민용 감시 기회를 놓친다.","덤프트럭이 마이바흐를 찌그러뜨린 채 계속 밀어붙인다.","솔라텍 확장·품질 안정","백건호·백치국 생사와 백민용의 찬탈 실행","L14-E 백민용 출소와 한소 후계전 재점화","high"
"247","247화","","30190","30312","덤프트럭이 백건호·백치국의 마이바흐를 종잇장처럼 구기고 운전자는 충격 뒤 달아나려 한다.","계획살인의 성공과 한소 권력 공백이 발생하고 강혁이 가장 먼저 냄새를 맡는다.","백민용은 친부와 형의 죽음을 사고로 위장해 후계 경쟁자를 없앤다.","노철기 일당이 덤프트럭 운전자를 납치해 증거를 없애고 백민용은 성공 전화를 받은 뒤 한소의 제왕이 됐다고 선언한다.","강혁은 물증 없이 백민용 가능성을 의심하지만 직접 연관이 없어 더 파고들지 않고 한소 주식만 선매도한다.","공사장도 없는 부촌에 한 시간 대기한 덤프트럭이라는 정황으로 우연한 교통사고가 계획살인으로 읽힌다.","백건호·백치국이 사망하고 한소 주가가 폭락하며 장례 빈소에 나타난 노철기가 백민용에게 추가 5억원을 요구한다.","권력/범죄","한소의 공식 후계선이 잘리고 백민용은 범죄 공범에게 약점 잡힌 채 왕좌 직전까지 간다.","백민용이 장례식장 지하주차장에서 노철기의 추가 금전 요구와 대면한다.","백건호·백치국 제거","노철기 입막음·유언장 공개·새 총수 결정","L14-E 백민용 출소와 한소 후계전 재점화","high"
"248","248화","","30313","30430","노철기는 총 15억원을 받아 필리핀으로 떠나고 덤프트럭 운전자는 지리산에 묻혀 수사가 막힌다.","조작된 유언장 공개로 백민용이 한소그룹을 통째로 차지하고 곧바로 강혁의 사업을 친다.","가족 반발을 누르고 한소 지분과 회장 자리를 합법 외형으로 확보한다.","최대석이 용산 저택에서 백건호 전 주식을 백민용에게 준다는 가짜 유언장을 읽고 백민용은 중역들의 줄서기를 받아들인다.","백문수·박미경은 소송을 선언하고 최대석은 식은땀을 흘리며 강혁은 살인·유언장 조작을 의심한다.","강혁이 가장 큰 수혜자와 조작 가능성을 연결해 백민용의 패륜을 거의 정확히 추론하고 에코시티 클레임 특별팀을 선제 지시한다.","회장 취임 직후 한소건설이 포장 일부가 뜯긴 미리내 솔라텍 납품 전량을 반품하라고 시비를 건다.","지위/대결","백민용은 집안의 버림받은 셋째에서 한소 총수로 급상승하고 강혁과의 개인 원한을 그룹 대 그룹 대결로 바꾼다.","한소 납품 담당자가 이상 없는 제품을 새것으로 교환하라고 요구한다.","한소 지분 찬탈·수사 단절","에코시티 납품 클레임 전쟁과 유산 소송","L14-E 백민용 출소와 한소 후계전 재점화","high"
"249","249화","","30431","30567","한소건설이 포장 일부가 뜯긴 48억5000만원 물량부터 발전기·설치품까지 트집 잡아 반품한다.","강혁이 240억원 손실을 견디며 증거를 쌓고 마지막 대화 기회를 준 뒤 반격한다.","백민용의 보복을 멈추게 하거나 법정에서 확실히 이길 구도를 만든다.","하자 없는 납품 증거를 회차마다 확보하고 대응을 늦춰 한소의 악의성을 키운 뒤 설렁탕집에서 이제 뜸이 들었다며 백민용 면담을 요청한다.","공장 증설 뒤 납품이 막혀 솔라텍이 재적자에 빠질 수 있고 다른 컨소시엄 업체가 한소 편에 설 위험이 있다.","강혁은 즉시 맞고소보다 대화를 먼저 요청해 절차적 명분을 확보하고 백민용이 20분 늦춰 굴욕을 주려는 속셈까지 정확히 읽는다.","호텔 최상층 라운지에서 백민용은 회사까지 넘기라 모욕하고 강혁은 피케를 제지하며 싸움을 계속할 것인지 확인한다.","대결/증거","강혁은 피해를 참는 약자가 아니라 상대가 스스로 법적 올가미를 조이게 기다리는 카운터 전략가로 선다.","백민용이 무릎 꿇고 용서를 빌면 반품 철회를 생각하겠다고 요구한다.","반품 피해와 증거 축적","협상 결렬 뒤 소송·계약파기 전면전","L14-F 솔라텍 클레임에서 골드원 한소 포위까지","high"
"250","250화","","30568","30678","백민용은 강혁에게 무릎을 꿇으라며 과거 패배의 복수를 노골화한다.","강혁이 법정 승리·150억원 배상 뒤 금융시장에서 한소 자체를 노리는 더 큰 카운터를 시작한다.","솔라텍 계약을 복구하고 손실을 배상받은 뒤 한소 핵심 지분을 싸게 모은다.","마지막 경고 뒤 김필도의 법무법인 정의로 계약파기에 맞고소하고 백문수·박미경의 상속소송이 겹친 틈에 반품 철회와 배상금 150억원 합의를 받아낸다.","백민용은 법무팀장 김동채와 최수혁의 만류에도 감정적으로 재판을 고집하고 경영권 불신임 위험 때문에 결국 물러난다.","강혁은 한소가 약해져 주가가 떨어진 지금 요세프에게 전자·생명·건설 지분 집중 매입을 명령해 사업 분쟁을 지배권 공격으로 전환한다.","배상금이 입금되고 김필도 등에게 성공보수를 지급하며 강혁은 사할린 해상유전 상업생산 현장으로 이동한다.","사업/금융","솔라텍을 괴롭힌 잽은 150억원과 골드원 적대 지분이라는 한소 심장부의 카운터펀치로 되돌아간다.","사할린에서 스웬슨이 해상 원유 공급계약 조건을 보고한다.","솔라텍 계약 복구·150억원 배상","골드원의 한소 핵심계열사 지분 매집","L14-F 솔라텍 클레임에서 골드원 한소 포위까지","high"
"251","251화","","30679","30777","강혁은 사할린 해상광구 원유를 한국·일본 업체에 3년·배럴당 최저 95달러로 공급하기로 했다.","환경·현지 고용을 지킨 자원사업의 성과와 한소 지분 매집의 속도전을 함께 지급한다.","사할린 유전의 상업생산과 러시아 권력 네트워크를 굳히고 골드원이 한소 지분전 우위를 잡는다.","FPSO 개시식에서 야쿠보프·페트로바와 푸틴의 신뢰를 확인하고 연회를 베푸는 동안 뉴욕 요세프 팀이 한소전자·생명·건설을 집중 매수한다.","블랙스톤 등 헤지펀드도 먹잇감을 노리고 핵심 지분을 먼저 10% 이상 잡지 못하면 가격과 주도권을 빼앗긴다.","환경오염을 줄이고 현지인을 고용한 미리내 개발이 정부의 모범 사례가 되어 추가 자원개발 참여를 먼저 제안받는다.","하루 3억달러 매수로 한소 핵심 주식이 바닥에서 10% 이상 급등한다.","자산/위상","강혁의 실물 에너지 제국과 비자금 금융팀이 동시에 성장하며 러시아 신뢰가 한국 재벌 공격의 자금 기반이 된다.","요세프가 다른 펀드보다 먼저 핵심 세 곳의 10%를 잡으라며 매수 강도를 올린다.","사할린 상업생산 개시·러시아 추가사업 신뢰","한소 지분 선점 경쟁","L14-F 솔라텍 클레임에서 골드원 한소 포위까지","high"
"252","252화","","30778","30899","정체불명 골드원이 한소전자·생명·건설 지분을 사들이자 백민용과 재무진이 긴급 대응한다.","강혁이 모습을 숨긴 채 16억달러와 각 7% 지분으로 한소 경영권전의 심판자가 된다.","골드원의 영향력을 공시하고 백민용·가족 양측을 압박할 대주주 지위를 확보한다.","요세프가 각 핵심사 7%를 모아 5% 공시에 회사 정상화·부적절 경영진 감시 목적을 밝히고 임시주총을 요구한다.","한소는 골드원이 백문수 편에 붙을 가능성을 두려워하고 백민용은 공개 망신과 지배권 상실 위험에 놓인다.","그린메일이라고 오판한 한소는 골드원의 실제 주인이 강혁이며 단기 차익보다 지배 구조를 노린다는 사실을 전혀 모른다.","백민용은 골드원이 형제 편에 붙는 것만 막으라 지시하고 강혁은 태평양 횡단 전용기에서 요세프의 7% 확보 보고를 받는다.","금융/권력","강혁은 한소와 직접 싸우는 납품업체에서 누구를 총수로 둘지 결정할 수 있는 익명 대주주로 올라선다.","골드원의 감시 목적 공시와 임시주총 요구가 공개돼 백민용이 회의실에서 폭발한다.","핵심 3사 각 7% 지분 확보","임시주총에서 골드원의 정체·표결 방향 공개","L14-F 솔라텍 클레임에서 골드원 한소 포위까지","high"
"253","253화","","30900","31045","수영이 카페에서 부모가 강혁을 보고 싶어 한다며 조심스레 집으로 데려간다.","수영 가족의 결혼 요구가 강혁에게 사업이 아닌 삶의 진로 선택을 더는 미룰 수 없게 한다.","수영과 마리아 사이를 정리할 시간을 얻되 수영의 기다림을 배신하지 않는다.","수영 아버지에게 해외 사업을 마무리한 뒤 확실한 답을 주겠다며 조금만 더 시간을 달라고 하고 수영에게 사랑한다고 말한다.","수영은 취직도 접고 기다렸으며 아버지는 딸을 너무 오래 기다리게 하지 말라고 한다. 강혁은 마리아를 품은 채 결혼할 수 없다는 죄책감에 답을 못 낸다.","전장에서 즉단하던 강혁이 가장 가까운 두 여인 앞에서는 결정을 유예하는 자신의 결핍을 가족의 질문으로 직면한다.","요세프가 골드원 대표로 입국하자 한소 재무팀 유덕준이 공항에서 편의를 명분으로 감시를 붙인다.","관계/선택","약혼은 가족행사 단계로 넘어갔지만 강혁의 마음은 두 관계 사이에 정지해 삶의 진로 문제가 사업 전쟁과 병행된다.","한소 직원의 서툰 미행을 확인한 요세프가 그대로 따라오게 둔다.","수영에게 결혼 답변 유예 설명","골드원 대표의 임시주총 공작과 강혁의 관계 선택","L14-F 솔라텍 클레임에서 골드원 한소 포위까지","high"
"254","254화","","31046","31161","요세프는 한소의 미행 때문에 강혁과 만나지 않고 골드원의 실소유주를 계속 숨긴다.","한소 양 진영의 조바심을 이용해 골드원의 표값을 극대화한다.","백문수에게 희망을 주고 백민용에게 위기감을 심어 임시주총 판을 흔든다.","스카이라운지에서 백문수의 해임안 지지·이사회 두 자리·고가 지분매입 제안을 들으며 긍정도 거절도 하지 않고 숙고하겠다고 답한다.","백문수는 미리내 반품 사태를 폭로하지만 골드원이 자신보다 4% 열세라 독자 승리가 어렵고 한소는 16억달러 매입비를 되사려면 유보금을 소진해야 한다.","요세프와 백문수의 공개 접촉을 본 백민용은 골드원이 상대편에 붙을까 겁먹어 경제침체에도 차입해 지분을 사라고 명령한다.","한소 재무진은 대주주 지지표를 재확인하지만 백민용의 독선과 자금 무리가 내부 반감을 더 키운다.","협상/금융","요세프는 양쪽 모두에게 필요한 제3자가 되고 백민용은 회사를 지키려다 회사 현금을 태우는 모순에 빠진다.","백민용이 채권이든 은행 차입이든 골드원 지분 매입 자금을 만들라고 호통친다.","백문수와 첫 접촉","임시주총 표결과 골드원 지분 매입 압박","L14-F 솔라텍 클레임에서 골드원 한소 포위까지","high"
"255","255화","","31162","31284","백민용은 불황과 신용등급 위험에도 골드원 지분을 사기 위한 차입을 강요한다.","장대비 속 임시주총에서 숨겨 둔 합의서가 백민용의 성과 연설을 무너뜨린다.","요세프가 중립 대주주처럼 등장해 백민용의 독선과 보복성 인사를 공개 쟁점으로 만든다.","요세프는 백문수·박미경과 화기애애하게 인사하고 송동해가 전년 대비 반토막 이익과 미리내 솔라텍 150억원 합의서 사본을 주주들에게 뿌리게 한다.","한소는 직원 박수부대를 심고 백문수·박미경 해임안을 2호로 올렸으며 지분 약속상 표결 승리를 자신한다.","강혁이 요세프를 통해 넘긴 합의서가 백문수 측의 공격 자료로 사용돼 솔라텍 보상금이 백민용의 경영 무능 증거로 되돌아온다.","주주들이 술렁이고 백민용은 합의서를 흘린 범인으로 강혁을 직감한다.","명분/지배권","사적 복수의 비용이 비공개 손실에서 모든 주주가 보는 총수 자질 심판으로 전환된다.","백민용이 단상에서 김동채에게 강혁이 일부러 합의서를 흘린 것 아니냐고 묻는다.","임시주총 개회·합의서 폭로","요세프의 공개 발언과 이사 선임 표결","L14-F 솔라텍 클레임에서 골드원 한소 포위까지","high"
"256","256화","","31285","31391","한소 임원은 150억원이 에코시티 완공을 위한 돈이라 해명하지만 주주 반발이 커진다.","골드원의 한 표가 백민용의 보복 인사를 뒤집고 가족 경쟁자를 한소 본사 안에 박는다.","백민용의 해임안을 깨고 백문수·박미경을 이사회에 넣어 지배권 분쟁을 장기화한다.","요세프가 독선 경영을 비판하고 2호 해임안 폐기와 두 경쟁자의 상근이사 선임을 제안해 표결에 부친다.","30% 가까운 연기금이 대선 전 도덕성 논란을 부담스러워해 약속한 백민용 지지 대신 기권한다.","찬성 37%·반대 30%·기권 33%로 예상과 달리 골드원 안이 통과되고 백민용이 폐회도 전에 퇴장한다.","백문수·박미경이 본사 이사로 복귀하고 요세프는 두 사람의 신뢰를 얻은 뒤 강혁에게 지시대로 됐다고 보고한다.","권력/보상","백민용은 형제를 잘라낼 절대총수에서 골드원과 가족 이사가 매 결정을 감시하는 불안정 총수로 추락한다.","회의실로 돌아간 백민용이 임원들을 질책하고 윤석원이 애초 인사안이 무리였다고 맞선다.","골드원 임시주총 승리","백민용의 내부 폭발과 다음 경영권 반격","L14-F 솔라텍 클레임에서 골드원 한소 포위까지","high"
"257","257화","","31392","31518","임시주총 패배 뒤 백민용은 골드원의 캐스팅보트가 살아 있는 한 경영권이 계속 흔들린다는 사실을 깨닫는다.","강혁이 대선 전 연기금 공백이라는 짧은 창 안에 한소 지분을 가장 비싸게 처분하고 새 현장으로 이동한다.","골드원의 투자 차익을 확정할 매각 경쟁을 붙이는 한편 아덴 지부의 긴급 의뢰를 직접 점검한다.","강혁은 요세프에게 양쪽을 만나 더 비싼 쪽에 팔라 하고 요세프는 윤석원에게 원가 16억달러인 지분을 26억달러에 제시한 뒤 백문수도 살 수 있다고 압박한다.","윤석원은 19억달러 이상을 즉답하지 못하고 대선 뒤 연기금이 복귀하면 골드원의 협상력이 사라질 수 있다.","표결 승리를 끝으로 보지 않은 강혁은 공개된 양 진영의 공포를 매각 경쟁으로 바꾸고 곧바로 예멘 아덴으로 날아간다.","요세프가 한소 양측에 가격 경쟁의 불씨를 놓고 강혁은 고동현 지부장에게 새 사고 보고를 명한다.","금융/진로","강혁의 역할이 한소 심판자에서 차익을 결산하는 투자자로 옮겨가고 서사는 국내 경영권전에서 아프리카 현장으로 급전환한다.","아덴항과 대호가드 지부가 등장하며 소말리아 해역 피랍 사건이 열릴 채비를 한다.","임시주총 표결 공작","한소 지분 매각 경쟁·소말리아 긴급 의뢰","L14-G 한소 캐스팅보트 매각과 소말리아 호출","high"
"258","258화","","31519","31656","아덴에서 고동현은 3만 톤급 화물선 씨스타 7호가 보사소 해적에게 피랍됐고 화물에 고농축우라늄이 있다고 보고한다.","22시간 안에 핵물질을 회수해야 하는 의뢰의 함정과 부하 목숨의 값을 확인한다.","일본·미국이 떠넘긴 실패 가능성 높은 작전을 받을지 결정할 수 있도록 적·화물·지원 조건을 파악한다.","선원 내부 배신을 추론하고 일본의 몸값 협상 실패와 미국의 무인기 침몰 계획을 짚은 뒤 성급히 의뢰를 받은 고동현을 꾸짖고 CIA 발크와 직접 담판한다.","미국은 자국군 투입의 정치적 후폭풍을 피하려 대호가드를 총알받이로 쓰려 하며 거절하면 보호 관계를 재검토하겠다고 압박한다.","강혁은 감정적으로 끊지 않고 한 시간의 숙고 시간을 얻고 보사소 항 위성사진·해적 2천~3천 명·분리 수용된 선원을 확인한다.","화물선 경비는 10~20명뿐이지만 문제가 생기면 해적 도시 전체가 몰려올 수 있다는 작전 지형이 제시된다.","의리/압박","강혁은 CIA 보호에 기대는 사업가의 한계와 직원 생명을 책임지는 지휘관의 의무 사이에서 선택을 강요받는다.","일본은 선원보다 핵물질만 되찾아도 된다는 조건을 내세우고 인질 명단 확인이 남는다.","HEU와 미국 공습 데드라인 확인","인질 국적·강혁의 수락 여부","L14-H 씨스타 7호 핵물질 구출 결단","high"
"259","259화","","31657","31788","씨스타 7호 선원들이 화물선과 떨어진 건물에 갇혀 있고 일본은 어려우면 배만 되찾아도 된다고 한다.","버려질 외국인 선원과 한국인 두 명까지 살리기 위해 위험한 의뢰를 주도권 있는 계약으로 바꾼다.","20시간 반 안에 인질과 고농축우라늄을 모두 확보할 30명 구출작전을 준비한다.","한국인 항해사·기관사를 확인한 뒤 보수를 1100만달러에서 선불 5000만달러로 올려 수락하고 한국 출신 정예 두 팀을 꾸려 직접 지휘해 미 강습상륙함 바탄으로 이동한다.","보사소에는 수천 해적이 있고 북한 출신 대원은 민감한 핵물질 때문에 배제되며 미국은 컨테이너 수색 첩보로 공습을 오전 6시까지 당겨 남은 시간을 14시간으로 줄인다.","일본이 요구액을 즉시 송금하고 CIA가 씨호크·LCAC·장비를 제공하자 강혁은 실패해도 부담 없는 용병 취급을 역으로 완전한 작전 지원으로 전환한다.","비가 내리는 밤 20시 강혁과 대원들이 장비를 점검하고 씨호크 세 대 앞에서 인질과 물건을 모두 되찾겠다고 출동한다.","의리/지휘","강혁은 돈과 미국의 협박 때문만이 아니라 한국인과 외국인 선원을 버리지 않기 위해 현장 지휘를 택한다.","데드라인 10시간 전 씨호크가 바탄함에서 보사소로 출격한다.","5000만달러 선불·미군 지원 확보","보사소 야간 침투와 양쪽 목표 동시 구출","L14-H 씨스타 7호 핵물질 구출 결단","high"
"260","260화","","31789","31912","강혁의 씨호크 편대가 비 내리는 보사소 외곽에 내려 인질 건물과 씨스타 7호를 향해 나뉜다.","해적이 고농축우라늄의 정체를 알기 전에 무경보로 경계를 제거하고 두 목표에 동시에 진입한다.","알파팀은 선원을 확보하고 브라보팀은 화물선과 핵물질을 장악한다.","강혁은 대원들에게 살아 돌아오면 두바이에서 술을 사겠다고 결속을 다지고 저격수로 외곽 보초를 제거한 뒤 섬광탄과 소음무기로 숙소를 급습한다.","해적 두목 로체는 알카에다 중간책 아사프 알쿠타지와 컨테이너 하나를 200만달러에 넘기기로 해 다음 날 아침 핵물질이 테러조직으로 빠질 거래를 맺는다.","독자가 아는 핵 거래 시계와 대원들이 모르는 현장 시계가 겹치지만 비와 기습으로 첫 경계선은 소리 없이 무너진다.","알파팀이 2층 건물 내부 해적들을 사살하며 인질 수용 공간으로 깊숙이 들어간다.","행동/시간","협상·금융을 다루던 강혁의 목소리가 현장에서 농담으로 공포를 누르고 직접 방아쇠를 당기는 전투 지휘관으로 돌아온다.","건물 안 총성이 언제 항구 전체와 화물선 경비를 깨울지 모르는 상태에서 소탕이 계속된다.","보사소 침투·외곽 경비 제거","인질 확보와 화물선 동시 장악·알카에다 거래 차단","L14-I 보사소 야간 동시구출전","high"
"261","261화","","31913","32055","알파팀은 인질방의 선원들과 한국인 김철민·박철을 찾지만 폭발음에 깨어난 해적 떼가 건물을 포위한다.","인질과 핵물질을 따로 빼내면서도 현장에 남은 부하와 함께 끝까지 후퇴로를 지킨다.","브라보팀의 LCAC 반출이 끝날 때까지 시선을 끌고 모든 인질을 착륙지점으로 이동시킨다.","길목 C4를 폭파해 추격대를 늦추고 브라보팀은 화물선 크레인으로 HEU 컨테이너만 LCAC에 옮긴 뒤 배를 폭파해 철수한다.","알쿠타지가 거래 물건을 향해 부두로 달려가고 알파팀에는 AK와 RPG로 무장한 해적이 계속 불어난다.","강혁의 통째 화물선 탈환 대신 컨테이너 고속 반출 계획이 성공해 핵물질은 먼저 공해로 빠져나간다.","강혁은 먼저 빠지라는 최광철의 제안을 거절하고 대원들과 사격선을 지키다 미군 코브라의 로켓·20mm 기관포 지원을 받는다.","행동/의리","강혁은 구출 대상과 부하를 뒤에 두지 않는 지휘관으로 행동하고 작전의 핵심 물건은 현장 기지로부터 분리된다.","해적 두목 로체가 직접 추격에 나선 가운데 인질을 태울 치누크 착륙이 임박한다.","인질 발견·HEU 컨테이너 반출","알파팀 육상 탈출·로체의 추격","L14-I 보사소 야간 동시구출전","high"
"262","262화","","32056","32186","코브라 지원으로 알파팀이 착륙지점에 도착하고 첫 치누크에 인질과 부상병을 태운다.","부하보다 먼저 떠나지 않겠다는 선택을 지키면서 두 번째 수송편으로 전원을 철수시킨다.","남은 대원들을 치누크에 태워 보사소 포위망을 벗어난다.","강혁은 남는 자리가 있어도 부상병부터 보내고 최광철 등과 두 번째 헬기를 기다린다.","로체 측 RPG가 눈앞의 두 번째 치누크를 격추해 미군 승무원 세 명이 전사하고 예비 시호크에는 공격헬기 호위가 없다.","CIA는 HEU를 이미 확보했다는 이유로 위험을 더 지지 않으려 하고 멀래리 함장은 코브라 재무장까지 최소 30분을 요구한다.","고동현이 깁스 멱살을 잡고 배신을 규탄하지만 강혁과 대원들은 해적 포위 속에 고립된다.","의리/위기","부하와 함께 남은 강혁의 의리는 가장 위험한 대가를 치르고 미국 지원 관계의 냉정한 거래성이 드러난다.","호위 없는 시호크 투입이 거부되어 알파팀이 30분을 버티거나 다른 탈출로를 찾아야 한다.","인질 선행 철수","치누크 격추·알파팀 고립","L14-I 보사소 야간 동시구출전","high"
"263","263화","","32187","32310","구출헬기 재투입이 30분 뒤로 밀리자 강혁은 포위된 착륙지점에서 플랜 B를 발동한다.","앉아 죽기를 기다리지 않고 구축함 함포가 만드는 화력터널을 대원들과 직접 달려 통과한다.","그리들리함 5인치 함포 사격을 길로 삼아 북서쪽 해안 탈출지점까지 이동한다.","강혁은 3분 뒤 움직일 좌표를 불러주고 대원 한 명씩 눈을 맞춰 결의를 다진 뒤 포격 개시 2분에 선두로 돌진한다.","10초마다 바뀌는 탄착 좌표가 어긋나면 아군이 몰살하며 완전군장·부상병·해적 추격이 행군 속도를 깎는다.","대원들은 공포를 농담과 군대 기백으로 눌러 대열을 유지하고 로체 추격대는 함포 포격에 절반 이상을 잃는다.","민간 피해를 줄이기 위한 경계선을 통과하자 함포 지원이 멎고 지친 대원들이 마지막 해안 구간으로 들어선다.","행동/결속","강혁과 대원들은 돈으로 묶인 용병이 아니라 서로의 부상과 군장을 나눠 지는 전우 공동체로 선명해진다.","화력터널 밖에서 살아남은 로체가 추격을 재개해 마지막 교전 가능성이 열린다.","함포 화력터널 돌파","지원 종료 뒤 해안까지 자력 돌파","L14-I 보사소 야간 동시구출전","high"
"264","264화","","32311","32464","해안을 앞둔 강혁 일행이 로체의 잔여 해적 스무 명과 정면으로 맞닥뜨린다.","탄약과 체력이 바닥난 상태에서도 부상자를 버리지 않고 마지막 차단선을 뚫는다.","유탄·수류탄 돌격으로 술집 진지를 제압하고 시호크 두 대에 전 대원을 태운다.","강혁은 M203 유탄과 남은 수류탄을 한꺼번에 투사한 뒤 선두에서 돌격하고 총상자의 지혈을 직접 확인해 일으켜 세운다.","부상병이 다섯이고 탄약이 거의 없으며 로체 잔당이 다시 몰려오면 버틸 수 없다.","코브라 두 대가 재등장해 해안을 엄호하고 강혁은 부상병을 먼저 태운 뒤 마지막으로 시호크에 올라 술 약속을 재확인한다.","폐허가 된 보사소에 남은 로체는 복수를 맹세하지만 알쿠타지가 돈 반환을 거부한 그와 로메로를 사살해 추격선까지 닫는다.","행동/결산","강혁은 인질·핵물질·대원을 함께 회수하고 그의 현장 의리가 탈출 순서와 부상자 돌봄이라는 행동으로 결산된다.","아덴 귀환과 미·일 의뢰 결산 뒤 한소 지분 매각·개인 관계 진로가 다시 기다린다.","인질·HEU·대원 전원 탈출·로체 사망","작전 사후 보상과 다음 삶의 선택","L14-I 보사소 야간 동시구출전","high"
"265","265화","","32465","32595","보사소 작전 부상자들이 아덴 시립병원에 입원하고 한국에서는 한소 경영권전으로 주가가 치솟는다.","전우의 치료·보상을 끝까지 책임지는 동시에 골드원 지분을 백민용에게 최고가로 떠넘길 순간을 잡는다.","부상자 후송을 준비하고 한소 양 진영의 자금 경쟁을 이용해 골드원 지분 매각을 성사시킨다.","강혁은 부상자 전세기·치료비와 1인당 2억원 보너스를 지시하고 귀국한 뒤 수영과 영화 데이트 중 요세프의 협상 개시 보고를 받는다.","백문수·박미경 측이 오성그룹 자금까지 끌어오자 백민용은 주가 고점에서 자기 주식을 담보로 최대 대출을 받아야 한다.","강혁의 주주권 언론전이 양측을 지분 매입 경쟁으로 몰고 윤석원이 마침내 요세프에게 먼저 면담을 청한다.","평범한 영화관에서 수영과 팝콘을 고르는 강혁에게 요세프가 백민용이 백기를 들었다고 전화한다.","결산/관계","전투 책임은 부상자 보상으로 닫히고 강혁은 연인과 일상을 보내면서도 한 통의 전화로 재벌 전쟁을 지휘한다.","요세프가 백민용의 돈가방을 얼마나 털어올지가 다음 협상 쟁점이 된다.","소말리아 부상자 보상·후송 준비","골드원 지분 최종 매각 협상","L14-J 골드원 엑시트와 한소 삼분","high"
"266","266화","","32596","32741","윤석원과 이승렬이 기존 26억달러 제안을 받아들이러 호텔로 오지만 요세프는 오른 주가를 반영해 30억달러를 요구한다.","백민용의 재기 자금까지 소진시키며 골드원 투자 차익을 확정하고 다음 함정을 작동시킨다.","각 7% 한소 지분을 30억달러에 팔아 백민용에게 부채와 고점 주식만 남긴다.","요세프는 한 푼도 깎지 않고 협상을 버티며 30억달러 계약을 체결하고 강혁은 수영과 데이트 뒤 회장실에서 결과를 받아 축배를 약속한다.","백민용은 대출만으로 돈이 부족해 선대의 내부거래 비자금까지 털어야 하고 매각 뒤에도 한소그룹이라는 실물 권력이 남는다.","강혁은 단순 해임보다 재기 기반을 말리는 편이 효율적이라고 피케에게 설명하며 며칠 뒤의 주가 붕괴를 예고한다.","대금 송금과 지분 이전 직후 골드원 매각 소식이 증권가에 퍼져 한소 주가가 20분 만에 8% 이상 폭락한다.","금융/복수","강혁은 원금 외 20억달러 차익을 얻고 백민용은 승리했다고 믿는 순간 현금 없는 고점 차입자로 바뀐다.","매물이 10만 주 넘게 쌓이며 한소의 주가·채무 함정이 본격화한다.","골드원 30억달러 엑시트","한소 주가 폭락과 숨은 후속 타격","L14-J 골드원 엑시트와 한소 삼분","high"
"267","267화","","32742","32844","골드원 지분을 떠안은 직후 한소 주가가 이틀 연속 급락하고 UAE 42억달러 석유터미널 입찰 자격까지 박탈된다.","백민용이 빚으로 산 지분의 가치를 무너뜨리고 반대파가 계열사를 떼어낼 수 있는 자금·명분의 창을 연다.","채권 실패와 현금출자로 한소의 유동성을 고갈시킨 뒤 백문수·박미경의 계열분리를 성사시킨다.","강혁은 실제 뇌물 수사 발표 시점만 조절해 주가 충격을 키우고 요세프는 반대파에 저가 매수 시점을 미리 알려준다.","주가가 최고가 대비 40% 빠지고 1조원 채권은 10%도 팔리지 않아 백민용은 한소건설에 계열사 현금 1조5000억원을 억지 출자한다.","백문수·박미경은 그 부당 출자를 명분으로 임시주총을 통과시켜 금융·유통 계열을 각각 가져가고 한소를 실질적으로 세 그룹으로 분해한다.","백민용은 골드원을 배후로 의심해 최수혁에게 뒷조사를 명하고 강혁은 20억달러 차익을 들고 가족과 블라디보스토크로 떠난다.","권력/결산","백민용의 한소 독점은 금융·유통·잔여 산업군으로 갈라지고 가족 간 정은 복수심만 남긴 채 철천지원수 관계가 된다.","골드원 실소유주 추적과 강혁의 러시아 가족여행·현지 조직 점검이 동시에 열린다.","한소 3분할·골드원 투자 결산","백민용의 배후 추적·러시아 현지 문제","L14-J 골드원 엑시트와 한소 삼분","high"
"268","268화","","32845","32955","강혁은 부모·여동생·수영을 데리고 블라디보스토크 중앙광장과 관광지를 돌며 첫 가족 해외여행을 보낸다.","사업 때문에 미뤄온 가족 시간을 되찾는 동시에 자신이 세운 연해주 질서의 균열을 바로잡는다.","가족에게는 아들·연인으로 머물고 카지노 현장에서는 삼합회 재침투를 막을 조직 책임자로 복귀한다.","부모와 산책하며 앞으로 가족 시간을 늘리겠다고 다짐한 뒤 수영에게 가족을 맡기고 카지노에서 박종석·톨레바의 사업 보고를 받는다.","중국 노동자 유입을 타고 삼합회가 소규모 작업장의 조합 통제를 깨며 세를 다시 불리고 현지 간부들은 문제를 안이하게 다뤘다.","강혁은 임금의 10%만 받으라는 착취 금지 원칙과 연해주에서 삼합회를 쓸어내라는 폭력적 영토 원칙을 한 자리에서 동시에 선언한다.","톨레바가 행동대장 고르비를 빈민촌으로 불러 강혁의 축출 명령을 실행하기 시작한다.","가족/조직","관광지의 다정한 아들과 카지노에서 모두를 얼어붙게 하는 보스라는 강혁의 두 얼굴이 같은 도시에서 선명하게 교대한다.","톨레바의 삼합회 소탕 방식과 이에 대한 중국 조직의 반격이 다음 국면을 연다.","한소 경영권전 종료·가족여행 시작","연해주 삼합회 축출 작전","L15-A 블라디보스토크 가족여행과 삼합회 축출령","high"
"269","269화","","32956","33122","톨레바·박종석의 행동대가 블라디보스토크 삼합회 거점들을 동시에 기습한다.","가족을 현지 조직전에서 떼어놓고 자신이 세운 연해주 통제권을 단숨에 복구한다.","용천단 기반을 파괴하고 가족 여행을 안전한 유럽 일정으로 전환한다.","고르비가 상하이 술집을 전멸시켜 시신과 건물을 불태우고 부두 목재창고 등 여러 거점을 같은 밤 공격한다.","용천단 보스 홍레이는 별장에 있어 살아남고 벌목장으로 병력을 모아 반격을 준비한다.","강혁은 전쟁을 명령했지만 가족이 휘말리지 않도록 이튿날 모스크바를 거쳐 유럽으로 떠나는 보호 선택을 한다.","새 장 ‘탐욕과 열등감’에서 백민용이 필리핀의 노철기로부터 10억원 추가 요구를 받고 반복 협박의 위험을 깨닫는다.","영토/가족","연해주 조직전은 강혁의 질서 회복으로 시작되지만 그는 가족 앞에서는 전쟁보다 거리 확보를 먼저 택한다.","백민용이 자신을 협박하는 부친·형 살해 공범 노철기를 없애기로 마음먹는다.","삼합회 거점 기습·가족 안전 이동","홍레이 반격·노철기 입막음","L15-A 블라디보스토크 가족여행과 삼합회 축출령","high"
"270","270화","","33123","33267","백민용은 계속 돈을 요구할 노철기를 시한폭탄으로 보고 최수혁에게 살해를 지시한다.","강혁이 백건호 부자 죽음의 직접 증인을 잃고도 백민용의 아킬레스건을 계속 추적할 근거를 얻는다.","노철기 제거의 배후를 확신하고 살인 교사 증거 수집을 중단하지 않는다.","최수혁은 세부에서 스페츠나츠 출신 해결사 니콜라이를 고용하고 니콜라이는 리조트 방갈로의 노철기와 부하 셋을 5분 만에 사살한다.","현금·귀중품이 남은 원한 살인이라 필리핀 경찰이 수사하지만 노철기라는 증인은 영원히 입을 닫고 국내 사건도 단순 교통사고로 종결될 가능성이 크다.","파리 가족여행 중 보고를 받은 강혁은 증인 제거 자체가 백민용 개입의 강한 정황이라고 읽고 피케에게 물증을 찾을 때까지 파고들라 한다.","명품 쇼핑 뒤 지친 강혁은 팩소주를 혼자 사 온 아버지에게 한 모금도 얻지 못하는 가족 일상으로 돌아간다.","범죄/관계","백민용은 공범까지 죽여 가족살해의 선을 넘고 강혁은 사적 의심을 장기 정보전으로 전환한다.","귀국 뒤 두 달 남은 대통령 선거와 백민용의 정치권 베팅이 새 대결장이 된다.","노철기 패거리 전원 사망","백건호 부자 살인 물증 추적·대선 정국","L15-B 노철기 입막음과 5000억 대선 비자금","high"
"271","271화","","33268","33371","가족여행을 마치고 귀국한 강혁은 여당 경선과 야권 단일화가 맞붙은 대선 판세를 차문호와 점검한다.","정치권 어느 쪽에도 휘둘리지 않을 최소한의 보험을 들고 백민용의 위험한 단일 베팅을 감시한다.","각 정당에 균형 후원하되 기존 인연인 차기훈에게 힘을 더하고 한소가 선택한 후보와 거래 배경을 파악한다.","강혁은 각 정당에 30억원씩, 차기훈에게 20억원을 추가 후원하고 차문호에게 백민용이 김상진과 자주 접촉한다는 보고를 받는다.","여당은 차기훈 30%·김상진 21%, 야권 목진원 34%, 부동층 15%의 혼전이고 현 대통령 전노민이 친형 비리 갈등 때문에 차기훈 대신 김상진을 밀고 있다.","강혁은 불이익을 피할 분산 전략을 택하지만 백민용은 청와대의 파격 특혜 약속을 받고 김상진 한 사람에게 그룹 운명을 건다.","애락원에서 청와대와 거래한 백민용이 임원들 앞에서 김상진 지지를 확정하고 이승렬에게 선거자금 준비를 지시한다.","정치/선택","강혁의 신중한 보험과 백민용의 탐욕 섞인 올인 선택이 같은 대선 판에서 대비된다.","한소가 감당하기 어려운 규모의 비자금을 얼마·어떻게 조성할지가 비밀 지시로 넘어간다.","가족여행 귀국·대선 후원 방향 설정","한소의 김상진 올인과 불법 선거자금","L15-B 노철기 입막음과 5000억 대선 비자금","high"
"272","272화","","33372","33500","백민용은 유동성이 마른 한소에 일주일 안에 현금 5000억원의 김상진 선거자금을 만들라고 지시한다.","상대가 스스로 회사를 말아먹는 선택에는 개입하지 않되 자신을 다시 겨냥하는지 감시한다.","한소 내부 정보망으로 자금 조성과 청와대 거래를 추적하고 직접 공격 여부를 결정한다.","대호가드 첩자 문홍성이 어음 할인·결제대금 부풀리기 계획을 차문호에게 넘기고 강혁은 감시 지속만 명한 채 선제 타격을 보류한다.","백민용은 청와대 압력으로 한도 초과 신용대출 1조원을 받고 박석빈 비서실장에게 사외이사 자리·현금 가방을 주며 금융 질서와 계열사 존립을 함께 위태롭게 한다.","애락원 술상에서 박석빈이 미리내·백문수·박미경 회사에 국세청 세무조사를 넣겠다고 약속해 백민용의 정치 베팅이 강혁을 직접 건드리는 복수로 바뀐다.","차문호가 1조원 대출 배후가 박석빈이라고 밝힌 뒤 강혁에게 추가 악재를 보고하려 한다.","정보/경계","강혁의 ‘건드리지 않으면 놔둔다’는 선이 백민용의 권력 청탁 때문에 무너지기 직전이 된다.","국세청 세무조사 통보가 오면 강혁이 대선 비자금과 청와대 비리를 역공 카드로 쓸 수 있다.","5000억원 비자금 조성 포착","박석빈의 세무조사 청탁·강혁 재개입","L15-B 노철기 입막음과 5000억 대선 비자금","high"
"273","273화","","33501","33647","박석빈 압력으로 미리내와 한소 분리 계열사들에 특별 세무조사가 예고된다.","정치권의 보복성 조사에서 회사를 지키고 백민용이 건드린 만큼 직접 보상받는다.","회계상 약점을 선제 점검해 조사 피해를 막고 이틀 뒤 이동할 5000억원 비자금 수송을 노린다.","차문호의 국세청 정보로 임원회를 소집하고 조사에 대비한 뒤 피케에게 입 무거운 대호가드 대원 열 명을 준비시키라 한다.","국세청 직원들이 점령군처럼 본사를 뒤지며 임직원을 장시간 압박하고 백문수·박미경 계열사는 백민용이 넘긴 내부자료로 탈세가 대거 적발된다.","이중장부 없이 운영한 미리내에서는 사소한 지적밖에 나오지 않아 백민용의 권력 공격이 실질 피해 없이 실패한다.","강혁은 세무조사 영업방해의 보상금으로 백민용의 대선 비자금 자체를 빼앗겠다고 결심한다.","대결/명분","강혁의 방어적 중립은 자신과 직원들이 직접 공격받자 행동적 보복으로 전환된다.","도시은행 금고에서 현금 5000억원을 꺼내는 한소 TF의 주말 수송이 시작된다.","미리내 세무조사 방어","5000억원 현금 트럭 탈취 계획","L15-C 강변북로 5000억 탈취전","high"
"274","274화","","33648","33804","사과상자 백 개가 넘는 현금 5000억원을 실은 5톤 트럭이 호위 차량과 강변북로를 달린다.","백민용·청와대의 불법 선거자금을 공개 증거 없이 가로채며 김상진의 경선 자금줄을 끊는다.","3~4분 안에 무장 호위를 제압해 현금 트럭을 통째로 탈취한다.","문홍성의 위치 정보에 맞춰 덤프트럭 두 대로 호위차를 들이받고 강혁·피케가 직접 권총 사격으로 무장 경비를 제압한 뒤 트럭을 몰고 달아난다.","사설 경비 책임자가 러시아제 권총을 발사하고 서울 한복판 사고·총성으로 경찰 신고가 즉시 들어가며 한소 직원 사상자가 생긴다.","안전벨트를 미리 맨 문홍성은 살아남고 강혁 측은 현금 트럭을 확보해 백민용의 권력 거래를 물리적 강탈로 되갚는다.","백민용은 박석빈에게 사고를 고백하고 청와대는 언론·경찰을 막는 대신 국정원장 서수호를 추적에 투입한다.","행동/복수","기업인 강혁이 국내 도심에서도 직접 총을 드는 강탈 지휘관으로 돌아오며 백민용과의 싸움이 국가기관까지 끌어들인다.","국정원이 프로들의 흔적을 좇는 동안 현금 환적·증거 소각이 남는다.","5000억원 트럭 확보","현금 은닉·국정원 추적","L15-C 강변북로 5000억 탈취전","high"
"275","275화","","33805","33940","강혁 일행은 버려진 공장에서 5000억원을 택배 봉고 여섯 대로 환적한다.","탈취금을 안전하게 숨기고 직접 가담한 대원과 흔적을 모두 국정원 수사망 밖으로 빼낸다.","트럭·공장을 태운 뒤 여러 차례 차량을 바꿔 현금을 양평 별장에 은닉한다.","컨베이어까지 준비해 10분 안에 돈을 옮기고 경찰 무전을 도청하며 공장에 휘발유를 뿌려 불태운다.","현금 수취 실패를 숨기려는 청와대도 경찰을 통제하지만 서수호의 국정원 정예팀은 CCTV 봉고를 좇아 과천까지 추격한다.","서수호는 백민용에게 뺏긴 돈을 찾아주겠다고 약속하는 동시에 대통령 지시라며 남은 1조원 대출금으로 즉시 선거자금을 다시 채우라 강제한다.","강혁은 가담자 열 명을 1인당 5억원과 함께 마이애미 지사로 내보내며 내부 입단속을 시작한다.","은닉/압박","강혁은 탈취에 성공하지만 백민용과 청와대의 결탁은 국정원 수사와 두 번째 자금 수송으로 더 깊어진다.","병원에 남은 내부정보원 문홍성을 빼내야 하고 국정원보다 먼저 꼬리를 끊어야 한다.","5000억원 양평 은닉","문홍성 탈출·두 번째 선거자금 수송","L15-C 강변북로 5000억 탈취전","high"
"276","276화","","33941","34055","청와대는 강탈 사건을 5000만달러 반도체 트럭 강도로 위장 보도하고 한소·경찰은 병원 환자들을 감시한다.","작전에 결정적이었던 내부정보원을 약속대로 가족과 함께 살려 보내고 두 번째 비자금 흐름을 확인한다.","문홍성의 신분을 지워 중국으로 탈출시키고 청와대가 확보한 경선 자금의 다음 대응을 정한다.","차문호는 병원 뒷문에서 문홍성을 빼내 가짜 여권·해외계좌·치료비를 주고 중국 톈진행 배에 태운다.","문홍성 실종은 내부 배신을 드러낼 수 있고 백민용은 남은 대출금을 국정원 호위로 다시 청와대에 전달한다.","국정원 수배 전 문홍성과 가족이 국외로 빠져나가 강혁의 사람을 쓰고 책임지는 거래 원칙이 지켜진다.","새벽 러닝을 마친 강혁은 두 번째 자금 전달로 탈취작전이 절반의 성공에 그쳤고 김상진 당선 시 보복이 계속될 것이라 판단한다.","의리/정치","강혁은 첩자를 소모품으로 버리지 않지만 불법자금의 정치적 목적을 막지 못해 싸움이 경선 개입으로 확대된다.","차기훈과 김상진의 여당 경선에서 누구를 밀어야 할지 선택해야 한다.","문홍성·가족 국외 탈출","김상진 경선자금 확보와 강혁의 후보 선택","L15-C 강변북로 5000억 탈취전","high"
"277","277화","","34056","34180","한소 자금을 받은 김상진이 강원·제주 경선에서 돈봉투와 조직 동원으로 차기훈을 앞선다.","마음에 들지 않는 비리 정치인이라도 백민용과 손잡은 후보가 권력을 잡는 최악을 막는다.","김상진의 이미지를 훼손하고 자금난에 빠진 차기훈에게 직접 힘을 보탠다.","강혁은 해외 경로로 김상진 비리 자료를 인터넷에 뿌리라 한 뒤 부산 호텔에서 차기훈에게 현금 50억원을 건넨다.","김상진 자료는 의혹·정황 수준이라 결정타가 아니고 청와대·국정원이 추적하면 미리내까지 위험해진다.","선제 개입을 꺼리던 강혁은 여당 후보 확정 전 마지막 창을 택해 돈·정보 양쪽에서 차기훈의 숨통을 튼다.","강혁은 차기훈에게 김상진 캠프 자금의 출처가 한소라는 사실까지 밝힐 준비를 한다.","정치/선택","강혁은 좋은 후보를 고른 것이 아니라 자신과 조직의 생존을 위해 덜 위험한 권력과 동맹하는 현실적 선택을 한다.","차기훈에게 백민용의 배신을 알려 둘 사이를 원수로 만들 공작이 이어진다.","경선 개입 결심·50억원 지원","한소 자금 폭로·김상진 비리 확산","L15-D 김상진 낙마 공작과 결혼 결단","high"
"278","278화","","34181","34296","강혁은 차기훈에게 김상진 캠프의 거액이 백민용에게서 나왔다고 흘린다.","차기훈·백민용의 오랜 정경 유착을 적대 관계로 바꾸고 경선 판을 흔든 뒤 흔적을 지운다.","김상진의 상승세를 꺾고 청와대와 한소가 서로 다른 적을 의심하게 만든다.","50억원을 받은 차기훈의 배신감을 자극해 백민용과 등을 돌리게 하고 필리핀에서 김상진 의혹 자료를 올려 삼중 경로로 작업자를 해산시킨다.","국정원이 게시물을 신속히 차단하고 실제 배후 대신 차기훈을 범인으로 오인하지만 후보들이 TV토론에서 서로 비리를 폭로해 여당 전체가 추락한다.","직접 폭로의 효과는 작았으나 오인이 만든 흙탕물 싸움으로 목진원 지지율이 오르고 김상진·차기훈 모두 대선 경쟁력이 손상된다.","여론 악화에 몰린 전노민이 서수호의 제안대로 차기훈에게 대통령 후보를 주고 당권은 자신이 갖는 타협을 검토한다.","공작/권력","강혁의 제한적 정보공작이 경쟁자들의 오해를 타고 권력연합 자체를 재편하는 연쇄효과를 낳는다.","청와대가 김상진을 버리고 차기훈과 손잡을지, 강혁이 의도한 경선 결과가 나올지 남는다.","차기훈-백민용 결별·여당 흙탕물 경선","전노민-차기훈 권력 타협","L15-D 김상진 낙마 공작과 결혼 결단","high"
"279","279화","","34297","34421","여당 분열로 정권을 잃을 위기에 처한 전노민이 차기훈과 권력을 나누는 서수호의 타협안을 받아들인다.","위험한 김상진-백민용 연합을 후보 자리에서 밀어낸 뒤 자신의 미뤄온 삶의 선택에도 답한다.","차기훈을 여당 후보로 확정시키고 수영과 마리아 사이에서 결혼 진로를 결정한다.","서수호는 국정원 안가에서 차기훈에게 대통령 후보·비자금을 주는 대신 전노민의 당권을 보장받아 김상진 사퇴와 차기훈 선출을 끌어낸다.","차기훈도 비리 정치인이며 전노민의 퇴임 후 권력욕과 결탁했지만 강혁에게는 백민용과 손잡은 김상진보다 덜 직접적인 위협이다.","김상진이 사퇴하고 차기훈이 여당 후보가 되자 정치 국면은 닫히며 아버지의 결혼 재촉이 강혁의 사적 유예를 끝낸다.","밤새 고민한 강혁은 수영과 결혼하기로 결론 내고 먼저 콜롬비아의 마리아를 찾아간다.","진로/관계","외부 권력 선택을 끝낸 강혁은 수영을 사랑하면서 마리아도 놓지 못해 미뤄온 관계의 대가를 당사자에게 직접 말해야 한다.","강혁이 마리아에게 결혼 사실을 어떻게 고백하고 두 관계가 어떤 형태로 남을지 열린다.","차기훈 여당 후보 확정","수영과 결혼 결단·마리아 고백","L15-D 김상진 낙마 공작과 결혼 결단","high"
"280","280화","","34422","34555","콜롬비아에서 강혁은 마리아에게 한국인 수영과 결혼한다고 말한다.","마리아를 버리지 않으면서 수영에게 약속한 결혼을 실제 삶의 진로로 확정한다.","두 여성에게 각각 사실과 선택을 전하고 수영과 정식 부부가 된다.","강혁은 마리아와 가족이 저택에 계속 살며 자기 곁에 남을 수 있다고 약속한 뒤 귀국해 수영의 옛 놀이터를 촛불로 채우고 무릎 꿇어 청혼한다.","마리아는 언젠가 올 날이라 알면서도 눈물을 흘리고 수영은 강혁이 계속 유지하려는 다른 관계를 알지 못한다.","마리아는 떠날 기회를 거절해 곁에 남고 수영은 다이아 반지를 받으며 즉시 청혼을 수락한다.","양가는 5월 프랑스 교외 고성 호텔 성당에서 결혼식을 올리기로 하고 강혁과 수영이 축복 속에 부부가 된다.","관계/진로","강혁은 수영을 공식 배우자로 선택하면서도 마리아를 비공식 동반자로 남기는 모순된 관계 질서를 확정한다.","프랑스 피로연과 신혼 첫날 뒤 부부의 새 일상 및 정치·사업 후속 문제가 기다린다.","마리아와 관계 존속·수영 청혼 수락","프랑스 결혼식과 신혼생활","L15-E 마리아 고백과 수영 프랑스 결혼식","high"
"281","281화","","34556","34684","프랑스 신혼 첫날과 카리브해 신혼여행 사이 한국 대선에서는 차기훈이 목진원을 10% 차로 꺾고 대통령에 당선된다.","수영과의 삶을 시작하는 동안 연해주를 건드린 삼합회 강경파가 중국 전체 권력을 잡는 새 위협에 대비한다.","결혼·대선 국면을 닫고 삼합회 회주 송시천 암살 시도의 배후를 파악한다.","강혁은 수영에게 매일 더 행복하게 하겠다고 약속하고 신혼여행을 떠나는 한편 상하이에서는 송시천이 정관계 인맥으로 고속철 공사를 노린 뒤 주차장 습격에 직접 총을 든다.","양제충의 자동화기 암살대가 앞뒤를 막아 경호원을 죽이고 송시천의 어깨를 관통시키며 조직 내부 배신이 현실화한다.","방탄 벤츠와 천태민의 엄호로 송시천은 포위망을 뚫고 탈출해 단순 암살을 전면 내전으로 바꿀 생존 여지를 만든다.","습격대가 송시천 차량을 뒤쫓고 송시천은 공격자 가운데 양제충의 행동대장 장민석을 알아본다.","권력/위기","강혁의 결혼과 차기훈 당선이라는 안정 결산 직후 중국 암흑가의 권력 공백이 새로운 외부 위험을 연다.","살아남은 송시천이 양제충의 반란에 어떻게 맞서고 강혁에게 도움을 청할지가 열린다.","수영 결혼·차기훈 당선","송시천 피습과 삼합회 내전","L15-F 송시천 피습과 양제충 제거 계약","high"
"282","282화","","34685","34821","어깨에 총을 맞은 송시천은 양제충의 배신을 확인하고 비밀 홍커우 안가로 숨는다.","신혼 일상에 복귀한 강혁이 과거 마카오 전우의 요청과 삼합회 내전 위험을 외면할지 선택한다.","송시천 측의 생존 기반과 양제충의 장악 속도를 파악하고 개입 조건을 듣는다.","송시천은 살아남은 방계에 반격을 명하고 양제충은 친위 간부들을 기습 제거해 본토 지도부를 자신의 사람으로 채운다.","양제충이 중국 본토를 빠르게 장악해 세계 화교 암흑가가 둘로 갈리고 송시천 쪽 핵심 14K도 공격받는다.","카리브 신혼여행 뒤 수영과 넥타이·아침 입맞춤을 나누던 강혁의 일상에 14K 임표의 면담 요청이 들어온다.","강혁은 마카오 인연을 이유로 임표를 만나 송시천의 전언을 듣기로 한다.","관계/전환","신혼 남편의 평온한 아침과 전 세계 조직전의 호출이 맞물려 강혁의 새 삶이 곧 기존 폭력 네트워크와 충돌한다.","임표가 송시천을 도와 양제충을 치는 대가를 제시할 차례다.","양제충의 본토 장악·신혼여행 귀환","송시천의 개입 요청과 대가 협상","L15-F 송시천 피습과 양제충 제거 계약","high"
"283","283화","","34822","34955","서울 호텔에서 임표는 송시천을 대신해 양제충 반란 진압을 요청한다.","즉각적 이익뿐 아니라 호전적인 양제충·왕국원·홍레이가 장차 자기 조직을 칠 위험까지 저울질한다.","개입의 정당성과 보상을 확보하고 송시천 편에 설지 결정한다.","강혁은 식구가 많다는 말로 위험 대가를 요구하고 임표는 중국 마약 수입 절반 구매와 마카오 MGM 카지노 10% 지분을 제안한다.","실패하면 거대 삼합회 전체와 원수가 되고 양제충은 이미 중국 본토 우위 세력을 가진 강적이다.","피케는 양제충 휘하에 과거 적 왕국원과 연해주를 친 홍레이가 있다며 선제 동맹의 전략적 필요를 설득한다.","조사 뒤 조직 간부들과 논의한 강혁이 제안을 수락해 전용기로 마카오의 송시천·창용을 만나러 간다.","동맹/선택","창용과 함께 싸운 의리와 막대한 사업 보상, 미래의 적 제거가 한 방향으로 모이며 강혁은 타 조직 내전에 개입한다.","마카오 대면에서 계약을 확정하고 양제충 제거의 구체적 임무를 받아야 한다.","임표의 공식 지원 요청","송시천 대면·양제충 암살 계약","L15-F 송시천 피습과 양제충 제거 계약","high"
"284","284화","","34956","35094","마카오 저택에서 송시천은 MGM 지분을 즉시 넘기고 양제충의 머리를 따 달라고 요구한다.","송시천·창용과 친구 관계를 맺되 양제충의 강한 경호와 본토 공안망을 뚫을 작전을 만든다.","상하이에서 양제충을 제거해 삼합회 내전의 지휘부를 무너뜨린다.","강혁은 지분 서류에 서명하고 술잔으로 동맹을 맺은 뒤 정예 스무 명·위조여권·현지 무기를 준비해 상하이 안가 세 곳을 정찰한다.","양제충은 방탄차와 경호원 스무 명을 거느리고 창용 저택에 암살대 서른 명을 보내며 마카오 구역전까지 확대한다.","가장 안전해 보이는 공안 고위층 관사 인접 안가가 오히려 방심을 찌를 장소라고 판단하고 비어 있는 옆집을 작전 거점으로 고른다.","강혁은 이경식을 불러 계획을 실행시키고 양제충은 장민석의 실패를 질책하며 14K 압박을 재촉한다.","계약/작전","강혁과 송시천은 고용관계를 넘어 술잔을 나눈 전략적 친구가 되고 강혁은 적지 심장부를 택하는 공격자로 선다.","빈 옆집을 이용해 양제충을 요새 밖으로 끌어낼 기만 작전이 시작된다.","MGM 지분 이전·양제충 제거 수락","상하이 안가 기만·매복","L15-F 송시천 피습과 양제충 제거 계약","high"
"285","285화","","35095","35235","양제충의 공안 관사 옆 안가를 감시하던 이경식 팀이 비어 있는 이웃 저택에 잠입한다.","철통 경호를 정면으로 뚫지 않고 화재를 사고처럼 꾸며 목표를 안전한 집 밖으로 끌어낸다.","도시가스·C4 폭발로 안가를 비우게 하고 이동 경로에서 양제충을 저격한다.","콜롬비아 대원을 관광객으로 위장 정찰시킨 뒤 가스밸브를 열고 가연물·폭약을 설치해 원격 폭파한다.","양제충 경호는 CCTV 15대와 인의 장막을 쓰고 출동 경찰·소방이 공안 관사 지역을 즉시 봉쇄한다.","불이 안가로 번지자 사고로 믿은 양제충이 창닝구 빌라로 이동하지만 경호원들이 몸을 가려 옥상 저격수는 발사하지 못한다.","첫 저격 기회를 놓친 가운데 양제충 차량 행렬이 다음 안가로 향한다.","기만/행동","강혁 팀은 민간 시설의 가스 화재까지 만드는 대담한 기만을 쓰지만 목표 경호의 숙련도 때문에 한 번에 끝내지 못한다.","이동 중 차량을 막을 두 번째 함정과 공안 출동 전에 빠질 시간 싸움이 이어진다.","양제충 안가 이탈 유도","차량행렬 2차 매복","L15-G 상하이 화재기만과 양제충 참수","high"
"286","286화","","35236","35391","창닝구로 이동하는 양제충 차량 행렬이 강혁 팀의 도로 매설 폭탄 구역에 들어온다.","송시천과 한 약속을 돈으로 뒤집지 않고 적지의 지휘부를 직접 참수해 전쟁을 끝낸다.","폭발·교차사격으로 경호대를 무너뜨리고 양제충 시신까지 회수해 상하이를 탈출한다.","차량들을 뒤집은 뒤 강혁이 피케 엄호 아래 측면을 돌아 남은 경호원을 사살하고 양제충의 손을 쏴 무장해제한다.","강혁도 왼쪽 어깨를 총알에 스치고 공안이 곧 몰려오며 양제충은 송시천보다 두 배를 주겠다고 회유한다.","강혁은 약속을 지킨다며 제안을 거절하고 달려드는 양제충의 머리를 쏜 뒤 배로 중국을 빠져나간다.","양제충 시신을 화물선으로 보내자 송시천이 전면 반격해 한 달 안에 쿠데타 세력을 정리하고 회주 자리를 되찾는다.","의리/보상","강혁은 더 큰 현금 제안보다 이미 맺은 동맹을 택해 송시천의 신뢰와 삼합회 전쟁의 결정권을 얻는다.","송시천이 약속한 마약 구매선 절반·MGM 지분을 실제로 이행할 결산이 남는다.","양제충 사살·시신 회수","삼합회 복권과 사업 보상","L15-G 상하이 화재기만과 양제충 참수","high"
"287","287화","","35392","35511","송시천은 중국 마약 구매선 절반을 강혁에게 넘기고 강혁은 세계 헤로인 유통량 60%를 장악한다.","새 유통 규모를 감당하되 과잉생산으로 가격·CIA·인터폴의 시선을 부르는 위험을 통제한다.","콜롬비아 정글 농장의 생산량과 주민·조직 생활을 점검하고 국내 정치 폭로 작전을 개시한다.","블랙호크로 동부 농장을 돌며 50% 증산을 확인하고 노동자에게 정당한 임금·생필품을 주는 운영 원칙을 재확인한 뒤 제쓰로 마을 잔치에 참여한다.","수십 톤 증산은 국제 수사기관의 주목과 시장 가격 하락을 부르고 차기훈 정부와 한소가 결탁하면 백민용이 다시 회복할 수 있다.","잔치 도중 차문호의 디데이 보고를 받아 한소 대선 비자금 자료를 출처가 끊긴 형태로 야당에 넘기는 다음 공작을 승인한다.","대선 패배 뒤 재보선 공천을 노리는 김영일이 새 야당 대표 박재상에게 접근한다.","사업/공작","강혁은 신혼 남편·기업인뿐 아니라 국제 마약 공급자의 정점에 오르고 그 자금을 국내 권력 견제에 활용한다.","김영일이 공천 대가로 대선 비자금 증거를 박재상에게 건넬지가 열린다.","삼합회 마약 구매선 보상·생산 확대","대선 비자금 증거 야당 전달","L15-H 대선 비자금 폭로와 한소 유동성 붕괴","high"
"288","288화","","35512","35640","재보선 공천을 거절당한 김영일은 박재상에게 현 정부·한소의 1조원 대선 비자금 자료를 제시한다.","정치체계가 마비될 수준은 피하면서 정부-한소 유착을 끊을 통제 가능한 폭탄을 터뜨린다.","증거가 자연스럽게 야당 지도부로 흘러가 공개되고 강혁의 출처는 드러나지 않게 한다.","강혁 측은 자료를 여러 단계로 가공·전달하고 김영일은 공천·정치 후원을 대가로 박재상에게 대출·자금 흐름 서류를 넘긴다.","당선자 직접 개입 증거는 없고 청와대가 정보 출처를 추적하면 문홍성 및 미리내 공작선이 노출될 수 있다.","박재상은 단숨에 정국 주도권을 잡을 자료임을 알아보고 기자회견을 정하며 강혁은 태평양 전용기에서 손을 떼고 관찰만 하라 지시한다.","국회 기자회견장에 박주미 등 기자가 모이고 박재상이 1조원 불법대출·대선자금 사용을 입에 올린다.","정보/명분","강혁은 폭력을 쓰지 않고 자료의 욕망 경로를 설계해 야당 정치인이 자기 이익으로 폭로하게 만든다.","생중계되는 기자회견이 청와대·한소·차기훈 당선자를 얼마나 흔들지 남는다.","비자금 증거 야당 전달","박재상 생중계 폭로","L15-H 대선 비자금 폭로와 한소 유동성 붕괴","high"
"289","289화","","35641","35773","박재상은 한소가 청와대와 공모해 1조원을 불법 대출받아 대선에 썼다고 생중계 폭로한다.","정부가 부인할 수 없을 만큼 구체적인 증거로 유착을 공개하되 사태의 확산은 감시한다.","청와대와 한소를 분리시키고 백민용에게 약속된 특혜·회복 경로를 차단한다.","박재상은 회계장부·대출서류 보도자료를 배포하고 대통령 지시 가능성까지 암시해 야권 특검 요구와 국민 비난을 촉발한다.","청와대는 문홍성 실종과 자료 유출을 연결하고 대선 정당성까지 흔들릴 핵폭탄을 박석빈 개인의 불법대출 알선으로 축소하려 한다.","전노민·서수호는 스스로 검찰 수사를 지시해 주도권을 잡고 박석빈이 50억원만 받은 희생양이 되는 시나리오를 채택한다.","차기훈 당선자가 전노민에게 전화를 걸어 대선 비자금 파문을 어떻게 수습할지 따진다.","정치/폭로","박석빈은 대통령과 동료를 지키는 대가로 감옥과 50억원을 받아 충성 관계가 거래 관계로 벗겨진다.","차기훈이 축소 수사에 동의할지, 강혁이 숨겨 둔 더 깊은 증거가 언제 나올지가 남는다.","1조원 비자금 전국 폭로","검찰 축소수사 시나리오·차기훈 대응","L15-H 대선 비자금 폭로와 한소 유동성 붕괴","high"
"290","290화","","35774","36024","차기훈은 박석빈 단독 권력형 비리로 축소하자는 전노민의 수습안과 광복절 사면 약속에 동의한다.","상대가 만든 축소 프레임을 더 많은 증거로 무너뜨리며 한소가 다시는 덤비지 못할 파산선까지 몰아간다.","청와대의 조기 승리감을 이용해 한소 특혜를 취소시키고 금융·수사 압박을 누적한다.","강혁은 차문호에게 한 발 떨어져 확산만 통제하게 하고 요세프의 자금을 대기시키며 청와대 기자회견과 한소 주가 폭락을 지켜본다.","전노민이 검찰 수사를 선점해 여론을 진정시키고 차기훈도 공동운명체가 되며 한소는 현금 357억원뿐인데 890억원 어음·330억원 PF이자를 앞둔다.","비자금 대가였던 인천공항 4조원 공사가 취소돼 계약금 4000억원이 사라지고 한소의 단기 유동성 부족이 파산 위기로 바뀐다.","백민용이 은행·사채를 동원해서라도 부도를 막으라 호통치는 밤 강혁은 수영이 있는 집으로 귀가한다.","금융/관계","강혁의 공작은 백민용의 권력 특혜를 부채로 반전시키지만 집 안에서는 사건을 숨긴 채 걱정 말라고 수영을 달랜다.","검찰 압수수색 전에 한소가 증거를 없애고 가짜 회계자료를 만들려 한다.","특혜 공사 취소·한소 현금 고갈","증거인멸·추가 폭로·요세프 금융 공격","L15-H 대선 비자금 폭로와 한소 유동성 붕괴","high"
"291","291화","","36025","36144","수영과 저녁을 먹고 장모 생신을 챙긴 강혁은 처가에서 야구 이야기로 장인과 가까워진다.","가족 일상을 지키는 동안 한소가 수사 전에 증거를 없애는 과정을 끝까지 노출시킨다.","처가 관계를 쌓고 한소의 가짜 장부·증거인멸이 검찰 수사에서 역풍이 되게 한다.","강혁은 하루 스케줄을 비워 선물을 고르고 처가 식사를 즐기는 한편 한소 TF는 서류 파쇄·하드 파괴·가짜 운영자금 장부 제작을 밤새 진행한다.","검찰 압수수색이 다음 아침으로 미리 통보돼 청와대 축소수사 시나리오가 성공할 듯 보이고 내부 자료는 빠르게 사라진다.","강혁의 관계 삶은 기념일과 장인의 취미를 챙기는 구체적 행동으로 안정되지만 한소는 한밤중 범죄 은폐에 조직 전체를 소모한다.","야당 박재상은 검찰 발표를 일부러 기다리며 남은 회계장부 카드를 쓸 시점을 고른다.","가족/은폐","신혼 뒤 강혁의 가정은 처가까지 확장되는 반면 백민용의 조직은 충성보다 증거 소각과 불안으로 묶인다.","대검 압수수색·불법 대출 수사 결과와 박재상의 후속 폭로가 맞붙는다.","장모 생신·장인 관계 형성","한소 증거인멸·검찰 압수수색","L15-I 검찰 축소수사와 특검 촛불","high"
"292","292화","","36145","36263","대검 수사팀이 한소 본사를 압수수색하지만 회사는 전날 증거를 치우고 가짜 자료를 갖춰놓았다.","상대의 축소수사가 스스로 거짓말이 되도록 기다려 더 큰 특검 압력을 만든다.","한소-청와대가 박석빈 개인 비리 프레임에 들어온 뒤 원본 회계장부를 공개할 타이밍을 잡는다.","박재상은 당내 특검 강행 요구를 눌러 검찰 발표를 먼저 기다리고 백민용은 VIP 심문 각본에 맞춰 출두를 준비한다.","한소는 건설을 버리면 살 수 있지만 백민용의 자존심 때문에 연 40% 사채를 택하고 단기부도 위험을 더 키운다.","백민용은 합리적 구조조정 대신 모태기업을 지킨다는 체면을 선택해 금융 수렁으로 들어가고 박석빈은 비서실장직에서 사퇴한다.","검찰이 카메라 앞에서 백민용을 소환하지만 실제로는 정해진 문답과 새벽 귀가를 약속한 쇼가 시작된다.","자존심/압박","백민용의 총수 목소리는 생존 판단보다 무능 인정 거부에 사로잡혀 회사 전체를 사채 위험에 묶는다.","검찰이 축소 결론을 발표하면 박재상이 숨긴 장부를 공개할 예정이다.","압수수색 쇼·박석빈 사퇴","검찰 축소발표·비자금 장부 공개","L15-I 검찰 축소수사와 특검 촛불","high"
"293","293화","","36264","36381","백민용은 VIP 심문실에서 짜인 조서에 서명하는 보여주기 수사를 받는다.","검찰 쇼를 간파하고 야당의 남은 카드가 청와대의 마지막 동아줄까지 끊게 한다.","한소의 파산 가능성을 높이고 정부가 백민용을 보호할 명분을 없앤다.","강혁은 박재상의 인내와 한소 현금 사정을 분석하고 피케에게 야당 움직임을 감시하게 한 뒤 미국에서 맥그리거와 마약 공급 우선권을 재확인한다.","한소가 파산 직전이어도 비자금 약점 때문에 청와대가 보호할 수 있고 삼합회 물량 확대가 기존 LA 마피아와 멕시코 갱 균형을 흔들 수 있다.","강혁은 기존 거래 의리를 지켜 맥그리거 물량을 우선 보장하고 국내에서는 대검이 20일 수사 끝에 1조원이 전부 한소 운영비였다고 발표한다.","박재상은 검찰이 국민을 속였다며 이제 자신들이 정의를 증명하겠다고 선언한다.","의리/기다림","강혁은 미국 동맹에는 공급 약속을 지키고 국내 적에게는 거짓 발표를 스스로 하게 기다리는 상반된 신뢰 전략을 쓴다.","박재상이 한소 비자금 회계장부를 공개할 후속 회견이 임박한다.","LA 공급관계 재확인·검찰 축소수사 발표","야당 장부 폭로와 특검 여론","L15-I 검찰 축소수사와 특검 촛불","high"
"294","294화","","36382","36507","박재상은 대검 발표 직후 대출금이 청와대로 갔다고 적힌 한소 회계장부 복사본을 공개한다.","검찰·청와대의 거짓 프레임을 시민이 직접 거부하게 만들어 특검을 피할 수 없는 국면으로 바꾼다.","여론·야당 압력으로 차기훈이 전노민과 결별할 정치적 출구를 찾게 한다.","장부 공개로 대검 신뢰를 무너뜨리고 시청 앞 촛불집회에서 특검 구호를 확산시킨다.","전노민은 야당이 더 가진 자료를 알 수 없고 정부조직법·장관 청문회까지 막혀 퇴임과 신정부 출범이 함께 위태롭다.","예상보다 많은 시민·대학생·교수가 자발적으로 광장에 모여 텐트를 치고 전경도 충돌을 자제하면서 폭로가 대중 운동으로 커진다.","태평양 상공의 강혁은 이제 마무리할 때라며 귀국 후 차기훈을 만나게 자리를 마련하라고 한다.","여론/전환","강혁이 가공한 문서 공작이 그의 통제를 넘어 시민의 촛불과 국가적 정당성 문제로 성장한다.","정치 생명이 묶인 차기훈에게 강혁이 어떤 희생양·협상안을 제시할지가 다음 핵심이다.","비자금 장부 공개·검찰 신뢰 붕괴","촛불 확산·차기훈 비밀 회동","L15-I 검찰 축소수사와 특검 촛불","high"
"295","295화","","36508","36616","취임 준비가 막힌 차기훈은 국정원 성복동 안가에서 강혁과 은밀히 식사한다.","전노민에게 붙잡힌 차기훈을 풀어주고 새 정부에서 백민용을 보호할 정치 동아줄을 끊는다.","전노민을 비자금 희생양으로 내주되 사면이라는 마지막 끈으로 폭로를 막고 야당과 특검을 협상한다.","강혁은 전노민에게 비자금 수수만 인정시키고 1년 뒤 사면을 약속하며 야당의 초과 선거비도 함께 조사하겠다고 맞서라는 해법을 제시한다.","차기훈 캠프도 불법 자금을 썼고 전노민이 배신감에 모든 사실을 폭로하면 당선 무효·탄핵까지 갈 수 있다.","사면권과 상호 선거비 약점이 전노민·야당 모두를 적당한 선에 묶을 수 있다는 일석삼조 계산에 차기훈이 관심을 보인다.","차기훈은 야당이 그 정도 희생으로 만족할지를 마지막으로 따져 묻는다.","정치/협상","차기훈은 강혁에게 관광특구 카지노 특혜를 암시하고 강혁은 그 관계를 이용해 차기 권력의 생존 설계자 자리에 선다.","차기훈이 전노민 포기와 특검 수용을 실제로 결단하고 야당과 거래해야 한다.","차기훈 비밀 회동·사면 해법 제시","전노민 희생·특검 정치협상","L15-J 차기훈-전노민 결별과 특검 타협","high"
"296","296화","","36508","36616","강혁의 해법을 들은 차기훈은 전노민과 야당을 동시에 묶을 정치적 출구를 얻는다.","강혁의 계산이 실제 특검 수용과 권력 교체로 이어지는 과정을 보여준다.","차기훈이 전노민의 그림자에서 벗어나고 한소가 의지할 청와대 보호막을 제거한다.","차기훈은 송말호를 보내 특검 수용을 요구하고 전노민은 1년 뒤 사면 보장을 조건으로 항복하며 차기훈은 박재상과 특검 인선을 협상한다.","전노민은 배신감에 폭발하고 야당도 여당을 끝까지 공격할 특검을 원하며 양쪽 모두 불법 선거자금 약점을 안고 있다.","전노민이 명예 퇴진을 포기하고 특검을 받아들여 국민과 촛불 시위대가 환호하며 차기훈의 독립 기반이 생긴다.","차기훈이 박재상에게 야당 정치자금 자료가 든 봉투를 내밀어 상호 파멸 카드를 꺼낸다.","권력/협상","전노민-차기훈 관계는 후계와 보호에서 희생양과 사면 거래로 바뀌고 강혁은 새 권력의 비공식 설계자가 된다.","야당 자료가 박재상을 굴복시키고 특검의 수위와 인물을 결정할지가 남는다.","전노민 특검 수용","야당 정치자금 협박·특검 인선","L15-J 차기훈-전노민 결별과 특검 타협","high"
"297","297화","","36617","36739","차기훈은 박재상이 원하는 강경 특검을 막기 위해 국정원 정치자금 자료를 협상 카드로 제시한다.","정치적 타협의 결산이 한소의 금융 고립과 백민용의 패배 인식으로 연결된다.","특검이 구정권만 정리하도록 통제하고 한소가 더는 대출 연장이나 권력 특혜를 얻지 못하게 한다.","차기훈은 야당 의원들의 불법 자금 서류로 박재상을 굴복시키고 고향 인연의 전직 검사 윤정문을 특검으로 세우며 강혁은 한소의 사채 조달 소문을 금융권에 퍼뜨린다.","특검은 대통령 핵심 측근을 겨누고 한소는 청라 PF 이자 120억원을 못 낼 뻔해 연 40퍼센트가 넘는 명동 사채까지 쓰며 분기 4500억원 상환에 몰린다.","박재상은 타협을 받고 윤정문 특검이 출범하며 미래은행 등 금융기관이 만기연장을 거부해 한소의 정치 위기가 현금 위기로 바뀐다.","특검에서 사흘 조사받고 나온 백민용은 최수혁에게 한소에는 이제 희망이 없다고 말한다.","정치/금융","차기훈은 전노민과 야당을 함께 제어하는 독립 대통령이 되고 백민용은 회사를 지킬 총수에서 자기 살길을 찾는 도망자로 기운다.","백민용이 침몰하는 한소에서 무엇을 빼돌리고 누구를 배신할지가 열린다.","특검 정치 타협·차기훈 권력 독립","한소 자금 유출·백민용 탈출책","L15-J 차기훈-전노민 결별과 특검 타협","high"
"298","298화","","36740","36855","특검과 금융 압박에 몰린 백민용은 한소의 회생보다 자기 생존을 택한다.","백민용의 마지막 배신이 회사 부도와 강혁의 복수 결산을 앞당기는 장면을 보여준다.","한소가 감당해야 할 비용은 그대로 두고 백민용만 빠져나갈 자금을 확보하게 만든 뒤 붕괴를 지켜본다.","백민용은 최수혁을 재무이사에 앉혀 계열사 수출대금과 공사대금을 케이만 계좌로 빼돌리고 차기훈 취임 뒤 특검은 6000억원대 비자금 책임을 구정권과 한소에 한정한다.","비자금 세탁을 들키면 횡령이 되고 직원과 임원 전부를 버리는 선택이며 한소건설은 미소은행 어음 120억원도 막지 못한다.","전노민 세력은 기소되고 차기훈은 구정권의 그림자를 걷어내며 한소건설의 1차 부도가 전국 속보로 뜬다.","계열사 연대보증 2조6000억원과 직접투자까지 약 4조원이 한소 전체 연쇄도산의 도화선임이 드러난다.","생존/배신","백민용-최수혁 관계는 총수와 비서에서 회사와 동료를 함께 배신하는 비밀 공범으로 변한다.","건설 최종부도와 백민용의 해외자금 회수 계획이 남는다.","특검 결산·한소건설 1차 부도","계열사 연쇄도산·해외 비자금","L15-K 한소 자금 빼돌리기와 법정관리","high"
"299","299화","","36856","36961","한소 임원들은 건설을 포기하면 그룹을 살릴 수 있다고 기대하지만 연대보증이 발목을 잡는다.","백민용의 위기 대응이 사실은 공적자금으로 회사를 정리한 뒤 되사는 사익 계획임을 폭로한다.","한소건설 부도를 확정시켜 그룹 경영권을 채권단으로 넘길 조건을 만든다.","백민용은 채권단 협상을 지시하면서 최수혁에게 리비아 공사대금 3000만 달러를 케이만 계좌로 옮겼는지 확인하고 법정관리 뒤 부실채권으로 회사를 되찾겠다는 속셈을 굳힌다.","해외자금을 회사에 돌리면 위기를 늦출 수 있지만 백민용은 1조원 단기차입 악재를 이유로 거부하고 국민과 채권단이 손실을 떠안게 한다.","한소건설이 최종부도 처리되고 강혁은 백민용이 너무 조용한 점을 수상히 여기며 차기훈에게 내막 조사를 맡긴다.","강혁이 새로 인수한 제주 5성급 호텔과 외국인 카지노를 둘러보는 동안 한소의 빈자리를 채울 레저 사업이 열린다.","기업/탐욕","한소 임원들이 그룹 생존을 호소하는 사이 백민용은 조직 공동체를 개인 재산 회수의 껍데기로 취급한다.","채권단 법정관리와 강혁의 제주 레저 인수 그리고 백민용의 숨은 자금이 맞물린다.","한소건설 최종부도","한소 부실채권 재매입·제주 레저 확장","L15-K 한소 자금 빼돌리기와 법정관리","high"
"300","300화","","36962","37064","강혁은 제주 호텔과 카지노를 미리내 레저의 핵심으로 묶는 동안 한소 채권단은 그룹 전체의 구제조건을 논의한다.","한소의 경영권이 실제로 백민용 손을 떠나고 그 자산이 강혁의 새 진로로 넘어가는 결산을 준다.","제주 관광사업을 안정시키고 채권단이 가진 한소 지분을 향후 인수할 발판을 확보한다.","강혁은 호텔 지배인을 유임하고 중문관광단지 인수까지 추진하며 채권단은 10대1 감자·사재출연·경영퇴진을 조건으로 5000억원을 추가 지원해 법정관리를 시작한다.","한소 계열사들이 연쇄부도와 보증채무를 맞고 백민용 지분은 10퍼센트 아래로 떨어지며 채권단이 41퍼센트를 가진다.","백민용과 임원 30명이 쫓겨나고 그는 일본으로 떠나지만 최수혁은 국내에 남아 비밀지시를 수행한다.","최수혁이 제주 호텔 매입대금 계좌를 근거로 골드원 펀드의 실소유주가 강혁일 수 있다고 보고한다.","소유/확장","강혁은 관광특구의 실물 사업가로 확장하고 백민용은 명목상 회장 자리까지 잃은 채 그림자 주주가 된다.","골드원-강혁 연결 의심과 한소 우량계열사 지분 경쟁이 시작된다.","한소 법정관리·백민용 퇴진","골드원 정체 추적·우량계열사 인수","L15-K 한소 자금 빼돌리기와 법정관리","high"
"301","301화","","37065","37186","백민용이 골드원과 강혁의 연결을 의심하는 사이 강혁은 법정관리 한소의 자산을 선별한다.","가족 원수를 무너뜨린 복수가 한소전자를 실제 미리내 계열사로 바꾸는 소유 보상으로 이어진다.","부실채권과 채권단 지분을 가장 싼 시점에 사서 기술력 높은 한소전자를 장악한다.","강혁은 뉴욕에서 요세프를 불러 부실채권 5000억원어치를 확보하고 채권단 대표들을 개별 설득해 한소전자 지분 41퍼센트를 1조5000억원에 전액 현금으로 산다.","회생 뒤에는 13조원이 넘을 수 있는 인수비용과 외국계 헐값 인수 여론을 피해야 하며 채권단도 손실을 떠안은 상태다.","미리내가 한소전자의 새 주인이 되고 사명을 미리내전자로 바꾸겠다고 발표하자 주가가 반등한다.","일본의 백민용은 전자가 강혁에게 넘어갔다는 소식 뒤 부실채권 매입에도 문제가 생겼다는 보고를 받는다.","복수/소유","강혁과 백민용의 대결은 한소를 무너뜨리는 단계에서 같은 회사의 소유권을 놓고 겨루는 단계로 바뀐다.","골드원이 선점한 부실채권과 백민용의 비밀 매수자금이 충돌한다.","한소전자 지분 인수","부실채권 매집전·골드원 정체 노출","L15-L 미리내전자 인수와 스미요시가이 동업","high"
"302","302화","","37187","37322","백민용은 골드원이 이미 한소 부실채권 절반가량을 가져갔고 요세프가 강혁과 만난다는 사실을 확인한다.","강혁이 백민용의 재기 자금을 소진시키는 금융 덫과 가족에게 찾아온 새 생명을 교차시킨다.","필요한 채권은 지킨 채 경쟁 호가만 올려 백민용이 불필요한 채권을 비싸게 사도록 만든다.","강혁은 요세프에게 실매수 없이 호가를 올리게 하고 백민용 자금 출처를 캐게 하며 최수혁은 함정인 줄 모르고 시장 물량을 1~20퍼센트 비싸게 싹쓸이한다.","백민용은 여전히 지분 5퍼센트와 비밀자금을 가지고 있어 향후 경영권 분쟁을 만들 수 있고 수영은 임신 가능성을 혼자 확인하며 불안해한다.","백민용의 주머니가 불필요한 채권 매입으로 가벼워지는 동안 수영의 임신테스트기에 선명한 두 줄이 뜬다.","귀가한 강혁이 수영의 수상한 행동을 눈치채고 마침내 임신 사실을 듣는다.","가족/금융","회사를 되찾으려는 백민용의 집착과 아이를 맞을 강혁 부부의 미래가 같은 장에서 정반대의 삶의 진로로 놓인다.","임신 확진과 백민용의 일본 자금 동업자가 다음에 공개된다.","부실채권 가격 덫","수영 임신·백민용 외부자금","L15-L 미리내전자 인수와 스미요시가이 동업","high"
"303","303화","","37323","37468","수영의 임신 고백에 강혁은 기뻐하지만 수영은 아이와 몸의 변화가 부부관계에 부담이 될까 걱정한다.","주인공의 혈연 가족이 확장되는 따뜻한 보상 뒤 적이 야쿠자와 손잡는 새 위협을 연다.","수영과 태아를 안심시키고 가족에게 임신을 확인받는 한편 백민용의 채권 매집 결과를 감시한다.","강혁은 수영을 안아 축복이라 말하고 산부인과에서 임신 8주를 확인한 뒤 양가 가족과 기쁨을 나누며 백민용은 과다한 가격으로 부실채권을 사들인 최수혁을 칭찬한다.","수영은 내조와 외모 변화에 불안을 느끼고 백민용은 채권단 지분을 살 돈이 더 필요해 위험한 외부 동업자에게 의존한다.","태아가 건강하다는 진단과 가족의 환대가 강혁에게 처음 아버지가 되는 구체적 미래를 준다.","백민용이 일본 스미요시가이 와타나베 회장에게 투자와 무력을 받기로 했다고 밝힌다.","관계/후계","강혁-수영 관계는 부부에서 부모로 넓어지고 백민용-최수혁 관계에는 일본 야쿠자라는 상위 후원자가 끼어든다.","스미요시가이가 한소 경영권전과 한국 사업에 어떻게 개입할지가 열린다.","수영 임신 확진·가족 환대","스미요시가이 동업","L15-L 미리내전자 인수와 스미요시가이 동업","high"
"304","304화","","37469","37592","백민용은 강혁을 꺾기 위해 스미요시가이의 돈과 무력을 감수하고 와타나베는 그를 한국 진출 방패로 쓸 생각이다.","미리내전자의 경영권 보상과 야쿠자 배후의 등장을 함께 확정해 다음 카지노 전쟁을 예고한다.","미리내전자에 운영자금을 넣어 지분을 굳히고 백민용의 비자금·동선을 추적한다.","강혁은 1000억원 유상증자로 미리내전자 지분을 49퍼센트까지 늘리고 피케는 백민용이 계열사에서 최소 3000억원을 횡령했다고 보고하며 감시를 강화한다.","장부 조작과 자료 분실로 횡령을 입증하기 어렵고 백민용은 채권 매집에 1600억원을 쓰고도 야쿠자 자금을 등에 업고 있다.","미리내전자의 자금난과 경영권이 안정되는 반면 와타나베가 백민용을 언젠가 잡아먹을 방패로 본다는 이중계약이 드러난다.","도쿄를 떠난 백민용이 제주에서 신종철과 카지노 운영권 계약을 앞두고 있다.","경영/위협","강혁은 망가진 전자를 살리는 소유자가 되고 백민용은 자기 회사를 약탈한 뒤 외세의 얼굴마담이 된다.","제주 카지노 운영권과 야쿠자의 한국 진출이 강혁의 관광사업을 직접 겨눈다.","미리내전자 49퍼센트 지배력","제주 카지노 공작·야쿠자 진출","L15-L 미리내전자 인수와 스미요시가이 동업","high"
"305","305화","","37593","37724","백민용은 제주 오션파크 카지노 재기를 준비하면서 강혁 소유 중문단지의 운영권까지 사들인다.","상대가 계약과 조폭을 함께 써 사업장을 점거하는 새 종류의 정면대결을 연다.","백민용의 제주 동선과 신종철 거래를 파악하고 미리내 레저 사업장을 지킨다.","차문호의 미행팀은 백민용을 포착하지만 그는 신종철에게 15억원을 주고 남은 두 달 운영권을 산 뒤 박칠복의 칠복이파 50여 명을 20억원에 고용해 카지노를 습격시킨다.","이성훈 보안팀과 직원들은 수적으로 열세이고 중국 단체관광객이 가득한 영업장에서 흉기 난투가 벌어진다.","보안팀은 손님을 후문으로 빼내지만 이성훈 등 직원들이 중상을 입고 카지노가 점거된다.","점거 보고를 받은 강혁이 책상을 내리치며 배후와 대응을 묻는다.","사업/충돌","백민용은 재계 총수의 외피를 벗고 토착조폭을 고용한 경쟁자로 되돌아오며 강혁은 직원 피해에 직접 책임을 져야 한다.","강혁의 제주 상륙과 카지노 탈환 방식이 남는다.","백민용 제주 공작 노출","카지노 탈환·직원 피해 결산","L15-M 제주 카지노 점거와 새벽 탈환","high"
"306","306화","","37725","37865","중문 카지노가 점거됐지만 민사소송이 얽혀 경찰은 강제진압을 꺼린다.","강혁이 직원 피해와 사업권을 직접 되찾으러 내려가 백민용의 양동작전을 간파하는 과정을 보여준다.","카지노를 24시간 안에 탈환하고 백민용의 새 제주 사업 진입을 막는다.","강혁은 대호가드 정예 100명을 태운 전세기로 제주에 내려가고 백민용이 점거를 미끼로 오션파크 카지노 개업식을 연 사실을 확인한 뒤 새벽 강제진입을 명령한다.","경찰은 법적 분쟁을 핑계로 움직이지 않고 보안팀 12명이 중상이며 이성훈은 머리 수술 뒤 혼수상태다.","강혁은 다친 직원 치료를 전액 지원하고 관리자를 질책해 관광객과 언론 노출을 줄이며 현장 지휘권을 되찾는다.","류기찬은 경찰의 묵인을 얻어야 하고 대호가드는 무장한 50명을 좁은 카지노에서 제압해야 한다.","책임/지휘","강혁의 분노는 소유권보다 다친 부하의 상태를 먼저 확인하고 치료를 지시하는 보스의 의리로 구체화된다.","경찰 매수와 새벽 기습이라는 비공식 해결이 준비된다.","제주 현장 지휘권 회복","새벽 카지노 강제진입","L15-M 제주 카지노 점거와 새벽 탈환","high"
"307","307화","","37866","37989","류기찬은 서귀포 경찰 경비과장 임채혁을 만나 대호가드 진입 시간에 전경을 물려달라고 요구한다.","공권력의 빈틈을 만들고 가족 통화 뒤 보스가 직접 선두에 서는 결전 직전의 긴장을 끌어올린다.","경찰·기자 개입 없이 앞뒤 동시기습으로 칠복이파를 신속히 무력화한다.","류기찬은 수표 봉투와 대통령 인맥을 암시해 임채혁의 묵인을 사고 강혁은 임신한 수영과 아기용품 이야기를 나눈 뒤 방독면·최루탄·3단봉을 든 정예들을 이끌고 전진한다.","불법 사적 진압이 드러나면 정치·언론 후폭풍이 크고 칠복이파는 회칼과 쇠파이프로 입구를 막고 있다.","전경과 기자가 빠지고 차문호의 후문팀까지 배치되어 강혁이 통제한 결전장이 완성된다.","대호가드가 새벽 3시 바리케이드 앞에 도착하고 강혁이 공격 신호를 내린다.","가족/전투","수영에게 다정한 남편의 목소리와 부하 앞에서 가죽장갑을 끼는 보스의 목소리가 한 장면 안에서 교대한다.","최루탄을 앞세운 객장 난입과 박칠복과의 직접 대결이 열린다.","경찰 철수·공격배치 완료","카지노 객장 기습","L15-M 제주 카지노 점거와 새벽 탈환","high"
"308","308화","","37990","38146","칠복이파는 보너스를 기대하며 방심한 채 카지노를 지키고 대호가드가 최루탄을 던져 진입한다.","주인공이 직접 싸워 점거를 끝내고 부하들의 부상에 대한 즉각적 보상을 준다.","박칠복과 조직원 전원을 제압해 카지노를 되찾고 경찰에 사후 체포를 넘긴다.","강혁은 선무도와 3단봉으로 여러 조폭을 쓰러뜨리고 110킬로그램 박칠복을 메쳐 기절시키며 대호가드는 앞뒤에서 조직을 압착한다.","회칼과 쇠뭉치가 오가는 근접전이고 시설은 의도적으로 파손되어 영업 재개까지 최소 일주일 손실이 남는다.","사건 발생 24시간 안에 칠복이파 전원이 체포되고 경찰은 진압 실적을 가져가는 대신 뒤처리를 맡는다.","백민용은 강혁이 직접 내려왔다는 보고에도 다음 계획을 계속하라 지시한다.","대결/회수","강혁은 뒤에서 명령만 하는 회장이 아니라 부하와 같은 객장 바닥에서 두목을 쓰러뜨리는 전투형 보스로 재확인된다.","시설 복구와 백민용의 법적·금융 후속공세가 남는다.","칠복이파 점거 해제","카지노 복구·백민용 후속공세","L15-M 제주 카지노 점거와 새벽 탈환","high"
"309","309화","","38147","38282","카지노는 되찾았지만 10억원이 넘는 영업손실과 시설 파손이 남고 신종철 측은 소송을 쏟아낸다.","피해를 리뉴얼 기회로 돌리는 경영 판단 뒤 일본 야쿠자 자금과 저축은행이라는 더 큰 판을 연다.","카지노 이미지를 새로 만들고 제주에 남아 백민용의 금융 진입을 차단한다.","강혁은 단순 수리 대신 전면 인테리어를 지시하고 소송 때문에 귀경을 미룬 채 차문호·요세프의 추적으로 백민용이 도민저축은행 인수를 추진한다는 사실을 파악한다.","가처분과 압류 소송은 장기화할 수 있고 은행이 가진 한소그룹 BW 7000억원은 주당 7000원에 신주를 살 권리라 백민용의 경영권 복귀 카드가 된다.","미치자네가 와타나베의 감시자로 제주에 들어오고 그 자금원이 스미요시가이의 세탁회사 마쓰모토상사임이 드러난다.","요세프가 백민용의 카지노·저축은행 인수자금은 일본 야쿠자 돈이라고 결론낸다.","경영/확전","백민용-스미요시가이 관계는 투자 동맹이 아니라 서로 감시하고 이용하는 불신 동업으로 선명해진다.","도민저축은행 입찰과 스미요시가이의 직접 보복이 열린다.","카지노 물리 점거 해결·전면 리뉴얼","도민저축은행 BW·야쿠자 자금","L15-M 제주 카지노 점거와 새벽 탈환","high"
"310","310화","","38283","38419","스미요시가이의 자금세탁과 한소 BW 계획을 확인한 강혁은 도민저축은행 인수전에 뛰어든다.","금융·여론 승부가 수영과 태아를 겨눈 총격으로 돌변해 대결의 개인적 선을 넘긴다.","청와대 인맥과 반일 여론으로 일본계 수의계약을 깨고 백민용의 한소 복귀를 막는다.","강혁은 송말호를 움직이고 일본 자본의 헐값 인수를 언론에 흘려 공개입찰을 되살리며 산부인과에서 수영과 동글이의 초음파를 확인한다.","와타나베는 한국 독자진출이 어려워 백민용을 당분간 유지하되 강혁에게 경고하라 지시하고 해결사 시모무라를 부른다.","백민용의 단독계약은 무산되고 스미요시가이는 여론 때문에 인수 우위를 잃는다.","귀가길 골목에서 시모무라가 강혁 부부의 방탄 벤츠에 연속 총격을 가한다.","가족/전쟁","강혁에게 태아는 초음파 사진으로 확인된 삶의 미래가 되고 적은 바로 그 가족 곁에서 총을 쏴 사업 경쟁을 혈전으로 바꾼다.","태아 안전 확인·킬러 추적·스미요시가이 보복이 남는다.","도민저축은행 공개입찰 전환","가족 총격·시모무라 추적","L15-N 도민저축은행 입찰과 가족 총격","high"
"311","311화","","38420","38574","총격범은 도주하고 수영은 태아를 감싸며 두려움 속에서 강혁에게 이유를 묻는다.","가족을 건드린 상대를 끝까지 추적한다는 강혁의 금기를 현상금과 정보망으로 구체화한다.","수영과 태아를 안전한 별장으로 옮기고 총격범의 신원과 배후를 당일 안에 밝혀낸다.","강혁은 공항·항구를 봉쇄하고 체포 3억원·제보 1억원 현상금을 걸며 발크에게 정보 지원을 요청한다.","시모무라는 부산 밀항업자 영범과 태섭의 함정을 역으로 깨 두 사람을 죽이고 컨테이너를 태운 뒤 잠적한다.","병원에서 태아 이상 없음이 확인되고 발크가 범인은 스미요시가이 해결사 시모무라라고 특정한다.","발크가 배후가 껄끄러운 대형조직이라고 경고한 가운데 강혁은 스미요시가이 개입을 재확인한다.","보호/복수","강혁은 수영에게 자신의 정체를 설명하지 못하는 침묵의 비용을 치르면서 조직에는 지구 끝까지 추적하라고 명령한다.","시모무라 포획과 와타나베 측에 돌려줄 복수의 수위가 열린다.","태아 안전 확인·킬러 신원 특정","스미요시가이 보복전","L15-N 도민저축은행 입찰과 가족 총격","high"
"312","312화","","38575","38716","발크는 전쟁 위험을 경고하지만 강혁은 가족을 건드린 대가를 반드시 치르게 하겠다고 한다.","직접 공격한 킬러 대신 그 지휘선을 저격해 보복의 대칭을 맞추고 전면전을 연다.","미치자네를 제거해 스미요시가이에 가족 공격이 금지선임을 각인시킨다.","차문호는 제주 일식당 맞은편 옥상에 저격팀을 배치하고 전영철이 미치자네의 머리를 관통시켜 즉사시킨 뒤 요트로 철수한다.","일본 제2 야쿠자 조직의 회장 오른팔을 죽이면 조직전쟁이 되고 도심 저격은 경찰의 집중 수사를 부른다.","미치자네가 사망하고 와타나베는 이것은 전쟁이라 선언하며 후쿠자와에게 한국 보복을 명한다.","제주 강력반 목상윤이 서울의 강혁 부부 총격과 이번 저격의 연관성을 의심한다.","복수/확전","강혁은 공격당한 가족을 대신해 지휘자를 죽이는 보스로 행동하고 와타나베와의 관계는 사업경쟁에서 전쟁으로 바뀐다.","경찰 수사와 후쿠자와 행동대의 입국이 동시에 다가온다.","미치자네 제거","후쿠자와 보복대·목상윤 수사","L15-N 도민저축은행 입찰과 가족 총격","high"
"313","313화","","38717","38854","목상윤과 김재영은 저격 현장에서 서울 총격과 백민용-야쿠자 연결을 추적한다.","복수의 실익인 금융사 인수를 확정하면서도 흔적을 좇는 정직한 형사라는 새로운 저항을 세운다.","도민저축은행을 확보하고 경찰의 시선을 백민용 범죄 쪽으로 돌릴 여지를 찾는다.","강혁은 차문호에게 작전팀을 마이애미로 보내 쉬게 하고 금융위 발표를 기다리며 목상윤은 미리내 본사로 찾아와 면담을 요청한다.","총기 흔적은 깨끗하지만 두 사건의 시간·인물 관계가 맞물리고 강혁의 정재계 인맥도 형사의 집요함을 완전히 막지 못한다.","미리내가 도민저축은행 우선협상대상자가 되고 백민용 회사는 자금출처 문제로 5년간 금융사 인수에서 배제된다.","목상윤과 김재영이 강혁 회장실에 들어와 직접 질문을 시작한다.","금융/수사","강혁은 야쿠자를 돈과 무력 모두에서 꺾지만 목상윤은 권력 앞에서도 사건을 따지는 독립적 대결자로 등장한다.","강혁의 알리바이 심문과 백민용 범죄 수사로의 전환이 남는다.","도민저축은행 인수 우위·백민용 금융 배제","경찰 직접심문","L15-N 도민저축은행 입찰과 가족 총격","high"
"314","314화","","38855","39010","목상윤은 강혁에게 가족 총격과 미치자네 저격의 연관성 및 사건 당일 행적을 묻는다.","청와대 알리바이로 수사를 넘기되 형사의 집요함을 적 제거의 합법 경로로 전환한다.","자기 혐의는 차단하고 목상윤이 백민용의 자금세탁·횡령을 파헤치게 만든다.","강혁은 사건 당일 대통령과 청와대에서 식사했다고 답해 알리바이를 세우고 경찰 압박 대신 단서를 흘려 백민용을 잡는 방안을 피케에게 찾게 한다.","목상윤은 청와대에도 사실확인을 요청할 만큼 물러서지 않고 후쿠자와는 서상사파와 손잡고 부하 20명을 이끌고 서울에 들어온다.","강혁은 수사선을 돌릴 역공을 얻지만 발크는 후쿠자와 행동대가 이미 입국했다고 긴급 경고한다.","후쿠자와는 강혁을 죽이면 남대문 이권을 주겠다며 백낙영을 끌어들이고 공개행사 습격을 준비한다.","수사/위협","목상윤-김재영은 위압에 굴복하지 않는 형사 콤비로 서고 강혁은 그 의리를 적의 범죄를 밝히는 방향으로 이용한다.","대한호텔 창립행사를 노린 한일 조폭 연합 기습이 열린다.","강혁 알리바이 확보·백민용 수사 전환","후쿠자와-서상사파 연합공격","L15-N 도민저축은행 입찰과 가족 총격","high"
"315","315화","","39011","39142","후쿠자와 행동대가 서울에 숨어들었지만 차문호의 정보망은 과천 은신처를 찾지 못한다.","가족을 피신시킨 강혁이 체면과 조직 통합을 위해 공개행사 참석을 선택하면서 매복 위험을 높인다.","가족을 마이애미로 보내 약점을 지우고 상대보다 먼저 위치를 찾아 공격한다.","강혁은 전용기로 가족을 마이애미에 보내고 대한호텔 미리내건설 40주년 행사 취소 권고를 거부하며 차문호에게 호텔 전체를 수색하게 한다.","후쿠자와는 시모무라와 합류해 대한호텔 객실을 가명으로 잡고 서상사파가 로비를 흔드는 동안 강혁을 암살할 계획을 세운다.","강혁은 부하 앞에서 몸을 숨기지 않고 인수 후 첫 행사에 참석해 미리내건설 통합 의지를 지킨다.","야쿠자들이 객실에 잠복한 사실을 모른 채 강혁의 차량 행렬이 대한호텔에 도착한다.","책임/위험","강혁은 안전보다 새 계열사 직원과의 약속을 택하고 피케·차문호는 반대하면서도 그 결정을 지킬 경호선이 된다.","서상사파 양동과 지하주차장 야쿠자 매복이 시작된다.","가족 해외피신·행사 참석 결단","대한호텔 이중매복","L15-O 대한호텔 기습과 서상사파 숙청","high"
"316","316화","","39143","39293","강혁이 직원 500명 앞에서 미리내건설 창립행사를 시작하자 적들은 동시에 양동작전을 가동한다.","직원 대피를 우선한 선택이 경호를 줄이고 주인공을 지하 총격전 한가운데 세우는 위기를 만든다.","직원들을 다치지 않게 빼내고 호텔을 탈출해 후쿠자와의 매복을 깨뜨린다.","시모무라는 명동 휴지통 폭탄으로 경찰을 빼돌리고 서상사파 40여 명은 로비를 습격하며 강혁은 행사 인원을 비상계단으로 대피시킨 뒤 경호원 다섯 명과 화물엘리베이터로 지하로 내려간다.","직원 대피에 경호 인력이 분산되고 지하에는 권총으로 무장한 후쿠자와 일행이 기다려 두 경호원이 즉시 총상을 입는다.","강혁은 먼저 직원을 살리는 회장으로 남지만 엘리베이터 패널이 총격에 망가져 퇴로가 닫힌다.","마지막 탄창 하나를 받은 강혁이 셋을 세고 피케·차문호와 적진으로 돌파한다.","의리/생존","강혁은 보스 혼자 빠져나가는 길을 거부해 계열사 직원과의 의리를 지키고 부하들은 몸으로 그를 가리는 선택을 한다.","탄약이 부족한 지하주차장 돌파와 후쿠자와 직접대결이 남는다.","미리내건설 직원 대피","지하주차장 총격 돌파","L15-O 대한호텔 기습과 서상사파 숙청","high"
"317","317화","","39294","39445","지하주차장에서 강혁 일행은 수적·탄약 열세 속에 야쿠자들과 맞붙는다.","주인공이 총상 입은 부하를 챙기면서 후쿠자와를 직접 꺾고 국내 공범은 제도권 힘으로 제거하는 보상을 준다.","후쿠자와 행동대를 무력화하고 서상사파의 조직 기반을 자기 전력 손실 없이 해체한다.","강혁은 양손 권총과 근접전으로 적을 쓰러뜨리고 후쿠자와의 손목·어깨를 꺾어 제압한 뒤 부상자를 병원에 보내고 신태철 지검장에게 서상사파 일제검거를 부탁한다.","강혁 팔에도 총알이 스치고 경호원 여러 명이 다치며 총기와 CCTV 흔적을 경찰 도착 전 치워야 한다.","후쿠자와 행동대는 전멸하고 강혁은 사과 한 상자라는 암호로 2억원을 건네며 검찰 300명 규모 검거작전을 가동한다.","그날 밤 서울지검 강력1부와 경찰이 용산 서상사파를 덮친다.","전투/권력","강혁은 피를 흘리는 부하에게 살아남으라 명령하고 국내 조폭에는 직접 전쟁 대신 자신이 만든 검찰 인맥을 사용한다.","서상사파 두목의 처리와 시모무라 체포가 남는다.","후쿠자와 제압","서상사파 일제검거·시모무라 추적","L15-O 대한호텔 기습과 서상사파 숙청","high"
"318","318화","","39446","39607","서상사파는 강혁의 반격에 대비해 모여 있다가 검찰·경찰 300명에게 일망타진된다.","국내 공범과 가족 총격범을 모두 회수하고도 전쟁의 원흉 와타나베에게 직접 갈 이유를 확정한다.","서영태·백낙영에게서 야쿠자 은신 정보를 뽑아 시모무라까지 생포한다.","신태철 쪽 수사관은 남산에서 서영태와 백낙영을 이경식에게 넘기고 백낙영의 자백으로 마포 1208호를 찾은 팀은 관리비 수금으로 위장해 시모무라를 최루가스로 제압해 여행가방에 싣는다.","공권력과 사조직의 은밀한 인계가 드러나면 큰 위험이고 강혁과 피케의 부상도 남아 있다.","한국에 들어온 행동대와 시모무라가 모두 정리되어 국내 전장은 일단 닫힌다.","워커힐에서 발크가 이제 서로 한 대씩 쳤으니 전쟁을 끝내자고 제안하지만 강혁은 받을 빚이 남았다고 한다.","복수/결단","강혁은 국내 부하들을 보호하기 위해 전쟁을 끝낼 기회보다 와타나베 수뇌부를 직접 겨누는 길을 택한다.","CIA와의 협상 및 도쿄 잠입·와타나베 제거가 열린다.","서상사파 해체·시모무라 생포","도쿄 수뇌부 제거","L15-O 대한호텔 기습과 서상사파 숙청","high"
"319","319화","","39608","39749","발크는 일본 총선을 앞두고 조직전쟁이 커지면 미국 이해에도 피해가 된다며 강혁을 말린다.","전면전 대신 수뇌 제거라는 강혁식 해법을 세우고 적진 도쿄로 직접 들어가는 결단을 보여준다.","와타나베만 제거해 스미요시가이의 한국 공격을 끝내고 조직 전체와의 소모전을 피한다.","강혁은 CIA에 무기와 내부 세력정보를 요구하고 정예 20명과 전용기로 도쿄에 잠입해 외곽 안가와 총번 지운 MP5·권총·수류탄을 확보한다.","스미요시가이는 백 명이 넘는 공격대를 준비하고 일본은 상대 본거지라 실패하면 전원 고립된다.","CIA가 총선 영향을 피하는 참수작전을 묵인하고 강혁의 소수 정예가 현지 전투 준비를 마친다.","CIA 일본지부 제프리가 와타나베와 충돌해온 고다마 가즈오의 세력과 파견 명령의 숨은 의도를 설명한다.","전략/잠입","발크와 강혁은 서로의 국가·조직 이해를 조정하는 동맹으로 남고 강혁은 부하에게만 맡기지 않고 적진 선두에 선다.","고다마를 적의 적으로 끌어들일 수 있는지가 다음 관문이다.","참수작전 합의·도쿄 무장 완료","고다마 포섭","L15-P 도쿄 잠입과 고다마 동맹","high"
"320","320화","","39750","39889","제프리는 와타나베가 강혁과의 전쟁으로 경쟁자 고다마의 병력까지 소모시키려 한다고 분석한다.","주인공이 가족과의 귀환 약속을 붙들고 적 내부의 균열을 납치·협상 기회로 바꾸는 장면을 준다.","고다마가 와타나베를 배신할 동기를 확인하고 직접 만나 동맹을 제안한다.","강혁은 마이애미의 수영과 통화해 이번 일 뒤 직접 데리러 가겠다고 약속한 뒤 로즈마리 술집 지하주차장에서 고다마와 경호원을 기습해 납치한다.","수영은 몸조심하라고 떨리는 목소리로 당부하고 고다마는 반란 충동을 누르며 조직원들을 다독인 직후라 강혁을 적으로 볼 수 있다.","고다마가 와타나베의 숙청 의도를 정확히 알고도 때를 기다리는 야심가임이 확인되고 강혁은 피 한 방울 흘리지 않고 그를 확보한다.","강혁은 폐공사장으로 고다마를 끌고 가 대화를 시작하겠다고 한다.","가족/동맹","수영과의 귀환 약속은 강혁이 무모한 복수에 끝을 정하게 하는 삶의 기준이고 고다마와는 공포보다 이해관계로 대화를 연다.","와타나베 제거 뒤 권력 승계와 한국 재산을 놓고 동맹 조건을 정해야 한다.","고다마 납치","고다마 동맹협상","L15-P 도쿄 잠입과 고다마 동맹","high"
"321","321화","","39890","40019","폐호텔 공사장에서 강혁은 고다마의 결박을 풀고 와타나베의 숙청 의도를 정면으로 짚는다.","적의 후계자를 동맹으로 바꾸고 백민용까지 합법수사와 야쿠자 숙청 사이에 가두는 이중 결산을 준다.","와타나베를 직접 죽인 뒤 고다마가 친위세력을 정리하게 해 전쟁을 짧게 끝낸다.","강혁은 스미요시가이 이권은 요구하지 않고 한국 투자·재산 전부와 재진입 금지만 조건으로 제시해 고다마와 악수하며 목상윤에게는 백민용 범죄 단서를 흘린다.","동맹이 들키면 강혁 소수팀은 와타나베·고다마 양쪽의 적이 되고 백민용은 경찰 수사에도 과거 인맥으로 빠져나갈 가능성이 있다.","고다마가 와타나베 사후 조직 장악 계획에 동의하고 목상윤은 자금세탁·횡령 증거로 백민용을 유치장에 넣는다.","와타나베는 쓸모없어진 백민용이 조직 정보를 말하지 못하도록 아베에게 제거를 지시한다.","동맹/단죄","강혁-고다마 관계는 원수의 공격대장과 표적에서 서로의 적을 제거하는 한시적 동맹으로 전환된다.","백민용 암살과 와타나베 저택 습격 준비가 동시에 진행된다.","고다마 동맹·백민용 체포","백민용 입막음·와타나베 습격","L15-P 도쿄 잠입과 고다마 동맹","high"
"322","322화","","40020","40142","유치장에 갇힌 백민용은 외부 인맥으로 빠져나오려 하지만 스미요시가이가 심은 살인자와 같은 방에 들어간다.","오랜 원수가 자기 동업자의 손에 제거되는 아이러니를 결산하고 최종 적 저택의 실제 방어선을 제시한다.","백민용의 죽음 뒤 한국 잔존조직을 쓸고 와타나베 제거작전의 보안을 완성한다.","야쿠자 청부자는 붕대로 잠든 백민용의 목을 졸라 죽이고 최수혁도 병원으로 가다 덤프트럭 충돌로 즉사하며 강혁은 차문호에게 한국 연결조직 전부를 찾게 한다.","스미요시가이는 경찰서 안까지 손을 뻗고 와타나베 저택에는 권총·회칼로 무장한 70명이 24시간 교대한다.","강혁의 가족과 회사를 계속 괴롭힌 백민용-최수혁 선이 완전히 끊기고 고다마가 400~500명으로 친위세력 후방을 칠 준비를 마친다.","강혁은 습격 직전까지 정체를 숨기는 것이 승패라며 저택 배치도를 놓고 보안을 재차 명령한다.","원수/준비","백민용은 마지막까지 타인을 이용하다 동업자에게 버려지고 강혁은 직접 손대지 않은 채 오래된 원수의 최후를 맞는다.","70명 경비의 와타나베 저택을 20명으로 돌파해야 하는 최종 결전이 남는다.","백민용·최수혁 사망","와타나베 저택 참수작전","L15-P 도쿄 잠입과 고다마 동맹","high"
"323","323화","","40143","40301","와타나베가 고다마에게 한국 장기주둔까지 떠넘기자 고다마는 더 미룰 이유를 잃는다.","내부 배신과 외부 정예가 정확히 맞물려 최종 단죄가 개시되는 결전의 문을 연다.","포섭한 경비 정보와 저격수를 이용해 정문을 조용히 열고 와타나베의 안채까지 돌파한다.","고다마는 다음날 거사를 요청하고 강혁은 빚진 경비 츠요시에게 잔금을 지급한 뒤 전영철의 소음저격으로 문지기들을 제거하고 MP5로 정원·바깥채를 밀어붙인다.","저택에는 60명 넘는 무장 야쿠자가 남고 한 명이 권총을 발사해 은밀한 침투가 조기에 들킨다.","고다마의 죄책감이 사라지고 경비 배치·내부 동요·후속 쿠데타가 모두 강혁의 시간표에 맞춰진다.","총성이 울려 저택 전체가 깨어나고 엄폐물 뒤 야쿠자들이 응사하면서 정면 총격전이 시작된다.","단죄/돌입","고다마는 충성보다 생존과 권력을 선택하고 강혁은 돈으로 산 내부문보다 끝까지 함께 들어오는 부하들의 전투 의리에 기대 전진한다.","바깥채 돌파 피해와 와타나베 대면이 남는다.","고다마 거사 확정·정문 제압","저택 전면전·와타나베 대면","L15-Q 와타나베 저택 단죄","high"
"324","324화","","40302","40466","강혁 일행은 엄폐물을 잡은 야쿠자들에게 막히고 부하가 총상을 입는다.","희생을 치른 끝에 와타나베를 직접 처형하고 전쟁·한소 인수·그룹 성장까지 한꺼번에 결산한다.","안채를 돌파해 와타나베를 죽이고 경찰 도착 전 부상자와 전원을 철수시킨다.","강혁은 섬광탄·수류탄으로 길을 열고 박종규 등 다섯 부하를 잃으면서도 피케·이경식과 본실에 들어가 아베를 사살하고 와타나베의 머리에 직접 방아쇠를 당긴다.","피케가 허벅지 총상을 입고 강혁도 방탄조끼에 맞으며 경찰 사이렌이 다가오는 시간 압박 속에서 사망자까지 데려가야 한다.","와타나베가 죽고 고다마는 이틀 만에 스미요시가이를 장악하며 한 달 뒤 한국 사업·재산 전부를 강혁에게 넘긴다.","강혁은 그 재산과 한소 지배력을 바탕으로 구조조정 계열사를 흡수해 미리내를 재계 5위권으로 키운다.","승리/대가","강혁은 다친 피케를 직접 부축하고 죽은 부하도 버리지 않는 의리를 지키지만 승리의 값으로 다섯 사람을 잃는다.","전쟁 뒤 강혁이 선택하는 일상과 수영에게 한 귀환 약속의 결산이 남는다.","와타나베 처형·스미요시가이 전쟁 종결·한소 흡수","가족 귀환·삶의 종착","L15-Q 와타나베 저택 단죄","high"
"325","325화","","40467","40575","세월이 흘러 강혁은 햇볕 드는 집 서재에서 아무 일 없는 평온을 가장 귀한 것으로 느낀다.","모든 선택과 대결의 종착을 수영의 둘째 출산과 가족의 시간으로 지불한다.","진통이 시작된 수영을 병원에 데려가 곁을 지키고 새 아이를 맞는다.","강혁은 수영을 차에 태워 병원으로 달려가 분만실 밖에서 이미 네댓 살이 된 아들과 기다린 뒤 갓 태어난 딸을 보고 수영의 이마에 입맞춘다.","예정보다 일주일 빠른 출산에 수영은 긴 진통을 견디고 강혁은 아무 권력도 대신할 수 없는 무력한 기다림을 감수한다.","첫아들은 동생을 챙길 형이 되고 강혁과 수영은 둘째 딸을 무사히 얻어 전쟁 뒤 가족의 미래를 완성한다.","두 사람은 아들 장가와 딸의 성장까지 함께 늙어가자고 약속하며 이야기가 닫힌다.","가족/완결","강혁의 삶의 진로는 더 큰 권력이나 전쟁이 아니라 수영과 두 아이 곁의 평범한 나날을 지키는 것으로 귀착된다.","닫힌 결말로 별도의 외부 갈등 훅은 남기지 않는다.","수영 출산·가족 미래·강혁의 귀환 약속","","L15-R 둘째 출산과 평온한 종착","high"
