"sequence","visible_label","title","start_line","end_line","entry_state","reader_promise","protagonist_goal","action","resistance_or_cost","turn_or_reveal","paid_reward","state_change_axis","state_change","ending_hook","closed_loops","opened_loops","arc_id","confidence"
"1","1화","돌아오다.","1","255","태우그룹 부도 뒤 20년을 빈곤과 복수 집착 속에 버틴 김민재가 고시원에서 각혈하며 죽는다.","17세로 돌아온 재벌 3세가 가족과 그룹을 지키고 배신자들에게 복수할 두 번째 기회를 얻는다.","김태중의 사랑받는 손자로 다시 자리 잡고 회귀와 신상명세서 능력을 감춘 채 첫 위기를 처리한다.","김택훈 앞에서 17세답게 행동하고 김태중 생일연회에서 납품가를 호소하는 협력업체 사장의 10억 원 파텍필립 시계를 폭로한다.","부모를 잃고 할아버지마저 잃었던 죄책감과 실패 기억이 남아 있으며 미성년이라 그룹 경영에 직접 개입할 수 없다.","회귀와 함께 얼굴만 보면 이름·소속·특이사항·업무 능력이 뜨는 신상명세서 능력이 생겼음이 드러난다.","협력업체 사장의 기만을 걷어 내 연회를 지키고 김태중에게 100만 달러 스위스 계좌를 입학 선물로 받는다.","관계·자원·능력","김민재와 김태중의 조손 관계가 회복되고 10억 원대 종잣돈과 인재 판별 능력이 확보된다.","통장 속 돈이 100만 원이 아니라 100만 달러라는 김태중의 말로 첫 자금 게임을 연다.","김민재의 죽음과 회귀 여부; 생일연회 훼방꾼 처리","태우그룹 부도 저지; 김태중 생존; 살생부의 배신자 복수; 신상명세서 활용","S1-A01","high"
"2","2화","태우증권","256","497","김민재는 각종 통장에 약 70억 원이 있고 그룹 부도 당시 부채가 89조였음을 되짚는다.","미래 지식과 사람 보는 능력으로 미성년자의 용돈을 그룹을 구할 외부 자본과 인맥으로 키운다.","태우증권에서 자신의 미래 정보를 실행할 S급 투자 책임자와 A급 실무진을 확보한다.","태우증권 출입구에서 직원 능력치를 훑어 분석력 S급 한정훈과 A급 직원 세 명을 고르고 김태중에게 전담팀을 청한다.","17세라는 나이와 직원들의 투자 놀이 취급, 김태중의 직원 동의 조건 때문에 권한과 신뢰가 부족하다.","훗날 태우증권을 인수할 전설적 투자가 한정훈이 현재는 해외주식사업부 대리로 퇴사를 고민 중이다.","김태중의 승인과 추가 10억 원을 받아 220억 원 규모의 일본 버블 붕괴 투자를 논의할 팀을 만든다.","인재·권한·자원","한정훈 등 네 명이 임시 전담팀이 되고 김민재가 220억 원의 실질 투자 의사결정자로 선다.","김민재가 일본 대출총량제 뒤 붕괴를 전제로 투자하자며 220억 원 전액을 제시한다.","전담 투자팀 선발; 김태중의 허락","일본 버블 붕괴 베팅; 한정훈의 충성 확보; 220억 원 비밀 유지","S1-A02","high"
"3","3화","버블(1)","498","722","김민재가 부모 유산까지 합친 220억 원과 아직 자신을 아이로 보는 전담팀을 마주한다.","계약과 미래 지식으로 일본 붕괴에 전액을 걸고 동시에 회사 입사 시계를 앞당긴다.","해외 법인과 성과보수 계약으로 팀을 묶고 가장 공격적인 닛케이 하락 포트폴리오를 실행한다.","홍콩 법인을 빌리고 수익 1퍼센트 보너스·실패 위로금·비밀유지 위약금을 명시한 계약을 체결한 뒤 보험·공매도 중심 3안을 선택한다.","220억 원 전액 손실 가능성과 김태중에게 투자 규모를 숨겨야 하는 부담, 검정고시와 미국 대학 준비가 겹친다.","한정훈 팀이 닛케이 반토막 시 10배 이상을 주는 보험까지 찾아내며 투자 일 자체에 재미와 소속감을 느낀다.","공격적 포트폴리오가 즉시 집행되고 김태중에게 다국어 실력을 증명해 검정고시와 하버드·스탠퍼드 도전을 승인받는다.","계약·교육·시간","김민재는 전담팀의 법적 고용주이자 1995년 조기 입사를 향한 교육 계획의 주도자가 된다.","검정고시 책 대신 SAT 교재를 꺼내 외환위기 3년 전 입사 계획을 본격화한다.","전담팀 계약; 검정고시 허락","일본 붕괴 수익 실현; 세계 최고 대학 입학; 1995년 태우 입사","S1-A02","high"
"4","4화","버블(2)","723","929","220억 원 전액을 일본 하락에 건 뒤 김민재는 검정고시와 투자 결과를 함께 기다린다.","실제 1990년 대출총량제와 닛케이 급락이 회귀자의 첫 대형 예측을 증명한다.","버블 수익을 현금화해 팀을 자기 사람으로 만들고 다음 걸프전 투자와 왕실 인맥을 준비한다.","검정고시 만점 합격증을 김태중에게 보이고 사우디 동행 허락을 받은 뒤 전담팀의 예상 4,780억 원·기실현 1,210억 원을 결산하고 1퍼센트 보너스를 약속한다.","보험·증권사에서 수익을 받아 내는 데 시간이 걸리고 김태중의 세계화 확장을 정면으로 막을 권한은 아직 없다.","일본 폭락으로 팀의 의심이 충성으로 바뀌고 김민재는 이라크가 쿠웨이트를 침공할 논리를 제시한다.","만점 검정고시, 이미 실현된 1,210억 원, 팀원당 수억 원 보너스, 사우디 왕실 접근 기회를 한꺼번에 얻는다.","돈·관계·교육","초기 자본 문제를 사실상 해결하고 전담팀이 김민재를 어린 도련님이 아닌 리더로 받아들인다.","8월 초 원유 상승에 최대 레버리지를 걸면 12배 수익도 가능하다는 계산이 나온다.","일본 버블 첫 투자; 검정고시","걸프전 원유 베팅; 사우디 인맥; 투자 수익 전액 회수","S1-A02","high"
"5","5화","걸프전(1)","930","1168","일본 붕괴로 1,400억 원대 자본을 만든 김민재가 걸프전까지 넉 달을 앞둔다.","미래 전쟁을 돈과 국가급 인맥으로 동시에 바꾸며 SAVE의 기반을 닦는다.","미국 선물거래 법인을 만들고 사우디 왕실에 결정적인 빚을 지운 뒤 원유 급등 포지션을 완성한다.","한정훈에게 사표와 미국 법인 설립을 지시하고 사우디에서 어린 무함마드 빈 살만과 놀며 살만에게 왕실 보석 절도범 끄리앙끄라이를 고발한다.","한정훈의 퇴직 공포, 선물거래의 청산 위험, 김태중의 공격적 세계화 노선을 직접 고치지 못하는 제약이 있다.","청소기에서 실제 왕실 보석이 쏟아져 살만이 사우디 왕실의 영구 지원을 약속하고 태우건설 수주도 두 배가 된다.","사우디 왕실이라는 방패와 태우건설 추가 수주를 얻고 한정훈이 2억 달러 원유 급등 포지션을 구축한다.","국제 인맥·돈·조직","김민재가 살만 부자와 인연을 만들고 전담팀은 태우증권 밖 독립 투자회사로 이동하기 시작한다.","이라크 침공 하루 전 2억 달러를 건 한정훈에게 김민재가 다 잃어도 다시 벌면 된다고 말한다.","사우디 보석 도난 저지; 왕실 인맥 확보","걸프전 급등 수익; 미국 투자회사 정착; 김태중 세계화 리스크 완화","S1-A03","high"
"6","6화","걸프전(2)","1169","1387","이라크 침공 직전 2억 달러 원유 포지션과 미국 유학 계획이 동시에 가동된다.","전쟁 발발로 돈·인재·교육 일정이 한 번에 급상승하고 미래 배신자도 식별된다.","유가 30달러에서 수익을 확정하고 전담팀과 미국으로 옮겨 독립 회사를 세운다.","유가가 하루 만에 두 배 뛰자 30달러 매도를 지시하고 장수영의 미래 배신을 기억한 뒤 김태중에게 전담팀 동행 미국 유학을 설득한다.","김태중은 17세 손자의 단독 미국행을 걱정하고 장수영처럼 현재 충신인 미래 배신자를 당장 처벌할 근거는 없다.","유가 거래가 20억 달러·약 1.4조 원 수익으로 끝나고 네 명이 한정훈의 미국 법인 SAVE로 완전히 이직한다.","1.4조 원과 한정훈의 절대적 신뢰, 미국 저택·호위·최고 입시진을 확보한다.","돈·조직·관계·장소","전담팀이 태우증권 소속 임시 교사에서 SAVE 핵심 직원으로 바뀌고 김민재의 활동 무대가 미국으로 옮겨진다.","미국 법인의 이름을 태우그룹과 김태중을 지킨다는 목적을 새긴 SAVE로 확정한다.","원유 상승 수익; 미국 유학 허락; 전담팀 이직","미국 참전 뒤 유가 하락 베팅; SAVE 확대; 장수영 감시","S1-A03","high"
"7","7화","걸프전(3)","1388","1608","SAVE가 20억 달러를 쥐고 네 명의 한국인 핵심 직원과 미국에서 새 출발한다.","첫 결산을 조직 확장과 두 번째 걸프전 베팅으로 재장전해 우연이 아닌 체계를 만든다.","성과 차등 보상을 도입하고 월가 인재를 채용한 뒤 미군 참전 시 유가 폭락을 공매도한다.","네 명에게 각 35억 원을 지급하고 A급 20명과 친화력 S급 한 명을 사진 능력치로 뽑아 25명 회사를 만든 뒤 1991년 1월 17일 전 직원으로 원유 공매도를 건다.","월가 시스템 부재와 고액 연봉, 20억 달러 증거금 청산 위험, 베트남전 기억 때문에 직원들이 미군의 신속 승리를 믿지 못한다.","사막의 폭풍 작전과 F-117·B-52·토마호크 공습이 이라크를 하루 만에 초토화하며 김민재의 하락 논리를 증명한다.","SAVE 인력 25명과 실적 경쟁 보상 체계, 세계 최고 인재 풀, 두 번째 유가 수익 직전의 우위를 얻는다.","조직·돈·능력","SAVE가 개인 전담팀에서 공격적 월가 투자회사로 변하고 김민재의 미래 지식이 연속 승리로 검증된다.","이라크 폭격 영상이 전파를 타는 순간 유가가 실제로 흔들리기 시작한다.","초기 네 직원 보너스; SAVE 1차 채용","유가 공매도 결산; 다음 시대 투자처; 미국 대학 입학","S1-A03","high"
"8","8화","제프리(1)","1609","1815","사막의 폭풍 작전 직후 SAVE가 20억 달러를 원유 하락에 걸었고 김민재는 미국 입시와 회사를 병행한다.","걸프전 최종 수익을 다음 IT 시대의 기업과 세계적 경영 인재 선점으로 전환한다.","유가 공매도를 안전하게 청산하고 인터넷 금융사 D.E의 제프리를 SAVE로 빼 온다.","유가 18달러 청산을 지시해 100억 달러를 번 뒤 D.E 인수 제의를 던지고 거절되자 친화력 S급 데이비드에게 제프리 포함 14명 스카우트를 맡긴다.","거액 청산을 따라붙는 세력 때문에 기대 수익을 포기했고 D.E 대표 리처드는 미래 성장성을 믿어 인수를 거절하며 제프리는 회사에 충성한다.","데이비드가 일주일 만에 14명 중 13명을 데려오고 김민재는 S급 능력 세 가지를 지닌 미래 세계 부자 1위 제프리와 직접 대면한다.","걸프전 하락 베팅에서 100억 달러·약 7조 원을 확정하고 SAVE가 월가의 인재 유출을 일으킬 채용력을 증명한다.","돈·조직·평판","김민재의 자본이 1997년까지 버틸 기반으로 커지고 SAVE가 선물 회사에서 IT 창업·지분 투자 회사로 방향을 넓힌다.","제프리를 낚기 위해 평범한 연봉 제안이 아닌 거대한 미래 사업 아이디어를 던져야 한다.","걸프전 유가 공매도; D.E 직원 13명 영입","제프리 영입; 인터넷 사업 투자; 1997년 외환위기 전 자본 성장","S1-A04","high"
"9","9화","제프리(2)","1816","2017","D.E 핵심 13명은 넘어왔지만 제프리만 SAVE 이직을 거부한 채 김민재와 면담한다.","미래 거인의 원래 아이디어를 정확히 건드려 사람을 선점하고 그 능력을 조직 수익으로 보상받는다.","아마존식 선순환과 메기를 미끼로 제프리를 영입하고 과로로 이탈할 SAVE 인재를 성과보수로 붙든다.","냅킨에 고객·셀러·상품·낮은 비용의 선순환을 그려 창업 전액 지원을 약속하고 제프리에게 부사장 전권을 준 뒤 투자 수익의 20~30퍼센트를 직원 성과보수로 책정한다.","제프리가 대표가 고교생 나이임을 뒤늦게 알고 경직되고 직원들을 기계처럼 굴려 네 증권맨과 A급 인재들의 사표 위험이 커진다.","제프리 투입 한 달 만에 김민재 주도 외 투자의 수익이 최소 30퍼센트 늘고 채찍은 제프리·당근은 김민재라는 조직 운영이 정착한다.","제프리·메기와 D.E 프로젝트팀을 통째로 얻고 SAVE의 독자 투자 생산성과 SAT 상위 2퍼센트 성적을 확보한다.","인재·조직·교육","SAVE에 세계적 경영자와 성과보수 체계가 결합되고 김민재는 태우 도움 없이도 대학 외부활동을 만들 위치에 선다.","태우그룹 붕괴의 시발점인 퀀텀펀드가 영국 파운드화 공매도 동참을 제안한다.","제프리·D.E팀 영입; SAVE 보상 갈등","퀀텀펀드와의 동맹 여부; 파운드 공매도; 대학 추천서","S1-A04","high"
"10","10화","제프리(3)","2018","2167","김민재는 외환위기 원흉 퀀텀펀드와 손잡을지, 감정 대신 그룹 생존 자금을 택할지 결정해야 한다.","복수 대상의 힘마저 이용해 영국이라는 국가를 공격하고 월가 동맹·입시 추천서를 함께 얻는다.","파운드 공매도에 유리한 조건으로 참여하고 조지와 장기 동맹을 맺어 SAVE를 자율 운영 체계로 만든다.","다니엘과 ERM 허점을 논쟁하며 10억 달러 선투자·조지 면담 조건을 제시하고, 조지에게 리라화 다음 공격까지 예측해 60억 달러 투자와 모든 전쟁의 동맹을 약속한다.","영국 정부와 싸우는 60억 달러 위험, 구두 동맹의 취약성, 대학 진학 후 김민재가 회사에 매달릴 수 없는 시간 비용이 있다.","조지가 짐과 자신의 대학 추천서를 써 주고 한정훈은 퀀텀 자료를 분석해 1,100억 달러가 이미 영국을 그로기 상태로 몰았다고 확신한다.","퀀텀펀드 장기 동맹, 조지·짐 추천서, 파운드 공격의 마지막 일격 지위와 40억 달러의 독자 운용 여력을 얻는다.","동맹·평판·교육·돈","SAVE는 월가의 신생 회사에서 국가 통화 공격 연합의 정식 동맹이 되고 한정훈·제프리가 각 투자 축을 맡는다.","한정훈이 파운드 TF와 퀀텀 대화 채널을 만들고 김민재는 대학 입학 뒤에도 굵직한 투자·영입만 직접 개입하려 한다.","제프리 영입과 SAVE 운영 체계; 추천서 확보","영국 파운드화 붕괴; 대학 입학·조기 졸업; 제프리의 IT 투자","S1-A04","high"
"11","11화","인재 모집(1)","2168","2352","1992년 SAVE는 제프리의 40억 달러를 48억 달러로 키울 만큼 안정됐고 김민재는 1년 6개월 만에 귀국한다.","하버드 합격이라는 가족 보상을 받고 기업 밖 장기 지지망을 직접 만들 첫 조직 권한을 얻는다.","김태중의 대선 출마 유혹을 끊고 태우그룹을 태풍에도 버틸 장학생·지지세력 양성 기관을 만든다.","하버드 경제학과 합격증을 김태중에게 보여 준 뒤 강준기 의원의 신민국당 영입 제안을 상속세·언론 검증·5년 임기 논리로 말리고 YS와 DJ 양쪽 지원을 권한다.","김태중은 군사정권에 시달린 기억 때문에 대통령 권력에 흔들리고 장학생은 즉시 수익이 없어 큰돈을 쓰기 꺼린다.","김민재가 장학재단 기부금 유치와 운영을 자청하자 김태중은 조직 운영의 어려움을 배워 보라며 사실상 첫 경영 시험을 허락한다.","김태중의 식탁 환대와 하버드 합격 축하, 대통령 출마 철회, 태우그룹 장학재단 설립 승인을 얻는다.","가족·교육·권한·정치","김민재가 자랑스러운 손자를 넘어 김태중의 정치·경영 판단에 영향을 주고 독립 조직을 맡을 후계자로 이동한다.","김태중이 장학재단을 만들어 주며 김민재가 돈과 조직의 무게를 직접 느껴 보라고 한다.","하버드 입학; 김태중 대선 출마 차단","장학재단 운영; YS·DJ 연결; 장기 지지망 구축","S1-A05","high"
"12","12화","인재 모집(2)","2353","2512","김민재는 200억 원 운영금과 태우그룹 직원 20명이 배정된 장학재단 이사장이 된다.","선행처럼 보이는 장학·창업 지원을 미래 핵심 인재와 공직 라인을 선점하는 제국 기반으로 바꾼다.","능력치 높은 학생·청년과 비주류 공직자를 장학금·창업금·SAVE 펀드로 장기 결속한다.","성적 상위 5퍼센트 빈곤 학생 사진을 직접 심사하고 SAVE 돈으로 청년 창업을 지원하며 한정훈·데이비드에게 검찰·경찰·공무원 명단을 펀드에 가입시키라 한다.","재단 200억 원은 장학·창업을 장기 지속하기 부족하고 학연·지연 없는 비주류 인재는 한국 조직에서 밀릴 가능성이 크다.","기존 권력 라인을 후원하는 대신 태우가 라인 없는 유능한 사람들의 새 라인이 되고 펀드 수익을 노후 안전망과 충성 축적 장치로 쓰기로 한다.","재단 독립 보고권과 직원 20명, 장학·창업 선발 자료, 월가의 SAVE 명성을 활용한 공직자 펀드 모집 체계를 확보한다.","조직·인재·정치망·돈","장학재단이 단순 기부 기관에서 김민재가 직접 운영하는 인재·창업·공직 네트워크 허브로 바뀐다.","데이비드가 80명 이상을 모으면 50만 달러를 받는 성과계약 아래 한국 공직자 영입에 착수한다.","장학재단 설립·권한 확정","장학생 선발; 청년 창업; 공직자 100명 펀드 라인; 기부금 조달","S1-A05","high"
"13","13화","인재 모집(3)","2513","2676","재단이 학생 100명에게 약 3억 원을 지급했고 김민재는 연 40억 원까지 쓰겠다고 김태중에게 보고한다.","겉으로 숨긴 SAVE의 성과를 기부금 연극으로 부분 공개해 김태중의 후계자 인식을 바꾼다.","재단 자금을 보충하면서도 자신이 월가가 인정한 인물임을 김태중과 김택훈에게 단계적으로 각인시킨다.","SAVE의 100억 원을 퀀텀펀드 명의 기부금으로 꾸미고 김태중의 조사를 유도하며 한정훈·퀀텀 관계자에게 미리 맞춘 걸프전 에세이·인턴 설명을 제공한다.","김태중은 하청업체 착취와 월가가 손자를 미끼로 태우를 노릴 위험을 의심하고 김택훈은 직접 미국까지 가 사실을 검증한다.","김택훈의 조사 결과 김민재가 먼저 퀀텀에 접근해 걸프전·유가 전망으로 인정을 받았다는 서사가 확인되어 김태중이 감시 대신 신뢰를 택한다.","100억 원 기부금, 김태중·김택훈의 능력 인정, 장학금 지속 자금과 공직자 펀드 가입자 약 30명을 얻는다.","가족 신뢰·돈·정치망","김민재는 보호받기만 하는 미성년 손자에서 월가가 100억 원 가치를 매긴 후계자로 김태중 인식 속 위치가 올라간다.","펀드 가입자는 훗날 수익이 수십·수백 배가 되면 SAVE와 김민재의 황금 동아줄임을 알게 된다.","재단 1차 장학 지급; 기부금 출처 검증","펀드 라인 확대; 추가 후계자 각인 연극; 장학생·창업자 성장","S1-A05","high"
"14","14화","인재 모집(4)","2677","2851","SAVE 펀드 가입자가 80명을 넘고 김민재의 귀국 중 장학·공직 라인 구축이 자율화된다.","한국 인재망을 미국·러시아 정치 권력과 파운드 승리로 확장하고 동시에 월가 동맹의 배신성을 드러낸다.","클린턴과 푸틴의 가장 약한 시점에 자금을 심고 파운드 수익을 받은 뒤 조지의 프랑화 함정을 역이용할 결정을 내린다.","데이비드에게 클린턴 1천만 달러·푸틴 500만 달러 지원을 맡기고 하버드 조기졸업용 7인 대필·기출 분석팀을 둔 뒤 SAVE에서 조지와 영국 공격을 정산한다.","미국인이 KGB 출신 푸틴에게 접근하는 위험과 대학 성적을 돈으로 사는 도덕적 비용, 조지가 동맹들을 프랑화 매수에 끌어들인 뒤 팔아치울 함정이 있다.","60억 달러 파운드 투자가 50퍼센트·30억 달러 수익으로 끝나지만 김민재는 조지의 다음 마르크 매도·프랑 매수 제안이 월가 뒤통수치기임을 알아챈다.","공직 펀드 80명 이상, 클린턴·푸틴 미래 연결 착수, 파운드 수익 30억 달러와 하버드 조기졸업 지원팀을 얻는다.","국제 정치망·돈·교육·동맹","장학재단 기반 인재망이 한국 공직자에서 미국 대통령 후보·러시아 정치인까지 넓고 SAVE 현금도 30억 달러 늘어난다.","김민재가 한정훈·제프리에게 조지의 배신을 자신만 안다고 밝히며 어떤 선택을 할지 묻는다.","공직 펀드 80명; 파운드화 전쟁","조지의 프랑화 함정 역공; 클린턴·푸틴 유대; 하버드 조기졸업","S1-A05","high"
"15","15화","칼춤(1)","2852","3024","조지의 프랑화 함정을 간파한 SAVE와 하버드 입학을 앞둔 김민재가 다음 금융·인재 전략을 정한다.","월가의 배신은 조용히 돈으로 바꾸고 3년을 건너 태우그룹 내부 수술을 시작한다.","퀀텀과 정면충돌하지 않고 수익을 얻으며 미래 기술·정치 인맥을 심은 뒤 조기졸업해 태우에 입사한다.","20억 달러 한도로 조지 발언의 반대 포지션을 잡고 제프리에게 아마존 이름과 창업 전액 지원을 제안하며 데이비드에게 배터리 연구자 지원을 맡긴다.","월가 전체의 미움을 살 수 있어 퀀텀을 먼저 배신할 수 없고 대학 4년은 외환위기까지 남은 시간을 갉아먹는다.","푸틴이 `I NEVER FORGET IT`을 보내고 3년 뒤인 1994년 말 김민재가 하버드를 조기졸업해 귀국한다.","푸틴의 감사, 노벨급 배터리 기술 지분 선점, 하버드 3년 졸업과 김태중의 귀국 식탁 환대를 받는다.","시간·교육·인맥·지위","김민재는 23세 하버드 졸업생이자 태우 입사 예정자가 되고 SAVE는 제프리 이후까지 이어질 인재·기술 파이프라인을 갖춘다.","기획실 대신 창원 부품공장을 택해 5년 갈아 온 칼을 처음 쓰겠다고 결심한다.","하버드 과정; 푸틴 첫 지원; 퀀텀 프랑화 대응 방향","태우 내부 수술; 제프리의 아마존 창업; 배터리·미래 창업자 지분","S1-A06","high"
"16","16화","칼춤(2)","3025","3210","1995년 1월 김민재가 태우그룹 차장으로 창원 부품공장에 첫 출근한다.","회장 손자 행세로 방심시킨 뒤 신상명세서로 공장 전체의 횡령 고리를 잡아 첫 칼춤을 연다.","현장 체험을 가장해 서우태 공장장과 총무팀의 고철·계약 횡령 구조를 확인하고 은밀한 조사팀을 투입한다.","양 대리 안내로 고철장과 총무팀을 돌며 악수해 이 부장 등 전원의 비리 특이사항을 확인하고 관리직 전체에 비싼 회식과 술을 사며 외부 인력에 자료 탈취를 지시한다.","김태중은 공장 임원보다 순진한 손자를 걱정하고 임원들은 짧게 머물 낙하산으로 보고 술과 접대로 눈을 가리려 한다.","자동차 판넬 고철 헐값 매각과 뒷돈, 총무팀 전원의 횡령, 10개가 넘는 공장 비리가 능력치와 전생 수사 기억으로 맞물린다.","임원들의 경계가 가족 같은 신입이라 착각할 만큼 풀리고 김민재는 현장 비리의 인물·부서·거래 지점을 확보한다.","직위·정보·위장 관계","김민재가 외부 후계자에서 공장 차장으로 들어오고 창원 부품공장은 첫 전면 수술 대상으로 확정된다.","전 임원과 밤새 술잔을 주고받는 동안 비밀 조사팀이 장부와 컴퓨터 자료에 손댄다.","태우 입사·공장 배치","서우태·총무팀 비리 증거; 외부 조사팀 정체; 첫 숙청","S1-A06","high"
"17","17화","칼춤(3)","3211","3402","창원 부품공장 임원들은 회식으로 김민재를 완전히 길들였다고 믿는다.","장학·펀드로 3년간 심은 비주류 에이스들이 실제 기업 비리를 캐는 비밀 칼날로 모습을 드러낸다.","강인식과 국세청·경찰·검찰 팀을 연결해 공장 내외의 증거를 모으고 내부 제보 통로를 만든다.","사우나에서 기무사 출신 정보력 S급 강인식과 만나 탈취 자료를 검토하고 공장장 팔레트 독점 계획과 경리 한지혜·주영미와의 이중 불륜을 각각 포착한다.","자료가 아직 부족하고 조사 방식이 불법 침투·감청에 가깝다. 서로 모르는 강인식과 세 기관의 `돌아이`를 조율해야 한다.","서우태가 퇴직 장 부장의 팔레트 회사 지분 50퍼센트를 받으려 하며 한지혜·주영미 모두와 내연 관계라는 두 약점이 열린다.","정보력 S급 강인식과 기관별 에이스 공조, 팔레트 사업·이중 불륜이라는 내부 균열 지점을 얻는다.","인재·정보·압력","재단의 추상적 인맥이 강인식 중심 비밀 정보조직으로 실전화되고 공장장 왕국의 경제·사생활 약점이 동시에 드러난다.","김민재는 두 경리 파벌을 서로 적대시켜 내부 자료를 받아 낼 계획을 세운다.","강인식 정보팀 가동","공장장 불륜 이간질; 팔레트·고철·채용 비리 전수 증거","S1-A06","high"
"18","18화","의사가 휘두르는 칼은 수술이다. (1)","3403","3587","입사 사흘 만에 외부팀이 창원 부품공장의 탈세와 관련 회사들을 찾아낸다.","국내 수술과 별개로 SAVE의 미래 지식이 일본 재난·재계 승계 분쟁까지 돈과 먹잇감으로 준비된다.","불륜 증거를 확보하는 동안 일본 폭락 파생상품과 재벌 2·3세 분열 공작을 배치한다.","강인식에게 10억 원 스카우트비와 5억 원 활동비를 주고 한정훈에게 일본 증시 15퍼센트 이상 하락 시 터지는 100억 달러 파생계약을 확대시킨 뒤 청년경제포럼에 데뷔한다.","일본 경제가 이미 안정됐다는 통념과 100억 달러 전액 손실 위험, 공장 수술·SAVE·외환위기 준비를 동시에 해야 하는 시간 압박이 있다.","SAVE 자금이 150억 달러에서 360억 달러로 컸고 김민재는 CL·현재·현진의 후계 분쟁을 일으켜 알짜 계열사를 먹을 후보로 고른다.","강인식의 충성, 일본 기업·은행의 대규모 파생계약, 재계 후계자 첫 공식 인맥과 다섯 기업 먹잇감을 확보한다.","돈·평판·정보망","김민재가 태우 차장뿐 아니라 국내 재계에 공식 등장한 후계자이자 일본 금융전 설계자로 움직인다.","재벌 후계자 포럼의 우호적 얼굴들 중 누구를 갈라 계열사를 먹을지 사냥을 시작한다.","조사팀 자금·일본 파생 계약","CL·현재·현진 승계 분열; 고베 지진 파생 결산; 공장 내부 제보","S1-A06","high"
"19","19화","의사가 휘두르는 칼은 수술이다.(2)","3588","3812","김민재는 청년경제포럼에서 전생에 태우 몰락 뒤 전화를 끊었던 후계자들을 다시 만난다.","친구 행세를 사냥으로 뒤집고 공장장 두 내연녀의 질투를 완전한 내부 고발로 바꾼다.","CL 고영준 등 경쟁 그룹 후계자들에게 분쟁 씨앗을 심고 한지혜·주영미에게 서우태의 비리 장부를 받아 낸다.","고영준의 장자승계 불만을 부추길 친분을 만들고 현재·현진 왕자의 난 당사자들과 연결한 뒤 불륜 사진을 각 경리에게 보여 서로 배신당했다고 믿게 한다.","김민재는 회식·포럼·창원 이동으로 쉴 시간이 없고 불법 감청·호텔 매수 증거는 법정에서 쓰기 어렵다.","한지혜가 이중장부 20봉투를, 주영미가 팔레트 회사 계약·공모 임직원 자료를 자발적으로 내놓는다.","공장 내부 핵심 회계 자료와 경리 두 명의 협조, 다섯 경쟁그룹 후계자에 대한 장기 접근점을 확보한다.","정보·관계·복수망","서우태의 연애 파벌이 무너져 그가 통제하던 장부가 김민재·강인식의 법적 수사팀으로 넘어간다.","강인식이 국세청·경찰·검찰 에이스를 움직여 내부 자료를 법적 증거로 전환한다.","불륜 증거 수집","서우태 사법 처리; 경쟁그룹 승계 분쟁; 스타벅스 한국 진출 검토","S1-A06","high"
"20","20화","의사가 휘두르는 칼은 수술이다.(3)","3813","4009","이중장부와 팔레트 자료가 모였지만 태우 비서실은 원래 비리를 조용히 감사팀에서 덮는 조직이다.","순진한 손자의 붕괴를 연기해 김택훈의 보호 본능과 그룹 권력을 수사·언론 불길로 바꾼다.","검경·국세청의 압수수색과 공개 기자회견으로 서우태 사건을 내부 징계가 아닌 전 그룹 경고로 만든다.","청담동 술집 난동·눈물을 연기해 김택훈에게 수사 지원을 얻고 압수영장 발부 즉시 세 기관을 투입해 서우태의 횡령·하청 독점 계약을 김태중 이름으로 언론에 고발한다.","20년 공신 서우태를 공개 형사처리하면 다른 공신과 그룹 평판이 흔들리고 태우 전체로 불길이 번질 수 있다.","불륜 사진 앞에서 서우태가 무릎을 꿇고, 재벌 3세의 첫 내부고발이라는 뉴스가 전국 기자들의 관심을 장악한다.","서우태 형사처리와 재벌 3세의 공개 내부고발 주도권을 얻는다.","사법·언론 권한·후계자 평판","김민재의 비밀 조사에서 국가기관의 공개 압수수색으로 바뀌고 창원 비리가 태우 전체의 체질 문제로 격상된다.","김태중이 손자가 자기 이름을 걸고 일을 키운 기자회견을 어떻게 받아들일지가 남는다.","창원 부품공장 증거 수집; 김택훈 지원 확보","김태중과 경영관 충돌; 공신 숙청 권한; 그룹 전체 감사","S1-A06","high"
"21","21화","감사팀(1)","4010","4174","서우태 공개수사 뒤 김태중은 그룹 평판과 공신 반발을 걱정해 김민재를 본사로 부른다.","가족과 연을 끊을 위험까지 감수한 경영관 충돌 끝에 그룹 전체를 수술할 공식 칼을 얻는다.","김태중에게 관행을 남기면 태우를 버리겠다고 맞서 감사팀 본부장 권한을 받아 낸다.","`좋은 게 좋은 것`이라는 김태중 논리에 태우 몰락의 원인을 말하고 자신을 공신을 자를 이방원에 비유하며 지원을 끊겠다는 협박에도 독립 성공 능력으로 맞선다.","김태중과 관계가 깨지고 모든 재벌가 지원이 끊길 수 있으며 감사팀 본부장은 공신·명동의 실제 권력과 맞서야 한다.","김태중이 계열사 부사장급인 그룹 감사팀 본부장을 맡기고 태우를 버리지 말라는 약속만 요구한다.","공식 감사권·부사장급 지위와 김태중의 조건부 전권, 한정훈의 돈다발 갑옷 지원을 얻는다.","권한·가족 관계·지위","김민재는 공장 차장에서 100명 본사 감사팀의 수장으로 뛰고 조손 관계는 보호·순종에서 조건부 대결과 신뢰로 변한다.","SAVE의 일본 파생상품 계약 직후 규모 7.3 고베 대지진 속보가 터진다.","첫 공개고발과 김태중 설득","고베 파생상품 결산; 감사팀·공신 숙청; 일본 금융전","S1-A06","high"
"22","22화","감사팀(2)","4175","4371","고베 대지진으로 일본 주가가 하락하고 김민재는 감사팀 취임과 SAVE 결산을 병행한다.","재난을 막지 못한 죄책감까지 그룹 생존 자금으로 삼고, 내부 적의 명동 뒷배와 외부 월가를 동시에 상대한다.","감사팀 유착 구조를 파악하고 일본 파생상품을 퀀텀의 정치력·희귀 기업 지분과 교환한다.","김택훈에게 정수철·이준수·광화문 곰 연결 자료를 받아 강인식에게 넘기고, 한국에 온 조지에게 150억 달러 중 절반인 75억 달러 계약을 120억 달러와 원하는 지분에 팔겠다고 제안한다.","지진 사망을 이용해 돈을 번다는 감정 비용, 명동이 가진 태우 지분·차입금, 일본 정부가 파생 지급을 막을 정치적 위험이 겹친다.","조지가 김민재의 엔화 사냥을 알아보고 찾아오며 월가와 함께하면 수익을 2배가 아니라 3~5배로 키울 수 있다고 협상이 열린다.","이준수의 사촌이 명동 4인방이라는 핵심 정보, 김택훈의 실질 지원, 퀀텀의 일본 공동공격 의사를 얻는다.","정보·동맹·돈","창원 개인 비리가 감사팀 정수철·이준수·명동 차입금의 구조적 유착으로 넓고 SAVE는 일본 정부 상대 연합을 설계한다.","김민재가 돈으로도 사기 힘든 회사 지분을 파생계약의 대가로 요구한다.","고베 지진 발생과 파생 발동","애플·포드 지분 협상; 명동 유착 제거; 감사팀 장악","S1-A06","high"
"23","23화","감사팀(3)","4372","4561","조지는 75억 달러 일본 파생상품을 탐내고 김민재는 감사팀 100명 앞에 첫 출근한다.","외부 금융전에서는 미래 핵심 기업 지분을, 내부에서는 깨끗한 감사조직을 동시에 선점한다.","애플·포드 지분 20퍼센트씩을 월가에서 모으고 정수철이 장악한 감사팀의 유착을 드러낸다.","파생계약을 120억 달러와 애플·포드 각 20퍼센트 지분에 넘기고, 다섯 감사팀장에게 창원 비리 윗선을 찾으라 압박하며 정수철의 이준수 동창 관계와 아파트 세 채를 확인한다.","애플은 적자·1.5달러 주가라 조지가 가치를 의심하고 포드 대량 지분은 미국 정부 감시를 부르며 감사팀장들은 어린 낙하산 본부장을 무시한다.","월가 보호막과 정치 후원을 이용하면 장기 지분을 살 수 있고, 감사팀 자체가 이준수의 비리를 덮어 온 고양이임이 드러난다.","장기 100억 달러 이상 가치로 보는 애플·포드 지분, 감사팀 100명의 공식 지휘권과 정수철 부패 단서를 확보한다.","지분·권한·정보","SAVE는 단기 투기 수익을 제조·IT 전략지분으로 바꾸고 김민재는 내부 감사 대상에 감사팀 자체를 포함한다.","정수철의 재산과 이준수 관계를 캐며 `고양이에게 생선`인 감사팀부터 무너뜨릴 필요가 생긴다.","애플·포드 지분 거래","감사팀 개혁; 정수철·이준수 유착; 일본 파생 최종 수익","S1-A06","high"
"24","24화","남의 돈(1)","4562","4738","이준수와 정수철은 명동 술집에서 김민재를 정보 고립시킬 계획을 세우고 김태중도 손자를 돕지 않는다고 믿는다.","부패 팀장의 고립 전술을 능력치 기반 인사권과 깨끗한 실무자 승진으로 뒤집는다.","정수철 라인을 우회해 창원 공장을 감사할 독립 TF와 새 내부 동아줄을 만든다.","A급 판단·수사 능력에 비리 특이사항이 없는 윤일섭 차장을 팀장으로 올리고 각 팀의 깨끗한 직원 세 명씩을 차출해 창원 TF를 구성한다.","정수철과 다섯 팀장이 서로 약점을 잡고 전 직원에게 비협조를 명령하며 명동 차입금 회수로 위협할 수 있다.","약점이 없어 승진에서 배제됐던 윤일섭이 성과와 인사고과를 김민재가 책임진다는 조건에 충성을 약속한다.","독립 TF·윤일섭이라는 내부 감사 칼날과 인사팀·비서실이 인정한 본부장 재량권을 얻는다.","인재·조직·권한","감사팀의 기존 다섯 팀장 카르텔 밖에 깨끗한 승진 경로와 김민재 직속 실무조직이 생긴다.","윤일섭이 김민재의 태우 체질개선 방향이 자기 뜻과 같다고 믿고 창원 공장을 뒤집으러 간다.","창원 TF 인선","정수철 카르텔 분열; 이준수 윗선 증거; 명동 압력","S1-A06","high"
"25","25화","남의 돈(2)","4739","4931","윤일섭 TF가 가동됐지만 정수철 카르텔은 내부 제보와 성과 경쟁이 없는 감사팀 관행에 기대 버틴다.","돈·승진·내부고발 보호로 감사팀을 갈라 실제 창원 공장의 주인이 명동임을 찾아낸다.","감사팀을 스스로 고발하게 만들고 이준수의 채용비리·노조 친위대·사채 지배 구조를 입증한다.","환수금 10퍼센트·감사팀 내부비리 30퍼센트 성과금과 최우수 인사고과를 공표하고 윤일섭·강인식을 공조시켜 박권흠 공장장을 면담한다.","내부고발자는 파멸한다는 공포, 노조까지 지배하는 이준수 친위대, 정수철과 독사 우 차장의 반발이 있다.","박권흠은 창원 공장 건설비 8천억 원 중 절반 이상이 명동 돈이고 김태중이 빚 대신 확장을 택해 자신이 허수아비가 됐다고 밝힌다.","채용 뇌물 2천만~4천만 원·노조 상납 증거, 감사팀 분열의 씨앗, 창원 공장 실권 구조를 얻는다.","정보·조직 균열·부채","개인 비리 퇴출 문제가 태우의 차입 확장 경영과 명동의 사실상 공장 지배 문제로 바뀐다.","김민재는 명동에 갚을 4천억 원을 자신이 마련하면 박권흠이 공장을 다시 맡겠는지 묻는다.","윤일섭 TF 착수; 감사팀 성과제","명동 4천억 상환; 이준수·노조 증거; 박권흠 회복","S1-A06","high"
"26","26화","남의 돈(3)","4932","5107","창원 공장뿐 아니라 태우 계열사 대부분이 과도한 남의 돈으로 만들어졌다는 구조가 드러난다.","SAVE의 숨은 자본으로 명동의 현실 권력을 무력화하고 조사자들의 생명까지 보호할 조직을 만든다.","4천억 원을 제도권 대출처럼 투입하고 이준수 사법·징계 증거와 명동 조폭 위협에 대비한다.","CT은행을 앞세운 대환을 설계하고 윤일섭·강인식에게 노조 간부 포섭을 맡기며 특수부대 출신 50~100명 규모의 정식 경호회사를 만들라고 한다.","태우의 높은 부채율로 은행 대출이 막혔고 사채시장은 은행·정치권·조폭과 연결되며 이준수 임원 징계는 사장단 승인이 필요하다.","SAVE 주거래 관계와 자신의 돈을 CT은행 이름으로 쓰면 4천억을 마련할 수 있고 북파공작원 등 버려진 특수부대 인재가 평생 직장을 얻는다.","명동 빚 상환 수단, 윤일섭·강인식 비밀 사무실, 첫 50명 이상 경호·정보 전력을 확보한다.","돈·안전·조직","김민재의 숨은 월가 자본이 태우 내부의 사채 종속을 끊는 직접 무기가 되고 비밀팀은 상설 경호회사로 발전한다.","이준수를 서울 조사실로 불러 명동과의 전쟁을 공식 선포할 준비가 끝난다.","창원 부채 구조 파악; 증거 다수 확보","이준수 면담·사장단 징계; 조폭 방어; CT 4천억 대환","S1-A06","high"
"27","27화","명동(1)","5108","5302","이준수는 명동의 돈이 태우보다 강하다고 확신하며 조사 두 시간 만에 본사로 올라온다.","상대가 숨겨 온 사채 권력과 노조 방패를 스스로 꺼내게 하고 대중 심리전으로 첫 방어선을 흔든다.","이준수에게 해고·사법처리 의지를 보인 뒤 그가 움직인 창원 공장 파업을 반대표로 꺾는다.","본부장실에서 비리 선물세트를 열거하고 명동 앞잡이라 도발하며, 파업 공지가 뜨자 강인식에게 이준수·노조 간부 실상을 담은 삐라와 회유한 배 반장 소문전을 지시한다.","김태중은 성장통이라며 개입하지 않고 이준수는 명동이 대출을 회수할 수 있다는 현실 권력과 임금·복지라는 파업 명분을 가진다.","이준수가 본색을 드러내고 노조 파업을 지시함으로써 명동-상무-노조의 결합이 공개되며 배 반장의 말이 현장 신뢰를 얻는다.","이준수의 선전포고와 파업까지 보이는 공격 명분, 특수부대 경호 30명, 공장 내 반대 여론을 얻는다.","적대 구도·정보전·안전","숨은 유착이 공개 파업 전쟁으로 바뀌고 김민재 직속 경호·심리전 조직이 현장에 실전 배치된다.","노동자들이 파업이 회장 대 이준수의 싸움이라는 소문을 믿기 시작한다.","이준수 조사·선전포고","파업 찬반투표; 이준수 파벌 해체; 사장단 회의","S1-A06","high"
"28","28화","명동(2)","5303","5469","삐라가 돌지만 이준수 파벌 하나가 노조와 창원 공장 여론을 장악하고 있다.","군 심리전·태우 충성·직접 악수로 파업을 깨고 사장단이라는 더 큰 결전으로 넘어간다.","반대 파벌을 만들고 노조 간부를 사법처리해 이준수 조직의 결속을 깨며 찬반투표를 이긴다.","배 반장을 중심으로 회장·태우를 지키는 파벌을 만들고 폭행·제품횡령 노조 간부를 경찰에 넘기며 술·밥값을 지원하고 김민재 자신도 현장 구심점으로 방문한다.","편 가르기는 공장을 장기 분열시키고 이준수는 박진훈 등 계열사 사장 25퍼센트와 명동 자금 위협을 사장단 회의에 준비한다.","이준수 측이 파업으로 지켜 준 노조 간부를 구하지 않자 균열이 나고 찬반투표가 반대 51퍼센트로 무산된다.","첫 현장 파업 승리와 반이준수 노조·직원 기반, 김민재 후계자 구심점의 가시적 효과를 얻는다.","조직 관계·노조 권력·평판","이준수의 노조 방패가 깨지고 공장 내부 권력은 양분되지만 최종 처분은 사장단으로 이동한다.","이준수는 박진훈 파벌이 김민재를 교육해 줄 것이라 믿고 사장단 회의 역공을 준비한다.","파업 찬반투표","사장단 이준수 징계; 공장 파벌 봉합; 박진훈 대면","S1-A06","high"
"29","29화","명동(3)","5470","5654","파업은 막았지만 김민재는 처음 참석하는 30명 이상 사장단 회의에서 박진훈 라인과 싸워야 한다.","관행과 명동의 돈을 방패로 삼은 이준수에게 숨겨 둔 4천억 원을 공개해 소유권 논리를 뒤집는다.","연속된 정황 증거로 사장단의 자존심을 이준수에게서 떼어 놓고 창원 빚 상환 약속을 받아 낸다.","채용비리·불량품 매각·하청 횡령 증거를 차례로 내밀어 네 번의 변명을 누적시키고, 이준수가 명동 가문이 공장을 감시한다고 폭언하자 4천억을 갚으면 떠나겠다는 말을 끌어낸다.","사장들은 확정 판결보다 관계를 보고 이준수는 각 증거에 개인채무·사과상자·장부 실수라 변명하며 명동 회수 위협으로 회의를 얼린다.","이준수가 태우를 명동 소유처럼 말해 부회장과 사장단의 자존심을 자극하고 CT은행 한동구가 회의장에 들어온다.","사장단 다수의 이준수 불신과 `4천억 상환 시 떠난다`는 공개 약속을 얻는다.","사장단 관계·명분·부채","김민재 대 애송이 구도에서 태우 사장단 대 명동의 오만 구도로 전선이 뒤집힌다.","한동구가 CT은행이 4천억 원을 대출하겠다고 발표한다.","파업 무산; 이준수 비리 공식 심의","CT 대환 실행; 이준수 축출; 명동의 대응","S1-A06","high"
"30","30화","명동(4)","5655","5818","CT은행의 4천억 대출 선언으로 이준수와 그를 돕던 사장들의 현실 전제가 무너진다.","월가 자본으로 사채 종속을 끊고 명동 최강자와 대등한 협상까지 진입한다.","창원 빚을 낮은 금리로 갚아 이준수를 축출하고 광화문 곰 이선일에게 외환위기 생존 동맹을 제안한다.","SAVE 360억 달러 주거래와 자기 돈을 담보로 CT 이름의 5년 저리대출을 만들고, 이준수가 달아난 뒤 김택훈과 광화문 고택을 찾아 이선일에게 5년 안에 명동 주인으로 만들겠다고 말한다.","다른 계열사들도 명동 빚을 져 일시 회수 위험이 남고 이선일은 조폭 경호와 정보·현금력을 가진 노련한 사채왕이다.","CT가 미국과 국제분쟁을 방패로 명동 협박을 막고 이준수는 공개 약속대로 창원 공장에서 물러날 수밖에 없게 된다.","창원 사채빚 상환 수단과 이준수 축출 명분, 이선일과 직접 독대할 급을 확보한다.","부채·권력·지위","태우 창원 공장의 실질 자금 주도권이 명동에서 김민재·CT로 옮겨가고 김민재가 국내 지하경제 최고위와 직접 거래한다.","이선일이 현재·삼진 회장도 못 할 명동 통일 약속이라며 명동이 우스워 보이냐고 시험한다.","CT 4천억 승인; 이준수 사장단 방어 붕괴","이선일 동맹; 이준수 패거리 47명 징계; 태우 차입 구조 수술","S1-A06","high"
"31","31화","연구소(1)","5819","6005","김민재가 이선일에게 외환위기 생존 정보를 대가로 명동 동맹을 제안한 상태다.","첫 수술을 인적 숙청으로 결산하고 적들이 유배로 고른 연구소를 다음 권력 기반으로 바꾼다.","이선일의 방패를 거두고 이준수 파벌을 일괄 징계한 뒤 사장단의 다음 인사 공세를 받아낸다.","금융실명제 뒤 명동 쇠퇴와 외환위기를 암시해 이선일의 결심을 끌어내고 윤일섭에게 47명 감봉·해고·형사조치를 지시한다.","이선일은 아직 김민재를 호랑이 새끼로 시험하고, 징계에 겁먹은 박진훈 등 사장들은 감사권을 빼앗기 위해 승진이라는 함정을 판다.","이선일이 손을 잡기로 속으로 정하고 이준수를 박 군에게 끌고 가게 하며, 창원 공장 비리 인원 47명이 게시판에 징계된다.","명동 간섭 제거·47명 숙청과 감사팀 개혁 성과를 얻지만 기술연구소장으로 밀어낼 사장단 합의가 생긴다.","권력·조직·적대 구도","창원 공장의 이준수 성벽이 사라지고 사장단은 김민재를 감사에서 경영·기술로 옮겨 무력화하는 쪽으로 전략을 바꾼다.","박진훈이 태우전자 기술연구소장 승진안을 김태중 귀국 사장단 회의에 올리기로 한다.","이선일 동맹 실질 수락; 이준수 파벌 징계","기술·경제연구소 인사; 사장단의 유배 함정; 이선일 정보 거래","S1-A07","high"
"32","32화","연구소(2)","6006","6176","김태중 귀국 뒤 사장단은 김민재의 감사 성과를 칭찬하며 기술연구소로 보내려 한다.","유배성 승진을 기술·경제·인사 전권으로 역전해 외환위기 대응과 미래 제품의 연구 거점을 얻는다.","감사팀 개혁을 후계자에게 남기고 두 연구소 통합·독립·20명 채용권을 확보한다.","윤일섭 TF의 정식 감사6팀 승격과 부장 승진을 받아낸 뒤 기술연구소 독립권·경제연구소 총괄·20명 자기선발을 조건으로 박진훈의 제안을 수락한다.","기술은 사서 쓰면 된다는 태우 문화로 연구소는 자금·권한이 없는 유배지이며 문경일·주광일 부소장도 젊은 소장을 경계한다.","사장단이 김민재를 감사에서 쫓아내려 모든 조건을 수락하고, 김민재는 차입금 위험 보고서를 쓴 일본인 후쿠다 고문을 찾아낸다.","통합 총괄소장 지위, 연구소 독립성과 인사 20명, 윤일섭의 정식 팀·승진을 모두 얻는다.","지위·조직·권한","공식 칼은 윤일섭에게 남고 김민재는 태우전자·경제 전망을 동시에 만질 독립 연구거점으로 이동한다.","후쿠다에게 태우그룹 차입금 문제 보고서에 동의한다고 일본어로 말해 폐기된 경고를 되살린다.","감사팀 본부장 임기; 창원 TF","차입 구조 개편; 기술연구소 재건; 박진훈 역공","S1-A07","high"
"33","33화","연구소(3)","6177","6342","후쿠다는 차입금 위험을 정확히 예측했지만 보고서가 중간에서 버려져 태우의 폐쇄성에 절망했다.","전생부터 감춰 온 태우 생존안을 처음 공유하고 기술·특허를 새 제국의 교환 무기로 만든다.","후쿠다의 S급 예측력을 얻어 40개 계열사 중 30개 이상을 팔 명분을 만들고 대량 특허팀을 세운다.","칠판에서 조선·중공업·전자까지 X표를 치고 태우자동차 중심 재편·현금 축적·태우전자 성과 후 조기 지분상속 계획을 밝힌 뒤 연구원 20명과 새 인력 20명을 특허팀에 둔다.","김태중은 계열사를 자식처럼 여겨 매각을 거부할 수 있고 외환위기까지 2년뿐이며 주광일은 기존 프로젝트 붕괴를 우려한다.","후쿠다가 미치광이 계획에 동참해 희망적인 미래산업 보고서를 쓰고, 김민재가 특허변호사·외국인·디자이너 영입 명단을 제시한다.","S급 예측가 후쿠다와 첫 구체 생존 청사진, 40명 규모 특허 전담조직의 인력·권한을 확보한다.","전략·인재·조직","살생부식 인적 숙청이 계열사 30개 매각이라는 구조 수술로 확장되고 연구소가 그 근거·무기를 만드는 곳이 된다.","주광일이 왜 기술연구소에 변호사와 디자이너가 필요한지 납득하지 못한 채 20명 배치를 시작한다.","후쿠다 설득; 태우 생존안 최초 공유","태우전자 지분·사장 자리; 미래산업 보고서; 특허 대량 생산","S1-A07","high"
"34","34화","연구소(4)","6343","6525","기술연구소는 특허팀 인력과 휴대폰 아이디어는 있지만 세계급 법률·디자인 인재가 없다.","3년 전 심은 장학생이 세계 정상 경력을 버리고 돌아오며 장기 사람 투자가 실제 기술 조직으로 결산된다.","박준일과 조나단을 영입해 미래 휴대폰 디자인을 특허로 봉쇄하고 성과보상 경쟁을 만든다.","윌머헤일의 IP변호사 박준일 등 해외 태우장학생을 귀국시키고 애플 디자이너 조나단에게 메시지패드 중간단계인 폴더·슬라이드·스마트폰 스케치를 보여 1년 합류를 약속받는다.","박준일은 파트너 승진 경력을 포기하고 조나단은 태우·SAVE 관계와 메시지패드 실패를 의심하며 기존 연구원과 외국인 사이 언어 장벽도 있다.","김민재가 SAVE 실소유와 애플 지분 20퍼센트를 공개하고 조나단의 미니멀리즘을 정확히 짚어 실패한 디자이너가 아닌 성공자로 돌려보내겠다고 설득한다.","세계급 특허변호사·조나단, 50명 가까운 국제 특허팀과 출원당 500만~3천만 원·수익 5~30퍼센트 제도를 얻는다.","인재·기술·조직 문화","태우장학재단의 지원자가 충성 인재로 돌아오고 연구소는 국적을 넘어 보너스·IP로 경쟁하는 미래제품 조직으로 변한다.","연구원들이 김민재의 방대한 폴더폰·스마트폰 아이디어를 노다지로 보고 먼저 특허를 잡으려 경쟁한다.","해외 장학생 회수; 조나단 영입","폴더폰 구현; 특허 선점; 조나단의 애플 금의환향","S1-A07","high"
"35","35화","최초의 폴더폰 (1)","6526","6684","박준일·조나단과 특허팀이 폴더폰 아이디어를 실제 명세서·디자인으로 바꾸기 시작한다.","내년 최초 폴더폰보다 먼저 접이식 특허·디자인·배터리·소프트웨어를 한 몸으로 완성한다.","미국 출원을 고속화하고 현재 태우가 못 만드는 핵심 기술을 외부 최고 인재와 돈으로 조달한다.","박준일이 윌머헤일의 링켄에게 연 200~1천 건 특허를 30퍼센트 수수료로 맡기고 조나단 디자인을 채택하며 소프트웨어는 해외, 배터리는 노벨급 연구진 성과로 해결한다.","접이식 배터리와 휴대폰 소프트웨어를 태우 내부에서 만들 수 없고 최초 출시까지 1년뿐이며 연구소 예산도 부족하다.","박준일의 첫 접이식 메커니즘 명세서가 하루 만에 나오고 링켄이 대량 일감을 위해 미국 출원을 밀어주며 조나단 디자인이 감성·실현성 논쟁을 연다.","주당 2~3건 이상 미국·한국 특허 출원 통로와 조나단의 완성도 높은 폴더 디자인, 연구소 전원의 특허 습관을 얻는다.","특허·기술·시간","연구소가 하청 기관에서 글로벌 IP 공장으로 바뀌고 제품 구현의 병목이 소프트웨어·배터리 두 축으로 좁혀진다.","김민재가 NEXT의 스티브 잡스와 손잡기 위해 미국행을 선언한다.","특허팀 출범·인센티브","스티브 잡스·NEXT 소프트웨어; 폴더폰 배터리; 최초 출시 경쟁","S1-A07","high"
"36","36화","최초의 폴더폰 (2)","6685","6859","김민재가 한 달 만에 미국으로 돌아와 SAVE·아마존·배터리 연구·NEXT를 한 일정에 묶는다.","외부 투자들이 서로 연결돼 최초 폴더폰의 핵심 부품과 창업자 동맹을 지급한다.","일본 파생을 정리하고 2차전지 상용화·스티브 잡스 협력을 확보한다.","제프리의 아마존 지분 49퍼센트와 지원을 재확인하고 구디너프에게 5억 달러 연구 성과·5퍼센트 지분을 주며 TDK 상용화를 계획한 뒤 데이비드가 잡은 채식식당 미팅에 나간다.","일본 주가가 한 달 6퍼센트만 내려 상대 기업들이 아직 절박하지 않고 배터리 시제품 월 30개 한계, 잡스의 애플 대주주 불신이 있다.","한정훈이 현금 120억 달러·애플·포드 지분 인수를 완료하고 구디너프가 3년 연구 끝 소형 2차전지 성과를 가져온다.","아마존 49퍼센트 지분 보호, 배터리 시제품·특허 지분, 스티브 잡스와 직접 협상 자리를 얻는다.","지분·기술·동맹","장학·투자·일본 파생의 각각 떨어진 준비가 폴더폰 부품·애플 미래·인터넷 사업으로 연결된다.","김민재가 잡스에게 애플 복귀를 돕겠다고 선언하고 미래 휴대폰 디자인을 꺼낸다.","일본 파생 1차 양도; 배터리 연구 3년","잡스 협력; TDK 기술; 폴더폰 소프트웨어","S1-A07","high"
"37","37화","최초의 폴더폰 (3)","6860","7040","스티브 잡스가 스마트폰·폴더폰 스케치를 보고 김민재의 애플 복귀 약속을 시험한다.","미래 애플의 핵심 설계자와 소프트웨어 소유권을 선점하고 구조조정 거인에게도 씨앗을 심는다.","NEXT로 폴더폰 OS를 만들고 잡스 이름을 총괄에 올리며 다이먼을 태우 구조조정 후보로 예약한다.","5천만 달러를 주고 폴더폰 소프트웨어 지분 80퍼센트를 확보하며 잡스에게 전권을 준 뒤 월가 일본 공격 분배회의에서 트래블러스 2인자 다이먼에게 독립하면 10년 내 더 큰 금융사를 만들어 주겠다고 한다.","잡스는 70퍼센트만 양보하려 하고 모든 기술을 자체 개발할 시간은 없으며 다이먼은 샌디 웨일에게 충성해 이직을 거부한다.","잡스가 NEXT 대표로 손을 잡고 다음에는 애플 대표로 만나자며, 김민재는 월가가 일본을 더 빨리 무너뜨릴 공동공격 구조도 만든다.","NEXT OS 80퍼센트와 잡스의 이름·총괄 역량, 다이먼 마음속 후계 배신 의심, 월가 일본 보호막을 얻는다.","기술 IP·인재·동맹","김민재는 폴더폰 핵심 소프트웨어를 태우와 별도로 소유하고 미래 태우 구조조정 책임자 후보까지 선점한다.","귀국 즉시 이선일이 김민재의 외환위기 동맹 제안을 받아들이겠다고 부른다.","잡스 협상; 월가 일본 분배","이선일 동맹 실행; 다이먼 이직; 폴더폰 제작","S1-A07","high"
"38","38화","최초의 폴더폰 (4)","7041","7213","광화문 곰 이선일이 손을 잡기로 했지만 김민재의 미래 정보가 명동보다 낫다는 증명이 필요하다.","한일은행·삼풍그룹 경고로 명동의 주식 수집력을 빌리고 가족에게 휴대폰 미래를 받아들이게 한다.","이선일의 태우전자 지분·회사채 15퍼센트를 모으고 김태중의 기술 중심 전환을 준비한다.","한일은행 대출 회수와 삼풍그룹 회사채·주식 처분을 지시한 뒤 대가로 이선일 보유 5퍼센트와 명동 전체 태우전자 지분 약 15퍼센트를 1,500억 원에 모아 달라고 한다.","은행·재계 15위 그룹 붕괴라는 말을 이선일이 쉽게 믿지 않고 삼풍 사고 정보를 이용한다는 감정 비용, 김태중 지분 30퍼센트 추가 상속이 필요하다.","CT의 한일은행 대주주 정보를 근거로 이선일이 믿기 시작하고 김민재는 올해 안 태우전자 사장이 될 성과로 폴더폰을 선택한다.","명동의 태우전자 지분 수집 약속·외환위기 정보 동맹과 김태중에게 휴대폰 시장 미끼를 던질 가족 대화를 얻는다.","지분·동맹·가족 인식","이선일은 김민재 정보로 명동 통일을, 김민재는 이선일 인맥으로 태우전자 지배력을 얻는 상호 의존 관계가 된다.","폴더폰이 잡스를 애플로 돌리고 김민재를 태우전자 사장에 앉힐 제품이라는 목표가 명시된다.","이선일 동맹 수락","태우전자 65퍼센트 지배 계획; 폴더폰 시제품; 삼풍·한일은행 검증","S1-A07","high"
"39","39화","최초의 폴더폰 (5)","7214","7390","후쿠다의 미래산업 보고서와 배터리·잡스·특허 준비가 갖춰졌지만 김태중에게 보일 실물이 없다.","돈으로 시간을 사 24일 만에 세계 최초급 폴더폰 시제품을 만들고 창업주의 기술관을 눈앞에서 바꾼다.","최소 기능 시제품을 최대한 빨리 완성해 휴대폰 사업과 기술·특허의 수익성을 김태중에게 승인받는다.","외주 단가를 60퍼센트 올리고 하루 단축마다 보너스를 걸어 한 달 요구를 24일로 줄이며, 통화·문자 폴더폰 두 대와 휴대폰 영업이익 보고서를 회장실에 가져간다.","맞춤 부품은 대량 주문 없이는 못 만들고 연구소 돈이 부족하며 첫 시제품은 통화·문자 외 기능이 빠져 있다.","구디너프 배터리가 최대 100시간을 버티고 잡스·조나단 디자인이 실물로 구현되자 김태중이 즉시 돈 되는 요물이라 인정한다.","24일 폴더폰 시제품, 50개 이상 출원·출시 때 200개 목표 특허, 김태중의 장하다는 칭찬과 30퍼센트 영업이익 관심을 얻는다.","기술·평판·가족 인정","연구소의 추상 계획이 창업주가 손에 쥔 실물 제품으로 바뀌고 기술을 사 쓰던 태우가 특허료를 받을 가능성이 열린다.","김민재가 자체 특허로 기술료를 상쇄하고 남에게 기술료를 받을 날이 온다고 김태중에게 말한다.","폴더폰 핵심기술·시제품 제작","상용화·양산 권한; 태우전자 사장·지분; 최초 출시 경쟁","S1-A07","high"
"40","40화","동상이몽 (1)","7391","7563","김태중은 폴더폰의 특허료와 15퍼센트 이익률은 인정하지만 전 계열사를 끌고 가는 대마불사 확장론을 굽히지 않는다.","조손의 경영관 충돌을 실제 휴대폰 사업권과 박진훈의 오판을 이용한 독립 실행권으로 바꾼다.","기술연구소가 폴더폰 개발·생산을 전담하도록 사람·공장·자금을 확보한다.","김태중에게 기술 중심 수익을 설득한 뒤 박진훈과 1년 성패 내기를 걸고 휴대폰 개발팀, 인천·부천 공장, 관련 부서 협조와 개발비를 요구한다.","김태중은 가전 전체 규모가 회사를 살린다고 믿고, 박진훈은 실패 책임을 김민재에게 씌워 후계자를 길들이려 한다.","박진훈이 이미 시제품이 있다는 사실을 모른 채 독박을 키우려고 김민재의 모든 요구를 수용한다.","태우전자 에이스와 장비·두 생산공장·자금을 사실상 백지위임받는다.","권한·조손관계·생산기반","김민재가 연구소장 직함을 넘어 독립 휴대폰 사업 책임자가 되고 김태중과의 경영 노선 차이는 공개 쟁점이 된다.","김민재가 더 받을 것이 있다며 박진훈의 함정을 역으로 털 준비를 한다.","시제품 승인; 연구소 독립성","1년 성패 내기; 양산 책임; 박진훈 축출","S1-A08","high"
"41","41화","동상이몽 (2)","7564","7753","박진훈은 실패 뒤 섭정을 노리며 자원 지원을 아끼지 않고, 이선일은 명동의 태우전자 주식을 모으고 있다.","상대가 내민 함정을 최정예 인력과 경영권 지분 축적으로 전환한다.","생산팀을 실력자로 채우고 태우전자 지배력에 필요한 명동 물량을 잠근다.","신상명세서로 태우전자 에이스 30명과 생산 현장형 이석준을 선발하고 인천 공장 라인 개조를 맡기는 한편 이선일에게 월가 명의 매수 계획을 전달한다.","학벌로 밀려난 현장 인력의 불신, 두 달 라인 개조, 이선일의 4천억 차입과 유동성 부족이 비용이다.","이석준과 공장 인력은 시제품을 본 뒤 두 달 내 라인 전환을 자신하고, 이선일은 삼풍·한일은행 종이를 넘겨 태우전자 물량을 이미 확보한다.","에이스 30명, 인천 생산파벌, 명동의 태우전자 지분·채권 매수망을 얻는다.","인재·생산·지분","실패를 기다리던 태우전자의 지원이 김민재 직속 인재와 지배지분으로 역전된다.","김민재가 이선일에게 한보를 포함해 외환위기 때 무너질 기업을 더 찍어 주기로 한다.","인력·장비 확보","한보 교환; 태우 계열사 지분 수집; 라인 개조","S1-A08","high"
"42","42화","동상이몽 (3)","7754","7933","이선일은 삼풍·한일은행 다음 교환 대상을 기다리고, 한정훈은 일본 기업 협상 결과를 보고한다.","외환위기 정보와 일본 파생 압박을 지분·배터리·특허로 바꾸고 한국의 MP3 창업자를 선점한다.","한보 위험을 명동에 넘기고 휴대폰 이후의 배터리·음원 기술 포트폴리오를 확보한다.","한보 제철 차입과 부도 시점을 설명하고, 한정훈에게 TDK 배터리 사업과 모바일·음향·영상 특허를 요구한 뒤 장학재단이 찾은 디지털케이스 황영철을 즉시 부른다.","일본 기업은 파생상품 손실을 줄이려 버티고, 황영철은 세계 최초 MP3 구상을 구현할 자금·생산·유통 기반이 없다.","한정훈이 SAVE 예상 이익을 400억 달러로 보고하고 TDK 인수 가능성을 열며, 황영철이 특허 공동소유 조건으로 1억 투자를 제안한다.","부도기업 교환 정보, TDK·특허 협상권, MP3 창업자와 첫 대면을 얻는다.","정보·기술·지분","휴대폰 한 제품의 양산전이 배터리와 디지털 음원 생태계 선점으로 넓어진다.","김민재가 황영철에게 시간을 끌지 않고 투자하겠다고 선언한다.","한보 위험 판단; 일본 협상 착수","디지털케이스 투자; MP3 특허; TDK 인수","S1-A08","high"
"43","43화","100억의 가치 (1)","7934","8120","황영철은 MP3 개발비 1억 원만 원하지만 김민재는 창업자와 특허의 장기 가치를 안다.","헐값 강탈이 아니라 공정한 대형 투자로 디지털케이스와 MP3 생태계의 우호 지분을 잠근다.","디지털케이스 49퍼센트와 MP3 관련 원천특허 경로를 확보한다.","개발비 10억·생산과 마케팅 전액 지원을 약속하고 98억 원에 지분 49퍼센트를 SAVE 명의로 매수한 뒤 데이비드를 프라운호퍼와 톰슨 멀티미디어로 보낸다.","황영철은 지나치게 좋은 조건과 경영권·특허 강탈을 의심하고, MP3 원천특허는 이미 프랑스 국영기업 톰슨으로 넘어갔다.","황영철이 우호지분·상호매각동의 조건으로 계약하고, 김태중의 100프랑 톰슨 인수 추진이 오히려 특허 매입 기회임을 깨닫는다.","100억 원으로 디지털케이스 49퍼센트와 황영철의 신뢰를 얻고 톰슨 특허 매수선을 연다.","지분·신뢰·원천기술","중소기업 아이디어가 SAVE의 자본·태우의 생산력과 결합하고, 태우의 위험한 대형 인수는 김민재의 선택적 기술 인수 기회로 분리된다.","데이비드에게 가격 불문 톰슨의 MP3 특허를 사 오라고 명령한다.","디지털케이스 투자 협상","톰슨 MP3 특허; 톰슨 2조6천억 부채 인수 위험","S1-A08","high"
"44","44화","100억의 가치 (2)","8121","8294","잡스가 계산기·메모·핀볼까지 넣은 폴더폰 소프트웨어를 끝냈고 생산 라인도 준비됐다.","발표 전 재고와 품질을 쌓아 시장 선점의 물량 우위를 만들고 다음 슬라이드폰까지 이어 간다.","10월 출시와 9월 독일 박람회를 겨냥해 인천·부천 공장을 3교대로 돌린다.","잡스에게 슬라이드폰과 미래 음악폰을 지시하고, 구철규 공장장에게 청정설비·좋은 식사·보너스를 제공해 두 공장 생산량을 하루 1천 대에서 1천5백 대로 늘린다.","공장장은 18만 대도 위험하다 보고 27만 대 재고를 악성재고로 우려하며, 박진훈은 휴대폰 시장 경쟁을 근거로 실패를 확신한다.","김민재가 모든 책임을 지겠다고 해 3교대를 관철하고 박진훈은 오히려 인력·돈을 더 지원해 손실 규모를 키우려 한다.","출시 전 약 27만 대 목표 재고, 개선된 공장 복지·청정 생산체계, 다음 슬라이드폰 개발 순서를 확보한다.","생산량·조직충성·제품 로드맵","시제품 단계가 대량양산과 연속 제품군 단계로 넘어가고 실패 책임도 김민재에게 집중된다.","박진훈 파벌은 폴더폰 실패 뒤 김민재를 증권으로 밀어낼 계획을 굳힌다.","폴더폰 SW 완성; 라인 개조","독일 박람회; 27만 대 판매; 슬라이드폰·음악폰","S1-A08","high"
"45","45화","100억의 가치 (3)","8295","8488","데이비드는 경영난의 톰슨 임원진을 파고들고, 한국에서는 삼풍백화점이 붕괴한다.","미래 참사의 피해를 줄이면서 원천기술과 정부 신뢰를 동시에 선점한다.","톰슨의 MP3·음향·영상 특허를 사고 태우건설·병원을 삼풍 구조에 먼저 투입한다.","로마네콩티와 사례금으로 톰슨 임원을 설득해 특허를 총 100억 원에 매입하고, 붕괴 소식 직후 대통령실과 조율해 크레인·중장비·의료진 전면 지원을 제안한다.","특허 대금 절반이 임원 사례금으로 들고, 정부 요청 전 민간 장비 투입은 혼선·공정 지연·정치적 오해 위험을 진다.","김민재가 현재건설보다 먼저 움직이면 구조·이미지·외환위기 때 정부관계 세 이익을 얻는다고 설득해 김태중의 전폭 지원 명령을 끌어낸다.","MP3 원천 및 음향·영상 특허 묶음, 대통령실의 감사와 태우의 구조 주도권을 얻는다.","기술 IP·공공신뢰·정부관계","미래 지식이 돈벌이뿐 아니라 실제 사망자를 줄이는 개입으로 처음 크게 나타나고 태우의 국민기업 이미지를 준비한다.","재난본부가 태우건설을 공식 호출하고 김민재는 이선일에게 삼풍 예측의 결산을 보여 주러 간다.","톰슨 특허 매입","삼풍 구조 성과; 정부 관계; 이선일 신뢰","S1-A08","high"
"46","46화","100억의 가치 (4)","8489","8672","삼풍 붕괴로 김민재의 경고가 적중해 이선일의 신뢰가 굳고 태우는 구조 현장을 주도한다.","명동 동맹·국민기업 평판·태우전자 사장 도전이라는 세 보상으로 위기 개입을 결산한다.","이선일의 외환위기 생존 자금을 키우고 폴더폰 성공 시 태우전자 개혁권을 요구할 발판을 만든다.","이선일에게 마이크로소프트 주식과 달러 상승의 이중 수익을 알려 주고, 김태중에게 즉시 정부 특혜를 청하지 말자고 한 뒤 강인식에게 박진훈의 횡령·비자금·부동산 증거 수집을 지시한다.","김태중은 구조 보상으로 새 사업을 원하고, 27만 대 재고 실패 시 후계 권위가 무너지며 박진훈 증거는 아직 구속 수준이 아니다.","태우 지원으로 수습 기간과 사망자가 전생의 절반 수준으로 줄고 대통령이 직접 감사하며 국민그룹 호칭이 생긴다.","이선일의 완전한 신뢰, 마이크로소프트·달러 투자선, 김태중에게 태우전자 사장 욕심 공개, 박진훈 비리 파일을 얻는다.","평판·동맹·후계지위","재난 구호가 정부·국민의 신뢰로 결산되고 폴더폰 성공의 보상 목표가 태우전자 사장으로 명문화된다.","9월 독일 가전박람회를 김민재 성공과 박진훈 몰락의 동시 신호탄으로 정한다.","삼풍 구조; 명동 예측 검증","독일 박람회; 이노폰 판매; 박진훈 축출","S1-A08","high"
"47","47화","가전 박람회 (1)","8673","8861","인지도가 약한 태우 폴더폰은 독일 가전박람회에서 삼진·일본 기업의 로비와 자리 경쟁을 뚫어야 한다.","잡스의 복귀작이라는 서사와 완성품 시연으로 이노폰을 세계 시장의 주인공으로 만든다.","중앙 부스·발표 무대를 확보하고 미국·유럽 바이어의 주문을 끌어낸다.","데이비드가 운영위원회를 접대해 잡스 전용 중앙 부스를 만들고, 잡스가 접이식 디자인·전화번호부·계산기·메모·달력·100시간 배터리를 시연하며 이노폰이라 명명한다.","태우전자 자체 인지도와 기술 평가는 낮고 기술연구소에는 영업팀도 없어 김민재가 직접 바이어를 상대해야 한다.","잡스가 폴더폰을 여는 순간 기자·관중이 몰리고 별도 부스가 몸싸움이 날 만큼 붐비며 해외 바이어가 대량구매 미팅을 요청한다.","이노폰 세계 공개, 중앙 부스 흥행, 미국·유럽 주문 상담과 잡스 복귀 서사를 얻는다.","제품평판·시장·인재명예","비밀 양산 제품이 세계 언론과 바이어가 확인한 혁신 상품으로 바뀐다.","영업조직 없는 김민재 앞에 여러 대륙 바이어 협상이 한꺼번에 쏟아진다.","박람회 무대 확보; 이노폰 공개","해외 주문; 판매량; 경쟁사 대응","S1-A09","high"
"48","48화","가전 박람회 (2)","8862","9027","모토로라는 4개월 뒤 스타텍을 내려다 이노폰의 선출시와 선행 특허에 비상이 걸린다.","시장 선점과 특허 우위를 실주문·내부 발언권으로 환전한다.","국내외 판매망을 잠그고 사장단 앞에서 태우전자의 낡은 기술경영을 공개 공격한다.","모토로라 조사와 잡스의 CES 재등판 약속을 지켜보며 해외 바이어 계약을 진행하고, 귀국 사장단 회의에서 이노폰의 높은 이익률·판매망을 근거로 박진훈에게 연구비 성과를 따진다.","모토로라는 더 나은 스타텍을 자신하고, 박진훈은 소프트웨어 로열티·낮은 태우 유통 인지도를 들어 사업을 깎아내린다.","태우가 폴더폰 특허를 먼저 잡아 모토로라가 공격할수록 스타텍이 위험해지고, 이노폰 부스와 태우전자 부스의 관객 차이가 김민재의 비판을 증명한다.","선행 폴더폰 특허의 방패, 만 단위 판매 접점, 박진훈을 공개 반박할 성과 정당성을 얻는다.","시장지위·특허·내부권력","외부 혁신 평판이 태우 내부 권력투쟁의 실증 자료로 환전된다.","김민재가 사장단 회의에서 박진훈을 노골적으로 물어뜯기 시작한다.","이노폰 세계 흥행","박진훈 반격; CES; 이노폰 실판매","S1-A09","high"
"49","49화","가전 박람회 (3)","9028","9209","회의에서 모욕당한 박진훈은 우성일 부사장에게 이노폰 결함을 언론에 흘리라고 명령한다.","내부 스파이의 공격을 역정보와 약점 장악으로 되받아 박진훈 파벌을 안에서 무너뜨린다.","허위 결함 정보가 박진훈에게 도달하게 만들고 현장 연락책 조 차장을 자기 패로 전환한다.","개발팀 접촉을 시도한 조 차장의 움직임을 미리 감시하고 파티에서 거짓 문제 자료를 넘긴 뒤 사진·녹취 증거와 준비한 파일로 그를 압박해 우성일에게 전달하게 한다.","조 차장은 승진 욕심으로 박진훈 편에 서고, 허위 보도가 출시 전 이노폰 신뢰를 실제로 훼손할 수 있다.","김민재가 배신을 이미 예상해 거짓 자료·감시·살길을 한 세트로 준비했고 조 차장이 죽는 시늉까지 약속하며 굴복한다.","우성일·박진훈으로 이어지는 역정보 통로, 조 차장의 약점과 강제 충성을 얻는다.","정보우위·내부관계·권력","박진훈의 비밀 공격 통로가 김민재가 통제하는 함정으로 바뀐다.","허위 결함 자료가 언론에 실리면 공개 반박과 박진훈 축출을 동시에 실행할 수 있다.","박진훈 공개 압박","허위기사 역공; 우성일 전향; 박진훈 퇴장","S1-A09","high"
"50","50화","거짓 정보 (1)","9210","9397","이노폰을 박진훈의 허위정보에서 지켜야 하는 상태","내부 배신을 판매·권한으로 뒤집는 보상","이노폰을 지키고 박진훈을 축출한다: 박진훈이 거짓 결함 자료를 기자에게 넘기자 강인식이 사진·녹취를 확보하고 김민재가 3국 공개 시연을 준비한다","박진훈이 거짓 결함 자료를 기자에게 넘기자 강인식이 사진·녹취를 확보하고 김민재가 3국 공개 시연을 준비한다","박진훈 파벌·언론·생산 부족이 압박한다","허위기사가 1면에 실리지만 SAVE 반박자료와 보도 공작 전달 증거를 선점한다","허위기사가 1면에 실리지만 SAVE 반박자료와 보도 공작 전달 증거를 선점한다","시장·지분·내부권력","이노폰 성공과 태우전자 주도권이 김민재 쪽으로 이동한다","타임스퀘어·강남·독일에서 이노폰 1천 대 이상을 체험시키고 우성일과 박 기자를 박진훈 고발 증인으로 돌린다","박진훈이 거짓 결함 자료를 기자에게 넘기자 강인식이 사진·녹취를 확보하고 김민재가 3국 공개 시연을 준비한다의 당면 실행","타임스퀘어·강남·독일에서 이노폰 1천 대 이상을 체험시키고 우성일과 박 기자를 박진훈 고발 증인으로 돌린다","S1-A09","high"
"51","51화","거짓 정보 (2)","9398","9578","이노폰을 박진훈의 허위정보에서 지켜야 하는 상태","내부 배신을 판매·권한으로 뒤집는 보상","이노폰을 지키고 박진훈을 축출한다: 타임스퀘어·강남·독일에서 이노폰 1천 대 이상을 체험시키고 우성일과 박 기자를 박진훈 고발 증인으로 돌린다","타임스퀘어·강남·독일에서 이노폰 1천 대 이상을 체험시키고 우성일과 박 기자를 박진훈 고발 증인으로 돌린다","박진훈 파벌·언론·생산 부족이 압박한다","허위보도를 세계 광고로 바꾸고 박진훈 파벌 12명을 포섭할 통로를 얻는다","허위보도를 세계 광고로 바꾸고 박진훈 파벌 12명을 포섭할 통로를 얻는다","시장·지분·내부권력","이노폰 성공과 태우전자 주도권이 김민재 쪽으로 이동한다","정정기사 뒤 이노폰 30만 대를 즉시 팔고 미국 30만·유럽 10만·한국 10만 주문 속에 박진훈을 축출한다","타임스퀘어·강남·독일에서 이노폰 1천 대 이상을 체험시키고 우성일과 박 기자를 박진훈 고발 증인으로 돌린다의 당면 실행","정정기사 뒤 이노폰 30만 대를 즉시 팔고 미국 30만·유럽 10만·한국 10만 주문 속에 박진훈을 축출한다","S1-A09","high"
"52","52화","거짓 정보 (3)","9579","9758","이노폰을 박진훈의 허위정보에서 지켜야 하는 상태","내부 배신을 판매·권한으로 뒤집는 보상","이노폰을 지키고 박진훈을 축출한다: 정정기사 뒤 이노폰 30만 대를 즉시 팔고 미국 30만·유럽 10만·한국 10만 주문 속에 박진훈을 축출한다","정정기사 뒤 이노폰 30만 대를 즉시 팔고 미국 30만·유럽 10만·한국 10만 주문 속에 박진훈을 축출한다","박진훈 파벌·언론·생산 부족이 압박한다","월 10만 대 이상 수요와 태우전자 사장 추천을 받고 지분까지 요구한다","월 10만 대 이상 수요와 태우전자 사장 추천을 받고 지분까지 요구한다","시장·지분·내부권력","이노폰 성공과 태우전자 주도권이 김민재 쪽으로 이동한다","김태중에게 태우전자 지분 상속을 받아 사장단 만장일치로 20대 초반 태우전자 사장에 취임한다","정정기사 뒤 이노폰 30만 대를 즉시 팔고 미국 30만·유럽 10만·한국 10만 주문 속에 박진훈을 축출한다의 당면 실행","김태중에게 태우전자 지분 상속을 받아 사장단 만장일치로 20대 초반 태우전자 사장에 취임한다","S1-A09","high"
"53","53화","주인이 되다 (1)","9759","9940","태우전자 사장·지분으로 그룹 구조를 바꾸는 상태","애플·다이먼까지 경영 지렛대로 얻는 보상","경영권과 SAVE 인재로 구조조정 판을 연다: 김태중에게 태우전자 지분 상속을 받아 사장단 만장일치로 20대 초반 태우전자 사장에 취임한다","김태중에게 태우전자 지분 상속을 받아 사장단 만장일치로 20대 초반 태우전자 사장에 취임한다","취약한 지분·내부 스파이·김태중의 확장이 압박한다","태우전자 직위·지배지분과 세계 1위 전자회사 개혁 권한을 얻는다","태우전자 직위·지배지분과 세계 1위 전자회사 개혁 권한을 얻는다","지분·직위·조직","전자 경영권과 외부 구조조정력이 김민재에게 집중된다","첫 출근에 공장 세 곳 전환·불량품 전면교환·직원 1천5백 명 능력 재배치를 지시한다","김태중에게 태우전자 지분 상속을 받아 사장단 만장일치로 20대 초반 태우전자 사장에 취임한다의 당면 실행","첫 출근에 공장 세 곳 전환·불량품 전면교환·직원 1천5백 명 능력 재배치를 지시한다","S1-A10","high"
"54","54화","주인이 되다 (2)","9941","10126","태우전자 사장·지분으로 그룹 구조를 바꾸는 상태","애플·다이먼까지 경영 지렛대로 얻는 보상","경영권과 SAVE 인재로 구조조정 판을 연다: 첫 출근에 공장 세 곳 전환·불량품 전면교환·직원 1천5백 명 능력 재배치를 지시한다","첫 출근에 공장 세 곳 전환·불량품 전면교환·직원 1천5백 명 능력 재배치를 지시한다","취약한 지분·내부 스파이·김태중의 확장이 압박한다","생산·인사 전권을 행사하다 중국 화이텐 소속 산업스파이를 찾아낸다","생산·인사 전권을 행사하다 중국 화이텐 소속 산업스파이를 찾아낸다","지분·직위·조직","전자 경영권과 외부 구조조정력이 김민재에게 집중된다","강인식이 산업스파이 계좌·신축아파트 증거를 잡고 김민재가 500명 이상을 적성에 맞게 재배치한다","첫 출근에 공장 세 곳 전환·불량품 전면교환·직원 1천5백 명 능력 재배치를 지시한다의 당면 실행","강인식이 산업스파이 계좌·신축아파트 증거를 잡고 김민재가 500명 이상을 적성에 맞게 재배치한다","S1-A10","high"
"55","55화","주인이 되다 (3)","10127","10326","태우전자 사장·지분으로 그룹 구조를 바꾸는 상태","애플·다이먼까지 경영 지렛대로 얻는 보상","경영권과 SAVE 인재로 구조조정 판을 연다: 강인식이 산업스파이 계좌·신축아파트 증거를 잡고 김민재가 500명 이상을 적성에 맞게 재배치한다","강인식이 산업스파이 계좌·신축아파트 증거를 잡고 김민재가 500명 이상을 적성에 맞게 재배치한다","취약한 지분·내부 스파이·김태중의 확장이 압박한다","중국 유출선을 끊고 샌디 웨일과 다이먼의 결별이 앞당겨진다","중국 유출선을 끊고 샌디 웨일과 다이먼의 결별이 앞당겨진다","지분·직위·조직","전자 경영권과 외부 구조조정력이 김민재에게 집중된다","격분한 다이먼에게 독립 금융회사와 전권을 약속해 영입하고 애플 이사회에 잡스 복귀안을 올린다","강인식이 산업스파이 계좌·신축아파트 증거를 잡고 김민재가 500명 이상을 적성에 맞게 재배치한다의 당면 실행","격분한 다이먼에게 독립 금융회사와 전권을 약속해 영입하고 애플 이사회에 잡스 복귀안을 올린다","S1-A10","high"
"56","56화","주인이 되다 (4)","10327","10491","태우전자 사장·지분으로 그룹 구조를 바꾸는 상태","애플·다이먼까지 경영 지렛대로 얻는 보상","경영권과 SAVE 인재로 구조조정 판을 연다: 격분한 다이먼에게 독립 금융회사와 전권을 약속해 영입하고 애플 이사회에 잡스 복귀안을 올린다","격분한 다이먼에게 독립 금융회사와 전권을 약속해 영입하고 애플 이사회에 잡스 복귀안을 올린다","취약한 지분·내부 스파이·김태중의 확장이 압박한다","세계급 구조조정가와 잡스 복귀에 찬성하는 월가 이사 과반을 얻는다","세계급 구조조정가와 잡스 복귀에 찬성하는 월가 이사 과반을 얻는다","지분·직위·조직","전자 경영권과 외부 구조조정력이 김민재에게 집중된다","SAVE가 NEXT 5억 달러 인수금을 내고 미래 소프트웨어 권리를 받아 잡스를 애플 CEO로 돌려보낸다","격분한 다이먼에게 독립 금융회사와 전권을 약속해 영입하고 애플 이사회에 잡스 복귀안을 올린다의 당면 실행","SAVE가 NEXT 5억 달러 인수금을 내고 미래 소프트웨어 권리를 받아 잡스를 애플 CEO로 돌려보낸다","S1-A10","high"
"57","57화","주인이 되다 (5)","10492","10663","태우전자 사장·지분으로 그룹 구조를 바꾸는 상태","애플·다이먼까지 경영 지렛대로 얻는 보상","경영권과 SAVE 인재로 구조조정 판을 연다: SAVE가 NEXT 5억 달러 인수금을 내고 미래 소프트웨어 권리를 받아 잡스를 애플 CEO로 돌려보낸다","SAVE가 NEXT 5억 달러 인수금을 내고 미래 소프트웨어 권리를 받아 잡스를 애플 CEO로 돌려보낸다","취약한 지분·내부 스파이·김태중의 확장이 압박한다","애플 소프트웨어 소유권과 태우중공업 적대인수 설계자 다이먼을 확보한다","애플 소프트웨어 소유권과 태우중공업 적대인수 설계자 다이먼을 확보한다","지분·직위·조직","전자 경영권과 외부 구조조정력이 김민재에게 집중된다","명동의 태우중공업 13퍼센트에서 시작해 현재그룹에 인수대금을 대는 조건으로 태우 주식까지 받는다","SAVE가 NEXT 5억 달러 인수금을 내고 미래 소프트웨어 권리를 받아 잡스를 애플 CEO로 돌려보낸다의 당면 실행","명동의 태우중공업 13퍼센트에서 시작해 현재그룹에 인수대금을 대는 조건으로 태우 주식까지 받는다","S1-A10","high"
"58","58화","주인이 되다 (6)","10664","10840","태우전자 사장·지분으로 그룹 구조를 바꾸는 상태","애플·다이먼까지 경영 지렛대로 얻는 보상","경영권과 SAVE 인재로 구조조정 판을 연다: 명동의 태우중공업 13퍼센트에서 시작해 현재그룹에 인수대금을 대는 조건으로 태우 주식까지 받는다","명동의 태우중공업 13퍼센트에서 시작해 현재그룹에 인수대금을 대는 조건으로 태우 주식까지 받는다","취약한 지분·내부 스파이·김태중의 확장이 압박한다","현재그룹의 구매력과 보유 태우주식을 동시에 통제해 40퍼센트 지분전을 연다","현재그룹의 구매력과 보유 태우주식을 동시에 통제해 40퍼센트 지분전을 연다","지분·직위·조직","전자 경영권과 외부 구조조정력이 김민재에게 집중된다","은행마다 달러 10억을 예금해 태우중공업 주식 약 10퍼센트를 모으고 살만을 만나러 사우디로 간다","명동의 태우중공업 13퍼센트에서 시작해 현재그룹에 인수대금을 대는 조건으로 태우 주식까지 받는다의 당면 실행","은행마다 달러 10억을 예금해 태우중공업 주식 약 10퍼센트를 모으고 살만을 만나러 사우디로 간다","S1-A10","high"
"59","59화","흑기사 (1)","10841","11024","비밀 적대인수와 매각으로 부채를 떼는 상태","사우디·월가·현재를 엮어 부채 자산을 되파는 보상","조선과 휴대폰 사업부를 분리해 부채를 줄인다: 은행마다 달러 10억을 예금해 태우중공업 주식 약 10퍼센트를 모으고 살만을 만나러 사우디로 간다","은행마다 달러 10억을 예금해 태우중공업 주식 약 10퍼센트를 모으고 살만을 만나러 사우디로 간다","김태중 반대·노조·오강철·주주권이 압박한다","은행 지분 협조와 사우디 왕실이라는 흑기사 접견을 확보한다","은행 지분 협조와 사우디 왕실이라는 흑기사 접견을 확보한다","부채·자산·조손관계","부채 자산 분리와 김민재의 금융통제가 확대된다","살만에게 표트르 대제의 검을 주고 귀국해 아크만 명의로 태우 중소계열사 3곳을 적대인수한다","은행마다 달러 10억을 예금해 태우중공업 주식 약 10퍼센트를 모으고 살만을 만나러 사우디로 간다의 당면 실행","살만에게 표트르 대제의 검을 주고 귀국해 아크만 명의로 태우 중소계열사 3곳을 적대인수한다","S1-A11","high"
"60","60화","흑기사 (2)","11025","11199","비밀 적대인수와 매각으로 부채를 떼는 상태","사우디·월가·현재를 엮어 부채 자산을 되파는 보상","조선과 휴대폰 사업부를 분리해 부채를 줄인다: 살만에게 표트르 대제의 검을 주고 귀국해 아크만 명의로 태우 중소계열사 3곳을 적대인수한다","살만에게 표트르 대제의 검을 주고 귀국해 아크만 명의로 태우 중소계열사 3곳을 적대인수한다","김태중 반대·노조·오강철·주주권이 압박한다","아람코 협력 계약의 씨앗과 태우중공업 지분 보유 계열사 경영권을 얻는다","아람코 협력 계약의 씨앗과 태우중공업 지분 보유 계열사 경영권을 얻는다","부채·자산·조손관계","부채 자산 분리와 김민재의 금융통제가 확대된다","아크만이 태우중공업 36퍼센트를 모아 태우 측 20퍼센트를 앞서자 사우디 5조 정유사 안을 김태중에게 내민다","살만에게 표트르 대제의 검을 주고 귀국해 아크만 명의로 태우 중소계열사 3곳을 적대인수한다의 당면 실행","아크만이 태우중공업 36퍼센트를 모아 태우 측 20퍼센트를 앞서자 사우디 5조 정유사 안을 김태중에게 내민다","S1-A11","high"
"61","61화","흑기사 (3)","11200","11399","비밀 적대인수와 매각으로 부채를 떼는 상태","사우디·월가·현재를 엮어 부채 자산을 되파는 보상","조선과 휴대폰 사업부를 분리해 부채를 줄인다: 아크만이 태우중공업 36퍼센트를 모아 태우 측 20퍼센트를 앞서자 사우디 5조 정유사 안을 김태중에게 내민다","아크만이 태우중공업 36퍼센트를 모아 태우 측 20퍼센트를 앞서자 사우디 5조 정유사 안을 김태중에게 내민다","김태중 반대·노조·오강철·주주권이 압박한다","지분 우위와 조선을 떼고 정유를 택할 협상 명분을 얻는다","지분 우위와 조선을 떼고 정유를 택할 협상 명분을 얻는다","부채·자산·조손관계","부채 자산 분리와 김민재의 금융통제가 확대된다","사우디 직인 계약서를 보여 태우중공업에서 조선을 떼고 SS오일·태우화학과 정유사를 만들자고 설득한다","아크만이 태우중공업 36퍼센트를 모아 태우 측 20퍼센트를 앞서자 사우디 5조 정유사 안을 김태중에게 내민다의 당면 실행","사우디 직인 계약서를 보여 태우중공업에서 조선을 떼고 SS오일·태우화학과 정유사를 만들자고 설득한다","S1-A11","high"
"62","62화","흑기사 (4)","11400","11547","비밀 적대인수와 매각으로 부채를 떼는 상태","사우디·월가·현재를 엮어 부채 자산을 되파는 보상","조선과 휴대폰 사업부를 분리해 부채를 줄인다: 사우디 직인 계약서를 보여 태우중공업에서 조선을 떼고 SS오일·태우화학과 정유사를 만들자고 설득한다","사우디 직인 계약서를 보여 태우중공업에서 조선을 떼고 SS오일·태우화학과 정유사를 만들자고 설득한다","김태중 반대·노조·오강철·주주권이 압박한다","태우조선 분리매각 승인과 오강철을 비리·부채와 함께 넘길 결정권을 얻는다","태우조선 분리매각 승인과 오강철을 비리·부채와 함께 넘길 결정권을 얻는다","부채·자산·조손관계","부채 자산 분리와 김민재의 금융통제가 확대된다","다이먼이 태우조선을 1조2천억 원에 사서 자금을 아람코 법인에 묶고 태우전자 2조 부채도 진단한다","사우디 직인 계약서를 보여 태우중공업에서 조선을 떼고 SS오일·태우화학과 정유사를 만들자고 설득한다의 당면 실행","다이먼이 태우조선을 1조2천억 원에 사서 자금을 아람코 법인에 묶고 태우전자 2조 부채도 진단한다","S1-A11","high"
"63","63화","흑기사 (5)","11548","11745","비밀 적대인수와 매각으로 부채를 떼는 상태","사우디·월가·현재를 엮어 부채 자산을 되파는 보상","조선과 휴대폰 사업부를 분리해 부채를 줄인다: 다이먼이 태우조선을 1조2천억 원에 사서 자금을 아람코 법인에 묶고 태우전자 2조 부채도 진단한다","다이먼이 태우조선을 1조2천억 원에 사서 자금을 아람코 법인에 묶고 태우전자 2조 부채도 진단한다","김태중 반대·노조·오강철·주주권이 압박한다","태우조선 부채 분리와 태우전자 연 100억 이상 이자절감 방안을 얻는다","태우조선 부채 분리와 태우전자 연 100억 이상 이자절감 방안을 얻는다","부채·자산·조손관계","부채 자산 분리와 김민재의 금융통제가 확대된다","김태중에게 애플과 주식 10퍼센트 교환·공동브랜드를 내세워 휴대폰 사업부 매각을 설득한다","다이먼이 태우조선을 1조2천억 원에 사서 자금을 아람코 법인에 묶고 태우전자 2조 부채도 진단한다의 당면 실행","김태중에게 애플과 주식 10퍼센트 교환·공동브랜드를 내세워 휴대폰 사업부 매각을 설득한다","S1-A11","high"
"64","64화","되팔이 (1)","11746","11893","비밀 적대인수와 매각으로 부채를 떼는 상태","사우디·월가·현재를 엮어 부채 자산을 되파는 보상","조선과 휴대폰 사업부를 분리해 부채를 줄인다: 김태중에게 애플과 주식 10퍼센트 교환·공동브랜드를 내세워 휴대폰 사업부 매각을 설득한다","김태중에게 애플과 주식 10퍼센트 교환·공동브랜드를 내세워 휴대폰 사업부 매각을 설득한다","김태중 반대·노조·오강철·주주권이 압박한다","매각 검토 승인을 얻지만 오강철의 하청 비리 파업이 다음 압력으로 뜬다","매각 검토 승인을 얻지만 오강철의 하청 비리 파업이 다음 압력으로 뜬다","부채·자산·조손관계","부채 자산 분리와 김민재의 금융통제가 확대된다","태우조선 파업의 하청비리를 검찰에 넘기고 현진·삼진·현재를 잠재 매수자로 경쟁시킨다","김태중에게 애플과 주식 10퍼센트 교환·공동브랜드를 내세워 휴대폰 사업부 매각을 설득한다의 당면 실행","태우조선 파업의 하청비리를 검찰에 넘기고 현진·삼진·현재를 잠재 매수자로 경쟁시킨다","S1-A11","high"
"65","65화","되팔이 (2)","11894","12073","비밀 적대인수와 매각으로 부채를 떼는 상태","사우디·월가·현재를 엮어 부채 자산을 되파는 보상","조선과 휴대폰 사업부를 분리해 부채를 줄인다: 태우조선 파업의 하청비리를 검찰에 넘기고 현진·삼진·현재를 잠재 매수자로 경쟁시킨다","태우조선 파업의 하청비리를 검찰에 넘기고 현진·삼진·현재를 잠재 매수자로 경쟁시킨다","김태중 반대·노조·오강철·주주권이 압박한다","파업을 무력화하고 태우조선 매각가를 올릴 다자 경쟁을 만든다","파업을 무력화하고 태우조선 매각가를 올릴 다자 경쟁을 만든다","부채·자산·조손관계","부채 자산 분리와 김민재의 금융통제가 확대된다","오강철과 하청업체를 법적으로 제거해 태우조선을 정리하고 애플 매각 협상으로 넘어간다","태우조선 파업의 하청비리를 검찰에 넘기고 현진·삼진·현재를 잠재 매수자로 경쟁시킨다의 당면 실행","오강철과 하청업체를 법적으로 제거해 태우조선을 정리하고 애플 매각 협상으로 넘어간다","S1-A11","high"
"66","66화","되팔이 (3)","12074","12283","비밀 적대인수와 매각으로 부채를 떼는 상태","사우디·월가·현재를 엮어 부채 자산을 되파는 보상","조선과 휴대폰 사업부를 분리해 부채를 줄인다: 오강철과 하청업체를 법적으로 제거해 태우조선을 정리하고 애플 매각 협상으로 넘어간다","오강철과 하청업체를 법적으로 제거해 태우조선을 정리하고 애플 매각 협상으로 넘어간다","김태중 반대·노조·오강철·주주권이 압박한다","깨끗해진 태우조선과 매수 경쟁을 얻지만 김태중이 휴대폰 매각을 거부한다","깨끗해진 태우조선과 매수 경쟁을 얻지만 김태중이 휴대폰 매각을 거부한다","부채·자산·조손관계","부채 자산 분리와 김민재의 금융통제가 확대된다","김태중 허락 없이 주주총회 의결로 휴대폰 사업부를 팔겠다고 맞서고 우호 의결권을 모은다","오강철과 하청업체를 법적으로 제거해 태우조선을 정리하고 애플 매각 협상으로 넘어간다의 당면 실행","김태중 허락 없이 주주총회 의결로 휴대폰 사업부를 팔겠다고 맞서고 우호 의결권을 모은다","S1-A11","high"
"67","67화","되팔이 (4)","12284","12471","비밀 적대인수와 매각으로 부채를 떼는 상태","사우디·월가·현재를 엮어 부채 자산을 되파는 보상","조선과 휴대폰 사업부를 분리해 부채를 줄인다: 김태중 허락 없이 주주총회 의결로 휴대폰 사업부를 팔겠다고 맞서고 우호 의결권을 모은다","김태중 허락 없이 주주총회 의결로 휴대폰 사업부를 팔겠다고 맞서고 우호 의결권을 모은다","김태중 반대·노조·오강철·주주권이 압박한다","매각 여부를 조손 감정이 아닌 공식 주주권 승부로 전환한다","매각 여부를 조손 감정이 아닌 공식 주주권 승부로 전환한다","부채·자산·조손관계","부채 자산 분리와 김민재의 금융통제가 확대된다","국민연금·명동·은행 지분으로 매각 찬성 30퍼센트 대 반대 25퍼센트를 만들어 김태중을 이긴다","김태중 허락 없이 주주총회 의결로 휴대폰 사업부를 팔겠다고 맞서고 우호 의결권을 모은다의 당면 실행","국민연금·명동·은행 지분으로 매각 찬성 30퍼센트 대 반대 25퍼센트를 만들어 김태중을 이긴다","S1-A11","high"
"68","68화","실패 (1)","12472","12681","휴대폰 매각을 주주총회와 애플 협상으로 결산하는 상태","성공작을 내주고 더 큰 세계 IT 지분을 얻는 보상","애플 거래로 현금·지분·기술동맹을 얻는다: 국민연금·명동·은행 지분으로 매각 찬성 30퍼센트 대 반대 25퍼센트를 만들어 김태중을 이긴다","국민연금·명동·은행 지분으로 매각 찬성 30퍼센트 대 반대 25퍼센트를 만들어 김태중을 이긴다","김태중 반대·애플 부채·엠피맨 실패가 압박한다","휴대폰 사업부 매각 승인과 태우전자 독립 경영 약속을 얻는다","휴대폰 사업부 매각 승인과 태우전자 독립 경영 약속을 얻는다","글로벌지분·기술·조직","태우 휴대폰 사업이 애플·구글 지분으로 변환된다","CES에서 슬라이드폰·TV·엠피맨이 수상하고 잡스가 태우 휴대폰 사업부 인수를 애플 이사회에 올린다","국민연금·명동·은행 지분으로 매각 찬성 30퍼센트 대 반대 25퍼센트를 만들어 김태중을 이긴다의 당면 실행","CES에서 슬라이드폰·TV·엠피맨이 수상하고 잡스가 태우 휴대폰 사업부 인수를 애플 이사회에 올린다","S1-A12","high"
"69","69화","실패 (2)","12682","12849","휴대폰 매각을 주주총회와 애플 협상으로 결산하는 상태","성공작을 내주고 더 큰 세계 IT 지분을 얻는 보상","애플 거래로 현금·지분·기술동맹을 얻는다: CES에서 슬라이드폰·TV·엠피맨이 수상하고 잡스가 태우 휴대폰 사업부 인수를 애플 이사회에 올린다","CES에서 슬라이드폰·TV·엠피맨이 수상하고 잡스가 태우 휴대폰 사업부 인수를 애플 이사회에 올린다","김태중 반대·애플 부채·엠피맨 실패가 압박한다","CES 3개 수상과 슬라이드폰 주문 폭주·애플 인수안 논의를 얻는다","CES 3개 수상과 슬라이드폰 주문 폭주·애플 인수안 논의를 얻는다","글로벌지분·기술·조직","태우 휴대폰 사업이 애플·구글 지분으로 변환된다","애플과 주식 10퍼센트 교환·공동로고를 합의하고 SAVE가 인수비를 낸 뒤 구글 49퍼센트를 10억 달러에 산다","CES에서 슬라이드폰·TV·엠피맨이 수상하고 잡스가 태우 휴대폰 사업부 인수를 애플 이사회에 올린다의 당면 실행","애플과 주식 10퍼센트 교환·공동로고를 합의하고 SAVE가 인수비를 낸 뒤 구글 49퍼센트를 10억 달러에 산다","S1-A12","high"
"70","70화","실패 (3)","12850","13024","휴대폰 매각을 주주총회와 애플 협상으로 결산하는 상태","성공작을 내주고 더 큰 세계 IT 지분을 얻는 보상","애플 거래로 현금·지분·기술동맹을 얻는다: 애플과 주식 10퍼센트 교환·공동로고를 합의하고 SAVE가 인수비를 낸 뒤 구글 49퍼센트를 10억 달러에 산다","애플과 주식 10퍼센트 교환·공동로고를 합의하고 SAVE가 인수비를 낸 뒤 구글 49퍼센트를 10억 달러에 산다","김태중 반대·애플 부채·엠피맨 실패가 압박한다","김민재 측 애플 35퍼센트 지배블록과 구글 우호지분 49퍼센트를 얻는다","김민재 측 애플 35퍼센트 지배블록과 구글 우호지분 49퍼센트를 얻는다","글로벌지분·기술·조직","태우 휴대폰 사업이 애플·구글 지분으로 변환된다","500대도 못 판 엠피맨의 황영철을 구해 디지털케이스를 인수하고 팀을 애플 MP3 개발로 옮긴다","애플과 주식 10퍼센트 교환·공동로고를 합의하고 SAVE가 인수비를 낸 뒤 구글 49퍼센트를 10억 달러에 산다의 당면 실행","500대도 못 판 엠피맨의 황영철을 구해 디지털케이스를 인수하고 팀을 애플 MP3 개발로 옮긴다","S1-A12","high"
"71","71화","실패 (4)","13025","13225","휴대폰 매각을 주주총회와 애플 협상으로 결산하는 상태","성공작을 내주고 더 큰 세계 IT 지분을 얻는 보상","애플 거래로 현금·지분·기술동맹을 얻는다: 500대도 못 판 엠피맨의 황영철을 구해 디지털케이스를 인수하고 팀을 애플 MP3 개발로 옮긴다","500대도 못 판 엠피맨의 황영철을 구해 디지털케이스를 인수하고 팀을 애플 MP3 개발로 옮긴다","김태중 반대·애플 부채·엠피맨 실패가 압박한다","디지털케이스 100퍼센트·MCA 레코드 인수선과 기획본부 이동 명분을 얻는다","디지털케이스 100퍼센트·MCA 레코드 인수선과 기획본부 이동 명분을 얻는다","글로벌지분·기술·조직","태우 휴대폰 사업이 애플·구글 지분으로 변환된다","사장급 기획본부장이 되어 루마니아산 태우차 중국 판매를 설계하고 쩡훙친을 만난다","500대도 못 판 엠피맨의 황영철을 구해 디지털케이스를 인수하고 팀을 애플 MP3 개발로 옮긴다의 당면 실행","사장급 기획본부장이 되어 루마니아산 태우차 중국 판매를 설계하고 쩡훙친을 만난다","S1-A12","high"
"72","72화","진출 (1)","13226","13417","기획본부에서 해외시장·인터넷 매출을 키우는 상태","중국 자동차와 인터넷을 외환위기 전에 선점하는 보상","태우 전 계열사를 해외·인터넷 친화적으로 바꾼다: 사장급 기획본부장이 되어 루마니아산 태우차 중국 판매를 설계하고 쩡훙친을 만난다","사장급 기획본부장이 되어 루마니아산 태우차 중국 판매를 설계하고 쩡훙친을 만난다","중국 규제·합작 위험·낡은 조직이 압박한다","전 계열사 조정권과 쩡훙친의 숨겨진 아들이라는 꽌시 지렛대를 얻는다","전 계열사 조정권과 쩡훙친의 숨겨진 아들이라는 꽌시 지렛대를 얻는다","시장·조직·기술","성장축이 차입 인수에서 수출·인터넷으로 이동한다","쩡훙친의 아들 안전과 체면을 지켜 중국 판매 허가·관세 우대를 받고 포드 합작안을 꺼낸다","사장급 기획본부장이 되어 루마니아산 태우차 중국 판매를 설계하고 쩡훙친을 만난다의 당면 실행","쩡훙친의 아들 안전과 체면을 지켜 중국 판매 허가·관세 우대를 받고 포드 합작안을 꺼낸다","S1-A13","high"
"73","73화","진출 (2)","13418","13604","기획본부에서 해외시장·인터넷 매출을 키우는 상태","중국 자동차와 인터넷을 외환위기 전에 선점하는 보상","태우 전 계열사를 해외·인터넷 친화적으로 바꾼다: 쩡훙친의 아들 안전과 체면을 지켜 중국 판매 허가·관세 우대를 받고 포드 합작안을 꺼낸다","쩡훙친의 아들 안전과 체면을 지켜 중국 판매 허가·관세 우대를 받고 포드 합작안을 꺼낸다","중국 규제·합작 위험·낡은 조직이 압박한다","상하이방 장기 인맥과 포드 지분 20퍼센트를 쓸 3자 합작 기회를 얻는다","상하이방 장기 인맥과 포드 지분 20퍼센트를 쓸 3자 합작 기회를 얻는다","시장·조직·기술","성장축이 차입 인수에서 수출·인터넷으로 이동한다","포드 대주주 지위를 활용하며 MCA 레코드로 최초 음원구매 사이트와 전기차·배터리 연구를 준비한다","쩡훙친의 아들 안전과 체면을 지켜 중국 판매 허가·관세 우대를 받고 포드 합작안을 꺼낸다의 당면 실행","포드 대주주 지위를 활용하며 MCA 레코드로 최초 음원구매 사이트와 전기차·배터리 연구를 준비한다","S1-A13","high"
"74","74화","진출 (3)","13605","13786","기획본부에서 해외시장·인터넷 매출을 키우는 상태","중국 자동차와 인터넷을 외환위기 전에 선점하는 보상","태우 전 계열사를 해외·인터넷 친화적으로 바꾼다: 포드 대주주 지위를 활용하며 MCA 레코드로 최초 음원구매 사이트와 전기차·배터리 연구를 준비한다","포드 대주주 지위를 활용하며 MCA 레코드로 최초 음원구매 사이트와 전기차·배터리 연구를 준비한다","중국 규제·합작 위험·낡은 조직이 압박한다","루마니아차 중국 완판과 음원 원천유통망·포드 협상 조건을 얻는다","루마니아차 중국 완판과 음원 원천유통망·포드 협상 조건을 얻는다","시장·조직·기술","성장축이 차입 인수에서 수출·인터넷으로 이동한다","중국 판매 2만 대·월 5천 대 실적으로 포드·태우·상하이자동차 3자 합작을 타결한다","포드 대주주 지위를 활용하며 MCA 레코드로 최초 음원구매 사이트와 전기차·배터리 연구를 준비한다의 당면 실행","중국 판매 2만 대·월 5천 대 실적으로 포드·태우·상하이자동차 3자 합작을 타결한다","S1-A13","high"
"75","75화","진출 (4)","13787","13971","기획본부에서 해외시장·인터넷 매출을 키우는 상태","중국 자동차와 인터넷을 외환위기 전에 선점하는 보상","태우 전 계열사를 해외·인터넷 친화적으로 바꾼다: 중국 판매 2만 대·월 5천 대 실적으로 포드·태우·상하이자동차 3자 합작을 타결한다","중국 판매 2만 대·월 5천 대 실적으로 포드·태우·상하이자동차 3자 합작을 타결한다","중국 규제·합작 위험·낡은 조직이 압박한다","중국 완성차 공장과 미국시장 진입·외환위기용 수출 캐시카우를 얻는다","중국 완성차 공장과 미국시장 진입·외환위기용 수출 캐시카우를 얻는다","시장·조직·기술","성장축이 차입 인수에서 수출·인터넷으로 이동한다","중국 합작법인 출범과 인터넷 전환을 실행한다","중국 판매 2만 대·월 5천 대 실적으로 포드·태우·상하이자동차 3자 합작을 타결한다의 당면 실행","중국 합작법인 출범과 인터넷 전환을 실행한다","S1-A13","high"
"76","76화","진출 (5)","13972","14141","기획본부에서 해외시장·인터넷 매출을 키우는 상태","중국 자동차와 인터넷을 외환위기 전에 선점하는 보상","태우 전 계열사를 해외·인터넷 친화적으로 바꾼다: 1996년 3자 합작회사를 출범시키고 태우백화점 전자상거래·태우증권 HTS 보고서를 김태중에게 올린다","1996년 3자 합작회사를 출범시키고 태우백화점 전자상거래·태우증권 HTS 보고서를 김태중에게 올린다","중국 규제·합작 위험·낡은 조직이 압박한다","태우 전 계열사 인터넷 전환과 법 개정 전 HTS 개발 승인을 얻는다","태우 전 계열사 인터넷 전환과 법 개정 전 HTS 개발 승인을 얻는다","시장·조직·기술","성장축이 차입 인수에서 수출·인터넷으로 이동한다","IT 인재를 뽑아 전자상거래·음원·HTS 팀과 자유출퇴근제를 만들고 제프리를 한국으로 부른다","1996년 3자 합작회사를 출범시키고 태우백화점 전자상거래·태우증권 HTS 보고서를 김태중에게 올린다의 당면 실행","IT 인재를 뽑아 전자상거래·음원·HTS 팀과 자유출퇴근제를 만들고 제프리를 한국으로 부른다","S1-A13","high"
"77","77화","진출 (6)","14142","14342","기획본부에서 해외시장·인터넷 매출을 키우는 상태","중국 자동차와 인터넷을 외환위기 전에 선점하는 보상","태우 전 계열사를 해외·인터넷 친화적으로 바꾼다: IT 인재를 뽑아 전자상거래·음원·HTS 팀과 자유출퇴근제를 만들고 제프리를 한국으로 부른다","IT 인재를 뽑아 전자상거래·음원·HTS 팀과 자유출퇴근제를 만들고 제프리를 한국으로 부른다","중국 규제·합작 위험·낡은 조직이 압박한다","제프리가 30분 만에 낡은 태우 IT 조직을 성과 중심 전쟁터로 바꾼다","제프리가 30분 만에 낡은 태우 IT 조직을 성과 중심 전쟁터로 바꾼다","시장·조직·기술","성장축이 차입 인수에서 수출·인터넷으로 이동한다","1997년 중국차 10만 대·미국 70퍼센트 성장에도 김태중이 통신사업용 일본 차입을 추진하자 막는다","IT 인재를 뽑아 전자상거래·음원·HTS 팀과 자유출퇴근제를 만들고 제프리를 한국으로 부른다의 당면 실행","1997년 중국차 10만 대·미국 70퍼센트 성장에도 김태중이 통신사업용 일본 차입을 추진하자 막는다","S1-A13","high"
"78","78화","1997년 (1)","14343","14507","1997년 국가 부도에서 태우를 살려야 하는 상태","준비를 무부채 생존과 헐값 인수로 결산하는 보상","부채를 0으로 만들고 위기 기업을 인수한다: 1997년 중국차 10만 대·미국 70퍼센트 성장에도 김태중이 통신사업용 일본 차입을 추진하자 막는다","1997년 중국차 10만 대·미국 70퍼센트 성장에도 김태중이 통신사업용 일본 차입을 추진하자 막는다","김태중의 욕심·자본이탈·정부·IMF가 압박한다","수출 성과와 외환위기 직전 일본 차입 위험을 확인하고 조지의 태국 공격 제안을 받는다","수출 성과와 외환위기 직전 일본 차입 위험을 확인하고 조지의 태국 공격 제안을 받는다","국가위기·부채·기업지위","태우가 부도 위험사에서 달러를 가진 인수자로 역전된다","SAVE 150억 달러와 퀀텀 자금을 태국에 걸고 이선일에게 한보 부도 직전 명동 정리를 확인한다","1997년 중국차 10만 대·미국 70퍼센트 성장에도 김태중이 통신사업용 일본 차입을 추진하자 막는다의 당면 실행","SAVE 150억 달러와 퀀텀 자금을 태국에 걸고 이선일에게 한보 부도 직전 명동 정리를 확인한다","S1-A14","high"
"79","79화","1997년 (2)","14508","14696","1997년 국가 부도에서 태우를 살려야 하는 상태","준비를 무부채 생존과 헐값 인수로 결산하는 보상","부채를 0으로 만들고 위기 기업을 인수한다: SAVE 150억 달러와 퀀텀 자금을 태국에 걸고 이선일에게 한보 부도 직전 명동 정리를 확인한다","SAVE 150억 달러와 퀀텀 자금을 태국에 걸고 이선일에게 한보 부도 직전 명동 정리를 확인한다","김태중의 욕심·자본이탈·정부·IMF가 압박한다","아시아 위기 수익 포지션과 명동을 장악할 이선일의 현금을 얻는다","아시아 위기 수익 포지션과 명동을 장악할 이선일의 현금을 얻는다","국가위기·부채·기업지위","태우가 부도 위험사에서 달러를 가진 인수자로 역전된다","국가 부도와 대마불사 종말을 김태중에게 처음 밝히고 신규 기업 인수를 중단시킨다","SAVE 150억 달러와 퀀텀 자금을 태국에 걸고 이선일에게 한보 부도 직전 명동 정리를 확인한다의 당면 실행","국가 부도와 대마불사 종말을 김태중에게 처음 밝히고 신규 기업 인수를 중단시킨다","S1-A14","high"
"80","80화","1997년 (3)","14697","14870","1997년 국가 부도에서 태우를 살려야 하는 상태","준비를 무부채 생존과 헐값 인수로 결산하는 보상","부채를 0으로 만들고 위기 기업을 인수한다: 국가 부도와 대마불사 종말을 김태중에게 처음 밝히고 신규 기업 인수를 중단시킨다","국가 부도와 대마불사 종말을 김태중에게 처음 밝히고 신규 기업 인수를 중단시킨다","김태중의 욕심·자본이탈·정부·IMF가 압박한다","김태중의 위기 공감과 야당 후보 지원 결정을 얻는다","김태중의 위기 공감과 야당 후보 지원 결정을 얻는다","국가위기·부채·기업지위","태우가 부도 위험사에서 달러를 가진 인수자로 역전된다","야당 후원회장 펀드를 3개월 만에 10배로 만들어 100억 정치자금을 합법 수익처럼 지급한다","국가 부도와 대마불사 종말을 김태중에게 처음 밝히고 신규 기업 인수를 중단시킨다의 당면 실행","야당 후원회장 펀드를 3개월 만에 10배로 만들어 100억 정치자금을 합법 수익처럼 지급한다","S1-A14","high"
"81","81화","1997년 (4)","14871","15040","1997년 국가 부도에서 태우를 살려야 하는 상태","준비를 무부채 생존과 헐값 인수로 결산하는 보상","부채를 0으로 만들고 위기 기업을 인수한다: 야당 후원회장 펀드를 3개월 만에 10배로 만들어 100억 정치자금을 합법 수익처럼 지급한다","야당 후원회장 펀드를 3개월 만에 10배로 만들어 100억 정치자금을 합법 수익처럼 지급한다","김태중의 욕심·자본이탈·정부·IMF가 압박한다","차기 정부 우호와 증거 단절을 얻고 SAVE의 200억 달러를 현금화한다","차기 정부 우호와 증거 단절을 얻고 SAVE의 200억 달러를 현금화한다","국가위기·부채·기업지위","태우가 부도 위험사에서 달러를 가진 인수자로 역전된다","잡스와 냅스터 조기 출현을 논의하는 동안 김태중이 뜻밖에 전경련 회장으로 추대된다","야당 후원회장 펀드를 3개월 만에 10배로 만들어 100억 정치자금을 합법 수익처럼 지급한다의 당면 실행","잡스와 냅스터 조기 출현을 논의하는 동안 김태중이 뜻밖에 전경련 회장으로 추대된다","S1-A14","high"
"82","82화","1997년 (5)","15041","15242","1997년 국가 부도에서 태우를 살려야 하는 상태","준비를 무부채 생존과 헐값 인수로 결산하는 보상","부채를 0으로 만들고 위기 기업을 인수한다: 잡스와 냅스터 조기 출현을 논의하는 동안 김태중이 뜻밖에 전경련 회장으로 추대된다","잡스와 냅스터 조기 출현을 논의하는 동안 김태중이 뜻밖에 전경련 회장으로 추대된다","김태중의 욕심·자본이탈·정부·IMF가 압박한다","애플 음원 대응과 정부 빅딜을 주도할 김태중의 전경련 지위를 얻는다","애플 음원 대응과 정부 빅딜을 주도할 김태중의 전경련 지위를 얻는다","국가위기·부채·기업지위","태우가 부도 위험사에서 달러를 가진 인수자로 역전된다","김태중에게 조선·휴대폰 매각대금 약 3조를 인수자금으로 쓰자고 밝히며 위기 속 역할을 되돌린다","잡스와 냅스터 조기 출현을 논의하는 동안 김태중이 뜻밖에 전경련 회장으로 추대된다의 당면 실행","김태중에게 조선·휴대폰 매각대금 약 3조를 인수자금으로 쓰자고 밝히며 위기 속 역할을 되돌린다","S1-A14","high"
"83","83화","국가 부도의 날 (1)","15243","15431","1997년 국가 부도에서 태우를 살려야 하는 상태","준비를 무부채 생존과 헐값 인수로 결산하는 보상","부채를 0으로 만들고 위기 기업을 인수한다: 김태중에게 조선·휴대폰 매각대금 약 3조를 인수자금으로 쓰자고 밝히며 위기 속 역할을 되돌린다","김태중에게 조선·휴대폰 매각대금 약 3조를 인수자금으로 쓰자고 밝히며 위기 속 역할을 되돌린다","김태중의 욕심·자본이탈·정부·IMF가 압박한다","조손 화해와 전경련 빅딜 지휘·아람코 달러 자금 회수 동의를 얻는다","조손 화해와 전경련 빅딜 지휘·아람코 달러 자금 회수 동의를 얻는다","국가위기·부채·기업지위","태우가 부도 위험사에서 달러를 가진 인수자로 역전된다","환율 정점에 아람코 자금 100억 달러를 옮겨 태우 모든 부채를 갚고 SS오일 지분을 협상한다","김태중에게 조선·휴대폰 매각대금 약 3조를 인수자금으로 쓰자고 밝히며 위기 속 역할을 되돌린다의 당면 실행","환율 정점에 아람코 자금 100억 달러를 옮겨 태우 모든 부채를 갚고 SS오일 지분을 협상한다","S1-A14","high"
"84","84화","국가 부도의 날 (2)","15432","15607","1997년 국가 부도에서 태우를 살려야 하는 상태","준비를 무부채 생존과 헐값 인수로 결산하는 보상","부채를 0으로 만들고 위기 기업을 인수한다: 환율 정점에 아람코 자금 100억 달러를 옮겨 태우 모든 부채를 갚고 SS오일 지분을 협상한다","환율 정점에 아람코 자금 100억 달러를 옮겨 태우 모든 부채를 갚고 SS오일 지분을 협상한다","김태중의 욕심·자본이탈·정부·IMF가 압박한다","국내 유일 부채율 0퍼센트 대기업과 SS오일 인수 합의를 얻는다","국내 유일 부채율 0퍼센트 대기업과 SS오일 인수 합의를 얻는다","국가위기·부채·기업지위","태우가 부도 위험사에서 달러를 가진 인수자로 역전된다","김태중이 사우디에서 SS오일을 정리하고 압둘라에게 태우 정유 6조 투자 계약 서명을 받는다","환율 정점에 아람코 자금 100억 달러를 옮겨 태우 모든 부채를 갚고 SS오일 지분을 협상한다의 당면 실행","김태중이 사우디에서 SS오일을 정리하고 압둘라에게 태우 정유 6조 투자 계약 서명을 받는다","S1-A14","high"
"85","85화","국가 부도의 날 (3)","15608","15801","1997년 국가 부도에서 태우를 살려야 하는 상태","준비를 무부채 생존과 헐값 인수로 결산하는 보상","부채를 0으로 만들고 위기 기업을 인수한다: 김태중이 사우디에서 SS오일을 정리하고 압둘라에게 태우 정유 6조 투자 계약 서명을 받는다","김태중이 사우디에서 SS오일을 정리하고 압둘라에게 태우 정유 6조 투자 계약 서명을 받는다","김태중의 욕심·자본이탈·정부·IMF가 압박한다","말뿐인 MOU가 아닌 실계약과 안정적 원유 공급을 얻는다","말뿐인 MOU가 아닌 실계약과 안정적 원유 공급을 얻는다","국가위기·부채·기업지위","태우가 부도 위험사에서 달러를 가진 인수자로 역전된다","워싱턴 IMF 임원에게 무부채 태우를 각인하고 잡스와 아이팟·음원사이트를 CES에서 공개한다","김태중이 사우디에서 SS오일을 정리하고 압둘라에게 태우 정유 6조 투자 계약 서명을 받는다의 당면 실행","워싱턴 IMF 임원에게 무부채 태우를 각인하고 잡스와 아이팟·음원사이트를 CES에서 공개한다","S1-A14","high"
"86","86화","국가 부도의 날 (4)","15802","15983","1997년 국가 부도에서 태우를 살려야 하는 상태","준비를 무부채 생존과 헐값 인수로 결산하는 보상","부채를 0으로 만들고 위기 기업을 인수한다: 워싱턴 IMF 임원에게 무부채 태우를 각인하고 잡스와 아이팟·음원사이트를 CES에서 공개한다","워싱턴 IMF 임원에게 무부채 태우를 각인하고 잡스와 아이팟·음원사이트를 CES에서 공개한다","김태중의 욕심·자본이탈·정부·IMF가 압박한다","아이팟 3일 완판·애플 주가 일주일 두 배와 IMF 우호를 얻는다","아이팟 3일 완판·애플 주가 일주일 두 배와 IMF 우호를 얻는다","국가위기·부채·기업지위","태우가 부도 위험사에서 달러를 가진 인수자로 역전된다","다이먼을 한국으로 불러 카이자동차 인수를 시작하고 베리뮤직 실시간 순위 시스템을 지시한다","워싱턴 IMF 임원에게 무부채 태우를 각인하고 잡스와 아이팟·음원사이트를 CES에서 공개한다의 당면 실행","다이먼을 한국으로 불러 카이자동차 인수를 시작하고 베리뮤직 실시간 순위 시스템을 지시한다","S1-A14","high"
"87","87화","국가 부도의 날 (5)","15984","16165","1997년 국가 부도에서 태우를 살려야 하는 상태","준비를 무부채 생존과 헐값 인수로 결산하는 보상","부채를 0으로 만들고 위기 기업을 인수한다: 다이먼을 한국으로 불러 카이자동차 인수를 시작하고 베리뮤직 실시간 순위 시스템을 지시한다","다이먼을 한국으로 불러 카이자동차 인수를 시작하고 베리뮤직 실시간 순위 시스템을 지시한다","김태중의 욕심·자본이탈·정부·IMF가 압박한다","아이팟·이노폰2 로열티와 한국 음원플랫폼·통신사 인수 명분을 얻는다","아이팟·이노폰2 로열티와 한국 음원플랫폼·통신사 인수 명분을 얻는다","국가위기·부채·기업지위","태우가 부도 위험사에서 달러를 가진 인수자로 역전된다","카이자동차 채권단에 현금 3조5천억 원을 달러로 제시해 현재자동차의 출자전환안을 압도한다","다이먼을 한국으로 불러 카이자동차 인수를 시작하고 베리뮤직 실시간 순위 시스템을 지시한다의 당면 실행","카이자동차 채권단에 현금 3조5천억 원을 달러로 제시해 현재자동차의 출자전환안을 압도한다","S1-A14","high"
"88","88화","빅딜 (1)","16166","16347","외환위기 매물을 빅딜과 민자사업으로 흡수하는 상태","자동차·배터리·통신·건설을 한꺼번에 키우는 보상","부실기업을 미래 사업축으로 결합한다: 카이자동차 채권단에 현금 3조5천억 원을 달러로 제시해 현재자동차의 출자전환안을 압도한다","카이자동차 채권단에 현금 3조5천억 원을 달러로 제시해 현재자동차의 출자전환안을 압도한다","채권단·재벌 경쟁·부채·장수영이 압박한다","카이자동차 우선 인수권과 김태중의 후계자 신뢰를 얻는다","카이자동차 우선 인수권과 김태중의 후계자 신뢰를 얻는다","인수합병·점유율·인재","태우가 정부 빅딜과 민자사업의 주도자로 바뀐다","카이자동차 지분 51퍼센트를 인수하고 태우차와 별도 브랜드·내부경쟁 체제를 선택한다","카이자동차 채권단에 현금 3조5천억 원을 달러로 제시해 현재자동차의 출자전환안을 압도한다의 당면 실행","카이자동차 지분 51퍼센트를 인수하고 태우차와 별도 브랜드·내부경쟁 체제를 선택한다","S1-A15","high"
"89","89화","빅딜 (2)","16348","16547","외환위기 매물을 빅딜과 민자사업으로 흡수하는 상태","자동차·배터리·통신·건설을 한꺼번에 키우는 보상","부실기업을 미래 사업축으로 결합한다: 카이자동차 지분 51퍼센트를 인수하고 태우차와 별도 브랜드·내부경쟁 체제를 선택한다","카이자동차 지분 51퍼센트를 인수하고 태우차와 별도 브랜드·내부경쟁 체제를 선택한다","채권단·재벌 경쟁·부채·장수영이 압박한다","국내 자동차 점유율 확대와 카이차 독립 경영 원칙을 얻는다","국내 자동차 점유율 확대와 카이차 독립 경영 원칙을 얻는다","인수합병·점유율·인재","태우가 정부 빅딜과 민자사업의 주도자로 바뀐다","S급 카를로스 곤에게 전권을 약속해 카이차 사장으로 영입하고 김태중에게 소개한다","카이자동차 지분 51퍼센트를 인수하고 태우차와 별도 브랜드·내부경쟁 체제를 선택한다의 당면 실행","S급 카를로스 곤에게 전권을 약속해 카이차 사장으로 영입하고 김태중에게 소개한다","S1-A15","high"
"90","90화","빅딜 (3)","16548","16721","외환위기 매물을 빅딜과 민자사업으로 흡수하는 상태","자동차·배터리·통신·건설을 한꺼번에 키우는 보상","부실기업을 미래 사업축으로 결합한다: S급 카를로스 곤에게 전권을 약속해 카이차 사장으로 영입하고 김태중에게 소개한다","S급 카를로스 곤에게 전권을 약속해 카이차 사장으로 영입하고 김태중에게 소개한다","채권단·재벌 경쟁·부채·장수영이 압박한다","세계급 자동차 구조조정 역량을 얻고 고연진 맞선이라는 다음 판에 들어간다","세계급 자동차 구조조정 역량을 얻고 고연진 맞선이라는 다음 판에 들어간다","인수합병·점유율·인재","태우가 정부 빅딜과 민자사업의 주도자로 바뀐다","고연진에게 장녀 승계를 부추기고 아이돌 팬덤을 겨냥한 방송 3사 베리뮤직 후원을 지시한다","S급 카를로스 곤에게 전권을 약속해 카이차 사장으로 영입하고 김태중에게 소개한다의 당면 실행","고연진에게 장녀 승계를 부추기고 아이돌 팬덤을 겨냥한 방송 3사 베리뮤직 후원을 지시한다","S1-A15","high"
"91","91화","빅딜 (4)","16722","16900","외환위기 매물을 빅딜과 민자사업으로 흡수하는 상태","자동차·배터리·통신·건설을 한꺼번에 키우는 보상","부실기업을 미래 사업축으로 결합한다: 고연진에게 장녀 승계를 부추기고 아이돌 팬덤을 겨냥한 방송 3사 베리뮤직 후원을 지시한다","고연진에게 장녀 승계를 부추기고 아이돌 팬덤을 겨냥한 방송 3사 베리뮤직 후원을 지시한다","채권단·재벌 경쟁·부채·장수영이 압박한다","CL 내부 우호인물과 배터리 빅딜 유도선을 얻는다","CL 내부 우호인물과 배터리 빅딜 유도선을 얻는다","인수합병·점유율·인재","태우가 정부 빅딜과 민자사업의 주도자로 바뀐다","태우백화점·카드를 CL 배터리·통신과 바꾸는 빅딜을 설계하고 30초 애국 펀드 광고를 내보낸다","고연진에게 장녀 승계를 부추기고 아이돌 팬덤을 겨냥한 방송 3사 베리뮤직 후원을 지시한다의 당면 실행","태우백화점·카드를 CL 배터리·통신과 바꾸는 빅딜을 설계하고 30초 애국 펀드 광고를 내보낸다","S1-A15","high"
"92","92화","빅딜 (5)","16901","17076","외환위기 매물을 빅딜과 민자사업으로 흡수하는 상태","자동차·배터리·통신·건설을 한꺼번에 키우는 보상","부실기업을 미래 사업축으로 결합한다: 태우백화점·카드를 CL 배터리·통신과 바꾸는 빅딜을 설계하고 30초 애국 펀드 광고를 내보낸다","태우백화점·카드를 CL 배터리·통신과 바꾸는 빅딜을 설계하고 30초 애국 펀드 광고를 내보낸다","채권단·재벌 경쟁·부채·장수영이 압박한다","배터리·통신 인수안과 카드 매출 공백을 메울 가입 폭주를 얻는다","배터리·통신 인수안과 카드 매출 공백을 메울 가입 폭주를 얻는다","인수합병·점유율·인재","태우가 정부 빅딜과 민자사업의 주도자로 바뀐다","애국 펀드가 일주일 만에 3조를 모으자 백화점 매각설을 흘려 CL이 먼저 협상하게 만든다","태우백화점·카드를 CL 배터리·통신과 바꾸는 빅딜을 설계하고 30초 애국 펀드 광고를 내보낸다의 당면 실행","애국 펀드가 일주일 만에 3조를 모으자 백화점 매각설을 흘려 CL이 먼저 협상하게 만든다","S1-A15","high"
"93","93화","WIN-WIN (1)","17077","17271","외환위기 매물을 빅딜과 민자사업으로 흡수하는 상태","자동차·배터리·통신·건설을 한꺼번에 키우는 보상","부실기업을 미래 사업축으로 결합한다: 애국 펀드가 일주일 만에 3조를 모으자 백화점 매각설을 흘려 CL이 먼저 협상하게 만든다","애국 펀드가 일주일 만에 3조를 모으자 백화점 매각설을 흘려 CL이 먼저 협상하게 만든다","채권단·재벌 경쟁·부채·장수영이 압박한다","태우증권 새 캐시카우와 CL통신·배터리 협상 주도권을 얻는다","태우증권 새 캐시카우와 CL통신·배터리 협상 주도권을 얻는다","인수합병·점유율·인재","태우가 정부 빅딜과 민자사업의 주도자로 바뀐다","고승택에게 카드·백화점을 주고 통신·배터리를 받는 교환과 현재그룹 견제 이익을 제시한다","애국 펀드가 일주일 만에 3조를 모으자 백화점 매각설을 흘려 CL이 먼저 협상하게 만든다의 당면 실행","고승택에게 카드·백화점을 주고 통신·배터리를 받는 교환과 현재그룹 견제 이익을 제시한다","S1-A15","high"
"94","94화","WIN-WIN (2)","17272","17445","외환위기 매물을 빅딜과 민자사업으로 흡수하는 상태","자동차·배터리·통신·건설을 한꺼번에 키우는 보상","부실기업을 미래 사업축으로 결합한다: 고승택에게 카드·백화점을 주고 통신·배터리를 받는 교환과 현재그룹 견제 이익을 제시한다","고승택에게 카드·백화점을 주고 통신·배터리를 받는 교환과 현재그룹 견제 이익을 제시한다","채권단·재벌 경쟁·부채·장수영이 압박한다","CL 포괄 빅딜 합의와 코카콜라·스타벅스 유통 확장 여지를 얻는다","CL 포괄 빅딜 합의와 코카콜라·스타벅스 유통 확장 여지를 얻는다","인수합병·점유율·인재","태우가 정부 빅딜과 민자사업의 주도자로 바뀐다","스타벅스 한국법인 50대50 독점권을 계약하고 태우전자 20퍼센트 성장과 태우건설 부진을 결산한다","고승택에게 카드·백화점을 주고 통신·배터리를 받는 교환과 현재그룹 견제 이익을 제시한다의 당면 실행","스타벅스 한국법인 50대50 독점권을 계약하고 태우전자 20퍼센트 성장과 태우건설 부진을 결산한다","S1-A15","high"
"95","95화","WIN-WIN (3)","17446","17615","외환위기 매물을 빅딜과 민자사업으로 흡수하는 상태","자동차·배터리·통신·건설을 한꺼번에 키우는 보상","부실기업을 미래 사업축으로 결합한다: 스타벅스 한국법인 50대50 독점권을 계약하고 태우전자 20퍼센트 성장과 태우건설 부진을 결산한다","스타벅스 한국법인 50대50 독점권을 계약하고 태우전자 20퍼센트 성장과 태우건설 부진을 결산한다","채권단·재벌 경쟁·부채·장수영이 압박한다","스타벅스·코카콜라 유통권과 장수영 태우건설의 권력 약화를 얻는다","스타벅스·코카콜라 유통권과 장수영 태우건설의 권력 약화를 얻는다","인수합병·점유율·인재","태우가 정부 빅딜과 민자사업의 주도자로 바뀐다","장수영이 외부 자금 없이는 수주가 불가능하다고 하자 SAVE·퀀텀 7퍼센트의 비밀 민자 컨소시엄을 설계한다","스타벅스 한국법인 50대50 독점권을 계약하고 태우전자 20퍼센트 성장과 태우건설 부진을 결산한다의 당면 실행","장수영이 외부 자금 없이는 수주가 불가능하다고 하자 SAVE·퀀텀 7퍼센트의 비밀 민자 컨소시엄을 설계한다","S1-A15","high"
"96","96화","WIN-WIN (4)","17616","17784","외환위기 매물을 빅딜과 민자사업으로 흡수하는 상태","자동차·배터리·통신·건설을 한꺼번에 키우는 보상","부실기업을 미래 사업축으로 결합한다: 장수영이 외부 자금 없이는 수주가 불가능하다고 하자 SAVE·퀀텀 7퍼센트의 비밀 민자 컨소시엄을 설계한다","장수영이 외부 자금 없이는 수주가 불가능하다고 하자 SAVE·퀀텀 7퍼센트의 비밀 민자 컨소시엄을 설계한다","채권단·재벌 경쟁·부채·장수영이 압박한다","실소유를 감춘 퀀텀 컨소시엄과 태우건설 반전 구조를 얻는다","실소유를 감춘 퀀텀 컨소시엄과 태우건설 반전 구조를 얻는다","인수합병·점유율·인재","태우가 정부 빅딜과 민자사업의 주도자로 바뀐다","퀀텀 컨소시엄으로 지하철 9호선·거가대교를 따내고 태우건설을 시공사로 정한다","장수영이 외부 자금 없이는 수주가 불가능하다고 하자 SAVE·퀀텀 7퍼센트의 비밀 민자 컨소시엄을 설계한다의 당면 실행","퀀텀 컨소시엄으로 지하철 9호선·거가대교를 따내고 태우건설을 시공사로 정한다","S1-A15","high"
"97","97화","WIN-WIN (5)","17785","17953","외환위기 매물을 빅딜과 민자사업으로 흡수하는 상태","자동차·배터리·통신·건설을 한꺼번에 키우는 보상","부실기업을 미래 사업축으로 결합한다: 퀀텀 컨소시엄으로 지하철 9호선·거가대교를 따내고 태우건설을 시공사로 정한다","퀀텀 컨소시엄으로 지하철 9호선·거가대교를 따내고 태우건설을 시공사로 정한다","채권단·재벌 경쟁·부채·장수영이 압박한다","40년 운영권과 태우건설 도급 1위 반전·장기 인프라 현금흐름을 얻는다","40년 운영권과 태우건설 도급 1위 반전·장기 인프라 현금흐름을 얻는다","인수합병·점유율·인재","태우가 정부 빅딜과 민자사업의 주도자로 바뀐다","사장단에 태우건설 수주를 공개하고 다이먼이 CL·신세계·태우 통신 3사를 한 달 만에 합병한다","퀀텀 컨소시엄으로 지하철 9호선·거가대교를 따내고 태우건설을 시공사로 정한다의 당면 실행","사장단에 태우건설 수주를 공개하고 다이먼이 CL·신세계·태우 통신 3사를 한 달 만에 합병한다","S1-A15","high"
"98","98화","잠룡 (1)","17954","18127","합병 통신사와 IT 조직을 플랫폼으로 묶는 상태","디지털 유통의 잠룡을 먼저 키우는 보상","통신·게임·소프트웨어 플랫폼을 선점한다: 사장단에 태우건설 수주를 공개하고 다이먼이 CL·신세계·태우 통신 3사를 한 달 만에 합병한다","사장단에 태우건설 수주를 공개하고 다이먼이 CL·신세계·태우 통신 3사를 한 달 만에 합병한다","낮은 점유율·게임 편견·기술인력이 압박한다","거대 태우통신과 이주영 사장 연임·27퍼센트 점유율 기반을 얻는다","거대 태우통신과 이주영 사장 연임·27퍼센트 점유율 기반을 얻는다","플랫폼·통신·디지털시장","IT 조직이 통신·게임 유통의 독립 성장축이 된다","태우통신 점유율을 높이려고 밸캐나다 전환사채를 일주일 만에 확보하고 HTS를 완성한다","사장단에 태우건설 수주를 공개하고 다이먼이 CL·신세계·태우 통신 3사를 한 달 만에 합병한다의 당면 실행","태우통신 점유율을 높이려고 밸캐나다 전환사채를 일주일 만에 확보하고 HTS를 완성한다","S1-A16","high"
"99","99화","잠룡 (2)","18128","18314","합병 통신사와 IT 조직을 플랫폼으로 묶는 상태","디지털 유통의 잠룡을 먼저 키우는 보상","통신·게임·소프트웨어 플랫폼을 선점한다: 태우통신 점유율을 높이려고 밸캐나다 전환사채를 일주일 만에 확보하고 HTS를 완성한다","태우통신 점유율을 높이려고 밸캐나다 전환사채를 일주일 만에 확보하고 HTS를 완성한다","낮은 점유율·게임 편견·기술인력이 압박한다","해외 통신 지분과 게임·소프트웨어 유통으로 넘어갈 IT 여력을 얻는다","해외 통신 지분과 게임·소프트웨어 유통으로 넘어갈 IT 여력을 얻는다","플랫폼·통신·디지털시장","IT 조직이 통신·게임 유통의 독립 성장축이 된다","MC소프트 린지와 향후 전 게임 유통권에 100억을 투자하고 5천 게임 ESD 사이트 플랫폼을 출시한다","태우통신 점유율을 높이려고 밸캐나다 전환사채를 일주일 만에 확보하고 HTS를 완성한다의 당면 실행","MC소프트 린지와 향후 전 게임 유통권에 100억을 투자하고 5천 게임 ESD 사이트 플랫폼을 출시한다","S1-A16","high"
"100","100화","잠룡 (3)","18315","18491","합병 통신사와 IT 조직을 플랫폼으로 묶는 상태","디지털 유통의 잠룡을 먼저 키우는 보상","통신·게임·소프트웨어 플랫폼을 선점한다: MC소프트 린지와 향후 전 게임 유통권에 100억을 투자하고 5천 게임 ESD 사이트 플랫폼을 출시한다","MC소프트 린지와 향후 전 게임 유통권에 100억을 투자하고 5천 게임 ESD 사이트 플랫폼을 출시한다","낮은 점유율·게임 편견·기술인력이 압박한다","핵심 MMORPG 독점·국내 게임 인재망과 세계 선행 게임 유통망을 얻는다","핵심 MMORPG 독점·국내 게임 인재망과 세계 선행 게임 유통망을 얻는다","플랫폼·통신·디지털시장","IT 조직이 통신·게임 유통의 독립 성장축이 된다","플랫폼 출시 성과와 닷컴버블 전 투자 확대를 확인한다","MC소프트 린지와 향후 전 게임 유통권에 100억을 투자하고 5천 게임 ESD 사이트 플랫폼을 출시한다의 당면 실행","플랫폼 출시 성과와 닷컴버블 전 투자 확대를 확인한다","S1-A16","high"
"101","101화","잠룡 (4)","18492","18661","합병 통신사와 IT 조직을 플랫폼으로 묶는 상태","디지털 유통의 잠룡을 먼저 키우는 보상","통신·게임·소프트웨어 플랫폼을 선점한다: 불법 복제보다 싼 게임 플랫폼과 태우통신 가입자용 게임 쿠폰 세 장을 내세우고 이선일 장례식에서 냉랭한 손자 이영한을 만난다","불법 복제보다 싼 게임 플랫폼과 태우통신 가입자용 게임 쿠폰 세 장을 내세우고 이선일 장례식에서 냉랭한 손자 이영한을 만난다","낮은 점유율·게임 편견·불법복제가 압박한다","플랫폼 가입·수수료가 급증하고 명동 후계자 후보 이영한이 새 변수로 등장한다","플랫폼 가입·수수료가 급증하고 명동 후계자 후보 이영한이 새 변수로 등장한다","플랫폼·통신·디지털시장","IT 조직이 통신·게임 유통의 독립 성장축이 된다","곰 이선일의 진짜 후계자가 누구인지 확인해야 한다","불법 복제보다 싼 게임 플랫폼과 태우통신 가입자용 게임 쿠폰 세 장을 내세우고 이선일 장례식에서 냉랭한 손자 이영한을 만난다의 당면 실행","곰 이선일의 진짜 후계자가 누구인지 확인해야 한다","S1-A16","high"
"102","102화","잠룡 (5)","18662","18838","합병 통신사와 IT 조직을 플랫폼으로 묶는 상태","디지털 유통의 잠룡을 먼저 키우는 보상","통신·게임·소프트웨어 플랫폼을 선점한다: 강 반장에게 살인 수사 대신 일본계 자금의 명동 유입과 이영한 주변을 추적시키며 곰과의 후계 약속을 지킬 준비를 한다","강 반장에게 살인 수사 대신 일본계 자금의 명동 유입과 이영한 주변을 추적시키며 곰과의 후계 약속을 지킬 준비를 한다","낮은 점유율·게임 편견·불법복제가 압박한다","박 팀과 분리된 비공식 감시망으로 명동 자금 흐름을 포착한다","박 팀과 분리된 비공식 감시망으로 명동 자금 흐름을 포착한다","플랫폼·통신·디지털시장","IT 조직이 통신·게임 유통의 독립 성장축이 된다","이영한이 곰의 죽음과 어떤 관계인지 의심이 깊어진다","강 반장에게 살인 수사 대신 일본계 자금의 명동 유입과 이영한 주변을 추적시키며 곰과의 후계 약속을 지킬 준비를 한다의 당면 실행","이영한이 곰의 죽음과 어떤 관계인지 의심이 깊어진다","S1-A16","high"
"103","103화","후계자 (1)","18839","19009","곰의 죽음과 명동 후계가 불투명한 상태","후계자·복수·자금을 한 전선에서 결산하는 보상","곰의 진짜 후계자를 세우고 일본계 자금과 배신자를 제거한다: 연말 실적을 점검하던 중 도주한 진단 의사와 사망 직전 이영한에게 넘어간 100억 원대 유산을 추적한다","연말 실적을 점검하던 중 도주한 진단 의사와 사망 직전 이영한에게 넘어간 100억 원대 유산을 추적한다","살인 은폐·야쿠자·일본계 자금·배신한 박 팀이 압박한다","의사 도피와 거액 상속이라는 곰 사망의 구체적 의혹을 확보한다","의사 도피와 거액 상속이라는 곰 사망의 구체적 의혹을 확보한다","복수·동맹·명동지배","이영한이 명동의 합법적 후계자이자 태우의 금융 동맹이 된다","24시간 감시 대상이 된 이영한의 다음 행동을 기다린다","연말 실적을 점검하던 중 도주한 진단 의사와 사망 직전 이영한에게 넘어간 100억 원대 유산을 추적한다의 당면 실행","24시간 감시 대상이 된 이영한의 다음 행동을 기다린다","S1-A17","high"
"104","104화","후계자 (2)","19010","19211","곰의 죽음과 명동 후계가 불투명한 상태","후계자·복수·자금을 한 전선에서 결산하는 보상","곰의 진짜 후계자를 세우고 일본계 자금과 배신자를 제거한다: 도박 빚에 몰린 의사의 진술로 오성파 박광도의 강요를 밝혀내고 박 팀이 이준수 편으로 넘어갔음을 확인한다","도박 빚에 몰린 의사의 진술로 오성파 박광도의 강요를 밝혀내고 박 팀이 이준수 편으로 넘어갔음을 확인한다","살인 은폐·야쿠자·일본계 자금·배신한 박 팀이 압박한다","곰 살해 배후와 내부 수사팀의 배신 축을 한꺼번에 드러낸다","곰 살해 배후와 내부 수사팀의 배신 축을 한꺼번에 드러낸다","복수·동맹·명동지배","이영한이 명동의 합법적 후계자이자 태우의 금융 동맹이 된다","이영한까지 살인범이라는 박 팀의 주장이 진실인지 직접 확인한다","도박 빚에 몰린 의사의 진술로 오성파 박광도의 강요를 밝혀내고 박 팀이 이준수 편으로 넘어갔음을 확인한다의 당면 실행","이영한까지 살인범이라는 박 팀의 주장이 진실인지 직접 확인한다","S1-A17","high"
"105","105화","후계자 (3)","19212","19368","곰의 죽음과 명동 후계가 불투명한 상태","후계자·복수·자금을 한 전선에서 결산하는 보상","곰의 진짜 후계자를 세우고 일본계 자금과 배신자를 제거한다: 이영한을 대면해 오만한 연기가 범인을 찾기 위한 위장이었음을 듣고 10조 원을 대어 명동 금리를 끝까지 낮추라고 지시한다","이영한을 대면해 오만한 연기가 범인을 찾기 위한 위장이었음을 듣고 10조 원을 대어 명동 금리를 끝까지 낮추라고 지시한다","살인 은폐·야쿠자·일본계 자금·배신한 박 팀이 압박한다","곰의 진짜 후계자와 동맹을 맺고 일본계·박광도 자금을 소진시킬 금리전쟁을 연다","곰의 진짜 후계자와 동맹을 맺고 일본계·박광도 자금을 소진시킬 금리전쟁을 연다","복수·동맹·명동지배","이영한이 명동의 합법적 후계자이자 태우의 금융 동맹이 된다","명동의 모든 대부 금리를 깎는 소모전이 시작된다","이영한을 대면해 오만한 연기가 범인을 찾기 위한 위장이었음을 듣고 10조 원을 대어 명동 금리를 끝까지 낮추라고 지시한다의 당면 실행","명동의 모든 대부 금리를 깎는 소모전이 시작된다","S1-A17","high"
"106","106화","후계자 (4)","19369","19527","곰의 죽음과 명동 후계가 불투명한 상태","후계자·복수·자금을 한 전선에서 결산하는 보상","곰의 진짜 후계자를 세우고 일본계 자금과 배신자를 제거한다: 다이먼에게 명동 전쟁을 맡기고 셋톱박스·IPTV·OTT 및 스크린쿼터를 잇는 태우 전자·영화 사업을 설계한다","다이먼에게 명동 전쟁을 맡기고 셋톱박스·IPTV·OTT 및 스크린쿼터를 잇는 태우 전자·영화 사업을 설계한다","살인 은폐·야쿠자·일본계 자금·배신한 박 팀이 압박한다","명동 전선과 별개로 통신망을 영상 유통 플랫폼으로 키울 실행축을 세운다","명동 전선과 별개로 통신망을 영상 유통 플랫폼으로 키울 실행축을 세운다","복수·동맹·명동지배","이영한이 명동의 합법적 후계자이자 태우의 금융 동맹이 된다","미국에서 배급사·애플·월가를 한꺼번에 상대할 출장이 열린다","다이먼에게 명동 전쟁을 맡기고 셋톱박스·IPTV·OTT 및 스크린쿼터를 잇는 태우 전자·영화 사업을 설계한다의 당면 실행","미국에서 배급사·애플·월가를 한꺼번에 상대할 출장이 열린다","S1-A17","high"
"107","107화","닷컴의 시대 (1)","19528","19714","곰의 죽음과 명동 후계가 불투명한 상태","후계자·복수·자금을 한 전선에서 결산하는 보상","곰의 진짜 후계자를 세우고 일본계 자금과 배신자를 제거한다: 미국에서 고평가 IT 주식을 교환해 블리자드 지분 100%를 10억 달러에 인수하고 아이폰 관련 특허를 추가한다","미국에서 고평가 IT 주식을 교환해 블리자드 지분 100%를 10억 달러에 인수하고 아이폰 관련 특허를 추가한다","살인 은폐·야쿠자·일본계 자금·배신한 박 팀이 압박한다","세계 게임 IP와 100건이 넘는 아이폰 특허 묶음을 태우의 장기 자산으로 만든다","세계 게임 IP와 100건이 넘는 아이폰 특허 묶음을 태우의 장기 자산으로 만든다","복수·동맹·명동지배","이영한이 명동의 합법적 후계자이자 태우의 금융 동맹이 된다","귀국 뒤 명동 암살전과 통신 플랫폼을 동시에 수습해야 한다","미국에서 고평가 IT 주식을 교환해 블리자드 지분 100%를 10억 달러에 인수하고 아이폰 관련 특허를 추가한다의 당면 실행","귀국 뒤 명동 암살전과 통신 플랫폼을 동시에 수습해야 한다","S1-A17","high"
"108","108화","닷컴의 시대 (2)","19715","19880","곰의 죽음과 명동 후계가 불투명한 상태","후계자·복수·자금을 한 전선에서 결산하는 보상","곰의 진짜 후계자를 세우고 일본계 자금과 배신자를 제거한다: 귀국해 OTT 준비를 점검하는 동안 이준수와 박 팀이 야쿠자를 써 이영한과 자신까지 노린다는 징후를 포착한다","귀국해 OTT 준비를 점검하는 동안 이준수와 박 팀이 야쿠자를 써 이영한과 자신까지 노린다는 징후를 포착한다","살인 은폐·야쿠자·일본계 자금·배신한 박 팀이 압박한다","강 반장의 200여 명 경호·감시망으로 암살전에 대응할 태세를 갖춘다","강 반장의 200여 명 경호·감시망으로 암살전에 대응할 태세를 갖춘다","복수·동맹·명동지배","이영한이 명동의 합법적 후계자이자 태우의 금융 동맹이 된다","연말 밤 오성파와 일본 자금을 동시에 칠 작전이 임박한다","귀국해 OTT 준비를 점검하는 동안 이준수와 박 팀이 야쿠자를 써 이영한과 자신까지 노린다는 징후를 포착한다의 당면 실행","연말 밤 오성파와 일본 자금을 동시에 칠 작전이 임박한다","S1-A17","high"
"109","109화","닷컴의 시대 (3)","19881","20080","곰의 죽음과 명동 후계가 불투명한 상태","후계자·복수·자금을 한 전선에서 결산하는 보상","곰의 진짜 후계자를 세우고 일본계 자금과 배신자를 제거한다: 부산 경찰·검찰·특수부대와 국세청을 움직여 오성파와 박광도 차명재산을 치고 명동 원로 셋을 합법 금융으로 끌어들인다","부산 경찰·검찰·특수부대와 국세청을 움직여 오성파와 박광도 차명재산을 치고 명동 원로 셋을 합법 금융으로 끌어들인다","살인 은폐·야쿠자·일본계 자금·배신한 박 팀이 압박한다","조직폭력의 손발과 돈줄을 끊고 토종 자금이 일본계 대부업을 막는 연합을 만든다","조직폭력의 손발과 돈줄을 끊고 토종 자금이 일본계 대부업을 막는 연합을 만든다","복수·동맹·명동지배","이영한이 명동의 합법적 후계자이자 태우의 금융 동맹이 된다","이영한이 암살을 견디고 명동의 인정을 받을지가 남는다","부산 경찰·검찰·특수부대와 국세청을 움직여 오성파와 박광도 차명재산을 치고 명동 원로 셋을 합법 금융으로 끌어들인다의 당면 실행","이영한이 암살을 견디고 명동의 인정을 받을지가 남는다","S1-A17","high"
"110","110화","닷컴의 시대 (4)","20081","20250","곰의 죽음과 명동 후계가 불투명한 상태","후계자·복수·자금을 한 전선에서 결산하는 보상","곰의 진짜 후계자를 세우고 일본계 자금과 배신자를 제거한다: 야쿠자 습격을 버틴 이영한을 명동 원로들과 함께 거리로 세워 공식 후계자로 승인받게 한다","야쿠자 습격을 버틴 이영한을 명동 원로들과 함께 거리로 세워 공식 후계자로 승인받게 한다","살인 은폐·야쿠자·일본계 자금·배신한 박 팀이 압박한다","이영한이 곰의 후계자로 공인되고 박광도·이준수의 명동 장악 시도가 무너진다","이영한이 곰의 후계자로 공인되고 박광도·이준수의 명동 장악 시도가 무너진다","복수·동맹·명동지배","이영한이 명동의 합법적 후계자이자 태우의 금융 동맹이 된다","부산의 오성파 소탕과 일본계 자금 본진 공격이 다음 결산으로 남는다","야쿠자 습격을 버틴 이영한을 명동 원로들과 함께 거리로 세워 공식 후계자로 승인받게 한다의 당면 실행","부산의 오성파 소탕과 일본계 자금 본진 공격이 다음 결산으로 남는다","S1-A17","high"
"111","111화","닷컴의 시대 (5)","20251","20420","곰의 죽음과 명동 후계가 불투명한 상태","후계자·복수·자금을 한 전선에서 결산하는 보상","곰의 진짜 후계자를 세우고 일본계 자금과 배신자를 제거한다: 오성파 잔당을 정리하고 이영한이 명동 약 70%를 장악한 틈에 블리자드·방송사 기반 e스포츠 협회와 팀을 띄운다","오성파 잔당을 정리하고 이영한이 명동 약 70%를 장악한 틈에 블리자드·방송사 기반 e스포츠 협회와 팀을 띄운다","살인 은폐·야쿠자·일본계 자금·배신한 박 팀이 압박한다","곰과의 약속을 지키는 동시에 태우통신의 게임·OTT 생태계를 확장한다","곰과의 약속을 지키는 동시에 태우통신의 게임·OTT 생태계를 확장한다","복수·동맹·명동지배","이영한이 명동의 합법적 후계자이자 태우의 금융 동맹이 된다","명동에 남은 일본계 대부업 자산을 어떻게 회수할지가 다음 전선이다","오성파 잔당을 정리하고 이영한이 명동 약 70%를 장악한 틈에 블리자드·방송사 기반 e스포츠 협회와 팀을 띄운다의 당면 실행","명동에 남은 일본계 대부업 자산을 어떻게 회수할지가 다음 전선이다","S1-A17","high"
"112","112화","열풍 (1)","20421","20584","IT 열풍과 닷컴 거품이 동시에 커지는 상태","거품을 통신·교육·글로벌 지분으로 바꾸는 보상","닷컴 상승과 폭락 양쪽에서 미래 산업 지분을 확대한다: 1999년 3월 게임팀 효과로 태우통신이 KS통신을 약 5% 앞서자 IT 부문을 분리하지 않고 반도체·배터리 투자 재원으로 묶는다","1999년 3월 게임팀 효과로 태우통신이 KS통신을 약 5% 앞서자 IT 부문을 분리하지 않고 반도체·배터리 투자 재원으로 묶는다","통신 카르텔·여론전·시장 폭락·월가가 압박한다","통신 1위와 급등한 IT 가치로 차세대 제조업을 살릴 현금창구를 확보한다","통신 1위와 급등한 IT 가치로 차세대 제조업을 살릴 현금창구를 확보한다","시장·플랫폼·투자지배","태우가 통신 1위와 글로벌 IT·교육 포트폴리오를 함께 확보한다","현대가를 닮은 현 그룹 왕자의 난에서 반도체를 빼올 틈을 노린다","1999년 3월 게임팀 효과로 태우통신이 KS통신을 약 5% 앞서자 IT 부문을 분리하지 않고 반도체·배터리 투자 재원으로 묶는다의 당면 실행","현대가를 닮은 현 그룹 왕자의 난에서 반도체를 빼올 틈을 노린다","S1-A18","high"
"113","113화","열풍 (2)","20585","20769","IT 열풍과 닷컴 거품이 동시에 커지는 상태","거품을 통신·교육·글로벌 지분으로 바꾸는 보상","닷컴 상승과 폭락 양쪽에서 미래 산업 지분을 확대한다: 다이먼과 일본계 대부업 본진을 엔화·금리 양면에서 치기로 하고 모델하우스 개장식에서 김태중의 인연으로 트럼프를 맞는다","다이먼과 일본계 대부업 본진을 엔화·금리 양면에서 치기로 하고 모델하우스 개장식에서 김태중의 인연으로 트럼프를 맞는다","통신 카르텔·여론전·시장 폭락·월가가 압박한다","명동 전쟁을 일본 자산 회수전으로 확장하고 미국 부동산 인맥까지 얻는다","명동 전쟁을 일본 자산 회수전으로 확장하고 미국 부동산 인맥까지 얻는다","시장·플랫폼·투자지배","태우가 통신 1위와 글로벌 IT·교육 포트폴리오를 함께 확보한다","무료 인터넷TV 공세가 국내 통신 카르텔의 반격을 부른다","다이먼과 일본계 대부업 본진을 엔화·금리 양면에서 치기로 하고 모델하우스 개장식에서 김태중의 인연으로 트럼프를 맞는다의 당면 실행","무료 인터넷TV 공세가 국내 통신 카르텔의 반격을 부른다","S1-A18","high"
"114","114화","열풍 (3)","20770","20949","IT 열풍과 닷컴 거품이 동시에 커지는 상태","거품을 통신·교육·글로벌 지분으로 바꾸는 보상","닷컴 상승과 폭락 양쪽에서 미래 산업 지분을 확대한다: 태우통신 가입자에게 셋톱박스·인터넷TV를 무료로 보급하고 LCD 공급처를 다변화하자 관료·정치권·통신사가 규제를 모의한다","태우통신 가입자에게 셋톱박스·인터넷TV를 무료로 보급하고 LCD 공급처를 다변화하자 관료·정치권·통신사가 규제를 모의한다","통신 카르텔·여론전·시장 폭락·월가가 압박한다","하드웨어 보급으로 OTT 수요를 선점하면서 부품 조달 위험도 낮춘다","하드웨어 보급으로 OTT 수요를 선점하면서 부품 조달 위험도 낮춘다","시장·플랫폼·투자지배","태우가 통신 1위와 글로벌 IT·교육 포트폴리오를 함께 확보한다","양일섭 의원이 학부모와 교육 문제를 이용한 여론전을 꺼낸다","태우통신 가입자에게 셋톱박스·인터넷TV를 무료로 보급하고 LCD 공급처를 다변화하자 관료·정치권·통신사가 규제를 모의한다의 당면 실행","양일섭 의원이 학부모와 교육 문제를 이용한 여론전을 꺼낸다","S1-A18","high"
"115","115화","열풍 (4)","20950","21122","IT 열풍과 닷컴 거품이 동시에 커지는 상태","거품을 통신·교육·글로벌 지분으로 바꾸는 보상","닷컴 상승과 폭락 양쪽에서 미래 산업 지분을 확대한다: 게임·인터넷 유해론 시위에 맞서 최고 수학강사 강민을 영입해 저가 인터넷 강의를 출시한다","게임·인터넷 유해론 시위에 맞서 최고 수학강사 강민을 영입해 저가 인터넷 강의를 출시한다","통신 카르텔·여론전·시장 폭락·월가가 압박한다","카르텔의 학부모 공격을 가입자 증가와 새 교육 현금원으로 뒤집는다","카르텔의 학부모 공격을 가입자 증가와 새 교육 현금원으로 뒤집는다","시장·플랫폼·투자지배","태우가 통신 1위와 글로벌 IT·교육 포트폴리오를 함께 확보한다","유료 강의 전환과 통신 격차가 실제 이익으로 굳을지 시험받는다","게임·인터넷 유해론 시위에 맞서 최고 수학강사 강민을 영입해 저가 인터넷 강의를 출시한다의 당면 실행","유료 강의 전환과 통신 격차가 실제 이익으로 굳을지 시험받는다","S1-A18","high"
"116","116화","열풍 (5)","21123","21297","IT 열풍과 닷컴 거품이 동시에 커지는 상태","거품을 통신·교육·글로벌 지분으로 바꾸는 보상","닷컴 상승과 폭락 양쪽에서 미래 산업 지분을 확대한다: 인터넷 강의를 부분 유료화하고 일본계 대부업 파생계약의 400억~800억 달러 회수 가능성을 점검한다","인터넷 강의를 부분 유료화하고 일본계 대부업 파생계약의 400억~800억 달러 회수 가능성을 점검한다","통신 카르텔·여론전·시장 폭락·월가가 압박한다","태우통신이 10% 넘는 격차의 1위를 지키며 교육 사업까지 수익화한다","태우통신이 10% 넘는 격차의 1위를 지키며 교육 사업까지 수익화한다","시장·플랫폼·투자지배","태우가 통신 1위와 글로벌 IT·교육 포트폴리오를 함께 확보한다","2000년 닷컴 폭락과 현 그룹 반도체 승계전이 동시에 다가온다","인터넷 강의를 부분 유료화하고 일본계 대부업 파생계약의 400억~800억 달러 회수 가능성을 점검한다의 당면 실행","2000년 닷컴 폭락과 현 그룹 반도체 승계전이 동시에 다가온다","S1-A18","high"
"117","117화","새 시대 (1)","21298","21474","IT 열풍과 닷컴 거품이 동시에 커지는 상태","거품을 통신·교육·글로벌 지분으로 바꾸는 보상","닷컴 상승과 폭락 양쪽에서 미래 산업 지분을 확대한다: 새천년을 김태중과 맞으며 결혼 압박을 받은 뒤 현 그룹 장남 장경준과 육남 장영준의 계열 분할을 분석한다","새천년을 김태중과 맞으며 결혼 압박을 받은 뒤 현 그룹 장남 장경준과 육남 장영준의 계열 분할을 분석한다","통신 카르텔·여론전·시장 폭락·월가가 압박한다","가족의 다음 세대라는 개인 과제와 현 자동차 쪽이 최종 승자라는 사업 판단을 함께 얻는다","가족의 다음 세대라는 개인 과제와 현 자동차 쪽이 최종 승자라는 사업 판단을 함께 얻는다","시장·플랫폼·투자지배","태우가 통신 1위와 글로벌 IT·교육 포트폴리오를 함께 확보한다","장경준을 이용해 현 건설과 반도체를 갈라낼 협상이 열린다","새천년을 김태중과 맞으며 결혼 압박을 받은 뒤 현 그룹 장남 장경준과 육남 장영준의 계열 분할을 분석한다의 당면 실행","장경준을 이용해 현 건설과 반도체를 갈라낼 협상이 열린다","S1-A18","high"
"118","118화","새 시대 (2)","21475","21647","IT 열풍과 닷컴 거품이 동시에 커지는 상태","거품을 통신·교육·글로벌 지분으로 바꾸는 보상","닷컴 상승과 폭락 양쪽에서 미래 산업 지분을 확대한다: 장경준에게 무능한 장영준을 먼저 총수로 세우게 하고 현 건설 인수와 태우의 현 반도체 인수를 맞바꾸는 계약을 맺는다","장경준에게 무능한 장영준을 먼저 총수로 세우게 하고 현 건설 인수와 태우의 현 반도체 인수를 맞바꾸는 계약을 맺는다","통신 카르텔·여론전·시장 폭락·월가가 압박한다","현 그룹 내전의 승자와 손잡고 반도체를 확보할 서면 약속을 만든다","현 그룹 내전의 승자와 손잡고 반도체를 확보할 서면 약속을 만든다","시장·플랫폼·투자지배","태우가 통신 1위와 글로벌 IT·교육 포트폴리오를 함께 확보한다","닷컴 거품이 꺼질 때 인수 자금과 IT 지분을 어떻게 재배치할지가 남는다","장경준에게 무능한 장영준을 먼저 총수로 세우게 하고 현 건설 인수와 태우의 현 반도체 인수를 맞바꾸는 계약을 맺는다의 당면 실행","닷컴 거품이 꺼질 때 인수 자금과 IT 지분을 어떻게 재배치할지가 남는다","S1-A18","high"
"119","119화","새 시대 (3)","21648","21825","IT 열풍과 닷컴 거품이 동시에 커지는 상태","거품을 통신·교육·글로벌 지분으로 바꾸는 보상","닷컴 상승과 폭락 양쪽에서 미래 산업 지분을 확대한다: 다이먼에게 1년 안 현 반도체 인수를 준비시키고 40~50% 급락한 애플·아마존 등 IT 종목의 재매수 시점을 잡는다","다이먼에게 1년 안 현 반도체 인수를 준비시키고 40~50% 급락한 애플·아마존 등 IT 종목의 재매수 시점을 잡는다","통신 카르텔·여론전·시장 폭락·월가가 압박한다","거품 붕괴를 반도체 인수와 장기 IT 지배력을 키울 할인 구간으로 바꾼다","거품 붕괴를 반도체 인수와 장기 IT 지배력을 키울 할인 구간으로 바꾼다","시장·플랫폼·투자지배","태우가 통신 1위와 글로벌 IT·교육 포트폴리오를 함께 확보한다","일본에서 받아낼 파생상품 대금과 월가의 책임 전가가 충돌한다","다이먼에게 1년 안 현 반도체 인수를 준비시키고 40~50% 급락한 애플·아마존 등 IT 종목의 재매수 시점을 잡는다의 당면 실행","일본에서 받아낼 파생상품 대금과 월가의 책임 전가가 충돌한다","S1-A18","high"
"120","120화","새 시대 (4)","21826","22000","IT 열풍과 닷컴 거품이 동시에 커지는 상태","거품을 통신·교육·글로벌 지분으로 바꾸는 보상","닷컴 상승과 폭락 양쪽에서 미래 산업 지분을 확대한다: 다이먼·한 팀이 일본계 대부업 자산을 압류하는 사이 월가에 IT 주식을 5% 얹어 사고 파생계약은 1.5배에 되판다","다이먼·한 팀이 일본계 대부업 자산을 압류하는 사이 월가에 IT 주식을 5% 얹어 사고 파생계약은 1.5배에 되판다","통신 카르텔·여론전·시장 폭락·월가가 압박한다","애플·아마존·구글 지분을 이전보다 더 늘리고 악성 채권은 월가에 넘겨 수익과 방패를 함께 얻는다","애플·아마존·구글 지분을 이전보다 더 늘리고 악성 채권은 월가에 넘겨 수익과 방패를 함께 얻는다","시장·플랫폼·투자지배","태우가 통신 1위와 글로벌 IT·교육 포트폴리오를 함께 확보한다","매년 30억 달러 이상을 배터리·실리콘밸리에 넣고 아이폰 시제품을 확인한다","다이먼·한 팀이 일본계 대부업 자산을 압류하는 사이 월가에 IT 주식을 5% 얹어 사고 파생계약은 1.5배에 되판다의 당면 실행","매년 30억 달러 이상을 배터리·실리콘밸리에 넣고 아이폰 시제품을 확인한다","S1-A18","high"
"121","121화","새 시대 (5)","22001","22200","IT 열풍과 닷컴 거품이 동시에 커지는 상태","거품을 통신·교육·글로벌 지분으로 바꾸는 보상","닷컴 상승과 폭락 양쪽에서 미래 산업 지분을 확대한다: 아이폰 시제품의 가능성을 확인하고 푸틴 취임 초청을 받은 뒤 사장단 투표에서 찬성 35표·반대 3표를 얻는다","아이폰 시제품의 가능성을 확인하고 푸틴 취임 초청을 받은 뒤 사장단 투표에서 찬성 35표·반대 3표를 얻는다","통신 카르텔·여론전·시장 폭락·월가가 압박한다","모바일 미래와 러시아 기회를 앞에 두고 90% 넘는 지지로 부회장 승진 기반을 굳힌다","모바일 미래와 러시아 기회를 앞에 두고 90% 넘는 지지로 부회장 승진 기반을 굳힌다","시장·플랫폼·투자지배","태우가 통신 1위와 글로벌 IT·교육 포트폴리오를 함께 확보한다","공식 부회장 취임과 SAVE 정체를 아는 푸틴의 독대가 기다린다","아이폰 시제품의 가능성을 확인하고 푸틴 취임 초청을 받은 뒤 사장단 투표에서 찬성 35표·반대 3표를 얻는다의 당면 실행","공식 부회장 취임과 SAVE 정체를 아는 푸틴의 독대가 기다린다","S1-A18","high"
"122","122화","폭풍전야 (1)","22201","22405","부회장 승진과 러시아 권력 교체가 겹친 상태","그룹 권력과 에너지 동맹을 얻는 보상","공식 후계 지위를 굳히고 러시아 자원권과 내부 인사권을 장악한다: 90% 넘는 찬성으로 태우 부회장에 오른 뒤 러시아 취임식에 가 푸틴과 외딴 다차에서 독대한다","90% 넘는 찬성으로 태우 부회장에 오른 뒤 러시아 취임식에 가 푸틴과 외딴 다차에서 독대한다","올리가르히·책임 범위·구세대 충신·현 그룹 부도가 압박한다","그룹 공식 2인자 지위와 러시아 최고권력자에게 직접 협상할 자리를 얻는다","그룹 공식 2인자 지위와 러시아 최고권력자에게 직접 협상할 자리를 얻는다","승계·자원·조직정리","민재가 태우의 실질 후계자이자 글로벌 자원 협상자가 된다","푸틴이 자신이 SAVE의 주인임을 알고 있다고 밝힌다","90% 넘는 찬성으로 태우 부회장에 오른 뒤 러시아 취임식에 가 푸틴과 외딴 다차에서 독대한다의 당면 실행","푸틴이 자신이 SAVE의 주인임을 알고 있다고 밝힌다","S1-A19","high"
"123","123화","폭풍전야 (2)","22406","22595","부회장 승진과 러시아 권력 교체가 겹친 상태","그룹 권력과 에너지 동맹을 얻는 보상","공식 후계 지위를 굳히고 러시아 자원권과 내부 인사권을 장악한다: 올리가르히 해체를 도와달라는 푸틴의 요구에 한국 범위의 에너지 권리와 책임 한계를 협상한다","올리가르히 해체를 도와달라는 푸틴의 요구에 한국 범위의 에너지 권리와 책임 한계를 협상한다","올리가르히·책임 범위·구세대 충신·현 그룹 부도가 압박한다","태우와 러시아를 한배로 묶는 자원·에너지 장기 동맹을 성립시킨다","태우와 러시아를 한배로 묶는 자원·에너지 장기 동맹을 성립시킨다","승계·자원·조직정리","민재가 태우의 실질 후계자이자 글로벌 자원 협상자가 된다","해외 동맹을 얻은 사이 국내에서는 장수영 축출의 가족 비용을 치른다","올리가르히 해체를 도와달라는 푸틴의 요구에 한국 범위의 에너지 권리와 책임 한계를 협상한다의 당면 실행","해외 동맹을 얻은 사이 국내에서는 장수영 축출의 가족 비용을 치른다","S1-A19","high"
"124","124화","폭풍전야 (3)","22596","22793","부회장 승진과 러시아 권력 교체가 겹친 상태","그룹 권력과 에너지 동맹을 얻는 보상","공식 후계 지위를 굳히고 러시아 자원권과 내부 인사권을 장악한다: 인사권으로 태우건설의 장수영을 밀어내고 김태중의 오랜 오른팔까지 세대교체 대상임을 못 박는다","인사권으로 태우건설의 장수영을 밀어내고 김태중의 오랜 오른팔까지 세대교체 대상임을 못 박는다","올리가르히·책임 범위·구세대 충신·현 그룹 부도가 압박한다","회귀 전 배신의 핵심 장수영을 그룹에서 제거하지만 김태중의 상실감이라는 관계 비용을 감수한다","회귀 전 배신의 핵심 장수영을 그룹에서 제거하지만 김태중의 상실감이라는 관계 비용을 감수한다","승계·자원·조직정리","민재가 태우의 실질 후계자이자 글로벌 자원 협상자가 된다","디아블로2 흥행과 현 건설 부도 시계가 폭풍 전야를 만든다","인사권으로 태우건설의 장수영을 밀어내고 김태중의 오랜 오른팔까지 세대교체 대상임을 못 박는다의 당면 실행","디아블로2 흥행과 현 건설 부도 시계가 폭풍 전야를 만든다","S1-A19","high"
"125","125화","폭풍전야 (4)","22794","22969","부회장 승진과 러시아 권력 교체가 겹친 상태","그룹 권력과 에너지 동맹을 얻는 보상","공식 후계 지위를 굳히고 러시아 자원권과 내부 인사권을 장악한다: 디아블로2로 통신 가입자를 늘리고 장경준에게 현 건설의 이라크 미수금 1조 원대와 총손실 2조 원대, 10월 부도를 경고한다","디아블로2로 통신 가입자를 늘리고 장경준에게 현 건설의 이라크 미수금 1조 원대와 총손실 2조 원대, 10월 부도를 경고한다","올리가르히·책임 범위·구세대 충신·현 그룹 부도가 압박한다","게임 흥행을 현금화하면서 현 건설을 가장 싼 순간에 인수할 시간표를 공유한다","게임 흥행을 현금화하면서 현 건설을 가장 싼 순간에 인수할 시간표를 공유한다","승계·자원·조직정리","민재가 태우의 실질 후계자이자 글로벌 자원 협상자가 된다","정부 보증이 끊길 때 현 그룹과 채권단 중 누가 먼저 손을 내밀지 기다린다","디아블로2로 통신 가입자를 늘리고 장경준에게 현 건설의 이라크 미수금 1조 원대와 총손실 2조 원대, 10월 부도를 경고한다의 당면 실행","정부 보증이 끊길 때 현 그룹과 채권단 중 누가 먼저 손을 내밀지 기다린다","S1-A19","high"
"126","126화","폭풍전야 (5)","22970","23156","부회장 승진과 러시아 권력 교체가 겹친 상태","그룹 권력과 에너지 동맹을 얻는 보상","공식 후계 지위를 굳히고 러시아 자원권과 내부 인사권을 장악한다: 명동 원로와 이영한에게 싼 애플 주식을 모으게 하고 1년 뒤 되사며 은행 인수 기회를 주겠다고 약속한 뒤 현 건설의 첫 부도를 압박한다","명동 원로와 이영한에게 싼 애플 주식을 모으게 하고 1년 뒤 되사며 은행 인수 기회를 주겠다고 약속한 뒤 현 건설의 첫 부도를 압박한다","올리가르히·책임 범위·구세대 충신·현 그룹 부도가 압박한다","애플 지분 매집망을 넓히고 정부 보증만이 현 건설을 버티게 한다는 마지막 약점을 확인한다","애플 지분 매집망을 넓히고 정부 보증만이 현 건설을 버티게 한다는 마지막 약점을 확인한다","승계·자원·조직정리","민재가 태우의 실질 후계자이자 글로벌 자원 협상자가 된다","태우가 채권단에 공개 접근하자 현 그룹이 먼저 양보해야 하는 국면이 열린다","명동 원로와 이영한에게 싼 애플 주식을 모으게 하고 1년 뒤 되사며 은행 인수 기회를 주겠다고 약속한 뒤 현 건설의 첫 부도를 압박한다의 당면 실행","태우가 채권단에 공개 접근하자 현 그룹이 먼저 양보해야 하는 국면이 열린다","S1-A19","high"
"127","127화","아쉬운 쪽 (1)","23157","23305","현 그룹 부도와 닷컴 폭락이 겹친 상태","반도체·아이폰·중국 모바일을 선점하는 보상","채권단 가격을 낮추고 반도체와 스마트폰 공급망을 지배한다: 정부 지원이 끊기고 장경준이 구제를 거절하자 SAVE의 달러채권을 앞세워 현 건설을 장경준이 감당할 최고가에 넘기도록 다이먼에게 맡긴다","정부 지원이 끊기고 장경준이 구제를 거절하자 SAVE의 달러채권을 앞세워 현 건설을 장경준이 감당할 최고가에 넘기도록 다이먼에게 맡긴다","16조 부채·수율·정치개입·시간 압박이 가로막는다","최대 채권자 지위로 현 건설의 생사를 쥐고 반도체 인수 계약을 강제할 수 있게 된다","최대 채권자 지위로 현 건설의 생사를 쥐고 반도체 인수 계약을 강제할 수 있게 된다","인수·기술·글로벌공급망","태우가 반도체부터 아이폰·중국 게임까지 잇는 제조 플랫폼이 된다","현 그룹 원로가 경쟁 재벌들에게 입찰 포기를 부탁해야 하는 굴욕이 다가온다","정부 지원이 끊기고 장경준이 구제를 거절하자 SAVE의 달러채권을 앞세워 현 건설을 장경준이 감당할 최고가에 넘기도록 다이먼에게 맡긴다의 당면 실행","현 그룹 원로가 경쟁 재벌들에게 입찰 포기를 부탁해야 하는 굴욕이 다가온다","S1-A20","high"
"128","128화","아쉬운 쪽 (2)","23306","23477","현 그룹 부도와 닷컴 폭락이 겹친 상태","반도체·아이폰·중국 모바일을 선점하는 보상","채권단 가격을 낮추고 반도체와 스마트폰 공급망을 지배한다: 채권단의 현 반도체 분리안을 밀어붙이는 자리에서 장영주가 경쟁 총수들에게 현 건설 입찰 포기를 호소하게 만든다","채권단의 현 반도체 분리안을 밀어붙이는 자리에서 장영주가 경쟁 총수들에게 현 건설 입찰 포기를 호소하게 만든다","16조 부채·수율·정치개입·시간 압박이 가로막는다","현 그룹 총수가 손실을 인정하고 김태중에게 그룹을 살려 달라고 청하는 역전 구도를 만든다","현 그룹 총수가 손실을 인정하고 김태중에게 그룹을 살려 달라고 청하는 역전 구도를 만든다","인수·기술·글로벌공급망","태우가 반도체부터 아이폰·중국 게임까지 잇는 제조 플랫폼이 된다","16조 원 부채의 현 반도체를 태우가 어떤 조건으로 받을지가 남는다","채권단의 현 반도체 분리안을 밀어붙이는 자리에서 장영주가 경쟁 총수들에게 현 건설 입찰 포기를 호소하게 만든다의 당면 실행","16조 원 부채의 현 반도체를 태우가 어떤 조건으로 받을지가 남는다","S1-A20","high"
"129","129화","아쉬운 쪽 (3)","23478","23644","현 그룹 부도와 닷컴 폭락이 겹친 상태","반도체·아이폰·중국 모바일을 선점하는 보상","채권단 가격을 낮추고 반도체와 스마트폰 공급망을 지배한다: 장영주의 현 반도체 인수 요청을 받아도 서두름을 감추고 승계·현 건설 거래를 엮은 뒤 태우 주식 매입·소각과 퀄컴 저가매수를 준비한다","장영주의 현 반도체 인수 요청을 받아도 서두름을 감추고 승계·현 건설 거래를 엮은 뒤 태우 주식 매입·소각과 퀄컴 저가매수를 준비한다","16조 부채·수율·정치개입·시간 압박이 가로막는다","반도체 협상의 우위를 유지하면서 그룹 지분 방어와 스마트폰 핵심 특허 투자를 함께 연다","반도체 협상의 우위를 유지하면서 그룹 지분 방어와 스마트폰 핵심 특허 투자를 함께 연다","인수·기술·글로벌공급망","태우가 반도체부터 아이폰·중국 게임까지 잇는 제조 플랫폼이 된다","미국 대통령 당선자와 애플을 상대로 공장·고객 약속을 받아야 한다","장영주의 현 반도체 인수 요청을 받아도 서두름을 감추고 승계·현 건설 거래를 엮은 뒤 태우 주식 매입·소각과 퀄컴 저가매수를 준비한다의 당면 실행","미국 대통령 당선자와 애플을 상대로 공장·고객 약속을 받아야 한다","S1-A20","high"
"130","130화","아쉬운 쪽 (4)","23645","23831","현 그룹 부도와 닷컴 폭락이 겹친 상태","반도체·아이폰·중국 모바일을 선점하는 보상","채권단 가격을 낮추고 반도체와 스마트폰 공급망을 지배한다: 부시 당선자에게 그가 고른 지역의 100억 달러 공장을 약속하고 잡스에게 성능·물량을 맞추는 애플 반도체 독점 공급을 제안한다","부시 당선자에게 그가 고른 지역의 100억 달러 공장을 약속하고 잡스에게 성능·물량을 맞추는 애플 반도체 독점 공급을 제안한다","16조 부채·수율·정치개입·시간 압박이 가로막는다","백악관의 정치적 비개입 약속과 애플이라는 반도체 핵심 수요처를 동시에 확보한다","백악관의 정치적 비개입 약속과 애플이라는 반도체 핵심 수요처를 동시에 확보한다","인수·기술·글로벌공급망","태우가 반도체부터 아이폰·중국 게임까지 잇는 제조 플랫폼이 된다","채권단이 현 반도체 부채를 얼마나 탕감할지가 마지막 가격 싸움이다","부시 당선자에게 그가 고른 지역의 100억 달러 공장을 약속하고 잡스에게 성능·물량을 맞추는 애플 반도체 독점 공급을 제안한다의 당면 실행","채권단이 현 반도체 부채를 얼마나 탕감할지가 마지막 가격 싸움이다","S1-A20","high"
"131","131화","아쉬운 쪽 (5)","23832","24029","현 그룹 부도와 닷컴 폭락이 겹친 상태","반도체·아이폰·중국 모바일을 선점하는 보상","채권단 가격을 낮추고 반도체와 스마트폰 공급망을 지배한다: 아이폰 일정 때문에 급해도 내색하지 않고 채권단과 현 반도체 부채 65% 탕감을 확정한다","아이폰 일정 때문에 급해도 내색하지 않고 채권단과 현 반도체 부채 65% 탕감을 확정한다","16조 부채·수율·정치개입·시간 압박이 가로막는다","차세대 스마트폰 생산기지를 대폭 할인된 채무 조건으로 태우전자에 편입할 수 있게 된다","차세대 스마트폰 생산기지를 대폭 할인된 채무 조건으로 태우전자에 편입할 수 있게 된다","인수·기술·글로벌공급망","태우가 반도체부터 아이폰·중국 게임까지 잇는 제조 플랫폼이 된다","정식 인수 뒤 수율을 살릴 최고 기술자와 세제 혜택을 확보해야 한다","아이폰 일정 때문에 급해도 내색하지 않고 채권단과 현 반도체 부채 65% 탕감을 확정한다의 당면 실행","정식 인수 뒤 수율을 살릴 최고 기술자와 세제 혜택을 확보해야 한다","S1-A20","high"
"132","132화","대폭락 (1)","24030","24220","현 그룹 부도와 닷컴 폭락이 겹친 상태","반도체·아이폰·중국 모바일을 선점하는 보상","채권단 가격을 낮추고 반도체와 스마트폰 공급망을 지배한다: 11월 21일 현 반도체 인수를 공식화하고 유석재를 S급 책임자로 세운 뒤 흑자 전까지 세금 감면을 요구한다","11월 21일 현 반도체 인수를 공식화하고 유석재를 S급 책임자로 세운 뒤 흑자 전까지 세금 감면을 요구한다","16조 부채·수율·정치개입·시간 압박이 가로막는다","태우 반도체의 출범과 기술 리더, 정부 협상용 철수 카드까지 갖춘다","태우 반도체의 출범과 기술 리더, 정부 협상용 철수 카드까지 갖춘다","인수·기술·글로벌공급망","태우가 반도체부터 아이폰·중국 게임까지 잇는 제조 플랫폼이 된다","부진한 수율을 대만 파운드리 인재와 공동 경영으로 돌파할 차례다","11월 21일 현 반도체 인수를 공식화하고 유석재를 S급 책임자로 세운 뒤 흑자 전까지 세금 감면을 요구한다의 당면 실행","부진한 수율을 대만 파운드리 인재와 공동 경영으로 돌파할 차례다","S1-A20","high"
"133","133화","대폭락 (2)","24221","24408","현 그룹 부도와 닷컴 폭락이 겹친 상태","반도체·아이폰·중국 모바일을 선점하는 보상","채권단 가격을 낮추고 반도체와 스마트폰 공급망을 지배한다: 주가가 낮을 때 상속 절차를 마치고 유석재와 대만 파운드리 거물 웨이를 공동 부사장으로 세운다","주가가 낮을 때 상속 절차를 마치고 유석재와 대만 파운드리 거물 웨이를 공동 부사장으로 세운다","16조 부채·수율·정치개입·시간 압박이 가로막는다","승계 비용을 낮추며 제조·파운드리 두 축의 반도체 리더십을 완성한다","승계 비용을 낮추며 제조·파운드리 두 축의 반도체 리더십을 완성한다","인수·기술·글로벌공급망","태우가 반도체부터 아이폰·중국 게임까지 잇는 제조 플랫폼이 된다","CES에서 태우 반도체가 들어간 아이폰이 공개될 시간이 온다","주가가 낮을 때 상속 절차를 마치고 유석재와 대만 파운드리 거물 웨이를 공동 부사장으로 세운다의 당면 실행","CES에서 태우 반도체가 들어간 아이폰이 공개될 시간이 온다","S1-A20","high"
"134","134화","대폭락 (3)","24409","24613","현 그룹 부도와 닷컴 폭락이 겹친 상태","반도체·아이폰·중국 모바일을 선점하는 보상","채권단 가격을 낮추고 반도체와 스마트폰 공급망을 지배한다: 1월 9일 CES에서 잡스가 음악·OTT·록키를 담은 아이폰을 공개하고 300만 대 대기 수요를 확인한다","1월 9일 CES에서 잡스가 음악·OTT·록키를 담은 아이폰을 공개하고 300만 대 대기 수요를 확인한다","16조 부채·수율·정치개입·시간 압박이 가로막는다","아이폰 세계 흥행과 애플 주가 반등으로 태우의 선행 특허·부품 투자가 시장에서 증명된다","아이폰 세계 흥행과 애플 주가 반등으로 태우의 선행 특허·부품 투자가 시장에서 증명된다","인수·기술·글로벌공급망","태우가 반도체부터 아이폰·중국 게임까지 잇는 제조 플랫폼이 된다","현 반도체 수율과 미국 취임식 이후의 정치 관계가 다음 과제로 남는다","1월 9일 CES에서 잡스가 음악·OTT·록키를 담은 아이폰을 공개하고 300만 대 대기 수요를 확인한다의 당면 실행","현 반도체 수율과 미국 취임식 이후의 정치 관계가 다음 과제로 남는다","S1-A20","high"
"135","135화","대폭락 (4)","24614","24799","현 그룹 부도와 닷컴 폭락이 겹친 상태","반도체·아이폰·중국 모바일을 선점하는 보상","채권단 가격을 낮추고 반도체와 스마트폰 공급망을 지배한다: 부시 취임식에서 100억 달러 공장 약속을 고정한 뒤 국내 공격 조짐을 살피며 중국의 차기 실력자 쩡홍친을 만나러 간다","부시 취임식에서 100억 달러 공장 약속을 고정한 뒤 국내 공격 조짐을 살피며 중국의 차기 실력자 쩡홍친을 만나러 간다","16조 부채·수율·정치개입·시간 압박이 가로막는다","미국 제조 투자라는 방패와 중국 성장축을 동시에 관리할 외교 경로를 연다","미국 제조 투자라는 방패와 중국 성장축을 동시에 관리할 외교 경로를 연다","인수·기술·글로벌공급망","태우가 반도체부터 아이폰·중국 게임까지 잇는 제조 플랫폼이 된다","중국 자동차 성장과 텐센트 창업자를 잇는 모바일 게임 제안이 기다린다","부시 취임식에서 100억 달러 공장 약속을 고정한 뒤 국내 공격 조짐을 살피며 중국의 차기 실력자 쩡홍친을 만나러 간다의 당면 실행","중국 자동차 성장과 텐센트 창업자를 잇는 모바일 게임 제안이 기다린다","S1-A20","high"
"136","136화","대폭락 (5)","24800","24980","현 그룹 부도와 닷컴 폭락이 겹친 상태","반도체·아이폰·중국 모바일을 선점하는 보상","채권단 가격을 낮추고 반도체와 스마트폰 공급망을 지배한다: 연 100% 가까이 크는 중국 자동차 사업을 확인하고 쩡홍친 소개로 마화명과 텐센트 합작 지분 51%를 구성해 한국 게임사에 아이폰 게임을 주문한다","연 100% 가까이 크는 중국 자동차 사업을 확인하고 쩡홍친 소개로 마화명과 텐센트 합작 지분 51%를 구성해 한국 게임사에 아이폰 게임을 주문한다","16조 부채·수율·정치개입·시간 압박이 가로막는다","중국 게임 유통망과 모바일 게임 선점권을 한꺼번에 확보한다","중국 게임 유통망과 모바일 게임 선점권을 한꺼번에 확보한다","인수·기술·글로벌공급망","태우가 반도체부터 아이폰·중국 게임까지 잇는 제조 플랫폼이 된다","국내에서는 윤현길이 김태중을 겨냥한 정치수사를 시작한다","연 100% 가까이 크는 중국 자동차 사업을 확인하고 쩡홍친 소개로 마화명과 텐센트 합작 지분 51%를 구성해 한국 게임사에 아이폰 게임을 주문한다의 당면 실행","국내에서는 윤현길이 김태중을 겨냥한 정치수사를 시작한다","S1-A20","high"
"137","137화","닭장 (1)","24981","25166","윤현길의 정치수사와 WIPI 카르텔이 가족·신사업을 함께 위협하는 상태","가족을 지키고 정치·통신 장벽을 역이용하는 보상","김태중을 구하고 국내 아이폰 출시를 막는 권력 카르텔을 해체한다: 아이폰 게임 개발에 당근을 제시하던 중 윤현길의 회계·뇌물 수사로 김태중의 구속 위험이 커지자 지연전과 역공 자료를 찾는다","아이폰 게임 개발에 당근을 제시하던 중 윤현길의 회계·뇌물 수사로 김태중의 구속 위험이 커지자 지연전과 역공 자료를 찾는다","검찰수사·희생양 공작·통신사·관료·부품 이해관계가 압박한다","정치 공격의 목표와 수사 시간표를 파악하고 윤현길을 잡을 국제 증거망을 가동한다","정치 공격의 목표와 수사 시간표를 파악하고 윤현길을 잡을 국제 증거망을 가동한다","가족·정치지배·시장개방","민재가 사실상 총수가 되고 정적과 통신 카르텔을 통제한다","현 그룹 장례식과 푸틴 방문이 증거를 건네는 은폐막이 된다","아이폰 게임 개발에 당근을 제시하던 중 윤현길의 회계·뇌물 수사로 김태중의 구속 위험이 커지자 지연전과 역공 자료를 찾는다의 당면 실행","현 그룹 장례식과 푸틴 방문이 증거를 건네는 은폐막이 된다","S1-A21","high"
"138","138화","닭장 (2)","25167","25375","윤현길의 정치수사와 WIPI 카르텔이 가족·신사업을 함께 위협하는 상태","가족을 지키고 정치·통신 장벽을 역이용하는 보상","김태중을 구하고 국내 아이폰 출시를 막는 권력 카르텔을 해체한다: 장영주 장례식에 온 푸틴 및 중국·미국 인맥이 모은 윤현길 비리 자료를 받아 가장 약한 건부터 언론에 흘린다","장영주 장례식에 온 푸틴 및 중국·미국 인맥이 모은 윤현길 비리 자료를 받아 가장 약한 건부터 언론에 흘린다","검찰수사·희생양 공작·통신사·관료·부품 이해관계가 압박한다","상대를 즉시 없애지 않고 반응을 관찰할 만큼 압도적인 다국적 약점을 확보한다","상대를 즉시 없애지 않고 반응을 관찰할 만큼 압도적인 다국적 약점을 확보한다","가족·정치지배·시장개방","민재가 사실상 총수가 되고 정적과 통신 카르텔을 통제한다","윤현길이 기사에 반응해 누구를 희생양으로 고를지 드러내기 시작한다","장영주 장례식에 온 푸틴 및 중국·미국 인맥이 모은 윤현길 비리 자료를 받아 가장 약한 건부터 언론에 흘린다의 당면 실행","윤현길이 기사에 반응해 누구를 희생양으로 고를지 드러내기 시작한다","S1-A21","high"
"139","139화","닭장 (3)","25376","25549","윤현길의 정치수사와 WIPI 카르텔이 가족·신사업을 함께 위협하는 상태","가족을 지키고 정치·통신 장벽을 역이용하는 보상","김태중을 구하고 국내 아이폰 출시를 막는 권력 카르텔을 해체한다: 기획실이 돈 사진·영상·장부로 윤현길 측근을 빼내는 동안 장영준이 보낸 윤현길·장경준 접촉 메모를 장경준에게 보여준다","기획실이 돈 사진·영상·장부로 윤현길 측근을 빼내는 동안 장영준이 보낸 윤현길·장경준 접촉 메모를 장경준에게 보여준다","검찰수사·희생양 공작·통신사·관료·부품 이해관계가 압박한다","윤현길의 조직을 허물고 현 그룹 내부의 이간질 시도까지 공개한다","윤현길의 조직을 허물고 현 그룹 내부의 이간질 시도까지 공개한다","가족·정치지배·시장개방","민재가 사실상 총수가 되고 정적과 통신 카르텔을 통제한다","장수영이 윤현길의 희생양이 될지 거부할지가 결정점이다","기획실이 돈 사진·영상·장부로 윤현길 측근을 빼내는 동안 장영준이 보낸 윤현길·장경준 접촉 메모를 장경준에게 보여준다의 당면 실행","장수영이 윤현길의 희생양이 될지 거부할지가 결정점이다","S1-A21","high"
"140","140화","닭장 (4)","25550","25727","윤현길의 정치수사와 WIPI 카르텔이 가족·신사업을 함께 위협하는 상태","가족을 지키고 정치·통신 장벽을 역이용하는 보상","김태중을 구하고 국내 아이폰 출시를 막는 권력 카르텔을 해체한다: 장경준과의 오해를 풀고 축출된 장수영이 윤현길에게 찾아가 공멸용 보험으로 희생양 지목을 거부하게 만든다","장경준과의 오해를 풀고 축출된 장수영이 윤현길에게 찾아가 공멸용 보험으로 희생양 지목을 거부하게 만든다","검찰수사·희생양 공작·통신사·관료·부품 이해관계가 압박한다","오랜 배신자까지 자기 생존 때문에 윤현길의 퇴로를 막는 역설적 압박을 만든다","오랜 배신자까지 자기 생존 때문에 윤현길의 퇴로를 막는 역설적 압박을 만든다","가족·정치지배·시장개방","민재가 사실상 총수가 되고 정적과 통신 카르텔을 통제한다","깨끗한 태우 수사 결과 뒤 민재가 윤현길을 직접 심문한다","장경준과의 오해를 풀고 축출된 장수영이 윤현길에게 찾아가 공멸용 보험으로 희생양 지목을 거부하게 만든다의 당면 실행","깨끗한 태우 수사 결과 뒤 민재가 윤현길을 직접 심문한다","S1-A21","high"
"141","141화","닭장 (5)","25728","25921","윤현길의 정치수사와 WIPI 카르텔이 가족·신사업을 함께 위협하는 상태","가족을 지키고 정치·통신 장벽을 역이용하는 보상","김태중을 구하고 국내 아이폰 출시를 막는 권력 카르텔을 해체한다: 회계상 이득도 빚도 없는 태우의 무혐의를 확인한 뒤 미국·중국·러시아 비리 자료를 내밀어 윤현길의 항복을 받아낸다","회계상 이득도 빚도 없는 태우의 무혐의를 확인한 뒤 미국·중국·러시아 비리 자료를 내밀어 윤현길의 항복을 받아낸다","검찰수사·희생양 공작·통신사·관료·부품 이해관계가 압박한다","김태중을 지키고 정적을 평생 다른 권력자를 낚는 미끼로 전환해 복수의 정치축을 결산한다","김태중을 지키고 정적을 평생 다른 권력자를 낚는 미끼로 전환해 복수의 정치축을 결산한다","가족·정치지배·시장개방","민재가 사실상 총수가 되고 정적과 통신 카르텔을 통제한다","수사 충격을 받은 김태중이 회장직을 내려놓겠다고 말한다","회계상 이득도 빚도 없는 태우의 무혐의를 확인한 뒤 미국·중국·러시아 비리 자료를 내밀어 윤현길의 항복을 받아낸다의 당면 실행","수사 충격을 받은 김태중이 회장직을 내려놓겠다고 말한다","S1-A21","high"
"142","142화","카르텔 (1)","25922","26107","윤현길의 정치수사와 WIPI 카르텔이 가족·신사업을 함께 위협하는 상태","가족을 지키고 정치·통신 장벽을 역이용하는 보상","김태중을 구하고 국내 아이폰 출시를 막는 권력 카르텔을 해체한다: 윤현길을 미끼로 묶은 뒤 은퇴하려는 김태중을 설득해 베트남 체류만 허용하고 자신이 그룹을 임시로 맡는다","윤현길을 미끼로 묶은 뒤 은퇴하려는 김태중을 설득해 베트남 체류만 허용하고 자신이 그룹을 임시로 맡는다","검찰수사·희생양 공작·통신사·관료·부품 이해관계가 압박한다","가족을 지키며 태우의 사실상 총수 권한을 넘겨받지만 국내 아이폰 출시라는 새 규제전을 맞는다","가족을 지키며 태우의 사실상 총수 권한을 넘겨받지만 국내 아이폰 출시라는 새 규제전을 맞는다","가족·정치지배·시장개방","민재가 사실상 총수가 되고 정적과 통신 카르텔을 통제한다","통신사들이 와이파이 수익 감소를 이유로 WIPI 장벽을 세운다","윤현길을 미끼로 묶은 뒤 은퇴하려는 김태중을 설득해 베트남 체류만 허용하고 자신이 그룹을 임시로 맡는다의 당면 실행","통신사들이 와이파이 수익 감소를 이유로 WIPI 장벽을 세운다","S1-A21","high"
"143","143화","카르텔 (2)","26108","26283","윤현길의 정치수사와 WIPI 카르텔이 가족·신사업을 함께 위협하는 상태","가족을 지키고 정치·통신 장벽을 역이용하는 보상","김태중을 구하고 국내 아이폰 출시를 막는 권력 카르텔을 해체한다: WIPI를 앞세운 통신 카르텔과 직접 협상에 실패하자 데이비드를 미국으로 보내 외부 무역 압박을 설계한다","WIPI를 앞세운 통신 카르텔과 직접 협상에 실패하자 데이비드를 미국으로 보내 외부 무역 압박을 설계한다","검찰수사·희생양 공작·통신사·관료·부품 이해관계가 압박한다","국내 자급 단말기만으로는 못 뚫는 제도 장벽을 국제 통상 문제로 전환한다","국내 자급 단말기만으로는 못 뚫는 제도 장벽을 국제 통상 문제로 전환한다","가족·정치지배·시장개방","민재가 사실상 총수가 되고 정적과 통신 카르텔을 통제한다","미국에서 폭발한 아이폰 인기가 슈퍼 301조 카드로 돌아온다","WIPI를 앞세운 통신 카르텔과 직접 협상에 실패하자 데이비드를 미국으로 보내 외부 무역 압박을 설계한다의 당면 실행","미국에서 폭발한 아이폰 인기가 슈퍼 301조 카드로 돌아온다","S1-A21","high"
"144","144화","카르텔 (3)","26284","26459","윤현길의 정치수사와 WIPI 카르텔이 가족·신사업을 함께 위협하는 상태","가족을 지키고 정치·통신 장벽을 역이용하는 보상","김태중을 구하고 국내 아이폰 출시를 막는 권력 카르텔을 해체한다: 2001년 6월 미국 아이폰 흥행을 근거로 슈퍼 301조와 해외 단말사 공동성명을 가동해 방송위원회의 WIPI 철회 지시를 끌어낸다","2001년 6월 미국 아이폰 흥행을 근거로 슈퍼 301조와 해외 단말사 공동성명을 가동해 방송위원회의 WIPI 철회 지시를 끌어낸다","검찰수사·희생양 공작·통신사·관료·부품 이해관계가 압박한다","정치·통상 압력으로 카르텔의 법규 방패를 제거한다","정치·통상 압력으로 카르텔의 법규 방패를 제거한다","가족·정치지배·시장개방","민재가 사실상 총수가 되고 정적과 통신 카르텔을 통제한다","규정이 사라져도 버티는 삼진·CL 부품사 내부를 갈라야 한다","2001년 6월 미국 아이폰 흥행을 근거로 슈퍼 301조와 해외 단말사 공동성명을 가동해 방송위원회의 WIPI 철회 지시를 끌어낸다의 당면 실행","규정이 사라져도 버티는 삼진·CL 부품사 내부를 갈라야 한다","S1-A21","high"
"145","145화","카르텔 (4)","26460","26621","윤현길의 정치수사와 WIPI 카르텔이 가족·신사업을 함께 위협하는 상태","가족을 지키고 정치·통신 장벽을 역이용하는 보상","김태중을 구하고 국내 아이폰 출시를 막는 권력 카르텔을 해체한다: 장경준의 옛 정치망을 쓰고 삼진·CL에 아이폰 300만 대 추가 부품 계약과 일본 대체 압박을 동시에 건다","장경준의 옛 정치망을 쓰고 삼진·CL에 아이폰 300만 대 추가 부품 계약과 일본 대체 압박을 동시에 건다","검찰수사·희생양 공작·통신사·관료·부품 이해관계가 압박한다","부품 부문이 자사 휴대전화 부문에 맞서게 해 카르텔 내부를 매출 이해관계로 분열시킨다","부품 부문이 자사 휴대전화 부문에 맞서게 해 카르텔 내부를 매출 이해관계로 분열시킨다","가족·정치지배·시장개방","민재가 사실상 총수가 되고 정적과 통신 카르텔을 통제한다","삼진 회장이 직접 WIPI 지지 철회를 명령할지 결판이 난다","장경준의 옛 정치망을 쓰고 삼진·CL에 아이폰 300만 대 추가 부품 계약과 일본 대체 압박을 동시에 건다의 당면 실행","삼진 회장이 직접 WIPI 지지 철회를 명령할지 결판이 난다","S1-A21","high"
"146","146화","카르텔 (5)","26622","26781","윤현길의 정치수사와 WIPI 카르텔이 가족·신사업을 함께 위협하는 상태","가족을 지키고 정치·통신 장벽을 역이용하는 보상","김태중을 구하고 국내 아이폰 출시를 막는 권력 카르텔을 해체한다: 삼진 회장의 WIPI 지지 철회와 스마트폰 개발 결정을 받아내고 태우통신·전자가 높은 국내 조립비를 부담한다","삼진 회장의 WIPI 지지 철회와 스마트폰 개발 결정을 받아내고 태우통신·전자가 높은 국내 조립비를 부담한다","검찰수사·희생양 공작·통신사·관료·부품 이해관계가 압박한다","국내 아이폰 생산·판매 길을 열고 가입자 선점을 위해 단기 원가를 감수하는 카르텔전 승리를 거둔다","국내 아이폰 생산·판매 길을 열고 가입자 선점을 위해 단기 원가를 감수하는 카르텔전 승리를 거둔다","가족·정치지배·시장개방","민재가 사실상 총수가 되고 정적과 통신 카르텔을 통제한다","출시 첫 주 판매와 와이파이 인프라가 승리를 숫자로 증명해야 한다","삼진 회장의 WIPI 지지 철회와 스마트폰 개발 결정을 받아내고 태우통신·전자가 높은 국내 조립비를 부담한다의 당면 실행","출시 첫 주 판매와 와이파이 인프라가 승리를 숫자로 증명해야 한다","S1-A21","high"
"147","147화","반등 (1)","26782","26941","국내 아이폰 출시와 태우전자 반등이 시작된 상태","스마트폰 성과를 AI·TV·로봇·부동산으로 확장하는 보상","아이폰 성공을 다음 글로벌 기술동맹과 자산으로 연결한다: 아이폰 초도 10만 대가 일주일 만에 매진되자 스타벅스 등 500곳 넘는 매장에 와이파이·충전망을 깐다","아이폰 초도 10만 대가 일주일 만에 매진되자 스타벅스 등 500곳 넘는 매장에 와이파이·충전망을 깐다","후발 경쟁·개발비·글로벌 위험이 압박한다","태우통신이 스마트폰 생태계 주도권을 잡고 삼진까지 스마트폰 경쟁에 끌어들인다","태우통신이 스마트폰 생태계 주도권을 잡고 삼진까지 스마트폰 경쟁에 끌어들인다","기술동맹·기업가치·글로벌자산","태우가 애플·아마존과 공동개발하는 글로벌 플랫폼 기업으로 바뀐다","닷컴 폭락 전 수준의 주가 회복과 다음 공동개발 협상이 열린다","아이폰 초도 10만 대가 일주일 만에 매진되자 스타벅스 등 500곳 넘는 매장에 와이파이·충전망을 깐다의 당면 실행","닷컴 폭락 전 수준의 주가 회복과 다음 공동개발 협상이 열린다","S1B-A01","high"
"148","148화","반등 (2)","26942","27105","국내 아이폰 출시와 태우전자 반등이 시작된 상태","스마트폰 성과를 AI·TV·로봇·부동산으로 확장하는 보상","아이폰 성공을 다음 글로벌 기술동맹과 자산으로 연결한다: 두 달 만에 태우전자 주가가 애플 10% 지분·부품·파운드리 기대감으로 회복되자 잡스와 AI 공동개발 비용과 지분을 50대50으로 합의한다","두 달 만에 태우전자 주가가 애플 10% 지분·부품·파운드리 기대감으로 회복되자 잡스와 AI 공동개발 비용과 지분을 50대50으로 합의한다","후발 경쟁·개발비·글로벌 위험이 압박한다","시장가치를 회복하고 차세대 AI 지적재산을 애플과 절반씩 소유할 기반을 얻는다","시장가치를 회복하고 차세대 AI 지적재산을 애플과 절반씩 소유할 기반을 얻는다","기술동맹·기업가치·글로벌자산","태우가 애플·아마존과 공동개발하는 글로벌 플랫폼 기업으로 바뀐다","태블릿 공백과 TV 플랫폼을 누가 먼저 차지할지 다음 제안으로 이어진다","두 달 만에 태우전자 주가가 애플 10% 지분·부품·파운드리 기대감으로 회복되자 잡스와 AI 공동개발 비용과 지분을 50대50으로 합의한다의 당면 실행","태블릿 공백과 TV 플랫폼을 누가 먼저 차지할지 다음 제안으로 이어진다","S1B-A01","high"
"149","149화","반등 (3)","27106","27278","국내 아이폰 출시와 태우전자 반등이 시작된 상태","스마트폰 성과를 AI·TV·로봇·부동산으로 확장하는 보상","아이폰 성공을 다음 글로벌 기술동맹과 자산으로 연결한다: 태블릿과 애플·태우 TV를 제안해 개발비는 태우가 내고 지분·콘텐츠 수익은 70대30으로 나눈 뒤 베조스에게 로봇 공장을 제안한다","태블릿과 애플·태우 TV를 제안해 개발비는 태우가 내고 지분·콘텐츠 수익은 70대30으로 나눈 뒤 베조스에게 로봇 공장을 제안한다","후발 경쟁·개발비·글로벌 위험이 압박한다","애플 TV 합의를 얻고 전자 콘텐츠에서 스마트 제조로 확장할 협상판을 연다","애플 TV 합의를 얻고 전자 콘텐츠에서 스마트 제조로 확장할 협상판을 연다","기술동맹·기업가치·글로벌자산","태우가 애플·아마존과 공동개발하는 글로벌 플랫폼 기업으로 바뀐다","아마존이 로봇·스마트팩토리 공동개발에 응할지가 남는다","태블릿과 애플·태우 TV를 제안해 개발비는 태우가 내고 지분·콘텐츠 수익은 70대30으로 나눈 뒤 베조스에게 로봇 공장을 제안한다의 당면 실행","아마존이 로봇·스마트팩토리 공동개발에 응할지가 남는다","S1B-A01","high"
"150","150화","반등 (4)","27279","27463","국내 아이폰 출시와 태우전자 반등이 시작된 상태","스마트폰 성과를 AI·TV·로봇·부동산으로 확장하는 보상","아이폰 성공을 다음 글로벌 기술동맹과 자산으로 연결한다: 아마존과 로봇·스마트팩토리 공동개발을 체결해 자동차 공장 전문가를 보내고 데이비드가 세계무역센터를 99년 장기임차하게 한다","아마존과 로봇·스마트팩토리 공동개발을 체결해 자동차 공장 전문가를 보내고 데이비드가 세계무역센터를 99년 장기임차하게 한다","후발 경쟁·개발비·글로벌 위험이 압박한다","자동차 생산 혁신 파트너와 32억 달러 규모의 뉴욕 거점·보험 설계권을 함께 확보한다","자동차 생산 혁신 파트너와 32억 달러 규모의 뉴욕 거점·보험 설계권을 함께 확보한다","기술동맹·기업가치·글로벌자산","태우가 애플·아마존과 공동개발하는 글로벌 플랫폼 기업으로 바뀐다","8월 이전 보험 확대를 서두르는 세계무역센터에 대형 참사가 다가온다","아마존과 로봇·스마트팩토리 공동개발을 체결해 자동차 공장 전문가를 보내고 데이비드가 세계무역센터를 99년 장기임차하게 한다의 당면 실행","8월 이전 보험 확대를 서두르는 세계무역센터에 대형 참사가 다가온다","S1B-A01","high"
