sequence,visible_label,title,entry_state,reader_promise,protagonist_goal,action,resistance_or_cost,turn_or_reveal,paid_reward,state_change_axis,state_change,ending_hook,closed_loops,opened_loops,arc_candidate,confidence
"1","1화","법보다 주먹(완전판)! 1화","2025년의 박동철은 마산에서 늙어 가는 삼류 조폭으로 최문탁의 호출을 받는다.","밑바닥 인생에 마지막 서울 진출 기회가 떨어진다.","최문탁이 부른 뜻과 자신이 치를 대가를 파악한다.","황제 룸살롱에서 홍대 나이트와 클럽 운영 지시를 받고 부하들에게 서울행을 알린다.","썩은 동아줄 은 실장 계파였던 전력과 이유 없는 특혜가 동철을 불안하게 한다.","월드타워의 조 회장이 어린 시절 붕어빵을 준 동철을 친구로 기억해 최문탁에게 보호를 부탁했음이 드러난다.","동철은 아무 희생 없이 홍대 사업장을 받아 25년 만에 서울로 올라간다.","지위","마산의 변두리 행동대장에서 최문탁이 보호하는 홍대 업장 관리자로 격상된다.","선물의 배후를 모른 채 늦은 성공의 허무를 느끼며 홀로 걷는다.","최문탁의 갑작스러운 호출과 업장 배정","조 회장의 정체와 보호 이유; 선물의 대가","홍대 업장이라는 늦은 선물","high"
"2","2화","법보다 주먹(완전판)! 2화","서울 진출을 받고도 조폭 인생을 후회한 동철이 밤길을 걷는다.","후회뿐인 삶을 실제로 다시 선택할 기회가 열린다.","조폭이 아닌 새 인생을 얻는다.","ARS의 인생 초기화 질문에 1번을 누르고 싱크홀에 추락한 뒤 고3 교실에서 깨어난다.","상황을 이해하지 못한 채 학생주임에게 맞고 전교 꼴등이라는 과거와 마주한다.","열아홉 살 마산 고교 시절로 돌아왔고 예전 친구 조명득도 곁에 있음을 확인한다.","동철은 두 번째 삶과 대학 진학이라는 선택지를 얻는다.","세계","2025년의 늙은 조폭에서 고3 박동철로 시간이 되감긴다.","교실에 난입한 복학생 김수용이 학교 통 박동철에게 도전한다.","인생 초기화 선택; 회귀 여부 확인","회귀의 주체와 규칙; 대학 진학; 김수용의 도전","인생 리셋과 전교 꼴등의 대학 선언","high"
"3","3화","법보다 주먹(완전판)! 3화","회귀 첫날 김수용이 명득을 걷어차고 학교 통 자리를 요구한다.","전생의 주먹을 쓰되 과거의 폭군과 다른 선택을 한다.","학교 폭력을 청산하고 대학에 갈 출발점을 만든다.","김수용을 한 번에 제압하고 피해 학생에게 보호비를 받지 않겠다고 사과한 뒤 학생주임에게 공부법을 묻는다.","전교 꼴등의 학력과 이미 뜯은 거액의 보호비 때문에 경찰 고발과 소년원행이 임박했다.","학생주임이 과목 1등들에게 배우고 삥 뜯은 돈을 전부 돌려주면 신고를 보류하겠다고 마지막 기회를 준다.","교실은 김수용의 공포에서 벗어나고 동철은 검사라는 첫 꿈을 입 밖에 낸다.","관계","폭군인 학교 통이 피해 학생에게 사과하고 학생주임의 갱생 대상이 된다.","전교 꼴등 박동철이 검사가 되겠다고 선언한다.","김수용의 도전","보호비 반환; 대학·검사 진학; 창원 통과의 싸움","보호비를 토해 내고 검사가 되기","high"
"4","4화","법보다 주먹(완전판)! 4화","학생주임은 검사의 꿈을 비웃지 않고 갱생을 돕겠다고 한다.","주먹 대신 엉덩이로 버텨 공부하는 동철의 첫 실천을 본다.","공부할 교사와 생활 규율을 확보한다.","조명득에게 각 과목 1등들을 정중히 데려오게 하고 교내 금연을 선포하며 선도부장을 맡는다.","과목 1등들은 학교 통의 호출을 협박으로 오해하고 동철은 기초조차 알아보지 못한다.","학생주임이 선배들의 필기 노트를 주고 동철을 선도부장으로 세워 매일 아침 등교를 강제한다.","동철은 첫 야자에서 시간 가는 줄 모르고 수학 공식을 외우는 성취감을 맛본다.","능력","공부를 전혀 하지 않던 동철에게 과목별 또래 교사와 규칙적인 학습 루틴이 생긴다.","열 시까지 몰입한 동철 곁에서 명득은 만화책을 베고 잔다.","공부 조력자 모집; 선도부 임명","보호비 반환 자금; 전교 꼴등의 성적 상승","선도부 완장과 어린 선생들","high"
"5","5화","법보다 주먹(완전판)! 5화","첫 야자를 마친 동철은 보호비 반환 자금을 마련해야 한다.","과거의 폭력을 선한 주먹으로 갚으며 새로운 평판을 만든다.","아이들에게 돌려줄 돈을 구하고 밤길의 피해를 막는다.","명득과 귀가하다 불량 학생들에게 끌려가는 여학생을 구하기 위해 싸워 제압한다.","피해자를 돕고도 집단 폭행 가해자로 몰려 경찰서에 갈 위험을 감수한다.","구한 여학생이 마산 3대 얼짱 최은희이며 사건의 핵심 증언자임을 뒤늦게 기억한다.","최은희는 성폭행 위기에서 구출되고 동철의 주먹은 처음으로 타인을 지키는 데 쓰인다.","관계","동철과 최은희 사이에 생명의 빚과 목격자 관계가 생긴다.","경찰 조사에서 최은희가 무엇을 증언할지가 동철의 운명을 가른다.","최은희 구출","정당방위 인정; 보호비 반환금 마련","최은희 구출과 경찰행","high"
"6","6화","법보다 주먹(완전판)! 6화","동철과 명득은 수갑을 찬 채 경찰서에서 최은희와 가해자 측 조사를 받는다.","돈과 법을 믿는 가해자들을 상대로 응징의 판을 뒤집는다.","전과 없이 풀려나고 최은희 사건을 제대로 결산한다.","학생주임과 부모들 앞에서 사실관계를 버티며 명득이 깔아 둔 합의 협상을 지켜본다.","변호사 최우철의 아들 최영만을 포함한 가해자들은 돈과 법률 지식으로 사건을 덮으려 한다.","가해자 부모가 성폭행 미수보다 깽값으로 폭행을 합의하자고 나오며 법의 편향이 노골화된다.","동철 일행은 피해자가 아닌 구조자로 인정받고 가해자 측 돈을 역으로 받을 기회를 잡는다.","세계","동철은 법이 가진 자와 아는 자에게 유리하게 작동하는 현실을 체감한다.","법으로 안 되면 남은 것은 주먹뿐이라는 작품의 행동 원리가 선명해진다.","구조 행위의 정당성 확인","합의금 액수; 최우철의 뒤끝; 법과 주먹의 사용법","최은희 사건과 죽은 법","high"
"7","7화","법보다 주먹(완전판)! 7화","최우철 부자는 혐의를 부정하며 합의로 사건을 끝내려 한다.","명득의 재치와 동철의 위압으로 가진 자에게 비용을 물린다.","합의금을 받아 보호비를 돌려줄 재원을 마련하고 보복을 차단한다.","명득이 1천만 원을 제시하자 이를 현금으로 받아내고 동철은 최우철과 세 가해자를 따로 압박한다.","최우철은 법을 아는 변호사라 뒤끝을 남기고 동철도 폭행 전력 때문에 조심해야 한다.","명득이 처음부터 보호비 반환액을 계산해 합의금 1천만 원을 노렸음이 드러난다.","가해자들은 겁을 먹고 사건은 일단락되며 동철은 반환 자금을 손에 넣는다.","돈","성폭행 미수 가해자 측의 돈 1천만 원이 피해 학생들에게 돌려줄 자금으로 전환된다.","최우철에게 함구를 약속받지만 그의 원한 어린 시선은 남는다.","경찰서 합의; 보호비 반환 재원","최우철의 보복 가능성; 실제 반환 작업","천만 원짜리 역합의","high"
"8","8화","법보다 주먹(완전판)! 8화","법적 맹점을 체감한 동철이 합의금을 들고 아버지와 귀가한다.","가족에게 사람이 되고 공부로 미래를 바꾸는 동철의 진심을 지급한다.","아버지의 신뢰를 되찾고 공부를 지속한다.","비 맞는 아버지에게 우산을 씌우고 사과한 뒤 밤새 공부하며 암기 전략을 세운다.","ARS의 정체는 여전히 알 수 없고 전교 꼴등의 기초와 수면 부족이 발목을 잡는다.","마산역에서 명득이 노숙자들에게 라면을 돌리는 숨은 얼굴과 학교에서 보이던 것과 다른 눈빛이 드러난다.","아버지에게 처음 잘했다는 말을 듣고 동철은 사람 노릇을 하겠다는 가족 보상을 받는다.","관계","아버지와의 서먹한 관계가 사과와 인정으로 한 단계 회복된다.","교무실에 혼자 남은 동철 앞에 모의고사 수학 시험지가 놓여 양심을 시험한다.","아버지의 인정","ARS의 목적; 명득의 과거; 시험지 유혹","우산 아래의 화해와 시험지","high"
"9","9화","법보다 주먹(완전판)! 9화","동철은 모의고사 시험지를 훔쳐볼 수 있는 교무실에 홀로 남아 있다.","갱생이 말뿐인지 행동으로 증명하고 피해 학생들에게 돈을 돌려준다.","정직한 공부와 보호비 청산을 동시에 시작한다.","서랍과 시험지를 건드리지 않고 교문 선도에 나선 뒤 명득과 보호비 장부를 대조한다.","반환해야 할 총액이 1천만 원을 넘어 합의금만으로 부족하다.","시험지는 학생주임이 일부러 둔 갱생 시험이었고 동철이 유혹을 이겨내자 서울대 가능성을 진지하게 본다.","학생주임의 신뢰를 얻고 학교 양아치들도 선도부 동철의 말에 순응한다.","관계","학생주임이 감시 대상 동철을 기적의 제자로 보기 시작한다.","반환 부족액을 어떻게 벌지와 명득이 교무실 컴퓨터를 왜 고치는지가 남는다.","시험지 절도 유혹","보호비 전액 반환; 자금 부족 해결","양심 시험과 천만 원 넘는 장부","high"
"10","10화","법보다 주먹(완전판)! 10화","창원 통 이창명이 학교까지 찾아와 동철과의 공개 결투를 요구한다.","수백 학생이 목격하는 싸움에서 주먹의 전설과 미래 선택을 건다.","과거 조폭 진입로를 끊고 공부할 자유를 얻는다.","조퇴를 받아 운동장으로 나가고 ARS의 승자·패자 선택을 거부한 채 이창명과 맞붙는다.","은 실장이 승자를 스카우트하려 지켜보고 있으며 공개 군중 앞에서 패하면 학교 통 지위를 잃는다.","젊은 최문탁은 은 실장이 학생 승자를 히트맨으로 쓰려는 의도를 읽고 자기 살길을 모색한다.","동철은 긴 리치를 로우킥으로 공략하며 조폭 경험의 우위를 보여준다.","능력","고3의 젊은 몸과 전생 싸움 기술이 결합돼 이창명을 통제할 수 있게 된다.","첫 로우킥 뒤 이창명과의 본격 결투가 이어진다.","창원 통의 도전 수락","싸움의 승패; 은 실장의 스카우트; ARS 선택의 의미","운동장 공개 결투","high"
"11","11화","법보다 주먹(완전판)! 11화","전교생이 지켜보는 운동장에서 동철과 이창명의 결투가 계속된다.","이길 힘이 있는 동철이 일부러 과거의 길을 버리는 역설적 보상을 준다.","은 실장에게 선택되는 승자의 길을 이창명에게 넘긴다.","실력으로 이창명을 몰아붙이다 마지막에 일부러 맞고 패배를 연출한다.","학교 통의 전설과 공개 평판을 잃고 학생들의 싸늘한 시선을 감수한다.","은 실장은 이창명을 서울로 데려가며 동철이 걸었던 조폭 인생을 대신 걷게 한다; 최문탁만 고의 패배를 의심한다.","동철은 주먹으로 먹고살 운명에서 벗어났다는 홀가분함을 얻는다.","지위","학교 통의 공개 전설은 꺾였지만 대학에 집중할 선택권을 얻는다.","오득현이 젖은 동철에게 체육복을 건네며 새 관계가 싹튼다.","이창명과의 결투; 은 실장의 승자 선발","이창명의 서울행 결과; 동철의 공부 성과","일부러 꺾은 주먹의 전설","high"
"12","12화","법보다 주먹(완전판)! 12화","주먹의 전설을 내려놓은 동철은 새벽 5시 등교와 암기 공부를 일주일 이어간다.","꼴등이 실제 점수로 첫 계단을 오르는 시험 보상을 예고한다.","첫 모의고사에서 최소 50명을 제친다.","과목 1등들이 찍어 준 문제와 공식을 통째로 외우고 시험에 들어간다.","기초 이해가 부족해 외운 유형 밖 문제는 풀 수 없고 전교 500등이라는 출발점이 무겁다.","명득은 밤마다 노숙자 함 씨에게 10원짜리를 모으라 시키며 별도 계획을 움직인다.","동철은 공부 루틴을 습관으로 만들고 공개 내기 덕에 성적 상승이 사회적 이벤트가 된다.","능력","전무하던 학습 능력이 암기와 반복으로 실제 문제를 풀 수준까지 오른다.","전교생의 내기 속에서 동철이 답안지를 채우기 시작한다.","공부 루틴 정착","모의고사 순위; 명득의 10원짜리 계획","전교 꼴등의 첫 모의고사","high"
"13","13화","법보다 주먹(완전판)! 13화","동철은 첫 모의고사에서 외운 문제와 정체불명의 빛나는 답을 마주한다.","깡으로 외운 노력이 예상 밖의 압도적 성적으로 환전된다.","아는 문제를 직접 풀고 첫 시험을 완주한다.","수리와 언어 영역에서 외운 문제를 풀고 나머지는 답에서 반짝이는 표시를 따라 체크한다.","답의 빛이 왜 보이는지 모르고 부정행위로 오해받을 위험이 있다.","채점 결과 동철의 답안은 만점이며 학생주임은 기적을 확인하고 용봉철에게도 보여준다.","전교 꼴등 동철이 첫 시험 만점이라는 숨은 성취를 얻는다.","능력","회귀 뒤 정답이 빛나 보이는 초현실적 시험 능력이 처음 확인된다.","월요일 성적 공개와 학생들의 매타작이 예고된다.","첫 모의고사 응시","정답 발광 능력의 원인; 공식 성적 공개","빛나는 정답과 만점 답안","high"
"14","14화","법보다 주먹(완전판)! 14화","모의고사 결과가 공개되는 월요일 학교 전체가 내기 벌칙으로 술렁인다.","전교 꼴등의 전교 1등이라는 통쾌한 사회적 목격 보상을 지급한다.","성과를 인정받고 기말고사까지 공부 분위기를 이어간다.","동철의 만점이 발표되고 내기에 진 학생들이 맞는 가운데 동철은 어린 선생들과 공부를 계속한다.","기적이 초능력 덕분이라는 사실은 숨겨야 하고 명득은 동철 탓에 맞았다며 반발한다.","동철의 성공에 자극받은 명득도 남들을 이기기 위한 놀이로 공부를 시작한다.","학교에 똥철이의 기적이라는 신조어가 생기고 동철은 공부의 전설이 된다.","지위","폭력으로 군림하던 학교 통이 전교 1등이자 학습 분위기를 바꾼 상징으로 재평가된다.","기말고사를 앞두고 동철이 과목 1등 열 명의 빵 셔틀을 자처한다.","첫 모의고사 순위; 50명 추월 목표","기말고사; 명득의 성적 경쟁; 초능력 은폐","전교 꼴등의 전교 1등","high"
"15","15화","법보다 주먹(완전판)! 15화","기말고사를 앞두고 이사장은 아들 현철의 서울대 내신을 위해 용봉철에게 부정한 구실을 요구한다.","동철의 공부 성장선 옆에 학교 내부의 성적·성착취 악을 세운다.","ARS가 지목한 불의를 확인하고 막는다.","용봉철을 찾아가다 그가 오미선을 과학실에서 성적으로 착취하며 시험문제를 주는 장면을 엿본다.","용봉철은 이사장의 비호를 받고 오미선은 성적 때문에 저항할 방법이 없다고 체념한다.","ARS가 불의를 외면할지 맞설지 묻고 동철은 2번을 선택한다.","동철은 부정 시험과 성착취의 현장을 알아내고 개입 명분을 얻는다.","세계","학교의 성적 경쟁 뒤에 이사장·용봉철의 조작과 학생 착취 구조가 있음을 알게 된다.","용봉철이 오미선에게 다시 예전처럼 있으라고 강요한다.","ARS의 불의 선택","오미선 구출; 용봉철 처벌; 이사장 아들 내신 조작","용봉철의 과학실 범죄","high"
"16","16화","법보다 주먹(완전판)! 16화","동철은 과학실 밖에서 용봉철의 범죄를 목격한다.","주먹만이 아니라 소문과 증거로 교사를 사냥하는 행동 지능을 보여준다.","용봉철의 반복 범행과 피해자를 확인한다.","창문을 깨 주의를 돌린 뒤 명득을 조수로 삼고 최은희에게 여자 3학년 소문을 묻는다.","피해 학생들이 성적과 수치심 때문에 입을 닫고 있으며 동철도 확실한 증거가 없다.","최은희가 오미선과의 접촉을 주선하고 동철에게 감정 어린 신뢰를 보낸다.","동철은 오미선에게 직접 확인할 통로와 최은희·명득이라는 조사팀을 얻는다.","관계","최은희가 단순 목격자에서 동철의 공조자이자 호감을 드러내는 인물로 가까워진다.","약속 장소인 옥상에 오미선이 보이지 않고 불길한 기운만 감돈다.","용봉철 범행 목격","오미선 생존과 증언; 처벌 증거","옥상에서 사라진 오미선","high"
"17","17화","법보다 주먹(완전판)! 17화","오미선은 학교 옥상 난간에서 추락을 생각하고 있다.","동철이 피해자의 생명을 붙잡고 가해자를 잡을 구체 작전을 만든다.","오미선을 살리고 용봉철을 함정으로 끌어낸다.","난간에서 오미선을 끌어내 설득하고 은하수 모텔 약속 정보를 받아 명득과 쥐덫 계획을 짠다.","오미선은 동철을 믿기 어렵고 용봉철의 비호와 보복을 두려워한다.","오미선이 용봉철과 모텔에서 만나기로 했다는 사실이 덫의 시간·장소가 된다.","오미선은 투신을 멈추고 오늘이 마지막일 수 있다는 희망을 얻는다.","관계","동철은 오미선에게 가해자를 끝내 줄 보호자이자 증거 설계자로 자리 잡는다.","동철과 명득이 은하수 모텔에서 사기를 칠 준비를 시작한다.","오미선의 투신 위기","용봉철 함정; 모텔 증거 제작; 명득의 10원짜리 계획","옥상 구조와 은하수 모텔 덫","high"
"18","18화","법보다 주먹(완전판)! 18화","동철·명득·최은희는 은하수 모텔 앞에서 용봉철을 기다린다.","악질 교사가 파 놓은 덫을 되돌려 자신이 빠지게 만든다.","용봉철을 들키지 않게 제압하고 오미선을 빼낸다.","명득이 물품을 준비하고 최은희가 보조하는 동안 동철은 마취제 손수건을 꺼내 용봉철의 동선을 노린다.","용봉철은 학생주임 술에 수면제를 타며 먼저 음모를 실행하고 언제 모텔에 올지 불확실하다.","용봉철이 학생주임을 무너뜨리려 했다는 추가 악행과 최문탁이 조직 장학사업 때문에 마산에 내려온 사정이 드러난다.","동철 일행은 용봉철의 도착을 포착하고 선수를 칠 위치를 잡는다.","관계","최은희와 동철의 공조에 풋풋한 호감이 섞이고 명득은 평생 갈 조수처럼 자리한다.","마취제 손수건을 든 동철이 용봉철에게 접근한다.","모텔 덫 준비","용봉철 제압; 학생주임 수면제 음모; 오미선 구출","모텔 앞의 마취제","high"
"19","19화","법보다 주먹(완전판)! 19화","용봉철이 오미선이 있는 모텔로 향하고 동철 일행이 뒤를 밟는다.","가해자를 물리적으로 제압해 피해자의 공포를 즉시 끝낸다.","용봉철을 기절시키고 오미선과 합류한다.","동철이 마취제와 주먹으로 용봉철을 쓰러뜨려 306호로 끌고 가고 명득이 그의 뺨을 때린다.","들키면 학생인 네 사람 모두 처벌받을 수 있고 오미선은 여전히 울며 무너져 있다.","최문탁은 은 실장의 급한 서울 호출이 자신을 똥개처럼 쓰는 명령임을 알아차린다.","오미선은 용봉철의 손에서 구출되고 직접 응징 현장을 목격한다.","관계","오미선이 고립된 피해자에서 동철·은희·명득의 작전에 함께하는 증인이 된다.","동철이 기절한 용봉철을 상대로 영화를 찍자고 한다.","용봉철 물리 제압; 오미선 구조","조작 사진의 용도; 용봉철의 공적 퇴출; 최문탁의 서울 호출","306호의 정의 영화","high"
"20","20화","법보다 주먹(완전판)! 20화","기절한 용봉철과 네 학생이 은하수 모텔 306호에 있다.","가해자의 성적 위선을 공개 위험으로 바꿔 학교에서 제거한다.","신분을 감춘 채 용봉철의 퇴출을 강제한다.","용봉철에게 여성 속옷을 입히고 명득과 사진을 만든 뒤 교장·교육청에 협박성 제보를 보낸다.","사진 조작이 들키면 학생들이 역으로 처벌받고 이사장은 아들의 내신 때문에 사건을 막으려 한다.","교육청 감사실까지 사진이 전달되어 언론 공개를 피하려면 즉각 대기발령해야 하는 판이 만들어진다.","용봉철은 자신도 모르는 사이 교직에서 쫓겨날 위기에 놓이고 피해 학생들은 반복 착취에서 벗어난다.","지위","용봉철의 교사 권력이 교육청 제보 한 번으로 붕괴 직전이 된다.","아무것도 모른 채 출근한 용봉철이 절망할 교무실로 향한다.","모텔 증거 제작과 배포","용봉철 최종 처분; 학생주임 수면제 피해; 이사장 대응","교육청까지 간 조작 사진","high"
"21","21화","법보다 주먹(완전판)! 21화","교육청 제보 다음 날 용봉철은 교무실에서 경멸과 사표 요구를 받는다.","사회적 매장 뒤에도 피해자를 노리는 악인을 끝까지 추적한다.","용봉철이 오미선에게 보복하지 못하게 한다.","기말고사를 앞두고도 용봉철의 동선을 살피고 은희와 나눠 옥상·주차장으로 움직인다.","이사장에게 버림받은 용봉철이 오미선을 범인으로 의심해 납치하듯 끌고 간다.","사진을 본 이사장은 매수된 다른 국어 교사로 아들 내신을 지킬 수 있어 용봉철을 소모품처럼 버린다.","용봉철은 교직 인생을 잃고 동철·은희는 서로를 믿는 ‘우리’가 된다.","지위","용봉철은 선생에서 사표를 강요받는 퇴출자로 추락한다.","동철은 주차장으로, 은희는 옥상으로 향해 마지막 결산을 나눈다.","교육청 처분 개시","오미선 보복 차단; 용봉철의 최후","퇴출된 교사의 마지막 발악","high"
"22","22화","법보다 주먹(완전판)! 22화","용봉철이 옥상에서 오미선을 위협하고 동철은 그의 차로 간다.","법 밖의 설계로 가해자의 재발 가능성을 영구히 끊는다.","오미선을 구하고 용봉철을 다시는 돌아오지 못하게 한다.","송곳으로 차 앞바퀴를 찌른 뒤 옥상에서 용봉철을 두들겨 패고 과속해 달아나게 만든다.","의도한 교통사고는 회귀 후 동철의 첫 범죄이며 살인이라는 되돌릴 수 없는 비용을 남긴다.","공기 빠진 차가 전복되고 안전띠를 안 맨 용봉철이 튕겨 나가 사망한다.","오미선의 멈춘 늦봄이 끝나고 용봉철의 위협도 완전히 사라진다.","세계","동철은 검사 지망생이면서 악인을 죽게 만드는 사적 처단자라는 이중선을 넘는다.","다음 날 동철은 용봉철의 죽음을 확인하기도 전에 기말고사에 들어간다.","용봉철 최종 응징; 오미선 보복 차단","첫 살인의 장기 비용; 기말고사 결과","펑크 난 바퀴와 용봉철의 죽음","high"
"23","23화","법보다 주먹(완전판)! 23화","용봉철 사건을 끝낸 뒤 동철과 명득은 기말고사와 연애 문제를 맞는다.","죽음의 긴장 뒤 두 커플 성립과 명득의 비밀 돈벌이라는 생활 보상을 준다.","은희와의 감정을 확인하고 친구들의 관계도 존중한다.","최은희에게 고백해 사귀고 명득이 오미선을 좋아한다는 마음을 오해했다가 사과한다.","성적 압박과 어른의 잣대로 명득의 감정을 재단한 실수가 관계를 흔든다.","명득이 노숙자들을 시켜 모은 10원짜리를 동괴로 바꿔 두 배 수익을 챙기는 사업 수완이 밝혀진다.","동철·은희와 명득·미선 두 커플이 나란히 성립한다.","관계","네 사람의 구조 공조가 두 연인 관계와 오래 갈 동료 관계로 굳어진다.","명득이 동철에게 숨긴 돈벌이와 노숙자 네트워크의 규모가 열린다.","두 커플 고백","기말고사 성적; 명득의 동괴 사업과 과거","용봉철 뒤의 첫사랑과 동괴","high"
"24","24화","법보다 주먹(완전판)! 24화","용봉철의 죽음을 곱씹으며 혼자 귀가한 동철에게 새 시야가 열린다.","초능력을 공부와 범죄 판단에 전용하는 성장 보상을 지급한다.","새 능력의 규칙을 확인하고 가족 문제를 파악한다.","동네 사람들의 머리 위 선악 수치를 관찰하고 객관식은 능력, 주관식은 암기로 공부 방향을 바꾼다.","선악을 숫자로 재도 사람은 고정된 선악이 아니며 능력 사용의 도덕적 위험이 있다.","용봉철 처단 뒤 ‘진실의 눈/선악의 저울’이 생겼고 집에서는 엄마의 도박 문제가 심각하다는 말을 엿듣는다.","동철은 검사에게 강력한 범죄 감별 수단과 시험 전략을 얻는다.","능력","정답 발광에 이어 사람의 선악 비율을 보는 능력이 의식적으로 정착한다.","돝섬 데이트 중 양아치들이 약자를 괴롭히는 장면을 목격한다.","새 능력 확인","엄마의 도박; 돝섬 양아치 개입","선악의 저울과 엄마의 비밀","high"
"25","25화","법보다 주먹(완전판)! 25화","돝섬에서 동철 일행은 젊은 여성들을 희롱하는 신포동 양아치들을 본다.","데이트를 망칠 위험을 감수하고 목격한 폭력을 그냥 넘기지 않는다.","여성들을 구하고 섬을 무사히 빠져나간다.","양아치 무리를 제압하고 구조한 여성 윤미정에게 조심하라 한 뒤 막배 선착장으로 향한다.","신포동 성인 양아치와 사창가 기도가 뒤를 막고, 한편 엄마는 합성동 도박장에서 5천만 원 꽁지를 권유받는다.","학생 싸움이 아니라 조직 성인들이 개입하면서 작은 구조가 지역 조폭 충돌로 커진다.","피해 여성들은 벗어나고 은희는 동철의 행동을 다시 목격한다.","관계","동철은 윤미정에게 생명의 빚을 만들지만 신포동 세력과 원한도 맺는다.","선착장에서 기도가 동철에게 위협을 가하고 엄마의 도박 빚도 파국으로 치닫는다.","돝섬 여성 구출","신포동 보복; 엄마의 5천만 원 도박빚","돝섬 구조와 선착장 봉쇄","high"
"26","26화","법보다 주먹(완전판)! 26화","신포동 기도들이 막배 앞에서 동철 일행을 둘러싼다.","더 큰 주먹의 개입으로 지역 양아치의 체면을 꺾고 빚을 기회로 바꾼다.","친구들을 지키고 엄마의 도박장을 깨뜨릴 힘을 빌린다.","성인 양아치와 맞서다 현장에 나타난 최문탁의 도움으로 위기를 끝내고 저녁 사무실에서 도박장 습격을 부탁한다.","조폭에게 도움을 청하면 다시 과거 세계에 빚지고 엄마 문제까지 드러내야 한다.","동철이 구한 윤미정이 최문탁이 모시는 조직 회장의 딸이라 최문탁이 목숨 빚을 인정한다.","신포동 세력은 물러나고 동철은 최문탁의 명함과 부산 타짜 깔치의 지원을 얻는다.","관계","동철과 최문탁은 우연한 조우에서 서로 빚을 계산하는 협력 관계가 된다.","노숙자가 ‘붕어빵’ 동철의 출입을 감시해 명득에게 보고하고 깔치가 도박장을 특정한다.","신포동 선착장 충돌","엄마 도박 구출; 최문탁과의 빚; 감시자 명득","윤미정의 목숨 빚과 도박장 부탁","high"
"27","27화","법보다 주먹(완전판)! 27화","최문탁은 부산 타짜 깔치와 조카 광수를 불러 엄마의 하우스를 공략한다.","동철·명득·최문탁 세 사람의 숨은 설계가 한 도박장으로 수렴한다.","엄마를 도박에서 빼내고 빚을 정확히 결산한다.","깔치에게 가족 사정을 설명하고 지옥 구경을 감수하며 하우스로 향한다.","깔치는 도박 중독자가 스스로 멈추지 않으면 잔혹한 대가를 치르게 하려 하고 동철도 원망하지 않겠다고 약속한다.","명득은 노숙자 함 씨에게 쪽방을 마련하고 녹음기를 최문탁에게 넘겨 학교 재단까지 별도로 압박한다.","최문탁은 동철의 엄마를 꺼내고 3억만 따 가겠다고 하우스장을 공포로 제압한다.","관계","깔치·광수가 동철의 가족 구출 작전에 합류하고 명득의 독자 정보망이 드러난다.","하우스장이 최문탁의 이름을 알아보고 굳으며 설계 도박이 시작된다.","도박장 위치 확인","엄마의 중독 선택; 3억 판; 학교 재단 녹취","깔치의 지옥 구경","high"
"28","28화","법보다 주먹(완전판)! 28화","최문탁과 깔치가 합성동 하우스를 장악하고 엄마를 시험할 판을 깐다.","가족이 스스로 유혹을 끊는 선택으로 돈보다 큰 감정 보상을 준다.","엄마의 빚을 없애고 도박을 완전히 끊게 한다.","깔치가 엄마에게 빚만큼 일부러 잃어주고 원금 회수를 요구해 더 할지 멈출지 선택시킨다.","엄마가 계속하면 동철의 신체 포기 각서까지 갈 수 있는 잔혹한 시험이며 최문탁에게 큰 빚을 진다.","엄마는 딴 돈으로 노름빚을 갚고 ‘저 엄마예요’라며 판을 떠난 뒤 경찰에 자수한다.","가족에게 봄날이 돌아오고 동철은 선악이 움직이며 악한 도구도 쓰는 사람에 따라 달라짐을 배운다.","관계","무너졌던 엄마가 가족을 택해 돌아오고 동철은 깔치·광수에게 훗날 한 번 봐주겠다고 약속한다.","깔치는 광수에게 동철에게 잘 보이라 예언하고 최문탁과의 빚잔치는 끝난다.","엄마 도박빚; 하우스 시험","광수와의 미래 약속; 능력의 도구화","엄마의 ‘저 엄마예요’","high"
"29","29화","법보다 주먹(완전판)! 29화","엄마가 돌아온 뒤 최문탁은 명득의 녹취로 학교 이사장을 몰아세운다.","가족 회복과 학교 구조 개선이 조폭의 힘으로 동시에 지급된다.","기말 성적을 확인하고 다시 공부에 집중한다.","동철은 가족의 아침을 맞고 학교에서 성적표를 받으며 선생의 벌을 감수한다.","엄마에 대한 신뢰는 아직 완전히 회복되지 않았고 기말 순위가 19등으로 떨어져 19대 벌을 맞게 된다.","최문탁이 비리 재단을 7억에 인수하고 용봉철 후임 영어 교사 윤미정이 동철의 학교로 온다.","동철은 꼴등에서 전교 19등, 명득은 170등까지 올라 실력 성장을 증명한다.","지위","최문탁이 이사장이 되어 학교 급식·교원 개선의 권한을 얻고 동철은 상위권 학생이 된다.","학생주임이 체육복을 덧댄 동철의 꼼수를 간파하고 바지를 벗으라 한다.","엄마 귀환; 이사장 인수","윤미정의 역할; 동철·명득의 다음 성적","최문탁의 학교 인수와 19등","high"
"30","30화","법보다 주먹(완전판)! 30화","동철은 윤미정 앞에서 19대 벌을 모두 맞는다.","계절 압축으로 공부·연애·학교 개혁의 성과를 한꺼번에 보여준다.","수능에도 서울대 법대 소신 지원을 관철한다.","윤미정 수업을 받고 은희의 가요제 1등에 꽃다발을 건넨 뒤 교감이 된 학생주임과 진학 상담한다.","내신 3등급으로 서울대 법대가 어렵고 명득의 경찰대 지원도 무모하다는 현실적 장벽이 있다.","최문탁이 인수한 뒤 급식·교사가 좋아지고 학생주임은 교감, 윤미정은 영어 교사로 자리한다.","은희와 공개 커플로 인정받고 동철은 포기하지 않는 소신 지원을 택한다.","지위","동철은 학교 폭군에서 서울대를 노리는 3등급 학생이자 공개 연인으로 완전히 재명명된다.","명득도 경찰대 아니면 대학에 안 간다고 맞서 두 친구가 ‘사이코’ 취급을 받는다.","학교 개혁; 가요제 1등","수능; 서울대·경찰대 진학","서울대 아니면 안 간다","high"
"31","31화","법보다 주먹(완전판)! 31화","수능 전날까지 동철과 명득은 각각 서울대 법대·경찰대를 고집한다.","준비한 자가 미달이라는 우연을 붙잡아 기적으로 바꾸는 입시 보상을 준다.","수능과 특례 면접을 넘어 서울대 입학권을 얻는다.","수능에서 주관식을 풀어 다섯 문제만 틀리고 서울대 법대에 원서를 낸다.","내신 3등급과 66명의 수능 만점자 때문에 합격 가능성이 낮고 명득은 경찰대에 실패한다.","하향 지원 탓에 서울대 법대가 초유의 미달이 되어 교수들이 동철에게 별도 면접 기회를 주기로 한다.","동철은 서울대 면접 대상이 되고 학교에는 ‘준비된 자가 잡은 운’의 기적이 사회적으로 선포된다.","지위","전교 꼴등이 서울대 법대 유력 지원자로 전국 뉴스와 학교의 기대를 받는다.","명득은 재수를 택하고 동철은 면접에서 기적을 이어가야 한다.","수능 응시; 서울대 미달","서울대 면접; 명득 경찰대 재도전","서울대 법대 미달의 기적","high"
"32","32화","법보다 주먹(완전판)! 32화","서울대 면접을 앞둔 동철은 은희·가족과 작별 준비를 한다.","가족의 희생과 교정된 법 감각으로 대학 문턱에 선 감동을 지급한다.","면접관들에게 검사가 될 자격과 학업 가능성을 설득한다.","은희 아버지에게 책임을 약속하고 누나의 옥탑방 보증금을 받은 뒤 서울대 면접에서 장발장 사건 구형을 답한다.","가난한 피고인에 대한 연민과 법 집행자의 의무가 충돌하고 영어 실력이 의심받는다.","명득은 여전히 ‘붕어빵’ 동철을 노숙자 정보망으로 지켜보고 가족은 누나의 저축까지 내어 진학을 민다.","동철은 법대로 기소하되 집행유예를 구형하고 퇴근 후 술을 마시겠다는 인간적 검사상을 보여준다.","관계","누나와 부모가 동철의 서울 생활을 함께 떠받치고 은희 가족도 공식 교제를 인정한다.","여교수가 미미한 죄도 꼭 기소해야 하느냐고 재차 압박한다.","가족 진학 지원","면접 합격; 영어 검증; 명득의 붕어빵 감시","장발장을 구형하는 검사","high"
"33","33화","법보다 주먹(완전판)! 33화","서울대 교수 다섯 명이 동철의 법 감각과 영어를 끝까지 시험한다.","무모한 노력의 결실인 서울대 합격과 고교 졸업을 크게 결산한다.","면접을 통과하고 은희와 함께 서울 생활을 시작한다.","기소권 원칙을 답하고 서툰 영어 문제까지 돌파해 합격한 뒤 졸업식에서 학생주임에게 큰절한다.","서울 장거리 연애가 깨질 수 있어 동철·명득은 은희·미선에게 동거라는 당돌한 제안을 해야 한다.","‘노루 점프’ 영어에도 교수들이 노력과 가능성을 인정해 동철을 합격시키고 학교는 최초 서울대 법대 플래카드를 건다.","중졸로 끝났던 전생과 달리 빛나는 졸업장과 서울대 법대생 신분을 얻는다.","지위","고교 중퇴 예정자였던 동철이 마산의 아들이자 서울대 법대 신입생이 된다.","네 사람은 부모 몰래 헤쳐 모여 서울에서 함께 살 음모를 품고 떠난다.","서울대 합격; 고교 졸업","서울 동거; 명득의 경찰대 재수; 검사 진학","노루 점프 합격과 빛나는 졸업장","high"
"34","34화","법보다 주먹(완전판)! 34화","졸업한 네 사람은 서울 영등포에서 따로인 척 함께 살 집을 구한다.","상경의 낭만을 곰팡이 반지하와 옥탑방 생활 코미디로 구체화한다.","적은 돈으로 두 커플의 거처를 마련한다.","조선족이 많고 개차반이 있다는 다세대주택을 계약하고 사다리타기로 방을 나눈다.","예산이 적어 반지하·옥탑 외 선택지가 없고 동거 사실을 부모에게 숨겨야 한다.","명득·미선은 옥탑, 동철·은희는 반지하에 살게 되어 연애가 실제 공동생활로 바뀐다.","네 사람은 서울 정착의 첫 기반을 얻고 부모가 아는 ‘따로’를 지킨다.","관계","고교 커플들이 장거리 대신 같은 건물의 동거 동료가 된다.","복덕방이 경고한 ‘개차반’과 열악한 집이 새 생활 비용으로 남는다.","서울 자취방 계약","개차반 이웃; 대학 생활; 동거 갈등","영등포 반지하와 옥탑방","high"
"35","35화","법보다 주먹(완전판)! 35화","동철과 은희는 곰팡이·바퀴벌레 가득한 반지하에서 첫밤을 맞는다.","성인 연인의 긴장과 절제를 생활 밀착 보상으로 천천히 지급한다.","은희를 안심시키며 동거 첫날의 선을 지킨다.","약을 사 오고 옥상에서 명득과 서로의 브레이크를 이야기한 뒤 은희 이불로 들어간다.","열악한 집과 성적 긴장 속에서 은희를 함부로 대하지 않으려는 책임이 동철을 붙든다.","은희도 동철의 절제를 시험하고 만족하며 두 사람 모두 관계 진전을 원함이 드러난다.","두 사람은 같은 이불에서 손만 잡고 자며 신뢰와 기대를 함께 얻는다.","관계","연애가 동거로 깊어지되 동철의 자제가 은희의 신뢰를 강화한다.","하루씩 더 뜨거워질 동거와 옥상에서 본 서울 달동네 생활이 열린다.","동거 첫날","생활비; 관계 진전; 이웃 문제","손만 잡은 반지하 첫밤","high"
"36","36화","법보다 주먹(완전판)! 36화","동거 3주 만에 동철과 명득은 여자친구들의 생활 간섭에 지친다.","서울대 새내기 생활과 질투·보호 욕망을 교차시킨다.","은희를 학교에 보내고 자기 대학 생활을 시작한다.","은희를 지하철에 태운 뒤 명득과 대화하고 서울대 영어회화 동아리 면접에 간다.","두 연인의 학교 방향이 반대이고 은희 주변 남자들을 걱정해 종일 붙어 있을 수 없다.","명득은 재수생이면서도 몰래 동철을 지켜보고 필요할 때 개입하려는 태도를 보인다.","동철은 서울대생으로 첫 동아리 문턱에 서고 독립 생활의 리듬을 시작한다.","관계","동철·은희는 붙어 사는 연인에서 각자의 학교를 가져야 하는 성인 관계로 시험받는다.","면접관들이 뚱뚱한 여성 지원자를 외모로 배제하는 갑질을 동철이 목격한다.","서울 정착","동아리 갑질; 은희 학교의 위험","서울대 동아리 면접","high"
"37","37화","법보다 주먹(완전판)! 37화","영어 동아리 면접관들이 외모와 집안을 기준으로 지원자를 깎아내린다.","대학의 말과 지식으로 행하는 폭력도 동철이 공개 응징한다.","면접 갑질을 지적하고 스스로의 존엄을 지킨다.","불합격을 각오하고 ‘갑질’ 개념을 설명하며 선배들에게 누가 진짜 깡패인지 일침을 놓고 나온다.","학연이 중요한 법대에서 선배들과 척지고 동아리 기회도 잃는다.","은희의 전문대에서는 문형근 교수가 그녀의 스케치를 빼앗고 성추행·작품 절도를 반복해 왔음이 드러난다.","뚱뚱한 지원자는 대리 발언을 얻고 동철은 지식 권력에도 굽히지 않는 평판을 만든다.","지위","동철은 순응하는 신입생 대신 법대 선배 갑질에 맞서는 꼴통으로 각인된다.","문형근이 은희 디자인을 자기 작품으로 쓰려 하고 동철은 아직 이를 모른다.","동아리 면접 갑질 폭로","문형근의 작품 절도; 법대 선배와의 갈등","말로 사람을 베는 깡패","high"
"38","38화","법보다 주먹(완전판)! 38화","동아리 면접을 박차고 나온 동철에게 법대 직속 선배 호출이 온다.","객기가 학벌 조직 속 든든한 형과 인맥으로 반전된다.","선배들의 의도를 확인하고 법대 생활의 보호망을 만든다.","옥상 술자리에서 최무성과 맞부딪친 뒤 솔직함과 깡을 인정받아 형·동생을 맺는다.","법조계 집안 천재 최무성을 잘못 건드리면 학교생활과 훗날 진로까지 막힐 수 있다.","카리스마 강한 최무성은 동철의 객기를 싫어하기보다 자기와 닮은 꼴통으로 받아들인다.","동철은 법조계 집안 출신의 유력 선배를 형으로 얻고 첫 대학 인맥을 만든다.","관계","최무성이 위압적인 선배에서 동철을 끌어줄 법대 형으로 바뀐다.","집에 돌아온 동철은 미선의 간호 실습 주사 대상이 된다.","법대 선배 호출","최무성 관계; 은희의 학교 문제","객기로 얻은 무성이 형","high"
"39","39화","법보다 주먹(완전판)! 39화","동철은 대학 강의와 네 사람의 옥탑 생활을 그럭저럭 버틴다.","일상 리듬 속 은희의 창작물이 도둑맞는 새 응징 약속을 점화한다.","은희의 패션쇼를 함께 보고 그녀가 받은 부당함을 확인한다.","법 강의에서 최무성과 논쟁하고 명득에게 사람을 자세히 보라는 조언을 들은 뒤 패션쇼에서 은희를 따라 무대로 간다.","동철은 법대 공부를 따라가기 벅차고 문형근은 교수 권위와 업계 인맥을 방패로 쓴다.","런웨이에 오른 디자인이 은희의 스케치이며 문형근이 자기 이름으로 발표했음이 공개된다.","은희는 관객과 모델이 있는 자리에서 자기 디자인을 돌려달라고 직접 맞선다.","관계","은희가 보호만 받는 인물에서 자기 작품을 공개적으로 주장하는 창작자로 선다.","문형근이 건방지다며 은희를 윽박질러 동철의 개입을 부른다.","서울대 초기 적응","은희 디자인 회수; 문형근 응징","패션쇼 무대 뒤의 도둑놈","high"
"40","40화","법보다 주먹(완전판)! 40화","은희는 패션쇼 뒤에서 문형근에게 디자인 반환을 요구한다.","교수 권력의 모욕을 사적인 추적·응징 계획으로 되돌린다.","은희를 달래고 문형근이 다시는 학생을 해치지 못하게 한다.","현장에서 문형근의 폭언을 막고 명득을 불러 3일 동안 동선을 미행한 뒤 철제 도구를 꺼낸다.","교수의 지위 때문에 공개 폭행은 은희 학업과 동철의 법대생 신분을 망칠 수 있다.","문형근이 작품 절도뿐 아니라 성추행을 반복하며 치질까지 앓는다는 약점과 생활 동선이 드러난다.","은희는 혼자가 아니며 동철·명득의 완벽한 파트너십이 다시 가동된다.","관계","동철과 명득이 고교 사건 해결조에서 서울의 권력형 악인을 사냥하는 팀으로 재결합한다.","주차장에서 동철이 철자를 들고 ‘제대로 조질’ 실행에 들어간다.","문형근 범행 확인과 미행","비밀 응징 방식; 은희 작품 반환","문형근 미행과 철제 도구","high"
"41","41화","법보다 주먹(완전판)! 41화","동철과 명득은 미행으로 문형근의 치질·불륜 동선을 파악했다.","교수의 욕망과 몸의 약점을 단계식 함정으로 응징한다.","문형근을 학교 밖으로 밀어내 마지막 증거 공작의 시간을 번다.","차 문을 따 도구를 설치하고 은희가 설사약 탄 바나나우유로 문형근을 공용 화장실에 몰아넣는다.","은희가 모욕을 참고 유혹하는 척해야 하며 들키면 절도·상해 공범이 된다.","문형근은 사과를 성적 거래 수락으로 오해하고 은희를 다시 추행해 죄를 추가한다.","동철 일행은 설사약과 잠긴 칸막이로 문형근을 유일한 덫 변기로 몰아넣는다.","능력","동철·명득의 싸움 방식이 즉흥 폭행에서 다단계 동선 설계로 확장된다.","랩 씌운 변기에 앉은 문형근이 뒤늦게 참사를 깨닫는다.","문형근 동선 확인","화장실 1단계; 차 2단계; 교수실 3단계","설사약과 투명 랩 변기","high"
"42","42화","법보다 주먹(완전판)! 42화","문형근은 랩 씌운 변기에 설사를 쏟고 화장실에 갇힌다.","권력자가 숨기던 추태를 불륜 현장의 공개 망신으로 되갚는다.","불륜 사진을 확보하고 문형근을 학교에서 내보낸다.","문형근이 부른 젊은 내연녀를 따라가 화장실 정사 장면을 찍고 도망친 뒤 옥상에서 다음 단계를 기다린다.","사진 촬영이 들키면 현장 난투와 형사처벌을 피하기 어렵다.","원래 아내에게만 보낼 계획이던 사진이 은희 디자인 값을 받아낼 협박 자산이 된다.","문형근은 학생들 앞에서 변태로 남고 내연녀와 함께 황급히 주차장으로 간다.","지위","문형근의 은밀한 불륜이 동철·명득 손에 잡힌 물적 약점으로 바뀐다.","주차장으로 가는 문형근에게 차 안 2단계 함정이 기다린다.","화장실 굴욕과 불륜 촬영","차량 함정; 디자인 대가; 아내 제보","화장실 불륜 사진","high"
"43","43화","법보다 주먹(완전판)! 43화","문형근이 내연녀와 차에 타자 미리 설치한 함정이 작동한다.","육체적 응징 뒤 명득의 천재성이 생활비 문제까지 해결하는 이중 보상을 준다.","문형근을 입원시키고 교수실을 비울 시간을 확보한다.","차 좌석의 철제 공격 장치로 치질 부위를 찔러 문형근을 구급차에 태우고 명득에게 3단계 장치를 의뢰한다.","중상 공작의 잔혹함과 증거 위험, 네 사람의 바닥난 생활비가 동시에 압박한다.","명득이 온라인 포커 사기꾼의 패를 보는 자체 핵 프로그램을 사흘 만에 만들었다.","문형근은 2주 입원하고 명득은 사기꾼 판에서 생활비를 역으로 뜯을 수 있게 된다.","능력","명득이 단순 조수에서 해킹·기계 공작까지 해내는 핵심 설계자로 격상된다.","A 풀하우스를 든 사기꾼들이 판돈 20조를 걸며 명득의 7포커 덫에 들어온다.","차량 2단계와 입원","온라인 포커 역도박; 교수실 3단계","문형근 입원과 신의 눈 핵","high"
"44","44화","법보다 주먹(완전판)! 44화","명득은 패를 훔쳐보는 프로그램으로 짜고 치는 포커 사기꾼들과 맞선다.","가난을 악인 돈으로 해결하고 문형근에게 마지막 자진 반성 기회를 준다.","생활비를 만들고 교수실 비밀 공작 전 반환 요구를 한다.","7포커로 300조 게임머니를 따 125만 원에 팔고 아이디를 지운 뒤 동철·은희와 병문안을 간다.","불법 핵을 반복하면 명득이 조폭이나 경찰의 표적이 되고 문형근은 여전히 권력을 포기하지 않는다.","명득은 욕망을 절제해 한 판 뒤 흔적을 지우고 동철은 문형근에게 디자인을 돌려달라는 마지막 선택을 준다.","네 고학생은 오랜만에 삼겹살을 먹고 은희는 동철과 함께 문형근을 직접 압박한다.","돈","생활비 125만 원을 얻고 문형근 교수실이 비어 마지막 공작이 가능해진다.","문형근의 거절 뒤 동철은 가정을 깨는 사진 공작으로 넘어간다.","포커 사기꾼 역응징","문형근 디자인 반환; 교수실 비데 공작","300조 포커머니와 마지막 기회","high"
"45","45화","법보다 주먹(완전판)! 45화","문형근은 병실에서도 디자인 반환을 거절하고 동철을 얕본다.","불륜 사진·아내·교수실 장치를 한날에 결합해 도망갈 곳을 없앤다.","문형근의 가족·언론·학교 방패를 동시에 무너뜨린다.","퀵으로 아내 방가연에게 사진을 보내 이혼을 촉발하고 밤에 교수실에 침입해 명득이 개조 비데를 설치한다.","피해 졸업생들이 보복을 두려워 증언을 거부해 동철은 불법 침입과 잔혹한 장치를 택한다.","방가연은 즉시 이혼을 선언하고 병실에 기자까지 불러 문형근의 편을 완전히 갈라놓는다.","은희에게 빼앗긴 디자인 값을 받을 협상력과 피해 학생들이 나설 공백이 생긴다.","관계","문형근의 아내가 가장 강한 내부 적으로 돌아서고 동철·명득은 비데 테러까지 완성한다.","교수실 전화로 ARS가 걸려와 동철에게 새 선택을 요구한다.","불륜 사진 전달; 비데 설치","ARS 최종 선택; 문형근 사회적 매장","D-1 이혼과 교수실 침입","high"
"46","46화","법보다 주먹(완전판)! 46화","방가연이 기자 이준표를 병실에 들여 문형근의 성추행·절도를 캐묻는다.","악인의 돈·가정·직장과 주인공의 능력을 한 번에 결산하되 기억 상실 비용을 부과한다.","사법시험에 필요한 지식 능력을 얻고 문형근을 완전히 무너뜨린다.","ARS에서 지식을 담는 뇌를 택하고, 피해자 탄원·검찰 고소와 염산 비데 장치가 차례로 작동하게 둔다.","새 스킬 대가로 기억 하나가 영구 소멸하고 동철의 선악 수치는 4:96까지 악으로 기운다.","ARS는 ###666 소통을 열고 업그레이드를 종료하며 문형근은 이준표에게 2억을 뜯긴 뒤 비데 산에 화상을 입는다.","은희 중심의 피해자들이 탄원에 나서 문형근은 학교·가정·사회에서 매장된다.","능력","동철은 지식을 무제한 담는 뇌를 얻는 대신 오득현에 관한 기억을 잃고 절대악에 가까워진다.","무슨 기억이 사라졌는지 모르는 불안과 4:96이라는 도덕 비용이 남는다.","문형근 최종 매장; ARS 최종 업그레이드","소멸 기억 확인; 악 수치 회복; 새 능력 활용","문형근의 몰락과 사라진 기억","high"
"47","47화","법보다 주먹(완전판)! 47화","문형근 사건 뒤 동철은 주말 공사장으로 네 사람 생활비를 번다.","육체노동에서 미래 지식 투자로 생계 엔진을 바꾸고 법 공부의 한계를 깨닫는다.","아르바이트 없이 사법시험을 준비할 종잣돈을 만든다.","공사장에서 잘린 뒤 2002 월드컵 결과와 비를 이용한 스포츠토토·응원용품 계획을 명득에게 제안한다.","현금이 부족하고 지식을 외우는 능력만으로 법의 진짜 답·지혜를 얻을 수는 없다.","법대 학과장이 정답을 보아도 경험 없는 답은 얕다는 사실을 지적해 동철이 지식과 지혜의 차이를 인정한다.","동철은 폴란드전 승리와 강우를 동시에 돈으로 바꿀 구체 계획을 세운다.","돈","노가다 생계에서 월드컵을 활용한 대규모 종잣돈 조달로 목표가 바뀐다.","확실한 경기 결과에 풀 베팅하고 광화문에서 우산을 팔 계획이 열린다.","문형근 사건 종료; 노가다 종료","스포츠토토 적중; 월드컵 장사; 법적 지혜","월드컵 두 마리 토끼","high"
"48","48화","법보다 주먹(완전판)! 48화","동철은 방가연에게 받은 돈과 알바비를 들고 복권방에 간다.","회귀 지식을 실제 고배당 표로 바꾸는 준비의 쾌감을 준다.","확실히 기억하는 월드컵 경기들로 최대 배당을 확보한다.","복권방 주인의 조언을 흘리고 기억 속 결과만 조합해 2천 배·1억 상한짜리 표 일곱 장을 산다.","경기 하나만 틀려도 돈을 잃고 기억을 이용한 도박이라는 윤리적 부담이 있다.","최문탁도 중국·필리핀 서버의 온라인 사업과 우천용역 합법화를 준비하며 주먹 없는 조직 미래를 설계한다.","동철은 총 7억 가능성의 표를 확보하고 생계 독립을 앞둔다.","돈","방가연 돈이 월드컵 고배당 7장이라는 미래 자산으로 바뀐다.","폴란드전과 해외 경기 적중 여부, 광화문 우의 장사가 남는다.","월드컵 베팅 구매","7장 적중; 최문탁 온라인 사업","2천 배 프로토 일곱 장","high"
"49","49화","법보다 주먹(완전판)! 49화","폴란드전 날 광화문은 붉은 악마 인파로 가득하다.","비와 승리를 미리 아는 주인공이 대중 열기를 현금·노출로 바꾼다.","우산·우의·태극기를 완판하고 경기 결과를 확인한다.","동철·명득은 장사하고 은희·미선은 태극기 옷을 입어 손님을 끌며 방송 카메라에 잡힌다.","날씨와 경기 기억이 틀리면 재고와 베팅금을 모두 잃고 은희의 외모 노출이 뜻밖의 변수를 만든다.","연예기획사 대표가 태극기녀 은희를 발견해 매니저에게 연락처를 못 따오면 해고하겠다고 명령한다.","비옷·태극기 장사는 대박이 나고 은희·미선은 군중과 방송의 시선을 받는다.","지위","은희는 평범한 디자인과 학생에서 광화문 군중이 촬영하는 태극기녀로 떠오른다.","매니저가 은희의 번호를 노리고 월드컵 경기·토토 결과가 다가온다.","광화문 장사 준비","폴란드전 승리; 은희 캐스팅; 토토 적중","광화문 태극기녀","high"
"50","50화","법보다 주먹(완전판)! 50화","광화문 장사가 폭발하고 국가대표가 폴란드전 선취골을 넣는다.","월드컵 승리·돈·캐스팅을 주되 동거 발각 위기로 즉시 리듬을 꺾는다.","경기 결과와 장사를 챙긴 뒤 은희 아버지에게 동거를 숨긴다.","은희가 매니저 연락처를 받고 동철·명득은 아버지 전화에 짐을 두 방으로 급히 옮긴다.","연예계 진출은 연애를 흔들 수 있고 갑작스러운 방문은 네 사람의 거짓말을 폭로할 수 있다.","국가대표 승리 직후 은천재의 우천용역이 한국병원 청소노동자 착취를 처리할 새 갈등으로 등장한다.","월드컵 첫 승과 장사 대박을 얻고 동철·명득은 겉보기 남자 방을 만들어낸다.","관계","은희와 동철의 동거는 부모 감시로 종료되고 은희에게 연예계 선택지가 열린다.","은희 아버지가 예상보다 빨리 옥탑에 도착해 담배 냄새를 맡는다.","폴란드전 장사와 승리","동거 은폐; 은희 캐스팅; 우천용역 착취","월드컵 승리 뒤 아버지 급습","high"
"51","51화","법보다 주먹(완전판)! 51화","은희 아버지가 옥탑에서 담배 냄새와 여성 물건 흔적을 찾는다.","들킬 듯한 가족 코미디 끝에 신뢰와 책임을 다시 확인한다.","동거 사실을 숨기고 은희를 맡길 사람으로 인정받는다.","명득과 둘이 무릎 꿇어 둘러대고 아버지를 서울역까지 배웅한다.","숨겨진 생리대와 방 배치가 거짓말을 무너뜨릴 뻔하고 아버지는 딸의 명예를 걱정한다.","아버지는 의심하면서도 마지막에 동철 손을 잡고 은희를 잘 부탁한다고 맡긴다.","동거는 끝나지만 두 사람의 교제와 동철의 책임은 부모에게 재승인된다.","관계","은희 아버지가 감시자에서 동철에게 딸을 부탁하는 보호자 동맹으로 이동한다.","서울역에서 명득은 붕어빵을 보며 ‘거지 친구’를 기억한다고 말한다.","아버지 방문 위기","명득의 어린 시절 정체; 독립 주거","생리대 위기와 ‘은희 잘 부탁한다’","high"
"52","52화","법보다 주먹(완전판)! 52화","명득의 붕어빵 집착이 어린 거지와 꼬마 동철의 첫 만남으로 이어진다.","숨겨 온 우정의 기원·토토 대박·사시 도전이 한 번에 열린다.","새 집과 돈을 확보하고 사법시험 1차에 도전한다.","월드컵 토토 연속 적중금으로 오피스텔 두 채을 얻고 소멸 대비 이메일을 쓴 뒤 몰래 사시 1차를 본다.","ARS가 지운 오득현 기억처럼 또 기억을 잃을 수 있고 1학년 합격은 질시를 부른다.","거지 아이가 사실 명득이며 붕어빵을 준 동철을 평생 친구로 기억해 따라왔다는 사실이 독자에게 밝혀진다.","반지하·옥탑을 탈출하고 동철은 사시 1차 합격 명단에 오를 준비를 마친다.","돈","토토 대박이 안정된 오피스텔과 무알바 수험생활로 전환된다.","은희의 연예기획사 계약 압박과 사시 합격 발표가 동시에 다가온다.","월드컵 토토 적중; 반지하 탈출","명득 정체; 사시 1차; 은희 캐스팅","붕어빵 친구와 사시 1차","high"
"53","53화","법보다 주먹(완전판)! 53화","법대생들은 1학년 동철의 사법시험 1차 합격을 믿지 못한다.","사회적 인정 직후 신체 붕괴와 재벌 인연으로 새 규모를 연다.","질시를 넘고 법대 공부를 계속한다.","최무성의 공개 옹호 속 도서관 공부를 이어가다 맹장 통증으로 쓰러져 정소연 도움으로 병원 특실에 실려 간다.","과로와 고통으로 의식을 잃고 최문탁도 유망 합격자 포섭 명단에서 동철을 따로 주시한다.","동철을 구한 정소연은 한국자동차 회장 손녀지만 가족과 차 판매 일을 평범하게 말한다.","사시 1차 합격이 학교·최문탁에게 확인되고 동철은 최고급 치료를 받는다.","지위","동철은 우연한 서울대생에서 최연소급 사시 1차 합격자로 법대와 조직의 주목을 받는다.","은희와 명득이 특실에 와 정소연의 정체를 모른 채 새 인연을 경계한다.","사시 1차 합격","정소연 정체; 맹장 수술; 법대 질시","합격 직후 한국자동차 특실","high"
"54","54화","법보다 주먹(완전판)! 54화","은희는 정소연이 마련한 특실에서 동철의 새 여자인지 경계한다.","재벌 손녀라는 정보가 연애 경쟁과 연예계 진출 결심을 촉발한다.","치료받으며 관계 오해를 풀고 사시 공부를 지속한다.","병상에서 헌법을 읽고 은희에게 정소연과의 만남을 설명한다.","은희의 질투와 동철의 고름 찬 충수, 정소연 도움에 진 빚이 부담이 된다.","간호사 대화를 엿들어 정소연이 한국자동차 정 회장 손녀임을 확인하고 은희가 경쟁력을 얻으려 연예인이 되기로 한다.","동철은 재벌 인연의 실체를 알고 은희는 수동적 캐스팅 대상에서 적극적 데뷔 희망자로 바뀐다.","관계","은희·정소연 사이에 동철을 둘러싼 잠재 경쟁선이 생긴다.","사라진 기억 상처를 떠올린 동철이 과거의 아픔은 완전히 아물지 않는다고 느낀다.","정소연 신분 확인","은희 연예계 진출; 수술; 기억 소멸 비용","한국자동차 손녀와 은희의 결심","high"
"55","55화","법보다 주먹(완전판)! 55화","정소연이 다시 병문안을 와 은희와 마주한다.","연애 긴장을 여성들의 우정과 병동 아이 솔이의 외로움으로 전환한다.","은희·정소연 관계를 안정시키고 입원 중 주변을 돌본다.","두 여성을 소개해 친구가 되게 하고 병실을 찾은 솔이를 안아 달래며 놀아준다.","은희는 웃지 않는 눈으로 경계하고 솔이는 가족의 품이 그리워 밤까지 울음을 참는다.","털털한 정소연이 은희 마음을 얻고 은희는 동철을 빼앗기지 않으려 연예인 의지를 더 굳힌다.","동철은 병동의 고립된 아이 솔이에게 임시 가족 같은 안식처를 준다.","관계","정소연은 연적 후보에서 은희의 친구로 들어오고 솔이는 동철을 의지한다.","밤의 솔이가 결국 울고 있음을 알아챈 동철이 이유를 묻는다.","은희·정소연 첫 대면","솔이의 가족 사정; 은희 데뷔","질투를 넘은 병실 친구들","high"
"56","56화","법보다 주먹(완전판)! 56화","솔이는 울지 않는 척하지만 동철에게 계속 놀아 달라고 매달린다.","수술 회복 중에도 약자의 위협을 목격하면 몸을 던지는 행동 약속을 재점화한다.","수술을 마치고 병원 뒤 청소노동자 협박을 막는다.","충수 수술 뒤 담배를 구하러 갔다가 깡치가 청소 아줌마를 협박하는 장면을 엿듣고 개입한다.","실밥도 풀지 않은 몸과 담배 욕구, 병원 용역 뒤 조폭 세력이 위험하다.","청소노동자들이 최저임금·근무시간 문제로 움직이며 깡치가 우천용역의 폭력 담당임이 드러난다.","청소 아줌마는 당장의 폭행을 피하고 동철은 담배 한 개비 빚을 갚을 책임을 느낀다.","관계","동철과 이름 모를 청소 아줌마 사이에 한 개비 담배로 연대가 생긴다.","용역과 병원 측이 파업을 꺾으려는 더 큰 움직임이 열린다.","수술 완료; 솔이 위로","청소노동자 파업; 깡치 응징","담배 한 개비의 빚","high"
"57","57화","법보다 주먹(완전판)! 57화","한국병원 청소노동자들은 5만 원 인상과 최저임금을 요구해 파업을 예고한다.","병원·방송·아이들을 엮어 용역 폭력의 목격자를 만드는 설계가 시작된다.","깡치가 보낼 조폭을 막고 파업을 외부에 알린다.","KBC와 신문사에 제보하고 명득에게 토마토, 솔이에게 아이들 동원을 맡긴 뒤 얼굴을 가릴 준비를 한다.","제2연평해전 때문에 언론 관심이 빠지고 병원장·총무부는 용역 교체 협박으로 조폭 진압을 부른다.","은천재에게 갈굼받은 깡치가 살기를 품고 후문으로 조직원을 투입한다.","파업은 병원장에게 보고돼 숨길 수 없게 되고 동철은 후문 단독 방어선을 만든다.","세계","개인 응징이 노동 착취·언론·병원 경영을 건 집단 충돌로 규모가 커진다.","환자복·마스크 차림 동철이 후문에서 조폭 버스를 기다린다.","언론 제보와 파업 개시","후문 조폭 진압; 병원 경영진 반응","후문을 막는 수술 환자","high"
"58","58화","법보다 주먹(완전판)! 58화","실밥도 풀지 않은 동철이 한국병원 후문 철문에 홀로 선다.","압도적 다수 조폭을 환자복 한 명이 막는 행동 장르 보상을 연다.","로비의 청소 아줌마들에게 폭력이 닿기 전에 진압대를 꺾는다.","버팀목을 무기로 쓰고 우천용역 버스에서 내린 깡치와 조직원들을 차례로 공격한다.","수술 부위가 터질 위험과 최소 열 명, 쇠파이프라는 물리적 열세가 크다.","조폭들이 청소 용역 점퍼를 입고 합법 직원처럼 난입하려 한 위장이 드러난다.","첫 쇠파이프 공격을 피하고 턱을 정확히 가격해 전투 주도권을 잡는다.","능력","회복 중인 동철도 전생 실전 경험으로 다수 무장조를 상대할 수 있음이 입증된다.","첫 조폭이 쓰러지고 후문 난전이 본격화된다.","후문 방어 준비","깡치·우천용역 제압; 수술 상처","환자복 한 명 대 조폭 버스","high"
"59","59화","법보다 주먹(완전판)! 59화","후문에서 동철과 우천용역 조폭들의 쇠파이프 난전이 이어진다.","혼자 전원을 쓰러뜨리는 즉시 보상 뒤 비 맞는 노동자의 현실 비용을 보여준다.","깡치 일당을 현장에서 퇴거시키고 파업을 지킨다.","관자놀이·턱을 연속 타격해 조직원들을 제압하고 머리채를 잡아 버스로 끌어가 기사에게 모두 싣게 한다.","복부 수술 상처와 폭행 흔적, 쏟아지는 비 속 청소노동자들의 체력 한계가 남는다.","조폭은 후문에서 패퇴하지만 로비 앞 아줌마들은 겨우 5만 원 때문에 여전히 비를 맞는다.","용역의 물리 진압은 실패하고 동철은 정소연을 최종 카드로 떠올린다.","지위","익명의 환자복 남자가 조폭 버스 하나를 되돌려 파업의 보이지 않는 보호자가 된다.","동철은 한국자동차 회장 손녀 정소연에게 병원 문제를 가져가려 한다.","후문 조폭 제압","정소연 개입; 임금 협상; 동철 상처","비 속 파업과 재벌 카드","high"
"60","60화","법보다 주먹(완전판)! 60화","청소 아줌마들은 폭우 속에서도 최저임금을 달라며 로비를 지킨다.","아이들의 놀이와 재벌의 시선을 동원해 보이지 않던 노동을 공개 사건으로 만든다.","정소연과 병원 책임자의 개입을 끌어내 협상 판을 연다.","솔이가 병동 아이들과 토마토 장난을 벌여 병원을 떠들썩하게 하고 동철은 정소연을 기다리며 파업 현장으로 돌아온다.","총무부장은 아줌마들이 폐렴으로 죽길 바랄 만큼 냉혹하고 방송은 연평해전으로 오지 않는다.","동철에게 담배를 준 아줌마가 비를 맞으며 ‘담뱃값’이라 말해 개인 빚과 집단 투쟁이 하나로 묶인다.","파업 현장에 환자·아이들 시선이 모이고 동철의 최종 설계 조건이 갖춰진다.","관계","동철은 청소노동자들의 외부 조력자에서 개인적으로 빚진 동료가 된다.","정소연 또는 정 회장 측이 도착해 병원 권력과 맞설지가 다음 결산이다.","용역 폭력 저지","임금 인상; 병원 책임; 정소연 도착","폭우 속 담뱃값","high"
"61","61화","법보다 주먹(완전판)! 61화","동철은 우산으로 비 맞는 청소노동자들을 가려주며 정소연을 기다린다.","재벌 기부자의 공개 분노로 약자들의 소박한 요구를 즉시 관철한다.","병원과 용역의 임금 착취를 끝내고 직접고용을 만든다.","정소연과 한국자동차 사장인 부친 앞에서 파업 사정을 드러내고 병원장에게 기부금 반환 소송 압박을 가하게 한다.","정소연 호의를 이용하는 관계 부담과 감기라는 신체 비용이 생긴다.","한국자동차 사장은 현장을 보자 병원 설명을 묵살하고 기부금 회수·책임 조사를 선언한다.","체불·삭감 임금이 회복되고 청소원들은 병원 직접계약으로 고용 안정을 얻는다.","지위","외주 용역의 저임금 계약직들이 병원 직접고용 노동자로 전환된다.","동철·솔이 포함 20명이 감기에 걸리고 정소연은 동철을 더 갖고 싶다고 말한다.","청소노동자 직접고용과 임금 개선","병원·용역 비리 수사; 정소연 감정","재벌차가 멈춘 파업 현장","high"
"62","62화","법보다 주먹(완전판)! 62화","한국자동차 압박 뒤 방송국이 뒤늦게 병원 임금 착취를 취재한다.","언론·수사·신체 기증을 통해 집단 정의와 개인 구원을 함께 지급한다.","비리 책임자를 처벌하고 솔이를 살린다.","홍운철 기자가 앵커 브리핑으로 5년 15억 페이백을 폭로하게 하고 동철은 골수 기증 등록을 한다.","병원장·총무부·깡치 수사와 고통스러운 골수 채취를 감수하며 북측 천지회라는 미지 세력도 움직인다.","동철의 골수가 놀랍게도 솔이와 일치해 즉시 기증할 수 있음이 확인된다.","총무부장·깡치가 수사선에 오르고 솔이는 동철 골수로 회복한다.","관계","동철과 솔이는 병동 친구에서 생명을 나눈 가족 같은 관계가 된다.","천지회가 기회를 기다린다는 외부 장기 위협과 일상 복귀가 함께 열린다.","병원 착취 폭로; 골수 일치","천지회; 솔이 회복; 법 공부 복귀","앵커 브리핑과 솔이의 기적","high"
"63","63화","법보다 주먹(완전판)! 63화","퇴원 한 달 뒤 은희·미선은 대형 기획사와 계약하고 정소연은 동철 곁을 맴돈다.","사시 실패를 군 복무라는 시간 확보와 성장 전환으로 바꾼다.","기억을 정리하고 다음 사시에 집중할 시간을 만든다.","2차 불합격을 확인한 뒤 3일 후 입대한다고 은희에게 통보하고 최무성과 입대 전 술을 마신다.","은희와 상의하지 않은 일방 결정이 관계를 상하게 하고 법대 동기들은 실패를 즐긴다.","은희·미선의 연예계 진출과 무성 형의 동시 입대가 각 인물의 진로 분기점이 된다.","동철은 실패를 인정하고 망설임 없이 춘천 102보충대로 갈 결심을 실행한다.","지위","사시 1차 천재에서 2차 불합격자·현역 입대자로 신분이 전환된다.","은희는 마음의 준비 없는 이별에 분노하고 군 복무 동안 관계를 지켜야 한다.","사시 2차 불합격","현역 복무; 은희 데뷔; 재도전","불합격 사흘 뒤 입대","high"
"64","64화","법보다 주먹(완전판)! 64화","입대를 사흘 앞둔 동철과 데뷔를 앞둔 은희가 각자의 선택을 한다.","스타 꿈보다 연인을 택한 은희의 동행과 친구의 깊은 애착을 지급한다.","입대 전 가족·연인과 작별하고 춘천으로 간다.","은희가 데뷔 무대를 포기하고 춘천행을 택하며 명득은 용산역에서 눈물로 동철을 보낸다.","은희의 스케줄 손실과 명득의 상실 불안, 군 복무 이별이 모두 비용이다.","명득은 신검 6급이라 군에 못 가고 전생과 이번 생에서 동철 대신 남겨지는 운명이 뒤집힌다.","동철과 은희는 처음 단둘이 여행하듯 춘천에 도착해 입대 전날을 함께 보낸다.","관계","은희는 신인 가수 기회보다 동철을 우선하고 명득은 동철 부재를 견뎌야 하는 친구가 된다.","춘천에 방 하나뿐인 모텔이 남아 두 연인의 첫 관계를 예고한다.","입대 작별","입대 전날 연인 관계; 은희 데뷔 손실","기차역 이별과 춘천 동행","high"
"65","65화","법보다 주먹(완전판)! 65화","춘천 모텔에 방 하나만 남아 동철과 은희가 입대 전날을 함께 보낸다.","오래 미룬 성인 연애 보상을 입대 직전 지급한다.","은희와 사랑을 확인하고 다음 날 보충대에 입소한다.","어색함과 피임 준비 소동 끝에 은희와 첫 관계를 갖고 밤을 새운 뒤 102보충대로 간다.","입대 직전 이별 감정과 경험 없는 긴장, 군 규율에 대한 무지가 겹친다.","은희는 동철이 숫총각이었다는 사실에 안도하고 두 사람은 더 깊은 연인이 된다.","동철은 사랑의 확신을 얻지만 입소 즉시 ‘다나까’도 모르는 신병으로 꺾인다.","관계","동철·은희의 동거 연애가 육체적·정서적 결합으로 비가역적으로 깊어진다.","조교의 싸늘한 시선 속 동철의 군대 적응이 시작된다.","입대 전 첫 관계","신병 적응; 장거리 연애","춘천 첫밤과 102보충대","high"
"66","66화","법보다 주먹(완전판)! 66화","동철은 다나까 말투부터 다시 배우며 신교대 훈련에 들어간다.","사회의 강자도 군대에서는 바닥부터 적응하는 압축 성장과 은희의 스타 상승을 교차한다.","훈련을 무사히 마치고 자대 배치를 받는다.","수류탄·유격·각개전투를 버티고 타워에서 은희 이름을 외치며 하강한다.","조교의 절대 권력과 체력 고통, 은희를 볼 수 없는 이별이 지속된다.","4주 만에 은희의 인기가 군인들의 ‘은느님’ 수준으로 폭발해 기획사 대표가 스케줄 거부도 감수한다.","동철은 훈련을 완주하고 은희는 신인에서 군부대가 열광하는 스타가 된다.","지위","동철은 훈련병으로 군 기본기를 얻고 은희는 전국 군인들이 알아보는 연예인으로 도약한다.","6주 수료식에 은희가 올지, 어느 자대로 갈지가 열린다.","신교대 훈련","수료식 재회; 은희 스타 상승","유격장에서 부른 은느님","high"
"67","67화","법보다 주먹(완전판)! 67화","6주 훈련 수료식에 부모가 오고 동철은 은희를 기다린다.","가족 재회와 스타가 된 연인의 등장 뒤 군대의 어두운 자대로 밀어 넣는다.","가족·은희와 재회하고 새 부대에 무사히 전입한다.","부모와 먹고 이야기한 뒤 바쁜 은희·스타일리스트를 만나 부탁하고 자대 내무반에 들어간다.","은희의 급격한 명성은 고무신 불안을 만들고 자대 선임 체계는 아직 알 수 없다.","은희가 실제로 크게 떴고 동철을 보러 스케줄 사이에 왔으며 소대는 신병을 축제처럼 맞는다.","동철은 가족 사랑과 은희의 변치 않은 마음을 확인한다.","관계","부모·연인과의 유대가 군 공백을 버틸 기반으로 재확인된다.","문 앞 상병과 옷깃이 닿는 첫 순간부터 자대 선임 관계가 시험된다.","훈련소 수료","자대 가혹행위; 은희와 장거리","수료식 재회와 신병 전입","high"
"68","68화","법보다 주먹(완전판)! 68화","동철은 새 소대에서 상병에게 경례하지만 맞선임 규칙과 충돌한다.","군대 안의 비합리와 폭력을 주인공이 직접 체험하게 한다.","서열과 인물들을 파악해 생존한다.","일주일간 암기 강요와 얼차려를 견디며 장칠수·계두철·나송우·이익태 등 선임 성향을 살핀다.","계급보다 내무반 사적 서열이 우선하고 장칠수는 인간이 아닌 교보재처럼 학대받는다.","겉으로 상병인 장칠수가 소대 최약자이고 계두철이 그를 공개 괴롭히는 구조가 드러난다.","동철은 눈치와 암기로 신병 생활을 버티며 가해 집단의 실체를 모은다.","세계","검사를 꿈꾸던 동철이 900미터 독립중대의 폐쇄된 폭력 규칙 아래 놓인다.","계두철이 동철에게 ‘좀 한다’며 새 장난감으로 관심을 보인다.","자대 적응","장칠수 구출; 계두철 세력 파악","쌍팔년도 같은 내무반","high"
"69","69화","법보다 주먹(완전판)! 69화","계두철과 나송우는 장칠수를 교보재로 삼아 일상적으로 학대한다.","주인공이 가혹행위의 주범과 침묵 구조를 구체적으로 식별한다.","장칠수를 구할 수 있도록 가해자·배후·규칙을 알아낸다.","선악의 저울로 소대원들을 보고 식사 자리의 모욕과 통제를 관찰한다.","나송우·계두철뿐 아니라 한 달 뒤 전역할 왕고와 중대 전체가 침묵하고 계두철은 조직 전력을 믿는다.","직접 때리지 않는 나송우의 악 수치가 가장 높고 계두철이 삼류 조폭 연줄로 중대를 장악했음이 드러난다.","동철은 두 주범을 없애면 장칠수 학대가 멈출 것이라는 공격점을 찾는다.","관계","동철은 단순 신병에서 장칠수 편에 설 유일한 잠재 보호자로 이동한다.","장칠수의 선악 수치가 행동 없이 악 쪽으로 변해 위험 신호를 낸다.","가혹행위 구조 파악","장칠수의 계획; 계두철·나송우 제거","장칠수를 먹는 내무반","high"
"70","70화","법보다 주먹(완전판)! 70화","장칠수의 선악 수치가 하루 만에 44:56으로 기울고 마음의 편지는 백지다.","숨겨진 극단 계획과 보급병 이동이라는 두 카운트다운을 건다.","장칠수 수첩의 D-day 의미를 밝히고 대응 자원을 얻는다.","떨어진 수첩에서 D-13·D-11·D-9를 보고 행정보급관 호출에 응해 보급병 업무를 배운다.","피해자는 보복 때문에 소원수리를 못 쓰고 동철도 보급병이 되면 소대에서 멀어진다.","D-9이 단순 전역일이 아닌 비밀 행동 카운트다운이며 전 중대 실사격 일정과 겹친다.","동철은 행정반 접근과 정보력을 얻고 장칠수 계획을 추적할 단서를 잡는다.","지위","동철은 소대 막내에서 행정보급관이 직접 뽑은 보급병으로 이동한다.","전투력 측정 실사격과 D-9의 관계가 의문으로 남는다.","D-day 수첩 발견","실사격 날 장칠수 계획; 보급병 전환","장칠수의 D-9","high"
"71","71화","법보다 주먹(완전판)! 71화","행정반 소원수리는 강요된 백지이고 중대장은 진급 실적에 집착한다.","가혹행위가 개인 악행이 아니라 지휘 체계 묵인임을 드러낸다.","장칠수의 실사격 날 사고를 사전에 막는다.","일정·탄약 보급을 확인하고 장칠수의 말꼬리에서 D-9가 전투력 측정일임을 확신한다.","행정보급관도 의심하면서 계급 때문에 중대장에게 맞서지 못해 정상 보고선이 막혀 있다.","장칠수가 실사격 날 자신 또는 가해자를 쏠 가능성이 떠올라 동철은 오늘을 자기 D-day로 정한다.","동철은 기다리지 않고 즉시 사건을 만들 결심을 한다.","세계","폐쇄 소대 폭력이 무능한 중대장과 강요된 소원수리로 유지되는 조직 문제로 확장된다.","중대장은 또 실적용 일을 벌여 병사들의 부담을 늘린다.","D-9 의미 확인","가해 증거 만들기; 외부 군법 개입","실사격 전에 움직여라","high"
"72","72화","법보다 주먹(완전판)! 72화","보급병이 된 동철은 선임들의 호구 요구를 받으면서도 소대에 남아 증거 기회를 노린다.","군대식 오락 싸움을 역이용해 가해자에게 공개적으로 맞설 명분을 만든다.","계두철을 도발해 폭력 사건을 기록 가능한 형태로 끌어낸다.","침낭 글러브 싸움에 나서 장칠수의 걱정을 받으며 계두철과 맞붙을 준비를 한다.","고참 어드밴티지와 내무반 전체의 편파 심판 때문에 정면 승리는 보복만 키울 수 있다.","동철의 저항을 기다리던 계두철이 허리띠까지 머리에 묶고 체면 싸움으로 받아들인다.","장칠수가 처음 동철에게 괜찮냐고 말을 걸며 고립이 깨진다.","관계","동철과 장칠수 사이에 침묵을 넘는 신뢰가 처음 생긴다.","계두철과의 침낭 글러브 결투가 시작된다.","보급병 이동","계두철 도발; 집단 보복 증거","침낭 글러브 결투","high"
"73","73화","법보다 주먹(완전판)! 73화","계두철은 고참 특혜를 두르고 동철과 침낭 글러브 싸움을 벌인다.","공개 대결 뒤 더 큰 집단 폭행을 일부러 받아 외부 수사의 명분으로 바꾼다.","가해자들이 빠져나갈 수 없는 실제 폭행 증거를 만든다.","낮 싸움에서 맞서고 밤에는 나송우·계두철·송병철 등 최소 다섯 명의 야외 호출을 기다린다.","당직사관까지 잠들고 폐쇄 중대의 집단 보복은 목숨을 위협한다.","동철이 반격할 수 있는데도 계획상 5대1 사적 폭행을 받기로 했음이 드러난다.","가해자들이 스스로 한자리에 모여 외부 신고에 필요한 명확한 사건을 만든다.","지위","동철은 순응 신병에서 소대 가해 질서를 공개 도전한 표적이 된다.","이익태가 잠든 동철을 깨워 야외 화장실의 매복을 알려준다.","침낭 결투","집단 폭행 수집; 군검찰 신고","야외 화장실의 5대1","high"
"74","74화","법보다 주먹(완전판)! 74화","이익태가 알려준 야외 화장실에서 동철은 다섯 선임에게 집단 폭행당한다.","맞아 준 비용을 군법과 인맥으로 되돌리는 응징 직전의 긴장을 높인다.","헌병·군검찰을 불러 가해 체계를 한꺼번에 잡는다.","반격을 억누르고 폭행을 견딘 뒤 신고전화와 최무성 인맥으로 법무관 출동을 부탁한다.","몸의 상처와 지휘체계 위반 징계, 신고 누설 시 추가 보복을 감수한다.","장칠수가 처음 계두철에게 쓰레기라 맞서고 동철도 다시 팔목을 잡아 공개 저항한다.","군법 개입의 명분과 외부 연락이 완성되고 장칠수도 피해자 침묵을 깬다.","관계","이익태·장칠수는 동철의 잠재 증인이자 같은 편으로 이동한다.","계두철이 또 맞고 싶냐고 위협하는 순간 군용 지프가 다가온다.","집단 폭행 증거","헌병 도착; 장칠수 보호; 지휘계 징계","맞아 준 밤과 오는 법무관","high"
"75","75화","법보다 주먹(완전판)! 75화","계두철이 장칠수를 다시 때리려는 순간 헌병·군검찰 지프가 도착한다.","폐쇄 군대의 폭력을 수갑·징역·전역이라는 장기 결산으로 쓸어낸다.","가해자와 배후를 처벌하고 군 복무·사시를 완주한다.","상처를 공개해 사진과 진술서를 남기고 추가 종이를 요구해 박명호 중사까지 적은 뒤 보급병으로 복무한다.","동철도 지휘체계 위반 5일 휴가 제한과 물자 정리 영창 두 번으로 동기보다 20일 늦게 전역한다.","나송우·계두철·송병철·박명호가 긴급구속돼 2년째 복역하고 장칠수는 무사 전역한다.","가혹행위 중대가 정리되고 동철은 군 휴가 중 사시 2·3차를 통과해 최연소 합격자가 된다.","지위","피해 신병 동철이 최연소 사시 합격자이자 전역하는 박동철 병장으로 비약한다.","서울대 졸업·연수원·검사 임용과 은희·정소연 관계가 다음 단계로 넘어간다.","군 가혹행위 처벌; 장칠수 생존; 군 복무","연수원 성적; 검사 임용; 연애 경쟁","남한산성의 가해자와 최연소 합격","high"
"76","76화","법보다 주먹(완전판)! 76화","사시 합격자 동철이 군을 제대하며 은희와 정소연 사이 연락을 받는다.","군 복무·대학·연수원을 시간 점프로 압축해 검사 직전까지 밀어 올린다.","서울대 졸업과 연수원 수석을 거쳐 검사 선택을 확정한다.","두 여성의 신경전에 휘말린 채 제대하고 3년 뒤 연수원 최상위 성적의 졸업 예정자로 호텔 카페에 앉는다.","연수원 성적만큼이나 은희·정소연의 경쟁이 동철에게 관계 비용을 부과한다.","지식을 담는 뇌 덕에 놀면서도 최상위가 가능하고 한 달 뒤 검사 임용이 확정된다.","동철은 군인·학생 신분을 끝내고 국가 공권력의 문턱에 선다.","지위","최연소 사시 합격자가 사법연수원 수석 졸업 예정자·예비 검사로 바뀐다.","호텔에 은희가 오고 명득이 경계 연락을 보내는 관계 소동이 열린다.","군 제대; 대학·연수원 수료","검사 발령; 은희·정소연 결혼 경쟁","3년 점프와 연수원 수석","high"
"77","77화","법보다 주먹(완전판)! 77화","명득은 호텔로 오는 은희를 알려 정소연과 마주칠 상황을 관리한다.","전교 꼴등이 끝내 검사가 되는 장기 약속을 공식 발령으로 결산한다.","첫 출근을 무사히 하고 검사로 정의를 실현한다.","은희·정소연 해프닝을 넘긴 뒤 서울중부지검 형사8과 평검사 발령을 받아 명득과 출근한다.","재벌 사건의 솜방망이 판결과 정권 변화, 검찰 조직 규칙이 이상과 충돌한다.","경위가 된 명득이 같은 청사 파트너가 되고 동철은 연수원 수석으로 검사직을 자청했다.","박동철은 스물일곱에 대한민국 검사가 되어 검찰청 앞에 선다.","지위","고교 폭군·조폭 예정자에서 서울중부지검 평검사로 인생 축이 완전히 뒤집힌다.","청사 앞에서 두 여성을 납치범에게 쫓기는 피해자로 오해해 첫 사건에 뛰어든다.","검사 임용","첫 출근 실수; 재벌 수사; 명득 공조","꼴통 박동철 검사 되다","high"
"78","78화","법보다 주먹(완전판)! 78화","검사 첫날 동철은 세 남자가 두 여성을 납치한다고 오해한다.","공권력 뽕에 취한 성급함을 즉시 망신과 교훈으로 되갚는다.","오해를 풀고 임명식에 늦지 않게 도착한다.","남자들을 막아섰다가 잠복 수사 방해로 파출소에 가 신분을 밝히고 경찰차 지원을 받는다.","범죄자 검거를 방해하고 첫 출근 지각·공무집행방해 신고라는 치명적 체면 비용을 낸다.","두 여성과 남자들은 피해자·납치범이 아니라 수사팀 관계자였음이 드러난다.","경찰은 신입 검사임을 확인하고 ‘영감님’이라 모시며 사이렌으로 청사까지 데려간다.","지위","검사 권위가 첫날부터 오판으로 흔들리지만 경찰의 공식 신분 확인으로 다시 세워진다.","사이렌 소리에 검사실 전체가 뒤집힐 첫 출근 결산이 다가온다.","납치 오해 해소","임명식 지각; 부장검사 질책","경찰차 타고 간 첫 출근","high"
"79","79화","법보다 주먹(완전판)! 79화","동철은 경찰차 사이렌을 울리며 검찰청 임명식에 가까스로 도착한다.","망신 뒤 임명장·고급차 세 대라는 지위 보상을 주고 곧 묵직한 사건을 건다.","검사 임명 절차를 마치고 첫 배당 사건을 선택한다.","전경을 지나 뛰어 임명장을 받고 지검장과 악수한 뒤 부장실에서 촉법소년 총기 사망 뉴스를 본다.","부장·선배에게 꼴통 인상을 남기고 재벌가에서 준 차들과 검소한 마티즈 사이 이해충돌도 생긴다.","총에 맞은 베트남 귀화 여성 앙티아 사건이 단순 오발치고 부자연스럽다고 동철의 촉을 건드린다.","동철은 공식 검사 권한과 사무실, 첫 수사 후보를 얻는다.","지위","박동철은 임명장을 받은 형사8과 검사이자 세 대의 차를 가진 평검사가 된다.","촉법소년 이충모가 정말 엄마를 쐈는지 재수사할 결심이 선다.","검사 임명식","앙티아 사망 진실; 첫 사건 평판","세 대의 차와 수상한 산탄총","high"
"80","80화","법보다 주먹(완전판)! 80화","부장과 추어탕을 먹고 돌아오던 동철은 청사 앞 베트남인 민원인을 본다.","외면받던 유족의 말을 신입 검사가 직접 듣고 공식 재수사로 바꾼다.","이충모의 무죄 주장과 경찰 수사 허점을 확인한다.","앙티아의 친척을 민원실로 안내하고 명득을 조사관으로 붙여 경찰 기록·화약 반응·진술을 검토한다.","이충모 옷소매 화약 반응과 본인의 장난감 총 오발 자백 때문에 사건은 이미 종결 분위기다.","경찰은 총기 관리 책임을 피하려 서둘러 처리했고 언론 의혹 때문에 검찰이 떠밀려 수사하게 됐음이 드러난다.","유족은 검사를 만나고 동철은 첫 사건을 단순 민원 아닌 살인 가능성으로 받아든다.","관계","동철·명득이 검사와 조사관으로 처음 공식 사건팀을 이룬다.","기록상 증거가 전부 충모를 가리키는 상황에서 다른 범인을 찾아야 한다.","유족 민원 접수","총기 살인 재수사; 충모의 결백","첫 배당, 앙티아 총기 사망","high"
"81","81화","법보다 주먹(완전판)! 81화","유족은 앙티아 남편 조득출을 의심하지만 물증은 없다.","촉에 기대되 무고한 사람을 만들지 않는 증거 원칙을 첫 검사 사건에서 세운다.","충모를 직접 만나 총 발사 능력과 진술 신빙성을 확인한다.","산탄총을 들게 해 무게·반동을 시험하고 아이와 편하게 대화한 뒤 총을 반납한다.","심증대로 남편을 몰면 한 명의 무고한 시민을 범죄자로 만들 수 있다.","열 살 충모가 무거운 총을 겨누기 어렵고 ‘장난감인 줄 알았다’는 말에는 어른의 조작 가능성이 있음을 확인한다.","충모는 검사의 공포를 벗어나 웃고 동철은 친족 살인 동기를 새로 좁힌다.","관계","동철은 충모를 피의자가 아니라 보호해야 할 아이로 대한다.","부장검사가 멍 때린다며 들이닥쳐 수사 연장 근거를 요구한다.","충모 신체 검증","조득출 동기와 물증; 총 바꿔치기","무고한 한 명을 만들지 말자","high"
"82","82화","법보다 주먹(완전판)! 82화","부장은 공소권도 없는 사건을 왜 붙드냐 묻지만 동철에게 시간을 준다.","명득의 상실 기억이 보험금 아닌 동기를 떠올리게 하는 감정·수사 연결을 만든다.","조득출이 아내를 죽일 실제 이익을 찾는다.","명득과 삼겹살을 먹으며 부모·유산·가난을 이야기하고 총 바꿔치기 가설을 세운다.","물증이 없고 명득은 어린 시절 아버지의 죽음을 혼자 지켜본 상처를 다시 꺼낸다.","조득출이 새벽 농협중앙회 앞을 서성여 보험 외에 곧 받을 돈이 있음을 암시한다.","동철은 동기를 보험금에 한정하지 않고 피해자가 가진 다른 재산으로 수사 범위를 넓힌다.","관계","명득은 처음으로 동철에게 거지 아버지의 죽음과 마지막 인사를 내보인다.","조득출이 가슴을 만지며 농협 앞에서 ‘잠잠해지면’이라 웃는다.","수사 연장 허가","농협의 돈; 명득 가족 상처","농협 앞 조득출의 미소","high"
"83","83화","법보다 주먹(완전판)! 83화","동철은 선악의 저울 연령 규칙을 실험하고 명득에게 총기 복제품을 찾게 한다.","흩어진 생활 단서가 로또라는 범행 동기로 모인다.","조득출의 물증과 앙티아 재산 기록을 찾는다.","총의 동일 모델을 비교하고 수사관들을 탐문에 보내며 유족은 앙티아 연습장을 찾는다.","총 바꿔치기를 직접 증명하기 어렵고 수사팀은 검사의 촉에 회의적이다.","동네 슈퍼 탐문 중 오 수사관이 앙티아가 로또를 샀다는 말을 듣고 범행 동기를 직감한다.","피해자의 연습장과 로또 구매 단서가 검찰로 모이기 시작한다.","돈","사건의 숨은 축이 보험이 아니라 최대 수백억의 로또 당첨권으로 전환된다.","오 수사관이 동철에게 로또 단서를 긴급 보고한다.","총 모델 확인","당첨번호 기록; 로또 영수증 위치","구멍가게 로또 단서","high"
"84","84화","법보다 주먹(완전판)! 84화","유족은 앙티아가 번호를 빼곡히 쓴 연습장을 동철에게 건넨다.","수치와 날짜를 맞춰 살인의 경제적 동기를 선명하게 복원한다.","당첨권·구매 시점·조득출 행동을 연결한다.","연습장 번호와 당첨 회차를 대조해 1등 150억 당첨 가능성을 확인하고 농협 수령 시점을 계산한다.","영수증은 사라졌고 조득출이 가진지 아직 압수할 법적 근거가 없다.","조득출이 당첨금 수령을 기다리느라 농협을 서성이고 사건이 잠잠해지길 기다린다는 가설이 굳어진다.","수사팀은 남편이 아내를 죽일 150억짜리 동기를 잡는다.","돈","앙티아의 평범한 로또가 150억 상속·살인 동기로 재정의된다.","동철 가족의 누나 맞선 소동과 함께 조득출 감시전이 시작된다.","로또 동기 확인","당첨권 물증; 조득출 자백","150억짜리 연습장","high"
"85","85화","법보다 주먹(완전판)! 85화","조득출은 사흘마다 농협 앞을 확인하고 명득 정보망이 그를 감시한다.","공식 수사의 한계가 사적 공작으로 넘어갈 도덕적 문턱을 만든다.","물증 없는 조득출을 스스로 실수하게 만든다.","부장에게 방송 공개 쇼를 제안했다 거절당하고 강간 피해자 강솔미 조사도 맡는다.","정황만으로 체포할 수 없고 다른 사건을 병행해야 해 수사 집중력이 분산된다.","현재 피해자로 온 강솔미가 사실 전생 동거인이자 미인계 공갈 파트너였음이 동철 기억에서 되살아난다.","동철은 법으로 안 되면 주먹이라는 결심을 다시 하며 조득출의 욕망을 건드릴 계획을 준비한다.","관계","강솔미는 낯선 피해자에서 동철의 어두운 전생을 아는 위험한 연결점으로 부상한다.","강간 사건 진술이 과거 꽃뱀 공갈 기억을 통째로 불러낸다.","농협 감시","조득출 공작; 강솔미 사건 진위","수사실에 돌아온 강솔미","high"
"86","86화","법보다 주먹(완전판)! 86화","동철은 전생 강솔미와 모텔 미인계로 돈을 뜯던 기억에 빠진다.","과거 범죄 수법을 현재 법률 지식으로 재평가하며 주인공의 그림자를 보존한다.","현재 강솔미 강간 고소의 법적 구성과 진실을 판단한다.","전생 호텔 공갈 장면을 되짚고 현재 진술을 준강간 요건에 맞춰 검토한다.","몸은 솔미를 기억하고 전생 공범 죄책감이 객관적 수사를 흔든다.","강솔미가 성적 매력과 연기를 무기로 상대를 조종하는 방식이 현재 사건에도 반복될 가능성이 드러난다.","동철은 법률 용어가 일반인을 막는 권력임을 깨닫고 피해자 접근성을 고민한다.","능력","전생 조폭 경험이 꽃뱀 수법을 식별하는 수사 지식으로 전환된다.","현재 사건이 실제 준강간인지 강솔미 공갈인지 다음 조사로 넘어간다.","전생 솔미 기억 복원","오찬수 사건; 솔미의 현 파트너","과거 꽃뱀을 조사하는 검사","high"
"87","87화","법보다 주먹(완전판)! 87화","동철은 강간죄의 파괴력을 인정하면서도 강솔미를 미래 가해자로 경계한다.","돈 많은 피의자와 영리한 꽃뱀이 공권력을 사이에 두고 맞붙는 판을 보여준다.","오찬수를 정당하게 기소하되 솔미의 공갈망도 추적한다.","오찬수 구치소 사정과 솔미 측 합의 협상을 지켜보고 사무관에게 사건 진행을 맡긴다.","오찬수 부모의 특권과 강솔미가 여론·시민단체까지 계산하는 조작이 동시에 법을 흔든다.","강솔미는 새 남자를 도구로 삼아 3억 합의를 노리고 술집 여성에 대한 편견을 역이용한다.","오찬수는 합의를 거부하던 태도에서 여론 압박으로 돈을 낼 수밖에 없는 처지가 된다.","돈","형사 사건이 강솔미에게 3억을 지급할 공갈성 합의 판으로 변한다.","동철은 솔미가 결국 합의할 것을 확신하고 그녀 배후를 찾기로 한다.","오찬수 기소 방향","3억 합의; 솔미 내사","공권력을 쓰는 악녀","high"
"88","88화","법보다 주먹(완전판)! 88화","동철은 솔미 사건을 미루고 조득출의 150억 영수증 탈취 판을 준비한다.","탐욕을 이용해 살인자의 물증을 빼앗되 주인공 자신의 돈·권력 유혹도 점검한다.","당첨권을 확보하고 충모의 상속권을 지킨다.","유족 동생을 시켜 조득출을 흔들고 비밀 빌라에서 자금·계획을 관리한다.","유족조차 150억 욕심으로 협조하고 검사가 사적 아지트에서 불법 공작을 꾸미는 위험이 있다.","조득출은 충모에게 돈이 갈까 두려워 영수증을 숨기고, 명득은 동철의 비밀 빌라를 몰래 파악한다.","동철은 이미 100억 주식 자산으로 돈 유혹을 차단했다고 자평한다.","관계","명득은 동철에게 숨긴 청명회망으로 그의 아지트까지 알지만 모른 척 지켜본다.","조득출 욕망을 노릴 연기자·소매치기 동원 단계가 남는다.","조득출 압박 준비","당첨권 탈취; 충모 친권자; 비밀 아지트","마포의 숨은 검사 아지트","high"
"89","89화","법보다 주먹(완전판)! 89화","법으로 안 되는 일이 쌓이자 동철은 술로 자기 변화의 공포를 누른다.","사적 응징과 법적 처벌을 병행한다는 위험한 검사 원칙을 선언한다.","조득출을 미인계 판에 올리고 자백·당첨권을 함께 얻는다.","면도칼 소매치기를 약점으로 포섭하고 엑스트라를 고용해 조득출 단골 술집 동선을 세팅한다.","초임 검사의 월차·불법 폭력·범죄자 동원은 적발되면 검사직을 끝낼 수 있다.","동철은 ‘응징은 사적으로, 죄는 법으로’라는 이중 노선을 의식적으로 택한다.","조득출의 가장 큰 욕망인 돈과 여자를 동시에 흔들 판이 완성된다.","세계","동철의 검사 활동이 공식 서류 수사와 비공식 청명회 공작의 이중 체제로 갈라진다.","청량리에서 베테랑 여성을 섭외해 술집에 투입해야 한다.","사적 응징 노선 선언","미인계 자백; 당첨권 확보","검사의 금요일 공작","high"
"90","90화","법보다 주먹(완전판)! 90화","명득은 청량리에서 한물간 베테랑 여성을 조득출 유혹 배우로 섭외한다.","피해 여성에게 새 출발 자금을 주면서 살인자를 자기 욕망으로 포획한다.","배우의 빚을 정리하고 조득출을 모텔로 유인한다.","출연료 1억과 포주 빚 3천만 원을 지급하고 술집에서 조득출 옆자리에 여성을 앉힌다.","경찰이 성매매·포주를 협박하고 거액을 쓰는 불법 공작이며 배우 신변도 위험하다.","베테랑 배우는 과하지 않은 접근으로 조득출 경계를 풀고 둘만의 장소 제안을 끌어낸다.","조득출은 로또 부자의 자만으로 함정 배우와 모텔에 가기로 한다.","돈","청량리 여성의 빚이 사라지고 1억 출연료가 마산 새 출발 가능성으로 바뀐다.","모텔 녹음으로 로또·살인 자백을 받아야 한다.","배우 섭외와 빚 청산","모텔 자백; 당첨권 탈취","청량리 배우의 미인계","high"
"91","91화","법보다 주먹(완전판)! 91화","동철·명득은 술집 밖에서 조득출과 배우가 나오길 기다린다.","전생 강솔미 수법을 살인자에게 돌려 욕망과 공포로 자백을 뽑는다.","로또 자백을 녹음하고 당첨권을 빼앗는다.","배우가 모텔에서 로또 이야기를 유도해 녹음하고 두 사람은 조폭 처남인 척 문을 부숴 조득출을 반죽음 낸다.","CCTV와 불법 침입·폭행, 전생 범죄 재현이 동철의 도덕 비용을 키운다.","조득출은 150억 로또를 맞았다고 허세로 자백하고 공포 속에 영수증 위치를 노출한다.","동철 일행은 녹취와 당첨권을 확보하고 조득출을 알몸으로 기절시킨다.","돈","조득출이 독점하려던 150억 권리가 그 손에서 빠져나온다.","당첨권을 누가 가질지와 녹취의 법적 활용이 남는다.","미인계 성공; 로또 자백","당첨금 반환; 조득출 기소","150억 모텔 함정","high"
"92","92화","법보다 주먹(완전판)! 92화","공작을 마친 동철·명득은 배우를 고속터미널로 데려간다.","150억을 탐내지 않고 충모에게 돌려주며 첫 검사 사건을 결산한다.","당첨금을 보호장치와 함께 충모에게 귀속시키고 조득출을 최고형으로 기소한다.","배우에게 마산행 새 삶을 주고 녹취를 공개한 뒤 친할머니·변호사 신탁 아래 당첨금을 수령시킨다.","불법 취득 녹취가 공개되어 공작 흔적 위험이 있고 사형 구형은 법리상 과도해 판사·부장이 당황한다.","충모 성년 때 절반만 직접 받도록 이중·삼중 장치를 하고 조득출의 살인 교사·횡령이 공론화된다.","앙티아의 150억은 아들 충모에게 돌아가고 동철은 첫 사건에서 피해 가족의 미래까지 지킨다.","지위","동철은 돈을 돌처럼 본 꼴통 검사로 판사·부장에게 강한 인상을 남긴다.","다음 표적 강솔미 내사와 새 사건들이 검사실에 쌓인다.","앙티아 살인·로또 사건","강솔미 내사; 사형 구형 판결","로또 주인은 충모다","high"
"93","93화","법보다 주먹(완전판)! 93화","조득출 공판 뒤 동철은 합의금을 챙긴 강솔미를 다음 표적으로 잡는다.","한 사건 결산 직후 아동 성착취 조직이라는 더 큰 악을 끌어온다.","솔미 내사와 새 강력 사건들을 병행한다.","사건 여섯 건 중 자백·증거가 있는 네 건을 정리하고 오 수사관과 아동 성학대 영상을 분석한다.","강간 사건의 진 빠지는 감정 노동과 조직형 아동 영상의 광범위한 피해가 압박한다.","영상 유통 수사가 칠승파 조직원 이창명을 검찰 조사실로 불러 과거 결투선과 연결된다.","동철은 어린 피해자 사건을 공식 수사할 팀과 이창명이라는 조직 내부 고리를 확보한다.","관계","이창명이 고교 라이벌에서 칠승파를 파고들 수 있는 피의자·잠재 정보원으로 돌아온다.","동철은 자신이 그때 이창명을 이겼다면 그의 인생이 달랐을지 생각한다.","조득출 공판; 오찬수 합의","강솔미 내사; 아동 영상 조직; 이창명 전향","다시 만난 이창명","high"
"94","94화","법보다 주먹(완전판)! 94화","이창명은 옛 패배를 비웃으며 단순 폭행 피의자로 동철 앞에 앉는다.","과거 갈림길을 조직 권력 재편의 포석으로 확장한다.","이창명의 현재 위치와 은 실장 범죄를 파악한다.","전과와 조직 경력을 훑으며 소모품 인생을 지적하고 은 실장 측 자수 지시 배경을 조사한다.","이창명은 칠승파 충성·보상에 묶여 있고 은 실장은 범죄를 부하에게 떠넘긴다.","일본 회주가 7광구를 자기 차지라 말하고 최문탁은 은 실장을 치기 위한 별도 조직 변화를 준비한다.","동철은 개인 폭행 사건 뒤에 칠승파·일본 세력까지 이어질 장기 판을 감지한다.","세계","첫 형사 사건 규모가 국내 조폭 칠승파와 일본의 7광구 야망으로 넓어진다.","최문탁이 기존 가족을 버리고 새 질서를 택할 조직원들을 가른다.","이창명 신분 확인","은 실장 붕괴; 최문탁 분열; 일본 7광구","소모품 이창명과 조직 균열","high"
"95","95화","법보다 주먹(완전판)! 95화","최문탁은 변화를 택할 사람과 은 실장 가족에 남을 사람을 구분한다.","검찰총장이 지켜보는 조사실에서 주인공의 비정상적 회유를 공개 시험한다.","이창명에게 조직이 아닌 자기 삶을 선택하게 한다.","명득에게 이창명 뒷조사를 맡기고 담배를 나눠 피우며 온전한 신분으로 살 기회를 감성적으로 찌른다.","검찰총장 순시 중 피의자와 흡연하는 모습이 전 조직에 노출돼 징계·망신 위험이 크다.","명득이 청명회 관리와 새 발명품을 숨기고 있으며 검찰총장도 조사 방식을 직접 참관한다.","이창명의 충성에 작은 파문이 생기고 동철은 책상·의자를 치워 결투 공간을 만든다.","관계","동철·이창명 관계가 검사-피의자에서 과거 빚을 청산할 일대일 시험으로 변한다.","검찰총장 앞에서 두 사람이 실제로 싸우려 한다.","조직 분리 선언","이창명 전향; 검찰 기강 위기","검찰총장이 본 조사실 옥타곤","high"
"96","96화","법보다 주먹(완전판)! 96화","참관실의 검찰총장·간부가 보는 가운데 동철과 이창명이 맞붙는다.","9년 전 고의 패배의 진실을 주먹으로 증명해 라이벌의 세계관을 깨뜨린다.","이창명의 체면과 충성에 균열을 내 칠승파 포석으로 삼는다.","조사실에서 이창명을 압도해 무릎 꿇리고 당시 일부러 져줬다고 밝힌다.","피의자 폭행은 검사 징계 사유이고 형사8과 선배들까지 연좌 옥상 집합을 당한다.","이창명은 자기 인생의 출발이 동철의 양보였음을 육체적으로 납득한다.","동철은 조직을 배신하지 않겠다는 답을 받지만 이창명 마음속 파문을 심는다.","관계","옛 승패가 뒤집혀 동철이 이창명의 실력·삶 모두를 판단하는 우위에 선다.","형사8과 선배들이 옥상에서 동철 때문에 벌을 받을 위기다.","9년 전 결투 진실","이창명 증언; 검사 징계","조사실에서 꺾인 이창명","high"
"97","97화","법보다 주먹(완전판)! 97화","형사8과 검사들은 옥상에서 동철의 사고 때문에 단체 벌을 받는다.","조직의 과잉 보상이 오히려 이창명의 의심을 키우는 심리 압박을 보여준다.","선배 질책을 감수하며 이창명의 변심을 기다린다.","옥상 기합·조인트를 받고 구치소의 이창명은 은 실장 측 변호사와 보상 약속을 듣는다.","동철은 조직 선배에게 민폐를 끼치고 이창명은 배신하면 목숨을 잃는다.","은 실장 측이 어머니 치료 등 과도한 보상을 약속해 이창명에게 자신이 소모품임을 역으로 깨닫게 한다.","동철이 던진 말이 이창명 안에서 자라며 증언 가능성이 높아진다.","관계","이창명은 은 실장 충성에서 어머니와 자기 생존을 저울질하는 내부고발 후보가 된다.","강솔미는 외곽 드라이브에서 새 남자를 함정에 넣어 아우디 수리비까지 노린다.","조사실 폭행 징계","이창명 결단; 강솔미 추가 공갈","과한 보상이 만든 의심","high"
"98","98화","법보다 주먹(완전판)! 98화","서울역 개미굴에서 명득 정보망은 조직 관련 죽음을 추적한다.","불법 조직을 잡기 위해 합법 장기이식과 가족 보호를 포석으로 쓴다.","이창명의 어머니를 살리고 은 실장 증언을 얻는다.","명득과 이창명 모친의 간이식 가능성·청명회 정보를 논의한 뒤 이창명을 재소환한다.","합법 경로만 고집하면 시간이 부족하고 이창명 증언 없이는 은 실장 영장을 못 잡는다.","이창명이 결국 어머니 생명을 지켜 달라는 조건으로 증언하겠다는 뜻을 보인다.","동철은 조폭 내부자와 거래할 핵심 조건을 얻지만 자신이 보호해야 할 생명이 생긴다.","관계","이창명은 완강한 피의자에서 어머니를 맡기는 협력자로 넘어선다.","‘지켜줄 수 있으면’이라는 조건이 동철의 책임을 시험한다.","장기이식 포석","이창명 진술; 모친 보호; 은 실장 영장","어머니 목숨과 맞바꾼 증언","high"
"99","99화","법보다 주먹(완전판)! 99화","동철은 이창명 어머니를 지키겠다고 약속한다.","한 장의 내부 진술이 검찰·경찰 전쟁 동원으로 폭발하는 규모 보상을 준다.","은 실장 범죄를 한 번에 급습해 인명 피해 없이 잡는다.","이창명 진술서를 받고 형사8과 수사관·경찰특공대·전경 5개 중대 지원을 독단 요청한다.","조폭의 무장 저항과 수사관 순직 가능성, 부장 승인 없는 과잉 동원이 큰 직업 비용이다.","이창명은 알고 있는 은 실장 범죄 전부를 적고 명득은 경찰 선배에게 ‘민중의 지팡이’로 지원을 받아낸다.","검찰·경찰 합동 대병력이 동방건설 빌딩으로 완전무장 집결한다.","세계","개인 피의자 회유가 칠승파 핵심을 겨냥한 준전시 공권력 작전으로 비약한다.","전경들에게 비상벨이 울리고 은 실장 측도 아직 급습을 모른다.","이창명 내부 진술","동방건설 급습; 은 실장 체포; 인명 보호","전경 5개 중대 동원령","high"
"100","100화","법보다 주먹(완전판)! 100화","이창명 모친은 최문탁 지원으로 마산 파티마병원 이식을 준비한다.","내부고발자 가족 보호와 무장 급습을 병렬해 약속의 신뢰를 지급한다.","은 실장의 방어를 뚫고 조직 본부를 장악한다.","이창명에게 특별면회로 모친과 통화시킨 뒤 동방건설을 버스 바리케이드·전경·특공대로 포위하고 선두에 선다.","은 실장에게 매수된 마동우 수사관이 작전을 누설하고 딸 백일을 두고 배신의 대가를 치를 위기에 놓인다.","은 실장은 이창명 배신을 직감해 건물 안 방어 준비를 끝낸다.","이창명은 모친 치료를 확인해 죽어도 은혜를 잊지 않겠다고 전하고 합동작전은 진입 직전까지 간다.","관계","동철과 이창명 사이 거래가 가족을 실제로 살리는 신뢰로 굳어진다.","동철이 ‘조폭을 가장 잘 아는 조폭’으로 선두 진입하며 진짜 전쟁이 시작된다.","이창명 모친 보호","은 실장 체포전; 마동우 내통","동방건설 포위와 선두 검사","high"
"101","101화","법보다 주먹(완전판)! 101화","동방건설 앞에 수사관·특공대·전경이 집결하고 동철이 선두를 잡는다.","검사가 사시미 대신 권총을 들고 과거 조직 세계를 정면 돌파한다.","로비 저항을 꺾고 은 실장 도주로를 차단한다.","강화 유리문을 깨고 진입해 무기 투항을 명령하며 달려드는 어린 조직원 다리를 조준 사격한다.","압수영장이 아직 도착하지 않아 불법 침입·과잉 총기 사용이 검사직을 위협한다.","부장이 판사에게 긴급영장 발부를 받아내며 동철의 풀 베팅을 뒤에서 법적으로 메운다.","첫 총성이 조직원들의 기세를 꺾고 공권력 진입로를 연다.","지위","동철은 조폭 출신 경험을 공권력 선두 지휘 능력으로 공개 증명한다.","은 실장은 중국 밀항을 지시하고 건물 위로 도주한다.","동방건설 진입","은 실장 추격; 영장 적법성; 총기 논란","사시미 대신 권총","high"
"102","102화","법보다 주먹(완전판)! 102화","다리 총상으로 로비 저항이 흔들리고 은 실장이 계단 위로 달아난다.","도망자의 영리한 은신을 주인공의 조폭 촉으로 다시 읽어낸다.","포위 건물 안에서 은 실장을 생포한다.","계단·옥상을 쫓다가 엘리베이터 통제판과 멈춘 층을 보고 천장 위 은신을 추리한다.","은 실장은 밀항선까지 준비했고 경찰이 옥상만 찾으면 포위 틈을 노릴 수 있다.","은 실장이 엘리베이터 위에 실제 숨어 1층으로 내려왔음이 독자에게 확인된다.","동철은 경찰을 조용히 엘리베이터로 불러 도망자의 착각을 역이용한다.","능력","동철의 현장 촉이 건물 전체 수색보다 정확하게 은 실장 은신처를 찍는다.","안전하다고 믿는 은 실장 머리 위로 경찰이 올라갈 순간이 온다.","로비 돌파","엘리베이터 생포; 밀항 차단","엘리베이터 위 은 실장","high"
"103","103화","법보다 주먹(완전판)! 103화","은 실장은 엘리베이터 위에서 경찰 철수 방송을 듣고 탈출을 기다린다.","가짜 철수와 담배 여유로 보스의 마지막 희망을 조롱하며 생포한다.","은 실장을 수갑 채우고 후속 범죄망을 동시에 턴다.","전경 일부를 연안부두로 빼는 척 방송하고 경찰이 엘리베이터 위를 덮치게 한다.","마동우 내통과 정치·언론 후폭풍, 일본 회주의 한국 개입이 장기 비용으로 남는다.","일본 회주는 은천재를 부역자라 부르며 반도 정신을 막겠다고 하고 최문탁은 조직 변화 시점을 맞는다.","은 실장 검거가 사실상 확정되고 최문탁은 두려움 대신 서울 복귀 기회를 본다.","세계","칠승파 한 계파 몰락이 일본 비밀세력과 최문탁의 새 조직 질서까지 흔든다.","최문탁이 ‘조폭도 변해야 한다’며 다음 판을 선언한다.","은 실장 생포","후속 사업장 급습; 일본 회주; 최문탁 서울행","가짜 철수와 새 조직 선언","high"
"104","104화","법보다 주먹(완전판)! 104화","은 실장 계파가 무너지고 최문탁은 마산에서 서울행 짐을 싼다.","한 보스 검거를 불법 도박·화상채팅 전면 소탕으로 확장한다.","증거가 사라지기 전 은 실장 사업장을 동시 급습한다.","팀을 나눠 화상채팅 사무실과 도박 하우스를 덮치고 망꾼 부재를 틈타 영장 없는 상가로 돌입한다.","압수영장 없는 추가 급습은 증거능력·직권남용 위험이 있고 현장에 깡치가 있다.","화상채팅 사무실 하루 매출이 5천만 원이며 한국병원에서 만난 깡치가 다시 운영 핵심으로 붙잡힌다.","관리 사무실과 서버·운영자들이 한꺼번에 확보된다.","돈","은 실장 계파 수익원인 음란 화상채팅의 대규모 현금 흐름이 끊긴다.","방별 수색에서 여성·미성년 피해와 일본인 제작자가 나올 가능성이 열린다.","최문탁 서울행 결정","화상채팅·도박장 증거; 깡치 재검거","낙장불입 화상채팅 급습","high"
"105","105화","법보다 주먹(완전판)! 105화","몸캠 사이트 이용자와 운영진은 단속을 모른 채 욕망에 빠져 있다.","코믹한 이용자 망신 뒤 아동 착취 현장을 드러내 보상보다 분노를 키운다.","모든 피해자를 구하고 일본인 제작·유통망을 밝힌다.","경찰이 방마다 수색해 여성들을 빼내고 깡치 멱살을 잡아 촬영실로 데려간다.","미성년 소녀들이 감금됐고 일본인 대머리는 알몸 몰매 상태라 국제 문제도 생길 수 있다.","현장이 단순 성인 채팅이 아니라 아동 성매매·동영상 제작 개미굴임이 확인된다.","가면을 벗은 일본인과 장비·피해 소녀를 확보하지만 깡치는 모든 책임을 자기가 지겠다고 독박을 쓴다.","세계","칠승파 불법사업이 국내 여성 착취를 넘어 일본 수출 아동 성착취망으로 확대된다.","깡치가 은 실장을 감싸면 더 깊은 증거와 숨은 아이를 찾아야 한다.","관리사무실 장악","아동 구조; 일본 유통망; 깡치 자백","가면 벗은 일본인과 소녀","high"
"106","106화","법보다 주먹(완전판)! 106화","깡치는 사장이라며 은 실장 책임을 뒤집어쓰려 한다.","한 명도 놓치면 굶어 죽는다는 시간제한으로 후속 급습의 긴장을 만든다.","하드디스크의 모든 개미굴 주소를 복원해 동시 구조한다.","압수 하드디스크·서버를 분석하고 음향탐지기까지 동원한 수색대를 즉시 이동시킨다.","개미굴 발각 소식이 퍼지면 범죄자들이 버리고 간 숨은 아이들이 감금된 채 죽을 수 있다.","자료 속 여러 촬영·감금 장소가 독립된 개미굴망으로 연결돼 있음이 드러난다.","경찰·수사관은 단 한 명도 놓치지 않겠다는 구조 작전에 들어간다.","세계","한 사무실 사건이 전국 점조직 개미굴 구조전으로 확대된다.","병정개미들이 지키는 각 굴을 동시에 부숴야 한다.","하드디스크 압수","전 개미굴 구조; 깡치·은 실장 연결","음향탐지기까지 동원","high"
"107","107화","법보다 주먹(완전판)! 107화","합동팀은 개미굴 병정개미들을 과잉 진압하며 아이들을 전원 찾는다.","대규모 구조 보상 뒤 내부 배신자 마동우의 가족 잔치라는 감정 비용으로 전환한다.","구조를 마치고 정보 유출 혐의를 정리한다.","경찰과 역할을 나눠 굴을 털고 돌잔치 중인 마동우에게 내사과가 찾아오자 현장으로 달려간다.","마동우 딸 돌잔치 200석이 텅 비고 범죄조직 정보 유출 혐의로 체포될 위기다.","내사과는 마동우가 은 실장에게 정보를 넘긴 증거를 확보했다고 밝힌다.","아이 구조는 성공하고 동철은 마동우 사건의 숨은 진실을 공개할 자리에 도착한다.","관계","동철·명득 공식 공조는 성공하지만 마동우에 대한 신뢰가 공개 시험대에 오른다.","동철이 내사 혐의가 무엇인지 다그치며 돌잔치를 멈춘다.","개미굴 전원 구조","마동우 내사; 작전 정보 유출 진실","텅 빈 돌잔치의 내사과","high"
"108","108화","법보다 주먹(완전판)! 108화","마동우는 정보 유출 증거 앞에서 침묵하고 가족은 체포를 지켜본다.","배신자로 보이던 수사관을 장기 잠입 공신으로 반전시키고 대중 지지까지 지급한다.","마동우 결백과 공로를 인정받고 자기 거취 후폭풍을 감당한다.","은 실장에게 정보를 흘리라 6개월 전 자신이 지시했다고 밝히고 돌잔치 비용·축의금 1천만 원을 남긴다.","지휘 문서가 없는 위장 공작과 과도한 축의금, 총기 사용 논란이 모두 동철 징계 사유가 된다.","마동우 내통은 은 실장 신뢰를 유지하려는 잠입이었고 인터넷 여론은 ‘총은 쏘라고 있는 것’이라 동철을 지지한다.","마동우는 누명을 벗고 울며 공신이 되고 동철은 국민적 ‘총질 검사’가 된다.","지위","마동우는 배신자 혐의자에서 칠승파 검거 핵심 공신으로, 동철은 신입에서 전국 논쟁의 검사로 변한다.","검찰은 여론과 정치 압박 속 동철 거취를 고민하고 일본 외교관 범죄는 면책에 막힌다.","마동우 누명 해소","동철 좌천; 일본인 외교특권 응징","총질 검사를 둘러싼 여론","high"
"109","109화","법보다 주먹(완전판)! 109화","검찰은 칠승파 사건을 유익태에게 넘기고 동철을 군산으로 순환 발령한다.","좌천을 팀 결속·선배의 칼춤·숨은 응징 결심으로 바꾼다.","사건을 후임에게 넘기고 군산에서도 같은 검사로 계속한다.","송별 인사를 하고 마동우·오 수사관·명득의 자원 지방 신청을 받으며 유익태에게 풀 베팅을 부탁한다.","정치권 눈치로 공을 세운 검사가 밀려나고 일본인 대머리는 외교특권으로 처벌받지 않는다.","부장은 군산 복귀를 약속하고 형사8과 팀원들은 표창·특진을 받으며 지검장도 군산 지검장으로 이동한다.","동철은 좌천에도 동료·상사·후임의 신뢰를 얻고 일본인에게 사적 심판을 내릴 결심을 한다.","관계","개인 팀이었던 형사8과가 동철을 따라 지방까지 움직이는 충성 집단으로 굳는다.","일본인 송환차량에 위치추적기를 붙이고 오수정의 복수를 준비한다.","은 실장 사건 인계; 군산 발령","일본 외교관 납치; 유익태 공판","좌천과 따라오는 사람들","high"
"110","110화","법보다 주먹(완전판)! 110화","일본 대사관은 대머리 외교관을 자국 경찰과 김해공항으로 보내려 한다.","국가가 못 한 처벌을 피해 소녀의 요구대로 실행하는 거대한 비밀 작전을 연다.","송환 중 대머리를 빼돌려 오수정의 응징을 대신한다.","위치추적하며 차량을 추월하고 청명회로 말벌·탱크로리·시비조를 밀양에 배치한다.","외교관 납치가 들키면 한일 외교 분쟁과 검사 파면·중형으로 이어진다.","청명회는 최상위조차 동철 정체를 모르는 점조직이며 조명득 자금·동철 설계로 탱크로리를 고의 전복한다.","밀양 고속도로가 막히고 일본 차량은 예정 지점으로 강제 유도된다.","세계","동철의 사적 공작력이 개인 엑스트라 수준에서 경찰·중장비·점조직을 쓰는 비밀망으로 커진다.","목표 차량에 시비 1조가 접근해 단계식 납치를 시작한다.","송환 추적","밀양 납치; 오수정 복수; 외교 후폭풍","탱크로리로 막은 고속도로","high"
"111","111화","법보다 주먹(완전판)! 111화","일본 경찰 차량이 밀양 작전 구간에 진입한다.","합법 교통단속과 사고 연출을 연결해 납치를 도주처럼 보이게 만든다.","경호 경찰을 해치지 않고 목표만 분리한다.","교통경찰이 속도 단속 중 뒷바퀴 공기를 빼고 벌통 트럭이 급정거해 추돌을 일으킨다.","무고한 일본 경찰·운전자에게 사고와 벌침 피해를 주며 공권력까지 청명회 작전에 가담시킨다.","트럭 벌통이 도로에 쏟아져 벌 떼와 교통 혼란이 시야를 완전히 가린다.","안전벨트로 큰 인명 피해를 막은 채 목표 차량을 정지시키는 데 성공한다.","능력","동철·명득은 우연처럼 보이는 교통사고를 여러 팀 시간표로 통제한다.","벌 떼 속에서 대머리를 봉고차로 빼돌리는 3단계가 시작된다.","교통 정체와 차량 펑크","목표 분리; 경찰 안전; 납치 은폐","벌통 트럭 추돌","high"
"112","112화","법보다 주먹(완전판)! 112화","펑크 난 도요타가 회전하고 벌 떼가 일본 경찰을 덮친다.","법망을 빠져나간 가해자가 자신이 만든 공포보다 더한 사적 심판 앞에 선다.","대머리를 야산으로 옮겨 처단한다.","가면 쓴 청명회원이 목표를 봉고차에 태우고 동철·명득이 야산에서 구타한 뒤 독 오른 벌 봉투를 준비한다.","납치·폭행·살인은 선악 수치를 더 악으로 밀고 소녀를 대신한 처벌의 정당성도 동철을 흔든다.","일본 경찰은 목표가 도주했다고 믿고, 동철은 오수정의 ‘죽여 달라’는 말을 떠올려 법보다 주먹을 선택한다.","가해자는 외교특권을 잃은 고립된 상태로 동철 앞에 무릎 꿇는다.","세계","동철은 대한민국 법이 못 닿는 외교관을 비밀조직으로 직접 처형하는 선을 넘는다.","말벌 봉투를 찢으면 가해자의 죽음과 외교 사건이 확정된다.","송환차량 분리","말벌 처형; 외교 은폐; 악 수치","야산의 말벌 봉투","high"
"113","113화","법보다 주먹(완전판)! 113화","동철은 대머리 앞에서 말벌 봉투를 찢어 수천 마리를 풀어놓는다.","가해자의 죽음·은 실장 추가 청부 증거·일본의 사과를 병렬 결산한다.","처형 흔적을 자연사로 만들고 이창명 보복까지 막는다.","대머리를 벌에 쏘여 죽게 한 뒤 은 실장 면회 변호사를 통해 이창명 살해 지시를 조명득에게 전달시킨다.","동철 선악 수치의 악이 더 올라가고 일본 대사관은 외교관 실종·사망 책임을 추궁한다.","은 실장 변호사가 청부 지시를 배신해 청명회에 넘기고 뉴스는 와나타베 우타의 말벌 사망으로 보도한다.","오수정 가해자는 죽고 은 실장 죄목을 늘릴 최태우 검거 포석이 생긴다.","관계","은 실장의 법률 대리인까지 조명득 정보망에 들어와 내부 감시자가 된다.","외교부 박홍식 과장과 검사 유인태가 일본 대사관에 찾아가 역압박한다.","와나타베 처형","은 실장 청부 증거; 일본 사과; 악 수치","말벌 자연사와 외교부 방문","high"
"114","114화","법보다 주먹(완전판)! 114화","일본 대사는 외교부 과장에게 이례적으로 고개를 숙인다.","비밀 처형을 국가 외교 승리처럼 보이게 하고 청명회 자금 기반까지 드러낸다.","일본 측 책임 인정과 범죄자 자진 출두를 끌어낸다.","조명득이 만든 추적 프로그램으로 청부망을 감시하고 박홍식 과장을 통해 일본에 요구사항을 전달한다.","총리와 대사의 체면·외교 거래, 청명회 운영비와 동철 자산의 출처가 장기 노출 위험이다.","동철은 미래 주식 100배 상승을 이용해 전량 매도, 청명회 자금 3천억을 이미 확보했음이 밝혀진다.","일본 대사는 사과하고 관련 인물 쓰시키 노부유키를 한국 법정으로 보내기로 한다.","돈","동철의 100억대 자산이 청명회 운영 가능한 3천억 비밀자금으로 비약한다.","쓰시키 입국·은천재 재판·군산 발령이 동시에 다가온다.","일본 외교 수습","쓰시키 자진출두; 3천억 자금 추적","고개 숙인 일본 대사와 3천억","high"
"115","115화","법보다 주먹(완전판)! 115화","동철은 미래 기억이 만든 3천억의 힘과 명득의 의심 어린 시선을 느낀다.","은 실장 조직을 증인 연쇄와 73개 죄목으로 법정에서 끝낸다.","유익태가 약속한 풀 베팅 판결을 확보하고 군산으로 간다.","쓰시키 입국을 지켜보고 은천재 재판에 이창명·박기춘 증언을 차례로 세워 청부살인까지 입증한다.","박기춘은 조직 배신에 목숨을 걸고 은천재는 법정에서 발광하며 항소한다.","최문탁의 상두가 박기춘을 살려 증언시키고 유익태는 징역 25년+보호감호 15년을 구형한다.","은천재의 꿈과 계파는 73종 범죄 구형으로 산산이 부서진다.","지위","은천재는 칠승파 보스에서 사실상 종신 수감될 피고인으로 추락한다.","1심보다 강한 항소심 판결과 이창명 수감 중 보호가 남는다.","은천재 범죄 입증","항소심; 이창명 보호; 군산 부임","73개 죄목 풀 베팅","high"
"116","116화","법보다 주먹(완전판)! 116화","유익태는 고등법원에서도 같은 최고 구형과 추가 증거를 밀어붙인다.","조직 보스의 종신 격리·내부고발자 감형·주인공 팀의 군산 재결집을 지급한다.","은천재 판결을 확정하고 새 지방 근무 기반을 만든다.","항소심 판결과 대법원 기각을 거쳐 은천재를 장기 수감시키고 이창명에게 감형·어머니 회복 소식을 전한다.","이창명은 교도소 보복 공포를 견디고 동철 팀은 좌천지에서 처음부터 관계를 다시 만들어야 한다.","이창명은 눈물로 개과천선을 약속하고 오·마 수사관과 명득이 군산 순환보직으로 따라온다.","은천재 판결이 확정되고 동철은 군산 형사2과 담당검사가 된다.","지위","서울의 논쟁적 스타 검사가 작은 군산지검 형사2과 검사로 이동하지만 자기 팀은 유지된다.","군산의 첫 ‘말뚝 테러’ 사건과 한적함 속 숨은 범죄를 찾는다.","은천재 항소 확정; 이창명 감형","군산 범죄 탐색; 추성호 사연","은천재 종신 격리와 군산 팀","high"
"117","117화","법보다 주먹(완전판)! 117화","군산 사건이 적다는 말에 동철은 항구 밀수·마약을 찾겠다고 한다.","작은 도시의 술자리 사연에서 국제 밀항 사건을 뽑아낸다.","추성호의 억울한 사랑과 군산 밀항망을 연결한다.","지검장 술자리 뒤 추성호에게 중국 여인과의 밀항·강제추방 사정을 밤새 듣는다.","불법 입국 전력 때문에 연인이 한국으로 못 오고 추성호는 험한 인상 탓에 도움받지 못한다.","추성호는 단순 범죄자가 아니라 사랑하는 사람과 살고 싶은 피해자이며 군산에 밀항 브로커가 있음을 암시한다.","동철은 ‘그냥 사랑하게’ 해달라는 호소를 수사 단서로 받아들인다.","관계","추성호는 술자리 지인에서 군산 밀항망으로 들어가는 제보자·협력자가 된다.","중국 연인을 합법 혹은 수사 미끼로 다시 데려올 방법을 묻는다.","군산 첫 적응","밀항망; 추성호 연인 입국","그냥 사랑하게 해달라","high"
"118","118화","법보다 주먹(완전판)! 118화","추성호는 불법 밀항 전력 때문에 연인이 한국에 올 수 없다고 운다.","개인 재회를 허락하는 척 조직 밀항선을 끌어내는 함정을 만든다.","밀항 루트·선박·브로커를 현행으로 잡는다.","연인에게 다시 오라고 연락시키고 명득과 수사 판을 짠다.","거친 서해와 불법 어창 이동은 밀항자 생명을 위협하고 동철의 유인도 또 범죄를 부를 수 있다.","중국 어선과 한국 어선이 공해상에서 열두 명을 어창으로 옮기는 실제 밀항 루트가 가동된다.","동철의 미끼가 바다 위 조직을 움직여 실체를 드러낸다.","세계","군산의 개인 사랑 문제가 중국 어선·한국 선장·조선족 브로커가 얽힌 국제 밀항망으로 커진다.","풍랑 속 열두 명이 좁은 어창에 들어가 희생 위험이 높아진다.","밀항 유인","어선 추적; 연인 생존; 브로커 검거","공해상 어창의 열두 명","high"
"119","119화","법보다 주먹(완전판)! 119화","풍랑주의보 틈에 밀항선이 군산항에 들어오고 사람들은 흩어진다.","한 구의 익사체가 거대한 밀항망과 국가 자원선의 시작점이 된다.","익사자의 이동 경로와 조직적 밀항 알선을 입증한다.","마 수사관 보고를 받고 갯바위 현장에 출동해 타지인 시신·조류·항구 CCTV를 확인한다.","희생자가 말할 수 없고 해경 순찰도 없던 날이라 선박 특정이 어렵다.","제주 연구소에서는 독도·제주 해역 메탄하이드레이트 가능성이 확인돼 별도 국가 규모 축이 열린다.","동철은 시체가 해외에서 왔다면 군산 조직 밀항선이 있다는 합리적 추정을 세운다.","세계","군산 수사가 국제 밀항과 미래 에너지 자원이라는 두 장기 국면으로 연결된다.","국과수 부검과 CCTV에서 시신의 국적·하선 선박을 찾아야 한다.","밀항자 상륙","익사자 신원; 조직 선박; 메탄하이드레이트","갯바위 익사체와 불타는 얼음","high"
"120","120화","법보다 주먹(완전판)! 120화","추성호가 검찰청에서 밀항 브로커 구조를 설명하고 CCTV팀이 항구 영상을 뒤진다.","작은 단서들을 묶어 섬·어선·밀수까지 뻗는 장기 수사망을 설계한다.","서두르지 않고 조직 전체를 드러낼 증거를 축적한다.","추성호 제보를 기록하고 조명득·오 수사관·지 형사는 영상 분석, 마 수사관은 3일 장기출장을 보낸다.","현장 한 곳을 바로 털면 상선과 섬 거점들이 사라지고 부검도 밀려 있다.","동철은 위협을 느껴 도망치면 구속, 단속하면 꼬리를 잡는 양면 압박을 짜고 지검장은 국과수에 신속 부검을 청탁한다.","군산지검 전체가 ‘50%만 사실이어도 큰 건’인 수사에 자원을 붙인다.","관계","좌천지 지검장도 동철의 촉을 우려하면서 지원하는 상사로 합류한다.","국과수 결과와 섬 연결 증거가 나오면 본격 급습으로 넘어간다.","밀항 진술 확보","국과수 부검; 섬 거점; 마 수사관 출장","과유불급의 큰 건","high"
"121","121화","법보다 주먹(완전판)! 121화","행복한 국제결혼 소개소는 다음 밀항 여성 열세 명을 기다린다.","범죄자에게 일부러 경고를 흘려 도주·단속 반응으로 조직선을 드러낸다.","소개소·포주·항구 밀수선을 서로 움직이게 한다.","지 형사가 증거가 있는 척 방문하고 유 반장은 방석집에서 포주들의 말을 떠본다.","확실한 물증 없이 자극하면 조직이 증거를 없애고 경찰 유 반장도 비리 의심을 받는다.","소개소 표창우는 불안해지고 포주들은 군산항 중국 짝퉁 밀수 핑계로 숨은 움직임을 감춘다.","동철의 헛소문이 범죄망 내부에 위기의식을 퍼뜨린다.","세계","밀항 수사가 국제결혼 소개소·성매매업소·항구파로 구체화된다.","범죄자들이 도망칠지 여성을 더 강하게 단속할지 반응을 기다린다.","경고 심기","표창우 반응; 포주·항구파 연결","행복한 소개소의 불안","high"
"122","122화","법보다 주먹(완전판)! 122화","포주들은 유 반장에게 동철을 접대하자며 수사 구멍을 만들려 한다.","썩은 경찰로 보이던 유 반장을 통제된 정보원으로 재평가한다.","익사체 사인·밀항 루트와 내부 포주 정보를 함께 확보한다.","국과수 부검을 진행하고 CCTV팀을 독려하며 유 반장에게 포주 반응을 보고받는다.","부검과 영상은 시간이 들고 유 반장이 진짜로 배신할 위험도 있다.","유 반장은 접대를 거절하고 사실 동철이 군산 발령 전부터 조명득과 접촉한 관리 대상임이 드러난다.","익사체가 바다에서 죽은 중국인임이 확실해지고 유 반장은 양쪽 정보를 잇는다.","관계","유 반장은 비리 경찰에서 동철이 ‘박멸보다 통제’ 원칙으로 쓰는 현장 자산이 된다.","과거 포장마차에서 맺은 동철·유 반장 거래의 전모가 열린다.","포주 접대 시험; 부검","유 반장 선택; CCTV 선박 특정","비리 경찰을 쓰는 법","high"
"123","123화","법보다 주먹(완전판)! 123화","과거 포장마차에서 동철은 유 반장 비리를 묻지 않겠다고 제안했다.","완벽하지 않은 사람을 악보다 나은 도구로 쓰는 주인공 현실주의를 확립한다.","CCTV의 밀항 봉고차와 창도 섬 현장을 연결한다.","유 반장과 건배해 통제 관계를 맺고 현재 영상에서 의심 차량·인물을 찾아 마 수사관 잠복을 지원한다.","비리 묵인은 검사 원칙을 훼손하고 창도 잠복은 주민 경계에 노출될 수 있다.","조명득·오 수사관이 결정적 CCTV 이동선을 찾고 창도 남성이 낚시꾼 마 수사관을 탐색한다.","수사팀은 육지 차량과 섬 거점을 동시에 좁힌다.","관계","유동근은 돈 받는 형사에서 동철·명득이 관리하는 군산 현장 파트너로 굳어진다.","창도 주민과 마 수사관의 위장 대화가 다음 현장 증거를 가른다.","유 반장 포섭","창도 인신매매 확인; CCTV 차량","창도의 낚시꾼 잠복","high"
"124","124화","법보다 주먹(완전판)! 124화","창도 주민은 낚시꾼 위장 수사팀 체류 기간을 캐묻는다.","섬 가정폭력 장면이 밀항 신부 매매의 실체를 감정적으로 확정한다.","26개 섬 동시 작전 지도를 완성한다.","마 수사관이 섬을 돌아다니며 강압 가정에 동그라미, 정상 관계에 X를 표시해 전화 보고한다.","통신이 약하고 주민들이 수상함을 눈치채면 여성들이 다른 섬으로 옮겨질 수 있다.","독립가옥에서 중국 여성이 폭행당하며 살려 달라고 해 위장 결혼·매매 정황이 확실해진다.","동철은 지검장 지원을 받고 명득에게 작전 개시를 명령한다.","세계","창도 한 섬 정보가 서해 26개 유인도 구출 작전으로 확대된다.","육지 소개소·포주와 26개 섬을 같은 시간에 덮쳐야 한다.","창도 실태 지도","26개 섬 동시 급습; 여성 구조","동그라미 친 독립가옥","high"
"125","125화","법보다 주먹(완전판)! 125화","동철·명득과 형사들이 행복한 국제결혼 소개소로 출동한다.","동시다발 급습으로 범죄망이 서로 경고할 시간을 없앤다.","소개소·포주·감금시설 증거를 한꺼번에 확보한다.","표창우 사무실 문을 박차고 전 과정을 촬영하며 먼지 한 톨도 남기지 말라고 압수한다.","26개 섬까지 병력이 나뉘어 육지 수사 인력이 빠듯하고 증거 훼손 가능성이 있다.","소개소 여직원이 격하게 반응해 범죄 연루를 스스로 드러내고 항구파 포주도 사이렌과 함께 검거된다.","표창우·포주·장부가 동시에 수사망에 들어오고 쪽방 수색이 시작된다.","지위","동철은 군산지검을 중심으로 경찰·해경까지 움직이는 합동작전 지휘자로 선다.","사창가 벽 뒤 숨은 여성들을 음향탐지기로 찾아야 한다.","소개소·포주 검거","비밀 쪽방; 섬 구출","먼지 한 톨도 남기지 마라","high"
"126","126화","법보다 주먹(완전판)! 126화","형사들은 사창가의 평범해 보이는 벽 뒤에서 소리를 듣는다.","벽을 실제로 부숴 감금 여성의 빛 없는 공간을 사회에 노출한다.","숨은 피해자를 전원 구하고 현장 가담자를 체포한다.","고주파 음향 증폭기로 위치를 잡아 블록벽을 깨고 동철이 직접 콩떡 사장 업소로 뛰어간다.","사비 장비·영장 범위와 벽 파손, 현장 인력 누락이 수사 책임이 된다.","비밀방에서 20대 여성이 어린 중국 여성들을 안고 ‘첨밀밀’을 불러 위로하는 장면이 드러난다.","어둠 속 피해자들에게 빛이 들어오고 동철은 전원 체포를 명령한다.","관계","동철은 밀항 여성을 범법자보다 구조해야 할 인신매매 피해자로 분명히 대한다.","단 한 명의 가담자도 도망치지 못하게 전면 봉쇄한다.","비밀방 발견","피해자 신원·보호; 포주 응징","벽을 뚫고 들어온 빛","high"
"127","127화","법보다 주먹(완전판)! 127화","구조된 여성들은 동철·경찰을 아직 믿지 못하고 떤다.","공식 체포 뒤 포주에게는 법 밖의 육체 응징까지 더한다.","피해 진술을 확보하고 포주의 숨은 재산·장부를 내놓게 한다.","한국말 가능한 여성에게 안심시키고 경찰에게 체포를 명령한 뒤 포주를 비공식적으로 난타한다.","과잉 폭행은 수사를 무너뜨릴 수 있어 동철은 자기 몸에 붕대를 감아 맞은 피해자처럼 언론 연출까지 해야 한다.","포주는 경찰 진입보다 동철의 사적 응징을 더 두려워해 모든 것을 불 준비가 된다.","피해자 보호선과 범죄자 공포선이 동시에 구축된다.","지위","동철은 현장 검사이면서 직접 응징자·언론 연출자라는 삼중 역할을 노골화한다.","붕대 차림으로 기자들 앞에 나가 과잉 진압 질문을 역이용한다.","여성 구조","포주 자백·비밀재산; 언론전","미라가 된 검사","high"
"128","128화","법보다 주먹(완전판)! 128화","대규모 검거 소식에 유 반장은 자기 방식이 잘못됐다고 인정한다.","낡은 비리 경찰을 사퇴시켜 청명회 간부라는 새 무기로 전환한다.","군산 경찰 인맥을 공식조직 밖에서 통제한다.","조명득과 사발 소주로 선택을 강요하고 유 반장이 사표를 내 청명회 간부 유동근이 되게 한다.","경찰 배지를 버리면 합법 수사 권한을 잃고 청명회와의 불법 연결이 깊어진다.","강력반 형사들은 유 반장 사퇴를 보고 휴대폰을 꺼 연결을 끊고, 동철은 붕대 언론플레이를 준비한다.","동철에게 군산 암흑가를 관리할 현장 매니저가 생긴다.","지위","경찰 강력반장 유동근이 청명회 간부·군산 신세계 프로젝트 매니저로 재탄생한다.","기자 매수까지 포함한 현장 브리핑이 곧 시작된다.","유 반장 경찰 사퇴","청명회 군산 관리; 언론전","청명회 간부 유동근","high"
"129","129화","법보다 주먹(완전판)! 129화","조명득은 기자들을 모으고 지검장은 대형 사건 브리핑을 연습한다.","과잉 진압 프레임을 피해자 구출 이미지와 검사 부상 연출로 뒤집는다.","국민 지지와 후속 수사 여론을 확보한다.","붕대 차림으로 매수된 기자의 질문을 받아 범죄자 폭력과 피해자 규모를 강조한 뒤 현장을 떠난다.","조작 연출이 들키면 검찰 신뢰가 무너지고 실제 내부자는 봉고차 증거를 없애고 있다.","검거되지 않은 배후가 칠곡에서 증거 봉고차를 버리고 탑승자들을 강제로 내려놓는다.","기자들은 사실상 박수를 보내고 지검장은 정의·명성을 함께 얻을 판을 받는다.","지위","군산 사건은 지역 수사를 넘어 전국 언론이 지켜보는 검사 브랜드가 된다.","칠곡에서 봉고차와 사람들을 지우는 내부 세력을 찾아야 한다.","언론 프레임 선점","증거 봉고차 추적; 내부자 색출","붕대 브리핑과 사라지는 봉고차","high"
"130","130화","법보다 주먹(완전판)! 130화","배후는 칠곡에서 지문을 닦고 봉고차를 불태워 외제차로 사라진다.","증거 소실의 좌절과 26개 섬 대규모 구조 보상을 교차한다.","육지 증거를 추적하면서 섬 피해자들을 모두 구한다.","오 수사관에게 고속도로 CCTV 3일치를 전부 받게 하고 마 수사관·해경은 창도 폭행 가정을 덮친다.","내부 유출로 핵심 차량이 전소되고 방대한 영상을 사람이 일일이 봐야 한다.","서해 26개 섬 중 12곳에서 외국 여성 16명, 새우잡이배에서 노숙자 23명을 구조한다.","하루 만에 섬 인신매매·강제노동망을 싹쓸이하지만 진짜 배후는 증거를 태우고 도망친다.","세계","군산 작전은 육지·26개 섬·새우잡이배까지 덮는 국가 규모 구조전이 된다.","구조 다음에는 검찰청에 몰린 100여 피의자와 국제 외교 결산이 기다린다.","섬·배 피해자 구조","전소 봉고차; 내부 배후; 본격 응징","하루 만의 26개 섬 싹쓸이","high"
"131","131화","법보다 주먹(완전판)! 131화","군산지검에는 육지 72명·섬 28명·항구파 19명 피의자가 몰린다.","숫자로 확인되는 구조 성과를 국가 사과·세계 스타 목격으로 확장한다.","52명 피해자 보호와 중국에 대한 공식 책임 표명을 이끈다.","지검장에게 전수 브리핑하고 외교부에 백배사죄 공문을 보내며 은설 입국·은희 귀국을 병치한다.","성과가 서울 복귀용 쇼로 오해받고 중국 불법 밀항 책임론과 국내 인신매매 책임이 충돌한다.","청명회 간부 박홍식 과장이 외교부 장관에게 정권 이탈·공식 사과를 정치적 기회로 설득한다.","지검장은 동철에게 풀 베팅을 허락하고 은희는 중국 10만 관객 공연을 마친 세계 스타로 귀국한다.","지위","동철 사건은 중국 정부에 사과할 외교 현안이 되고 은희는 아시아급 스타가 된다.","은설 인도와 은희 기자회견이 같은 공항에서 교차한다.","대규모 검거·피해 집계","중국 공식 사과; 은설·추성호 재회","52명 구조와 백배사죄","high"
"132","132화","법보다 주먹(완전판)! 132화","은희는 공항에서 재벌 2세 소문을 일축하고 기자 질문을 받는다.","세계 스타의 사회적 영향력이 피해자 구조 보상으로 환전된다.","은설을 추성호에게 인도하고 사건 피해자 지원을 공개한다.","유본승 사무관이 중국 공안에게 은설 신병을 받아 추성호와 군산으로 보내고 은희는 즉석 기자회견을 연다.","은설은 참고인 신분이라 법적 체류가 불확실하고 은희 돌발 발표는 기획사 계획을 깨뜨린다.","은희는 국제공연 수입·관심을 군산 인신매매 피해자 문제로 돌리려 한다.","추성호는 은설을 다시 보고 눈물로 재회하며 함께 내려갈 수 있게 된다.","관계","동철의 수사가 은희의 대중 영향력과 추성호의 개인 사랑을 동시에 연결한다.","기획사 대표가 은희 기자회견 내용에 경악한다.","은설 인도","피해자 기부; 체류 자격; 은희 돌발 기자회견","공항의 재회와 즉석 회견","high"
"133","133화","법보다 주먹(완전판)! 133화","은희는 군산 피해 여성 복지·재발 방지에 거액을 쓰겠다고 발표한다.","‘펑크의 여신’을 ‘기부의 여신’으로 바꾸고 수사실 심리전으로 전환한다.","표창우 등 주범의 조직 전모를 자술서로 확보한다.","군산으로 내려올 계획을 세우고 동철은 조사실에서 서로 이미 불었다는 식의 군사정권식 분리 심문을 한다.","피의자에게 거짓 정보를 흘리는 수사 사기는 인권·증거 논란을 낳을 수 있다.","표창우는 다른 공범이 배신했다고 믿고 스스로 범죄 내용을 쓰기 시작한다.","전 세계가 보는 사건에서 지검장은 동철의 사기 수사를 참관하며 묵인한다.","지위","은희는 피해자 지원의 대중 얼굴, 동철은 초대형 사건 심문 설계자가 된다.","표창우가 어느 범위까지 자백하고 포주가 숨긴 장부·돈을 내놓을지가 남는다.","은희 피해자 지원 발표","주범 자술서; 포주 비밀장부","기부의 여신과 빨갱이 자술서","high"
"134","134화","법보다 주먹(완전판)! 134화","표창우는 아무 질문도 안 하는 동철 앞에서 공범 배신 공포에 떤다.","침묵·담배·공포만으로 주범들이 서로 더 많이 부는 심리적 응징을 지급한다.","소개소와 포주의 범죄·재산 기록을 전부 확보한다.","사실만 쓰라며 담배를 주고 다른 조사실의 만신창이 포주에게 비밀 장부를 요구한다.","고문처럼 느껴지는 심리전과 앞선 사적 폭행이 자백 임의성을 흔든다.","포주는 살기 위해 비밀장부가 있다고 즉시 인정한다.","두 핵심 피의자가 동료보다 먼저 거래하려 스스로 수사 구멍을 메운다.","돈","숨겨진 성매매 명단과 현금 50억의 위치가 검찰 손에 들어오기 시작한다.","장부 1,260명과 현금 물탱크가 다음 사회적 폭발을 준비한다.","표창우 자술서","1,260명 명단; 포주 50억","질문하지 않는 조사","high"
"135","135화","법보다 주먹(완전판)! 135화","포주 장부에는 성매매 단골 1,260명과 착취 현금 50억이 있다.","범죄 수익을 물탱크에서 꺼내 사회 이슈·조직 재편 자금으로 바꾼다.","명단 전원을 조사하고 항구파 자금·나와바리를 해체한다.","참고인 출석을 대량 통보하고 불응자는 영장 청구, 물탱크를 부숴 현금을 기자 앞에 공개한다.","억울한 카드 대여자도 섞이고 범죄조직 하나를 없애면 신동파가 즉시 빈자리를 차지한다.","‘물탱크 돈탱크’가 유행하며 지하경제 수사 여론이 생기고 유동근은 신동파로 군산 신세계 프로젝트를 시작한다.","항구파는 와해되고 검찰은 1,260명 사회망을 손에 넣는다.","세계","공식 수사가 조직을 비우자 청명회가 통제 가능한 신동파를 세워 암흑 질서를 관리한다.","동철은 명득과 술을 마시며 자신이 모르는 주변 세력 규모를 느낀다.","항구파 와해; 50억 압수","신동파 통제; 1,260명 처분; 배후 봉고차","물탱크 50억과 신세계","high"
"136","136화","법보다 주먹(완전판)! 136화","이슈 덕에 성매매 참고인 영장이 쉽게 발부되고 수사는 석 달째 이어진다.","성과가 커질수록 내부 유출 한 명이 전체 수사를 헛돌게 만든다는 비용을 드러낸다.","사라진 봉고차와 내부자를 끝까지 찾는다.","박태복 등 거짓말하는 명단자를 구치소로 보내고 오 수사관이 CCTV를 계속 보게 한다.","상부는 종결을 압박하고 오 수사관은 폐인처럼 지치며 미스 선 실무관이 정보를 흘렸을 가능성이 나온다.","명득은 내부자가 처음부터 수사 상황을 배후에 넘겨 칠곡 증거가 지워졌다고 결론낸다.","동철은 실패 원인을 잡고 미스 선의 1억 뇌물 환수를 결심한다.","관계","검사실 내부 동료였던 미스 선이 신뢰를 배반한 수사 방해자로 뒤집힌다.","가평 잣공장의 박 사장은 6개월 잠복을 명령해 더 큰 배후임을 드러낸다.","성매매망 대량 처분","미스 선 체포; 가평 박 사장; 봉고차","내부자 때문에 탄 증거","high"
"137","137화","법보다 주먹(완전판)! 137화","가평 박 사장은 중국 송환 사형을 피하려 조직에 6개월 복지부동을 명령한다.","내부자를 잡아도 배후를 놓친 수사 실패를 인정하고 다시 칠곡 현장으로 간다.","미스 선을 체포하고 남은 물증 한 조각을 찾는다.","검사실에서 실무관을 긴급구속한 뒤 조명득과 칠곡 전소 현장을 샅샅이 뒤진다.","핵심 증거가 이미 사라졌고 동철은 평검사로 끝장을 보려는 이상과 좌절 사이에서 폭음한다.","박 사장은 미스 선이 자기 정체를 모르므로 안전하다고 판단하고 강솔미는 군산 모텔 공갈 사업을 준비한다.","동철은 내부 배신은 정리하지만 배후에 닿지 못한 실패를 분명히 인식한다.","관계","명득은 실패한 동철과 끝까지 현장을 돌고 술을 마시는 유일한 동반자다.","강솔미의 몰래카메라 공갈과 박 사장 잠복이 다음 잠재 위협으로 열린다.","미스 선 내부유출","박 사장 배후; 강솔미 군산 공갈","칠곡에서 끊긴 꼬리","high"
"138","138화","법보다 주먹(완전판)! 138화","강솔미는 군산 모텔에 센서 카메라를 심고 동철 수사 공백을 노린다.","큰 사건의 끝을 추성호·은설의 합법 결혼이라는 개인 약속으로 따뜻하게 결산한다.","은설의 체류 문제를 해결해 둘이 함께 살게 한다.","군청 혼인신고와 출입국 조사에서 보증인이 되어 밀항 배경·진짜 관계를 설명한다.","참고인 송환 원칙과 위장결혼 의심 때문에 동철도 개인 보증 책임을 진다.","출입국 조사관이 진정성을 인정해 은설에게 국민 배우자 체류 자격을 준다.","추성호와 은설은 합법 부부가 되어 더는 숨어 사랑하지 않아도 된다.","관계","동철은 수사 미끼로 재회시킨 두 사람에게 실제 결혼·체류라는 약속을 완수한다.","다른 피해 신부들의 합법 체류 지원과 다음 끔찍한 사건이 기다린다.","추성호 약속 이행","다른 피해 여성 체류; 강솔미 몰카","F4 비자로 지킨 사랑","high"
"139","139화","법보다 주먹(완전판)! 139화","동철은 세 피해 신부의 체류 보증까지 반복해 출입국 사무소를 찾는다.","구조 후 삶까지 챙기는 여진 뒤 아동 토막살인과 정치 스카우트로 규모를 바꾼다.","새로 배당될 잔혹 사건의 사실부터 확인한다.","출입국 직원을 설득하고 지검장 회의 끝 사건 기록을 받아 실무관 최소정과 검토한다.","미성년 범인은 최고 20년 한계가 있고 처참한 피해 때문에 담당 검사가 여론 비난을 받을 수 있다.","지검장은 욕먹기 좋은 사건이라 동철에게 주고 여당은 총선 바람몰이용으로 그를 영입하기 시작한다.","동철은 현실 형량 한계를 알면서도 수사 방향을 고민하고 정치권의 주목을 받는다.","지위","군산 수사 스타 박동철이 양대 정당이 탐내는 총선 카드로 격상된다.","야당까지 경쟁 영입에 나서고 지검장은 은설 체류 때문에 동철을 찾는다.","피해 신부 체류","아동 토막살인; 정치권 영입","욕먹기 좋은 사건과 총선 카드","high"
"140","140화","법보다 주먹(완전판)! 140화","여야 모두 박동철 영입을 위해 의원을 군산으로 보낸다.","정치 권력 유혹과 대형 사건 최종 구형을 같은 날 충돌시킨다.","인신매매 주범들에게 거래 없는 최고 구형을 하고 다음 선택을 보류한다.","법정에서 표창우 등 열 명에게 자백 거래 기대를 깨는 엄한 구형을 준비하고 선배 전화를 받는다.","지검장은 은설 송환 문제와 정치권 압력 사이에서 곤란하고 동철의 구형은 수사협조 신뢰를 해칠 수 있다.","여야 의원 모두 저녁 약속을 잡으려 해 검사 사건이 정치 입당 경쟁으로 번진다.","표창우가 믿었던 ‘싸게’ 거래가 무너질 조짐과 동철의 정치적 가치가 동시에 선다.","지위","동철은 지역 평검사이면서 양대 정당이 국회의원 후보로 쟁탈하는 공적 인물이 된다.","저녁 정치인 만남과 새 잔혹 사건 수사가 이어진다.","인신매매 공판","정치 영입 선택; 토막살인 착수","법정 밖 양당 쟁탈전","high"
"141","141화","법보다 주먹(완전판)! 141화","여당 박두선 의원은 군산 법대 동문 모임을 열어 동철을 기다리고 배우 오미선은 은희와의 비교에 상처받는다.","정치 스카우트의 화려함 뒤에 명득·미선 커플의 열등감 비용을 병치한다.","정치권 호출과 주변 관계의 균열을 모두 무리 없이 넘긴다.","동문 선배들의 압박을 받으면서도 약속 장소에 늦게 가고 명득의 연애 고민도 듣는다.","현직 의원과 선배들이 한편이고 오미선은 톱스타 은희 때문에 자신이 초라하다고 느낀다.","동철은 박두선의 회동을 ‘굴러온 똥’처럼 처리하겠다고 마음먹는다.","정치인에게 굽히지 않는 동철의 태도가 선배 전화 한 통으로 즉시 확인된다.","지위","동철은 영입 대상이면서도 의원을 접대하지 않는 독립적 검사로 선다.","늦게 도착한 동철이 술자리의 주도권을 어떻게 뒤집을지가 걸린다.","인신매매 공판","박두선 영입; 미선의 열등감","굴러온 정치 제안을 치우는 법","high"
"142","142화","법보다 주먹(완전판)! 142화","박두선과 군산 동문들은 동철을 띄우며 입당을 압박한다.","권력자의 술자리 문법을 동철식 과음 응징으로 바꿀 준비를 쌓는다.","명시적 거절 없이 정치 스카우트를 무력화한다.","지각한 채 식당에 들어가 모두의 잔과 분위기를 살피며 폭탄주 판을 설계한다.","법조 선배와 현역 의원의 체면 때문에 정면 거절은 향후 인사 비용을 부를 수 있다.","동철은 자신을 기다린 박두선에게 먼저 큰 잔을 권하며 접대의 방향을 뒤집는다.","아랫사람이어야 할 동철이 술자리 진행권을 가져오는 통쾌함이 지급된다.","관계","박두선의 영입 면담은 정책 대화가 아니라 동철이 조종하는 술판으로 변한다.","동철이 만든 특제 폭탄주가 의원의 판단력을 어디까지 무너뜨릴지 남는다.","동문 회동 참석","박두선 만취 계획","정치 스카우트 폭탄주","high"
"143","143화","법보다 주먹(완전판)! 143화","동철은 거대한 폭탄주를 연달아 돌려 박두선과 동문들을 만취시킨다.","권력자의 회유를 육체적 버티기 승부로 치환해 즉시 웃음과 거절을 함께 준다.","입당 확답을 피하고 정치 모임을 스스로 끝낸다.","강한 술을 배합해 건배를 반복하고 끝까지 멀쩡한 채 쓰러진 선배들을 정리한다.","의원을 공개적으로 모욕하면 보복받을 수 있어 겉으로는 극진한 후배 행세를 유지해야 한다.","박두선은 영입 성과 없이 인사불성이 되고 동철만 약속에서 빠져나온다.","동철은 정치권의 서열을 술 한 잔으로 뒤집고 선택권을 지킨다.","지위","양당 영입전은 동철의 확답 없이 지연되고 박두선에게 사적 약점이 생길 조건이 마련된다.","취한 박두선이 숙소에서 부적절한 여자를 찾으며 새 사고를 부른다.","박두선 면담","박두선 숙박 사고","의원까지 눕힌 폭탄주","high"
"144","144화","법보다 주먹(완전판)! 144화","만취한 박두선은 호텔에서 여자를 찾고 강솔미와 기성은 군산 모텔의 몰래카메라를 회수하러 돌아온다.","정치인의 성적 약점과 연쇄 몰카범의 귀환을 한 장소권에서 교차시켜 위협을 키운다.","은희와의 비밀 재회를 지키면서 강솔미의 흔적을 잡는다.","청명회 모니터 요원들이 터미널 CCTV 석 달치를 훑고 동철은 은희가 기다리는 모텔로 향한다.","솔미 일당의 카메라가 모텔 곳곳에 남아 있고 은희의 방문이 알려지면 배우 경력과 관계가 손상된다.","수십 명의 추적 끝에 강솔미가 군산으로 돌아온 화면이 포착된다.","실종된 몰카범의 현재 동선이 처음 확보되고 동철·은희는 짧은 재회 보상을 얻는다.","정보","수사는 막연한 과거 영상 검토에서 실시간 회수범 검거 단계로 넘어간다.","은희가 결혼을 재촉하는 밤, 객실 안 숨은 카메라가 둘을 보고 있다.","박두선 영입 회피","강솔미 귀환; 은희 몰카 위험","비밀 연인과 숨은 렌즈","high"
"145","145화","법보다 주먹(완전판)! 145화","은희는 동철 어머니에게 이미 딸처럼 인정받았다며 결혼을 원하고 청명회는 강솔미를 좁혀 간다.","달콤한 결혼 약속 바로 뒤에 촬영·협박 위험을 붙여 행복의 비용을 체감시킨다.","은희의 마음을 받아주되 비밀 노출을 막는다.","은희와 밤을 보내고 어머니에게 연락하겠다고 약속하는 한편 명득의 탐문 보고를 받는다.","톱스타 은희의 사생활 영상은 두 사람뿐 아니라 가족과 검사 신뢰까지 파괴할 수 있다.","동철은 객실 안에서 누군가 지켜본다는 감각을 느끼고 흥분 대신 수색 모드로 바뀐다.","은희와 가족이 될 가능성이 확인되는 동시에 동철의 위험 감지가 작동한다.","관계","연애는 결혼 논의로 진전되지만 공개될 수 없는 약점도 더 커진다.","동철이 렌즈를 발견하고도 촬영자를 속이려 한다.","은희 결혼 의사","객실 몰래카메라; 회수범 매복","결혼 약속을 엿보는 눈","high"
"146","146화","법보다 주먹(완전판)! 146화","동철은 모텔 객실의 센서 카메라를 찾아내고 촬영자가 눈치채지 못하게 은희와 연기를 이어 간다.","사생활 침해를 즉시 분노로 터뜨리지 않고 역추적 미끼로 바꾸는 수사 쾌감을 준다.","은희를 무사히 돌려보낸 뒤 카메라 회수범을 현장에서 잡는다.","렌즈 각도를 확인하고 일부러 입맞춤을 이어 가며 은희가 변장해 떠난 뒤 명득에게 매복을 지시한다.","카메라를 바로 떼면 강솔미가 도망가고 영상을 남기면 은희에게 실제 피해가 생긴다.","동철은 영상을 통제하면서도 도둑에게 정상 작동 중이라는 신호를 남기는 양면책을 택한다.","몰카의 피해자가 될 순간을 범인 포획용 덫으로 역전한다.","정보","객실 카메라는 강솔미를 부를 증거물이자 미끼가 된다.","솔미와 기성이 사라진 카메라를 되찾으러 모텔로 들어온다.","객실 위협 감지","강솔미 현행 포획","톱스타 몰카를 덫으로","high"
"147","147화","법보다 주먹(완전판)! 147화","명득은 미선이 은희와 비교되며 흔들린다고 털어놓고 강솔미는 카메라 회수를 위해 객실에 접근한다.","주변 연인의 감정 비용을 챙기면서 범인이 스스로 덫에 들어오는 기다림을 지급한다.","명득에게 관계의 핵심을 짚어주고 솔미의 진입을 놓치지 않는다.","미선의 열등감이 사랑 부족이 아니라 공개 비교에서 왔음을 말하고 모텔 출입 동선을 감시한다.","감정 상담에 집중하면 현장 체포를 놓치고 솔미는 카메라가 없어진 순간 도주할 수 있다.","강솔미가 직접 문을 열어 카메라를 찾는 순간 동철의 매복 범위 안에 들어온다.","장기 CCTV 수색의 수고가 범인 자발적 귀환으로 보상된다.","관계","명득은 미선의 상처를 이해할 실마리를 얻고 몰카 수사는 현행 대면 직전이 된다.","한편 박두선에게 벌거벗은 사진을 든 협박 전화가 온다.","강솔미 동선 포착","몰카 체포; 박두선 협박","두 커플을 흔드는 카메라","high"
"148","148화","법보다 주먹(완전판)! 148화","박두선은 나체 수면 사진으로 협박받고 동철은 모텔 문을 박차 강솔미와 기성을 덮친다.","두 몰카 사건을 동시에 터뜨려 검사의 사적 관계와 정치인의 체면을 한 번에 시험한다.","솔미를 증거와 함께 잡고 박두선의 협박 요청도 통제한다.","카메라를 손에 든 채 솔미·기성을 제압하고 걸려온 박두선의 다급한 전화를 받는다.","솔미가 촬영물 유통을 부인할 수 있고 박두선 사건까지 맡으면 정치적 유착으로 보일 위험이 있다.","평소 거만하던 박두선이 동철을 ‘대부님’이라 부르며 살려 달라고 매달린다.","강솔미 현행 검거와 권력자 굴복이라는 이중 즉시 보상이 온다.","지위","동철은 몰카 피의자를 확보하고 의원의 생명줄까지 쥔 해결사 위치에 선다.","박두선 사진을 찍은 싸구려 협박범을 따로 찾아야 한다.","강솔미 매복","박두선 사진 회수; 솔미 여죄","대부님이 된 평검사","high"
"149","149화","법보다 주먹(완전판)! 149화","박두선은 사진 유출로 정치 생명이 끝난다며 애원하고 협박범 남녀는 궁전다방에서 돈을 더 뜯을 궁리를 한다.","권력자의 위기를 하찮은 범죄자의 탐욕과 맞붙여 응징 기대를 선명하게 만든다.","사진 원본과 복제본을 없애 박두선 사건을 조용히 끝낸다.","협박범의 연락선을 역추적해 직접 다방으로 찾아가 유포 순간 감당할 대가를 설명한다.","법적 절차만 밟으면 사진이 증거로 퍼질 수 있고 돈을 주면 반복 협박이 이어진다.","동철은 돈도 체포도 먼저 내세우지 않고 공개 즉시 자신들이 죽는 구조를 체감시킨다.","거물 의원을 흔들던 범인들이 동철 앞에서 계산을 다시 하는 서열 역전이 지급된다.","정보","협박범은 돈벌이가 아니라 생존 문제임을 알고 사진 거래를 포기할 처지가 된다.","동철이 ‘대충 철저하게’ 뒤처리한 뒤 기성을 심문실로 부른다.","박두선 구조 요청","기성 전향; 솔미 여죄","정치 생명을 산 사진 한 장","high"
"150","150화","법보다 주먹(완전판)! 150화","동철은 박두선 협박범을 굴복시키고 구치된 기성을 불러 강솔미와 분리한다.","작은 악당은 빠르게 눌러주고 더 큰 연쇄 범죄를 캐는 실무 전환을 보여준다.","기성을 솔미의 공범이 아니라 여죄 입증 협조자로 바꾼다.","사진·필름을 회수한 뒤 기성에게 솔미의 과거 범행과 예상 형량을 차분히 제시한다.","현재 확보된 혐의는 객실 불법촬영뿐이라 솔미가 짧은 형으로 빠져나갈 가능성이 크다.","동철은 기성의 과거보다 지금 솔미 편에 남을 선택이 더 위험하다고 못 박는다.","박두선의 약점은 봉합되고 수사는 연쇄 피해자 규명으로 확장된다.","정보","기성은 연인 공동운명체에서 검찰 협조 여부를 저울질하는 단독 피의자로 분리된다.","동철이 솔미의 죄가 커질수록 기성의 몫은 줄어든다는 거래를 건다.","박두선 사진 협박","기성 진술 거래","공범의 저울을 뒤집다","high"
"151","151화","법보다 주먹(완전판)! 151화","동철은 기성에게 강솔미가 남긴 수많은 남성 피해와 기성 자신의 가담분을 하나씩 저울질시킨다.","공범 사이 의리를 죄의 분배 계산으로 깨뜨리는 심문 승부를 준다.","기성에게서 솔미의 촬영 장소·피해자·은신 경로를 모두 받아낸다.","여죄가 늘면 주범 솔미의 비중이 커지고 협조한 기성의 정상참작 여지가 생긴다고 설득한다.","기성은 솔미를 배신하면 보복받을 수 있고 진술 자체가 자기 범죄도 확정한다.","살기 위해서는 솔미의 죄를 최대한 구체적으로 쓰는 편이 유리하다는 모순이 기성을 움직인다.","동철은 폭력 없이 이해관계만으로 공범의 침묵을 깨뜨린다.","정보","강솔미 사건은 단일 객실 몰카에서 여러 지역·여러 피해자의 연쇄범죄로 재정의된다.","목록에 적힌 남성 피해자들이 수치심 때문에 신고를 부인한다.","기성 분리 심문","피해자 확인; 가평 단서","공범의 죄가 커야 내가 산다","high"
"152","152화","법보다 주먹(완전판)! 152화","기성은 솔미의 범행을 적어 내지만 연락받은 남성들은 수치와 가정 파탄을 두려워해 피해 사실을 부인한다.","가해자는 잡았는데 피해자가 사라지는 수사 역설로 장기 비용을 부각한다.","진술 외 객관 증거를 만들고 기성의 기억에서 다음 은신처를 찾는다.","피해자들에게 직접 전화하고 기록·차량·동선을 대조하며 기성 진술서를 보강한다.","고소와 증언이 없으면 촬영·갈취 여죄를 공소사실로 세우기 어렵다.","기성이 써 내려간 지명 가운데 ‘가평’이 별도 사건의 핵심 연결점으로 떠오른다.","막힌 피해자 조사 대신 장기적출 조직으로 이어질 새 길이 열린다.","정보","몰카 재판의 증거는 약해지지만 솔미와 불탄 승합차·가평을 잇는 수사축이 생긴다.","명득도 칠곡에서 내린 불법체류자가 가평으로 향했다는 제보를 가져온다.","기성 진술 확보","칠곡 밀입국자; 가평 조직","피해자 없는 범죄와 한 지명","high"
"153","153화","법보다 주먹(완전판)! 153화","명득의 칠곡 제보와 기성 진술서에서 동시에 ‘가평’이 겹치고 여야는 동철이 상대 당에 갔다고 오해한다.","수사 단서의 교차 보상과 정치권이 스스로 물러나는 해방감을 함께 준다.","정치 영입을 떼어내고 가평 연결고리를 현장 확인한다.","명득과 빗길을 달려 칠곡으로 향하며 불탄 승합차 생존자의 이동 경로를 맞춘다.","제보자는 불법체류자라 진술 신뢰가 낮고 가평은 넓어 특정 시설 없이는 수색이 어렵다.","양당이 서로 동철을 선점했다고 착각해 영입전을 멈추고 수사할 시간이 확보된다.","동철은 입당 선언 없이 정치권을 떼어내고 두 독립 단서를 하나로 묶는다.","정보","관심의 중심이 총선 카드에서 칠곡 생존자와 가평 시설로 완전히 이동한다.","칠곡서의 판도식이 잣 공장 옆 닭장을 지목한다.","양당 영입전","판도식 진술; 가평 시설 특정","정치가 비운 자리에 겹친 단서","high"
"154","154화","법보다 주먹(완전판)! 154화","칠승파 잔당 최문탁은 박 사장의 ‘한 명을 죽여 여덟을 살린다’는 장기 사업을 듣고 동철은 칠곡서에서 판도식을 만난다.","범인의 자기합리화를 먼저 보여준 뒤 피해자 증언으로 실체를 좁혀 공포를 만든다.","불탄 승합차와 박 사장 조직의 목적지를 특정한다.","판도식에게 차량 탑승 경위와 가평행 이유를 재차 확인하고 명득은 칠승파 계보를 정리한다.","조직은 장기기증을 선행처럼 포장하고 증거 없는 불법체류자 진술은 쉽게 공격받을 수 있다.","판도식이 목적지는 가평의 잣 공장과 닭장 근처였다고 구체적으로 기억한다.","추상적 장기적출 의혹이 지도에서 찾을 수 있는 장소로 바뀐다.","정보","박 사장·칠승파 잔당·불탄 승합차·가평 공장이 하나의 조직선으로 연결된다.","판도식이 그곳에서 사람을 물건처럼 다뤘다고 더 깊은 내용을 꺼낸다.","가평 지명 교차","잣 공장 수색; 박 사장 확인","한 명을 죽여 여덟을 살린다","high"
"155","155화","법보다 주먹(완전판)! 155화","판도식은 가평 잣 공장 옆 양계장이 밀입국자를 가두고 장기 공급원으로 고르는 곳이라고 증언한다.","끔찍한 조직의 윤리 왜곡을 폭로하고도 법적 증거 부족이라는 비용을 남긴다.","공장을 은밀히 찾아 실제 감금·적출 현장을 확보한다.","청명회 인력을 가평 전역에 풀어 잣 공장과 닭장이 붙은 시설을 찾게 하고 판도식 진술을 교차검증한다.","공식 압수수색을 먼저 하면 조직이 사람과 장비를 옮기며 판도식도 강제퇴거를 원한다.","명득의 사설망이 조건에 맞는 시설을 찾아 장기 잠복에 들어간다.","생존자 한 명의 기억이 조직 본거지 수색으로 전환되는 성취가 온다.","정보","수사는 정식 영장 전 비공식 청명회 감시 단계로 넘어가 법적·윤리적 부담이 커진다.","사무실에 나타난 강솔미가 동철에게 거래를 제안한다.","판도식 목적지","강솔미 재판; 가평 잠복","잣 공장 옆 사람 닭장","high"
"156","156화","법보다 주먹(완전판)! 156화","강솔미는 선처를 기대하며 동철에게 관계를 만들려 하지만 동철은 뇌물성 접근까지 공판 공격으로 바꾼다.","법망을 얕보는 상습범에게 예상보다 센 구형을 즉시 되돌려준다.","솔미의 낮은 형량 계산을 깨고 재판이 끝나는 즉시 가평으로 이동한다.","15개 객실 불법촬영에 3년을 구형하고 검사 회유·명예 훼손 시도까지 더해 2년을 추가로 요구한다.","피해자들이 진술하지 않아 실제 인정 혐의가 좁고 지검장도 동철의 비공식 수사를 의심한다.","‘기껏해야 1년’이라던 솔미 앞에서 총 5년 구형이 울린다.","솔미의 자신감이 무너지고 동철은 법정 보상 직후 더 큰 악의 현장으로 향한다.","지위","동철은 공판 검사 권한을 최대한 밀어붙인 뒤 청명회 감시팀과 결합한 비공식 작전에 들어간다.","박 사장이 강솔미를 가평 공장으로 끌고 가 장기 공급 대상으로 삼는다.","강솔미 여죄 수사","가평 현장 급습","짧은 형을 믿은 몰카범의 오산","high"
"157","157화","법보다 주먹(완전판)! 157화","법원이 강솔미의 회유 정황을 따지고 박 사장은 최문탁 앞에서 장기적출을 ‘천사의 일’이라 자랑한다.","법정의 제한된 응징과 범죄 현장의 무제한 잔혹함을 교차해 다음 폭발을 당긴다.","박 사장의 직접 가담 장면과 살아 있는 피해자를 동시에 잡는다.","동철은 광주 교도소의 오춘석에게 조직 정보를 확인하고 청명회 잠복조는 눈 내린 공장을 감시한다.","오춘석의 전언은 증거력이 약하고 박 사장은 희생자 한 명으로 여러 환자를 살린다는 명분을 내세운다.","오랜 잠복 끝에 박 사장 일행과 겁먹은 강솔미가 공장 안으로 들어가는 모습이 잡힌다.","기다리던 주범·피해자·장소가 한 프레임에 모이는 결정적 현장 보상이 지급된다.","정보","장기적출 의혹은 실행 직전의 현행범 체포 기회로 변한다.","불을 끈 동철과 명득이 눈 덮인 공장으로 접근한다.","가평 시설 특정","박 사장 현행범; 솔미 구조","천사를 자처한 장기 장사꾼","high"
"158","158화","법보다 주먹(완전판)! 158화","박 사장 일당이 강솔미를 장기 적출 대상으로 끌고 들어가자 동철은 겁먹은 명득을 남기고 홀로 공장에 진입한다.","잔혹한 피해자였던 솔미까지 구하는 검사 원칙과 단독 액션 기대를 동시에 세운다.","경보가 울리기 전에 외곽 조직원을 제압하고 수술실까지 간다.","눈길에서 불을 끈 채 접근해 첫 경비의 턱을 주먹으로 꺾고 소음 없이 안쪽 길을 연다.","적은 다수이고 회칼·수술도구를 갖췄으며 공식 지원 없이 들어가면 증거와 생명을 모두 잃을 수 있다.","동철은 상대의 수를 확인하고도 명득에게 빠지라 한 뒤 혼자 싸움을 선택한다.","말로만 ‘법보다 주먹’이던 원칙이 눈밭 잠입 액션으로 즉시 구현된다.","행동력","동철은 수사 지휘자에서 고립된 구출 전투원으로 상태가 바뀐다.","첫 주먹 소리에 칼 든 조직원들이 몰려온다.","가평 잠복","공장 난투; 솔미 구출","눈밭으로 들어간 검사 한 명","high"
"159","159화","법보다 주먹(완전판)! 159화","동철은 회칼 든 조직원들을 차례로 쓰러뜨리고 피로 눈밭에 길을 만든다.","압도적 육체 보상을 주면서 칼상처와 불법 단독진입이라는 장기 비용을 누적한다.","외곽 방어선을 뚫고 박 사장이 있는 내부로 들어간다.","주먹·발차기·빼앗은 칼집을 이용해 포위망을 깨며 자신은 이 밤의 귀신이라고 선언한다.","한 번 베이면 구조가 끝나고 살상 수위가 높을수록 검사 신분의 후폭풍도 커진다.","다수가 무너져도 동철의 전진은 멈추지 않고 조직원들이 공포에 빠진다.","숫자와 흉기를 맨몸 전투력으로 뒤집는 행동 장르의 큰 보상이 지급된다.","행동력","공장 외곽은 박 사장 조직의 통제에서 동철의 진입로로 바뀐다.","안쪽에서 천세계와 박 사장이 솔미를 수술대로 끌고 가고 더 거친 적이 동철을 막는다.","첫 경비 제압","박 사장 대면; 장기 피해자 구조","피 묻은 눈 위의 귀신","high"
"160","160화","법보다 주먹(완전판)! 160화","박 사장과 천세계는 강솔미의 장기를 팔 준비를 하고 동철은 마지막 무장조와 정면 충돌한다.","악인을 피해자로 구해야 하는 역설과 보스 직전의 격투 긴장을 함께 끌어올린다.","수술이 시작되기 전에 솔미를 확보하고 박 사장의 위선을 깨뜨린다.","칼 든 사내들의 공격을 받아내며 수술실 문까지 밀고 들어가고 박 사장의 ‘한 명으로 여덟 구원’ 논리를 듣는다.","솔미는 과거 가해자라 구조 명분이 감정적으로 흔들리고 조직의 중간보스가 분노해 전력을 다한다.","동철을 향해 최강 전투원이 욕설과 함께 돌진하며 보스전이 열린다.","박 사장의 실체와 솔미의 생명 위기가 한 공간에서 확정된다.","행동력","가평 수사는 은밀한 감시에서 생사 결투와 현행 구출 단계로 진입한다.","분노한 사내와 동철의 결투 뒤 박 사장까지 직접 상대해야 한다.","공장 외곽 돌파","가평 보스전","악인을 살리러 온 더 무서운 귀신","high"
"161","161화","법보다 주먹(완전판)! 161화","강솔미는 이미 신장을 적출당해 숨지고 동철은 목수철·박 사장·천세계 일당을 끝장낸다.","장기적출 조직을 법정 밖에서 전멸시키는 최대 응징과 살인자의 지옥행 비용을 함께 확정한다.","남은 조직원이 다시 사람을 해치지 못하게 하고 흔적을 없앤다.","목수철과 격투하다 명득의 산탄총 지원을 받고 박 사장의 목을 그어 공장 전체를 정리한다.","공식 체포를 포기한 순간 동철 자신도 법이 처벌할 살인자가 되며 솔미는 끝내 살리지 못한다.","명득의 세 발이 목수철을 쓰러뜨리고 동철은 자신을 ‘유령’이라 되뇌며 박 사장을 죽인다.","피해자들의 원한은 갚지만 동철은 천국을 위해 자신이 지옥에 가겠다는 장기 부채를 진다.","윤리","검사 박동철과 비밀 응징자 유령의 이중생활이 되돌릴 수 없는 선을 넘는다.","시체가 사라진 가평 공장을 검찰이 어떻게 설명할지가 남는다.","가평 보스전","무시체 사건; 유령의 죄책","한 명이 지옥에 가는 장사","high"
"162","162화","법보다 주먹(완전판)! 162화","가평 공장에는 시체가 남지 않아 집단 난투로 종결되고 박 사장 조직은 뿌리째 사라진다.","완벽한 비밀 응징의 보상 뒤 곧바로 ‘황제 노역’이라는 제도 악을 새 표적으로 세운다.","가평 흔적을 봉합하고 360억 벌금을 노역으로 때우는 황수성의 숨은 재산을 걷는다.","청명회로 사체를 치운 뒤 황수성의 영치금·내복·안경까지 개인재산으로 추징한다.","살인사건은 증명 불가로 남고 황수성은 판사 사위와 재산 은닉망을 가진 지역 거물이다.","하루 3억 노역을 누리던 황수성이 동철에게 영치품까지 털리며 새 대결이 열린다.","박 사장 조직 소멸과 ‘콩밥’만 남은 황수성의 굴욕이 연속 지급된다.","자원","동철의 적은 지하조직에서 법과 혈연을 이용하는 대야수산 회장으로 바뀐다.","동생 변호사 황수찬이 동철의 추징을 막으려 한다.","가평 공장 은폐","황제 노역 360억","시체 없는 난투 뒤 빈털터리 황제","high"
"163","163화","법보다 주먹(완전판)! 163화","동철은 특별면회실에서 황수성·황수찬 형제를 조롱하며 판결 판사가 사위였다는 사실을 확인한다.","돈 없는 척한 부자가 가족 특혜로 하루 3억을 까는 부조리를 대중 응징으로 전환한다.","황제 노역의 혈연 특혜를 세상에 드러내 자발적 납부 압력을 만든다.","고급 수제 도시락 값을 묻고 360억 대신 낼 재산이 없느냐 압박한 뒤 미녀 BJ 방송에 정보를 흘린다.","직접 언론에 흘린 흔적이 잡히면 검사 권한 남용 논란이 생길 수 있다.","BJ가 ‘판사 사위 둔 노역 황제’를 방송하며 실시간 검색어가 폭발한다.","밀실 특혜가 국민 모두가 보는 수치로 바뀐다.","사회적목격","황수성 사건의 전장은 구치소에서 인터넷 여론장으로 확장된다.","황수찬이 온라인 불을 끄는 동안 동철은 한우집에서 또 다른 조작을 만난다.","영치품 추징","황제 노역 여론전","하루 3억의 판사 사위","high"
"164","164화","법보다 주먹(완전판)! 164화","황제 노역 검색어가 치솟는 동안 동철 수사팀은 손님 없는 한우집 ‘황소고집’에서 회식한다.","거대 부패를 두드리다 생활 현장의 작은 억울함까지 줍는 검사상을 보여준다.","팀 가족에게 한우 회식을 주고 가게가 비어 있는 원인을 듣는다.","마·오 수사관 가족을 챙기며 반대편 가게만 붐비는 이유를 사장에게 묻는다.","황수성 수사에 인력이 묶인 상태라 별도 사건을 벌이면 업무가 폭증한다.","사장이 식중독 행정처분 뒤 손님이 끊겼다고 조심스럽게 털어놓는다.","수사팀의 따뜻한 회식이 억울한 자영업자를 발견하는 사회적 보상으로 이어진다.","관계","검사실은 황수성 압박과 황소고집 구제를 동시에 떠안는다.","식중독 검사서가 왜 바뀌었는지 확인해야 한다.","황제 노역 폭로","황소고집 행정조작","공짜 한우가 건진 하소연","high"
"165","165화","법보다 주먹(완전판)! 165화","황소고집 사장은 맞은편 경쟁업체 손님 신고 뒤 균 검사 결과가 바뀌어 한 달 정지됐다고 말한다.","평범한 식당의 몰락 뒤 공무원 매수 가능성을 발견해 정의의 체감 크기를 낮은 곳으로 당긴다.","조작된 식중독 처분의 돈줄과 담당자를 찾는다.","검사 서류·신고자·위생과 동선을 따져 보고 사장에게 고소 절차를 설명한다.","억울하다는 진술만으로는 공무원 무고·뇌물을 입증할 수 없고 역고소 위험도 있다.","동철은 단순 실수가 아니라 경쟁업체 사위와 위생과가 짠 사건이라 가설을 세운다.","망해가던 사장에게 수사 가능성이라는 첫 희망이 지급된다.","정보","황소고집 사건은 행정 오류에서 표적 영업정지 의혹으로 바뀐다.","고소장을 미끼로 담당 공무원의 반응을 끌어낸다.","한우집 사연","위생과 뇌물선","바뀐 식중독 검사표","high"
"166","166화","법보다 주먹(완전판)! 166화","동철은 황소고집 사장에게 위생과 공무원을 무고로 고소하라 하고 황수찬의 특별접견도 차단한다.","약자가 먼저 법의 문을 두드리게 하고 부자는 특혜를 못 쓰게 하는 대칭 응징을 준다.","공무원에게 수사 신호를 보내고 황수성의 호화 구금 생활을 평준화한다.","고소 접수 시점을 잡는 한편 특별접견실 예약을 채워 황수찬을 일반면회로 돌린다.","무고 고소는 증거가 없으면 사장에게 돌아오고 변호인 접견 방해 논란도 생길 수 있다.","황수찬은 인맥도 돈도 동철의 ‘콩밥’ 압박을 뚫지 못한다.","황수성 형제가 일반면회실에서 고함치는 공개 굴욕을 겪는다.","지위","동철은 지역 거물의 구치소 특권까지 통제하는 집요한 상대가 된다.","새 지검장 취임과 함께 위생과 계좌 수사가 시작된다.","황소고집 고소 설계","박현석 수사; 황수성 특혜 차단","황제에게도 같은 면회실","high"
"167","167화","법보다 주먹(완전판)! 167화","강경한 새 지검장이 취임하고 동철은 황수성 계좌 영장은 기각된 대신 위생과 공무원 계좌 영장을 얻는다.","상관 교체의 압력 속에서도 우회로를 찾아 작은 부패부터 깨는 수사 보상을 준다.","박현석 등 담당 공무원의 뇌물 흔적을 객관증거로 확보한다.","새 지검장에게 보고하고 계좌·통신 자료를 대조하며 현 수사관까지 실무에 투입한다.","공무원 명의 계좌가 깨끗하면 차명 현금 거래는 잡히지 않는다.","모든 공식 계좌가 깨끗하게 나와 수사가 한 번 막힌다.","기각된 큰 영장 대신 통과된 작은 영장으로 부지런히 움직이는 동철의 실무성이 보상된다.","정보","수사는 계좌 추적에서 가족·차명 수령자를 찾는 생활 추적으로 바뀐다.","명득이 박현석 집 주변에서 약점을 캐러 간다.","고소 접수","차명 뇌물 추적","깨끗한 계좌 뒤의 더러운 돈","high"
"168","168화","법보다 주먹(완전판)! 168화","황수성은 병원 특실에서 중환자 행세를 하고 동철은 그 앞에서 건강한 반응을 떠본다.","권력자의 환자 코스프레를 비웃으면서 BJ 주식 방송으로 황소고집 손님을 되돌린다.","황수성의 위장입원과 위생과 차명 뇌물을 동시에 압박한다.","병실에서 일부러 자극하고 개인방송에 식당 관련 이슈를 흘려 대중의 방문을 유도한다.","황수성은 의료진까지 동원하며 식당 여론전도 진짜 증거를 대신할 수 없다.","인터넷 시청자들이 황소고집으로 몰리고 식당은 영업정지 후 처음 활기를 되찾는다.","고통받던 자영업자에게 즉시 매출·목격 보상이 지급된다.","사회적목격","황소고집은 폐업 위기에서 전국적 관심 가게가 되고 황수성은 병실 속 감시 대상이 된다.","명득이 박현석 아내 쪽에서 결정적 연락을 잡는다.","계좌 추적 실패","차명 수수 증거; 황수성 위장입원","인터넷이 채운 빈 식당","high"
"169","169화","법보다 주먹(완전판)! 169화","명득은 박현석의 아내에게 접근해 차명 통장·거래 단서를 얻고 검찰에는 새 수사관이 충원된다.","공식 계좌를 깨끗이 한 공무원을 가족의 허영과 생활 흔적으로 잡는 우회 쾌감을 준다.","박현석을 현행성 증거와 함께 소환한다.","아파트 놀이터에서 확보한 자료를 흔들고 군청 흡연실에 나온 박현석을 감시한다.","명득의 위장접근이 드러나면 증거 신빙성이 공격받을 수 있다.","박현석이 거래 상대를 만나러 나오자 검찰 차량이 군청에 도착한다.","차명수수 가설이 실제 동선으로 확인된다.","정보","깨끗하던 공무원 계좌 수사가 가족·경쟁업체 연결망으로 완성된다.","검사실로 끌려온 박현석에게 동철이 신분을 밝힌다.","차명 추적","박현석 자백; 황소고집 회복","놀이터에서 잡힌 공무원 돈","high"
"170","170화","법보다 주먹(완전판)! 170화","동철은 위생과 박현석을 체포하고 황소고집 앞에는 인터넷 손님이 밀려든다.","작은 관심 하나가 생업을 살리고 부패 공무원을 잡는 즉시 보상을 완결한다.","박현석에게 경쟁업체 최인태의 사주와 서류조작을 자백받는다.","군청에서 신병을 인계받고 맞은편 식당 사장 조순호가 황소고집의 긴 줄을 직접 보게 한다.","뇌물 액수가 작아도 조작으로 한 가게를 무너뜨린 사회적 피해는 크다.","‘황소고집’ 주인은 기적 같은 손님 행렬을 보며 전날 찾아온 동철을 떠올린다.","영업 회복·공무원 검거·주민 목격이 한꺼번에 지급된다.","자원","망하던 식당은 재기하고 검찰은 행정조작 사건의 핵심 피의자를 확보한다.","박현석 자백으로 최인태까지 수사하고 황수성의 진짜 과거를 판다.","차명 뇌물 포착","최인태 공모; 황수성 신원","작은 오지랖이 살린 가게","high"
"171","171화","법보다 주먹(완전판)! 171화","박현석은 서류조작을 털어놓고 최인태는 버티지만 아내가 검사실까지 와 대신 용서를 빈다.","생활형 부패의 자백 뒤 황수성 나이가 식민지 갑부 기록과 맞지 않는 미스터리를 건다.","한우집 사건을 기소하고 황수성 재산의 출발점을 확인한다.","두 피의자의 진술을 굳히고 야근하며 군산 수탈사와 토지 기록을 대조한다.","가족의 공개 사과는 통쾌하지만 뇌물죄 입증과 별개이며 69세 황수성은 광복 당시 일곱 살이다.","옛 기록 속 거부 황수성이 현재 피고와 동일인일 수 없다는 연령 모순이 발견된다.","식당 사건의 죗값이 확보되고 더 큰 신분세탁 단서가 열린다.","정보","황수성 수사는 숨은 재산을 넘어 식민지기 신원·친일재산 추적으로 확장된다.","동양척식주식회사 토지 수령자의 실명을 찾아야 한다.","박현석 검거","야마모토 신지 정체","일곱 살 갑부의 모순","high"
"172","172화","법보다 주먹(완전판)! 172화","동철은 옛 토지대장과 족보를 맞춰 황수성이 일본인 야마모토 신지의 신분세탁 인물일 가능성을 세운다.","360억 벌금 사건을 친일 수탈재산 환수 판갈이로 키우는 규모 상승을 준다.","야마모토 신지와 현재 황수성을 동일인으로 묶을 생존 증언·토지 흐름을 찾는다.","수사팀과 동양척식회사 기록·귀화 공민증·가족연령을 대조하고 명득을 부른다.","70년 전 문서는 불완전하고 이름 변경을 법정에서 증명할 증인이 드물다.","황수성의 설명되지 않던 초기 자산이 야마모토에게 무상 증여된 땅과 겹친다.","단순 탈세범에게 식민지 수탈 책임까지 물을 길이 보인다.","정보","사건의 핵심 질문이 ‘돈이 어디 있나’에서 ‘그 돈은 누구에게서 빼앗았나’로 바뀐다.","명득이 전국 토지 후손과 생존자 오만복을 찾는다.","연령 모순","친일재산 판갈이","황수성 뒤의 야마모토","high"
"173","173화","법보다 주먹(완전판)! 173화","동철은 명득에게 토지 후손을 찾게 하고 친일재산 환수 소송을 다발로 일으킬 판을 짠다.","한 거물의 은닉재산을 다수 피해 후손의 권리 회복으로 전환하는 장기 보상을 설계한다.","황수성이 벌금을 내지 않으면 더 큰 재산을 잃는 선택지를 만든다.","군청 토지과를 훑고 오만복 등 피해 생존자 진술을 준비하며 ‘본격 판갈이’를 선언한다.","민사·특별법 절차는 오래 걸리고 황수성 형제는 여전히 한국 여론을 허세로 치부한다.","수십 필지의 원소유주 후손이 실제로 존재한다는 단서가 모인다.","은닉이 안전장치였던 재산이 동시에 수백 소송의 표적이 된다.","자원","동철은 검사 사건 하나를 민사 환수 네트워크로 확장한다.","오만복의 입으로 야마모토 신지의 얼굴·행적을 확정한다.","친일 신분 추정","오만복 증언; 다발 환수소송","한 판을 갈아엎는 토지대장","high"
"174","174화","법보다 주먹(완전판)! 174화","오만복은 야마모토가 군함도·근로정신대 모집책이었다고 증언하고 동철은 황수성 공판에서 벌금 항목을 쪼갠다.","생존자 목소리를 법정에 들여오되 판결을 서두르지 않고 피고의 공포를 숙성시킨다.","재판을 길게 끌어 황수성이 숨은 돈을 스스로 꺼내게 한다.","녹취를 확보하고 사문서위조·분식회계·횡령·주가조작 벌금과 추징을 세부 구형한다.","판사는 복잡한 법리와 고령 피고의 건강 주장 때문에 안전한 판결을 원한다.","동철이 일부러 법리 쟁점을 늘려 즉시 판결 대신 연기 가능성을 만든다.","황수성의 빠른 출국 계획이 지연되는 작은 승리가 온다.","시간","공판은 유무죄 확인보다 재산 자백을 끌어낼 압박 장치로 변한다.","판사가 검사·변호인을 따로 불러 구형 근거를 따진다.","오만복 녹취","공판 지연; 벌금 증액","판결을 늦추는 구형","high"
"175","175화","법보다 주먹(완전판)! 175화","판사는 복잡한 구형 때문에 공판을 2월로 연기하고 동철은 휠체어 탄 황수성에게 친일 신분을 암시한다.","권력자가 가장 싫어하는 시간과 불확실성을 응징 도구로 쓴다.","황수성 형제가 야마모토 정체 노출을 실제 위협으로 믿게 한다.","판사실 법리 논쟁 후 법정 밖에서 황수성을 불러 세부 토지정보를 흘린다.","정체를 너무 빨리 공개하면 황수성이 재산을 해외로 빼돌릴 수 있다.","황수성은 동철이 야마모토 신지까지 알았음을 눈치채고 처음으로 침묵한다.","거만하던 피고에게 돈이 아닌 과거 공포가 들어선다.","심리","황수성의 목표가 벌금 회피에서 신분·재산 전체를 지키는 것으로 확대된다.","현 수사관이 피해 후손들에게 고개 숙여 증언을 모아야 한다.","공판 연기","친일 정체 압박","휠체어 황제의 흔들린 눈","high"
"176","176화","법보다 주먹(완전판)! 176화","동철은 현 수사관에게 피해 노인들 앞에서 권위를 내려놓으라 하고 궁전뒤뜰의 숨은 소유선을 압박한다.","조직의 발품과 상부 인맥을 함께 써 거물의 차명재산을 포위하는 확장감을 준다.","황수성의 첩·사생아를 거친 궁전뒤뜰 자산을 벌금 재원으로 묶는다.","오 수사관과 후손을 만나고 고검장에게 요식기업 궁전뒤뜰 조사를 요청한다.","황수성은 분노를 자존심 싸움으로 바꾸며 재산선을 끊으려 한다.","궁전뒤뜰이 황수성과 무관한 회사가 아니라 차명 상속망의 중심이라는 그림이 선다.","수사관의 겸손한 발품이 대기업급 자산 추적으로 연결된다.","정보","공식 피고 개인재산 0원이라는 방어가 사생아·기업 자산선으로 붕괴하기 시작한다.","오만복에게 황수성을 직접 협박하는 위험한 역할을 맡긴다.","공판 지연","궁전뒤뜰 세무; 오만복 대면","숙인 고개가 찾은 차명기업","high"
"177","177화","법보다 주먹(완전판)! 177화","동철은 오만복에게 빼앗긴 세월의 값 13억을 직접 요구하게 하고 토지 후손들을 변호사에게 연결한다.","피해자가 가해자의 돈으로 존엄을 되찾는 사적 보상과 대규모 환수 압박을 함께 쌓는다.","황수성이 돈을 꺼내는 순간 은닉재산 존재를 자인하게 만든다.","오만복의 대면 시나리오를 짜고 명득은 황수성 보유 토지의 원소유주를 찾아낸다.","협박 방식은 오만복도 형사책임을 질 수 있고 동철의 배후가 드러날 위험이 있다.","황수성 측이 먼저 비열한 싸움을 걸었다는 판단 아래 동철은 같은 방식의 덫을 승인한다.","피해 노인이 수동적 증인에서 거래의 주도자가 된다.","행동력","법정 밖 압박망이 세무조사·민사소송·개인 대면의 삼중 구조가 된다.","오만복이 병실 문을 박차고 야마모토의 본명을 외친다.","궁전뒤뜰 연결","오만복 13억 요구","노인이 들고 간 계산서","high"
"178","178화","법보다 주먹(완전판)! 178화","동철은 잠시 부부·친자 사건을 살피고 은희는 재벌 3세의 접근을 거절하는 동안 궁전뒤뜰 세무조사가 시작된다.","사건 사이 숨을 고르면서도 황수성 가족기업에 실제 경제 타격이 오는 것을 목격시킨다.","여러 사건을 놓치지 않고 황수성의 차명기업 반응을 관찰한다.","고소장을 검토하고 은희 소식을 확인하는 사이 국세청 조사 개시 보고를 받는다.","사적 연애·새 사건·친일재산 수사가 동시에 겹쳐 집중력이 분산된다.","황수성의 숨은 아들 이천수가 다급히 세무조사를 알리며 가족망이 동요한다.","압박 카드였던 세무조사가 현실 피해로 전환된다.","자원","궁전뒤뜰은 안전한 차명금고에서 압류 가능한 범죄수익 통로가 된다.","오만복이 병원에 나타나자 황수찬은 동철의 개입을 의심한다.","오만복 작전 준비","궁전뒤뜰 세무조사","연인의 거절과 기업의 흔들림","high"
"179","179화","법보다 주먹(완전판)! 179화","오만복은 병실에서 황수성을 야마모토 신지라 부르며 군함도 2년·징역 12년의 값 13억을 요구한다.","수탈 피해자가 늙은 가해자에게 직접 이름과 금액을 돌려주는 강한 정서 보상을 준다.","황수성에게 현금 지급과 친일 정체 자인을 동시에 끌어낸다.","오만복이 과거 직책·근로정신대 모집을 열거하고 동철 측은 후손 소송을 황수찬 사무실로 일부러 보낸다.","황수찬은 협박죄를 들이대고 돈을 주면 더 큰 요구가 이어질 수 있다.","황수성의 눈이 떨리고 결국 13억 협상에 응할 수밖에 없는 상태가 된다.","70년 묵은 피해자의 분노가 가해자의 공포로 되돌아간다.","관계","오만복은 증인에서 직접 배상금을 받아낼 채권자로, 황수성은 황제에서 야마모토 피고로 추락한다.","돈을 받은 오만복이 약속대로 침묵할지와 동철의 진짜 목표가 남는다.","세무조사 개시","오만복 배상; 친일 폭로","야마모토를 알아본 생존자","high"
"180","180화","법보다 주먹(완전판)! 180화","황수성은 오만복에게 10억을 주고 입을 막지만 토지 후손 의뢰가 황수찬 사무실까지 밀려온다.","돈으로 막은 한 입이 수십 개 소송 입구로 다시 열리는 연쇄 응징을 준다.","황수성이 360억보다 큰 재산을 잃기 전 벌금을 내는 선택을 하게 한다.","동철은 병실에서 배신당한 척 연기하고 후손들을 분산 접촉시켜 서울까지 판을 넓힌다.","황수성은 벌금 납부보다 출국·은닉을 고집하고 오만복 배상은 협박 증거가 될 수 있다.","황수찬조차 차라리 벌금을 내고 떠나라고 조언할 만큼 압박망이 완성된다.","동철의 연출대로 형제 사이 불신과 재산 공포가 커진다.","심리","황수성 측의 최적 전략이 노역 버티기에서 벌금 납부·도피로 바뀐다.","동철이 ‘스타 검사 거래’를 들고 황수성과 마지막 밀당을 한다.","오만복 대면","460억 거래","한 입을 막자 열린 수십 소송","high"
"181","181화","법보다 주먹(완전판)! 181화","동철은 친일재산을 눈감아 주는 척하며 황수성에게 벌금·추징금 460억 전액 납부 거래를 받아낸다.","끝까지 돈 없다고 버틴 황제에게 원금보다 100억 큰 청구서를 내민다.","법정에서 확정형을 받아 돈을 당일 회수한다.","숨은 이니셀 자산까지 알고 있음을 암시하고 사문서위조·횡령·주가조작 항목을 합산해 구형한다.","친일재산 함구 약속은 검사 윤리상 위험하고 황수성은 출국 즉시 배신을 계획한다.","황수성이 5분 고민 끝에 전액 납부를 수락하자 동철은 금액을 460억으로 올린다.","하루 3억 노역 120일의 특혜가 460억 현금 납부로 역전된다.","자원","황수성의 법적 무재산 방어가 스스로 한 납부 약속으로 붕괴한다.","공항에서 세무·친일·궁전뒤뜰 폭로가 연달아 터질 준비를 마친다.","다발 소송 압박","460억 납부; 공항 3연타","노역 황제가 낸 현금","high"
"182","182화","법보다 주먹(완전판)! 182화","460억을 낸 황수성은 공항에서 궁전뒤뜰 2천억 추징·오만복 기부·야마모토 신지 폭로를 연달아 본다.","도망 직전의 거물에게 법·여론·역사의 세 타격을 한 화면에서 몰아주는 대형 결산이다.","친일재산을 국가와 원소유주 후손에게 돌리고 황수성 세력을 완전히 해체한다.","궁전뒤뜰 자산 가압류와 징벌 추징을 발표하고 오만복의 10억 기부 인터뷰를 방송시킨다.","동철은 함구 거래를 깨뜨린 셈이 되어 유령식 수사의 윤리 부채가 남는다.","황수성이 출국 게이트에서 뒷목을 잡고 쓰러지며 숨은 친일재산까지 전부 환수된다.","460억 납부·2천억대 추징·피해 후손 토지 반환의 최고 자원 보상이 지급된다.","자원","황제 노역자는 재산·이름·명예를 잃고 사건은 국가적 친일청산 선례가 된다.","일본의 누군가가 야마모토 신지 소식을 듣고 움직이고 동철은 새 친자 사건으로 간다.","460억 거래","친일재산 환수; 일본 반응","공항에서 맞은 세 번의 치명타","high"
"183","183화","법보다 주먹(완전판)! 183화","재산가 박복자는 며느리 김슬기가 남편 오현수의 수정란을 낙태하고 내연남 황태복의 아이를 가졌다고 고소한다.","명백해 보이는 막장 친자 사건 안에 설명되지 않는 모성·동기를 미스터리로 남긴다.","김슬기의 낙태·사기 혐의를 빠르게 확인한다.","고소인 진술과 친자검사·산부인과 기록·간호사 지진희 진술을 맞춘다.","법적으로 낙태는 살인이 아니며 박복자의 100억 재산이 영장·감정에 압력을 준다.","동철은 모든 증거가 맞는데도 임신한 아이를 굳이 없앤 동기가 이상하다고 느낀다.","쉬운 기소 대신 숨은 진실을 의심하는 수사 약속이 생긴다.","정보","사건은 단순 불륜 사기에서 의료기록 조작 가능성을 품은 친자 미스터리가 된다.","악 수치가 낮은 김슬기를 직접 심문한다.","황수성 사건 종결","김슬기 낙태 의혹","백억 상속과 사라진 수정란","high"
"184","184화","법보다 주먹(완전판)! 184화","김슬기는 낙태가 아니라 자연유산이었다며 병원 기록과 정반대 진술을 한다.","서류보다 표정·몸짓을 읽어 확정적 피의자를 잠재 피해자로 뒤집는 수사 쾌감을 준다.","김슬기의 거짓 여부와 병원 조작 여부를 구분한다.","선악 저울 42와 반응을 관찰하고 낙태 시점·재수정 과정·오창희 친자 결과를 재질문한다.","김슬기도 불륜과 낙태 고민은 인정해 진술 전부를 믿기 어렵다.","‘의료사고 은폐인가’라는 새 가설이 동철에게 떠오른다.","정해진 기소 코스를 멈추고 원점 재수사할 근거가 생긴다.","정보","김슬기는 주범 확정 상태에서 기록조작 피해 가능성이 있는 피의자로 바뀐다.","같이 자백한 황태복의 기억을 다시 검증해야 한다.","고소인 진술","자연유산 주장; 의료사고","몸이 말한 억울함","high"
"185","185화","법보다 주먹(완전판)! 185화","동철은 김슬기와 황태복 모두 자기 기억을 진실로 믿는다는 점을 확인하고 제3자 개입을 의심한다.","한쪽 거짓말 찾기에서 기억·의료기록을 만든 배후 찾기로 추리판을 넓힌다.","황태복의 인공수정 참여 경위를 세부 복원한다.","박복자 집의 가족 갈등을 확인하고 황태복을 다시 불러 만남·정자 제공·병원 방문을 시간순으로 묻는다.","황태복은 사기 전과가 있고 김슬기는 불륜했기에 둘 다 신뢰가 약하다.","선악 저울이 두 사람의 핵심 진술에서 변하지 않아 병원 쪽 거짓말 가능성이 커진다.","‘둘 중 한 명’이 아닌 제3자가 판을 조작했다는 추리 보상이 온다.","정보","수사 초점이 연인 공모에서 산부인과 지진희·채동욱의 행위로 이동한다.","황태복이 생각한 친아들조차 실제 친자가 아닐 수 있다.","김슬기 진술 번복","황태복 재심문; 제3자","두 사람 모두 믿은 거짓 기억","high"
"186","186화","법보다 주먹(완전판)! 186화","황태복은 김슬기와의 관계와 정자 제공을 솔직히 말하지만 오창희 탄생 과정은 병원 설명만 믿었다.","비호감 인물의 정직한 진술로 오히려 병원 조작 의혹을 강화한다.","황태복·오창희 친자검사로 사건의 기본 전제를 검증한다.","과거 클럽 만남부터 시술 당일까지 캐묻고 황태복의 유전자 샘플을 받는다.","검사 결과가 일치하면 김슬기 주장이 무너지고 불일치하면 아이의 정체가 더 복잡해진다.","황태복은 자기 아들이라 확신하면서도 검사를 허락한다.","말싸움이 아닌 DNA라는 객관 증거로 다음 문이 열린다.","정보","황태복의 공범성보다 병원이 누구의 배아를 이식했는지가 핵심이 된다.","친자검사 결과를 기다리며 지진희·의사 기록을 재확인한다.","황태복 재심문","황태복 친자검사","내연남도 모르는 아이의 씨","high"
"187","187화","법보다 주먹(완전판)! 187화","동철은 황태복을 풀어주고 명함을 건넨 뒤 오창희와의 친자검사를 진행한다.","구속을 고집하지 않고 더 큰 진실을 위해 미끼를 놓는 수사관의 유연함을 준다.","황태복의 자유로운 반응과 DNA 결과를 동시에 본다.","지검장 반대를 설득하고 명득에게 황태복을 추적시킨 채 검사서를 기다린다.","풀어준 피의자가 도주하거나 증거를 없애면 동철 책임이 된다.","검사 결과가 ‘불일치’로 나와 황태복도 창희의 친부가 아님이 확정된다.","막장 불륜 서사가 한 번 더 뒤집히는 강한 정보 보상이 지급된다.","정보","창희는 오현수·황태복 누구의 친자도 아니며 병원 배아바뀜 사건이 된다.","같은 시기 다른 산모·병원 직원 전원을 추적해야 한다.","DNA 의뢰","배아 바뀜 추적","두 아빠 모두 아닌 아이","high"
"188","188화","법보다 주먹(완전판)! 188화","황태복 불일치 결과에 동철은 같은 날 산부인과를 이용한 가정과 직원·사고 기록을 전면 추적한다.","단서 하나로 과거 병원 전체를 뒤집는 발품 수사의 가속감을 준다.","오창희와 바뀐 친아들의 가정을 특정한다.","명득을 아름다운산부인과 주차장에 보내 수년째 항의하는 남자를 접촉하고 진료기록을 확보한다.","오래된 개인정보와 폐기 기록 때문에 합법적 추적 범위가 좁다.","병원 앞 남자가 사고·의료분쟁의 반복 피해자라는 점이 드러나 동철은 ‘뭔가 밟았다’고 느낀다.","DNA 반전이 실제 병원 은폐 흔적으로 이어진다.","정보","사건은 한 가족의 불륜에서 아름다운산부인과의 구조적 은폐로 확대된다.","자연유산 기록과 과거 접촉사고 사주를 함께 확인한다.","친자 불일치","산부인과 의료사고망","병원 주차장에서 밟은 꼬리","high"
"189","189화","법보다 주먹(완전판)! 189화","김슬기의 자연유산 기록과 당시 교통사고는 사실로 확인되고 동철은 간호사 지진희를 불안하게 만든다.","피의자의 억울함을 객관기록으로 복구하면서 의사 채동욱을 향한 의심을 좁힌다.","낙태 기록 조작자와 오현수 사고의 연결을 밝힌다.","재선산부인과 기록·보험처리 내역을 대조하고 지진희를 조사실에 홀로 두고 몸짓을 관찰한다.","지진희와 채동욱이 공모했어도 직접 지시 증거가 아직 없다.","지진희가 흔들리며 김슬기와 채동욱의 관계가 아니라 자기와 채동욱의 관계를 숨기고 있음을 보인다.","김슬기의 자연유산 주장이 사실로 복권된다.","정보","김슬기 혐의는 약해지고 채동욱의 의료사고·불륜·사고사주가 중심이 된다.","지진희가 채동욱과의 과거를 자백할지 남는다.","병원 전수추적","지진희 자백; 채동욱 연결","자연유산이 되살린 진실","high"
"190","190화","법보다 주먹(완전판)! 190화","지진희는 채동욱과 불륜했고 그의 병원에서 조무사로 일했다고 털어놓는다.","숨은 관계 하나로 낙태 조작과 상속 살인 의혹을 한 사람에게 모은다.","박복자 가족에게 가설을 알리고 채동욱 진료실을 압박한다.","박복자 저택을 방문하고 명득은 차인수 신분증을 확보하며 오 수사관은 채동욱에게 배아사고를 묻는다.","가설이 틀리면 이미 상처받은 가족을 한 번 더 파괴할 수 있다.","지진희 진술로 동철의 ‘소설’이 현실이 되고 채동욱은 친자 불일치 질문에 욕설로 흔들린다.","흩어진 불륜·사고·배아 기록이 한 의사에게 수렴한다.","정보","채동욱은 참고 의료인에서 살인교사·의료사고 은폐 핵심 용의자로 바뀐다.","박복자에게 더 황당한 친자 결과를 보여줘야 한다.","지진희 압박","채동욱 공모; 차인수","의사의 두 집 살림과 바뀐 배아","high"
"191","191화","법보다 주먹(완전판)! 191화","채동욱은 친자 불일치에 당황하고 동철은 박복자에게 검사서와 숨은 사고 정황을 차례로 제시한다.","확신하던 고소인이 자기 사위가 만든 진짜 피해를 마주하게 해 감정축을 뒤집는다.","가족의 협조를 얻어 채동욱을 수사 대상으로 확정한다.","오현수·창희 DNA 결과를 설명하고 명득은 차인수에게 8년 전 뺑소니 사주의 입을 연다.","박복자는 며느리를 이미 범죄자로 내몰았고 진실을 인정하면 가족 명예도 무너진다.","차인수가 돈을 받고 오현수를 치었다고 인정할 조짐을 보인다.","며느리 배신 서사가 사위의 상속 살인 서사로 반전된다.","관계","박복자와 김슬기는 적대에서 같은 의료사고 피해 가족로 다시 묶일 조건이 생긴다.","두 아이가 어느 집에서 바뀌었는지 검사 결과가 곧 나온다.","채동욱 의심","차인수 진술; 배아 교환","고소인이 마주한 진짜 배신자","high"
"192","192화","법보다 주먹(완전판)! 192화","동철은 박복자에게 채동욱이 배아를 바꾸고 오현수 사고까지 꾸몄을 가능성을 설명한다.","막장처럼 보인 사실들을 하나의 상속욕망으로 정렬하는 추리 결산 직전 보상을 준다.","의료사고 피해 아이의 현재 가정과 살인교사 물증을 찾는다.","병원 명성·시술일·산모 목록을 대조하고 명득은 차인수에게 자백 장소를 고르게 한다.","공소시효·기록 조작·가족 간 민사 문제가 얽혀 형사책임 범위가 복잡하다.","차인수는 공소시효가 지났다고 믿고 채동욱이 뺑소니를 사주했다고 말한다.","8년 묵은 의심이 실행자 자백으로 넘어간다.","정보","채동욱 사건은 의료과실에서 재산 목적 살인교사로 격상된다.","차인수가 현장에서 왜 체포되는지와 DNA 최종 결과가 남는다.","가족 가설 설명","뺑소니 자백; 친아들 특정","상속을 위해 바뀐 두 인생","high"
"193","193화","법보다 주먹(완전판)! 193화","차인수는 채동욱의 뺑소니 사주를 자백했다가 다른 현행범 때문에 즉시 체포되고 두 아이의 교환도 확정된다.","제 발로 죄를 털어놓은 실행자를 우연한 현행 체포로 묶고 DNA 진실까지 몰아준다.","박복자 가족에게 친아들 태영과 창희의 실제 관계를 알린다.","차인수 진술을 녹음하고 채동욱을 가족 앞에 부른 뒤 일주일 뒤 나온 검사서를 공개한다.","아이를 단순히 바꾸면 두 가정의 애착과 아이들의 삶이 파괴된다.","오창희와 다른 집 태영이 산부인과에서 서로 바뀐 아이임이 밝혀진다.","의료사고 전모와 살인교사 실행자가 동시에 확정되는 큰 정보 보상이 온다.","관계","두 가족은 적대·소유가 아니라 공동 양육 해법을 선택해야 하는 상태가 된다.","박복자가 쓰러질 듯 충격받고 채동욱 체포 결정을 내려야 한다.","차인수 자백","채동욱 체포; 두 가족 협의","두 집에서 자란 서로의 아들","high"
"194","194화","법보다 주먹(완전판)! 194화","오현수·박복자는 채동욱 처벌을 원하고 오 수사관은 병원에서 그를 살인교사·의료사고 은폐로 체포한다.","잘못 고소된 김슬기를 석방해 시어머니 손으로 사과시키고 진짜 범인에게 수갑을 채운다.","병원 자료를 압수하고 채동욱의 묵비권을 깰 증거를 확보한다.","체포·압수수색영장을 집행하고 박복자는 구치소에서 나온 김슬기 손을 잡아 진실을 알린다.","채동욱은 대형 로펌과 묵비권으로 버티며 차인수 직접 교사 증거가 취약하다.","채동욱 변호사가 차인수까지 변호해 자백 번복 거래를 시도한다.","억울한 며느리 석방·가해 의사 공개 체포라는 관계·지위 보상이 지급된다.","지위","김슬기는 피의자에서 피해자로, 채동욱은 존경받는 의사에서 수갑 찬 피의자로 뒤집힌다.","차인수가 돈을 받고 법정 증언을 바꿀 위험이 커진다.","DNA 진실","위증 거래; 병원 압수","며느리 대신 잡힌 사위","high"
"195","195화","법보다 주먹(완전판)! 195화","채동욱 측은 차인수 아내에게 5억을 주고 증언 번복을 사는 동안 두 가족은 아이를 바꾸지 않기로 한다.","더러운 법정거래와 아이 중심의 성숙한 합의를 대비해 인간적 보상을 준다.","위증 매수 흐름을 포착하고 두 아이의 생활을 지킨다.","차인수 아내 계좌를 추적하며 박복자·김슬기·태영 부모가 친척처럼 공동 양육하는 해법을 논의한다.","불법에 가까운 계좌 추적은 동철에게 역공이 될 수 있고 부모 모두 상실감을 감당해야 한다.","두 집은 ‘아들이 하나 더 생겼다’고 여기기로 합의하고 채동욱 민형사 소송을 함께 준비한다.","창희와 태영이 현재 부모를 잃지 않는 따뜻한 결산이 지급된다.","관계","피해 가족 둘은 아이를 놓고 싸우는 상대가 아니라 채동욱에 맞선 공동체가 된다.","법정에서 차인수가 실제로 자백을 번복한다.","채동욱 체포","위증매수 폭로; 공동양육","두 아빠 두 엄마의 선택","high"
"196","196화","법보다 주먹(완전판)! 196화","차인수는 법정에서 번복하지만 동철이 아내의 5억 계좌를 내밀자 살인교사를 다시 자백한다.","돈으로 산 위증을 같은 돈의 흔적으로 깨고 중형·가족 회복을 한 번에 결산한다.","채동욱·차인수·위증교사 변호사에게 각각 확정 처벌을 받게 한다.","홍진경 통장 사본으로 반대신문하고 변호사 이세찬 법정구속과 채동욱 20년 구형을 요청한다.","동철의 비공식 계좌 접근은 절차적 위험을 남기고 피해 가족의 상처는 판결로 사라지지 않는다.","채동욱 14년·의사자격정지 5년, 차인수 13년이 선고되고 오현수 발에 감각까지 돌아온다.","법적 응징·가족 공동양육·오현수 회복이라는 삼중 보상이 지급된다.","관계","두 가족은 태영·창희를 함께 키우고 김슬기는 완전히 가족 안으로 돌아온다.","초등학생 살인범 오인혜가 정신감정을 신청한 새 사건이 시작된다.","위증 매수","오인혜 정신감정","5억 계좌가 뒤집은 법정","high"
"197","197화","법보다 주먹(완전판)! 197화","피해 아동 최순희 가족은 오인혜가 정신병동으로 빠질까 두려워 동철에게 매달린다.","가족의 절박한 신뢰를 받아 법의 형량 한계와 정신감정 꼼수에 맞서는 약속을 세운다.","오인혜를 사회에서 오래 격리할 법적 수단을 찾는다.","유족을 진정시키고 변호사 측 정신감정 신청과 재판부 성향을 조사한다.","미성년 피고의 최고형·심신미약 인정 가능성 때문에 법적으로 즉시 해결할 수 없다.","법원이 정신감정을 받아들이고 명득이 시간을 벌 묘책을 떠올린다.","유족은 동철 손을 붙잡고 ‘믿겠다’는 정서 보상을 얻는다.","관계","동철은 담당 검사를 넘어 최순희 가족의 마지막 보증인이 된다.","정신감정 전 오인혜의 연기와 공범 진술을 깨야 한다.","친자 사건 종결","정신감정 지연; 오인혜 격리","울음 속에 맡겨진 약속","high"
"198","198화","법보다 주먹(완전판)! 198화","오인혜는 정신이상 연기를 하고 동철은 공범에게 먼저 배신당하기 전에 자술서를 쓰라고 압박한다.","피고들의 불신을 이용해 꼼수 변론을 내부에서 무너뜨리는 수사 승부를 준다.","공범 진술을 확보하고 공판 일정을 최대한 늦춘다.","오인혜 반응을 떠본 뒤 공범에게 사실대로 적게 하고 법원에 공판기일 연기를 신청한다.","재판을 끌수록 유족 고통과 동철 업무 부담도 늘어난다.","첫 공판을 11월 6일까지 미루는 데 성공하고 장기전이 시작된다.","오인혜가 원하는 빠른 심신미약 판결을 시간으로 막는다.","시간","사건은 단기 판결에서 정신상태와 추가 증거를 축적하는 장기 공판으로 바뀐다.","법정에서 시신 미수습 부위를 끝까지 추궁한다.","정신감정 승인","장기 공판전","퇴근시각까지 늘린 재판","high"
"199","199화","법보다 주먹(완전판)! 199화","동철의 지연·추궁에도 법원은 오인혜에게 징역 15년만 선고한다.","법적 패배를 숨기지 않고 출소 뒤까지 감시하겠다는 장기 응징 약속으로 전환한다.","오인혜의 재범을 막고 최순희 넋에 대한 책임을 계속 진다.","시신 위치를 묻고 판사실에서 형량을 다투며 판결 후 담당 판사를 기다려 재차 항의한다.","미성년자 형량 상한과 재판부 재량을 검사 한 명이 넘을 수 없다.","15년 선고가 확정되어 동철은 대한민국 법 집행에 다시 실망한다.","즉시 보상은 실패하지만 ‘완결 아닌 진행형’이라는 장기 후속 약속이 열린다.","윤리","동철은 법정 승리자가 아니라 제도 한계를 기억하고 미래 격리를 준비하는 감시자가 된다.","2년 만의 설 귀향과 은희·가족 재회가 어두운 사건 뒤 숨을 돌린다.","오인혜 장기전","설 귀향; 출소 후 감시","15년으로 끝나지 않은 사건","high"
"200","200화","법보다 주먹(완전판)! 200화","동철은 2년 만에 설을 쇠러 가족에게 가고 은희도 일정 조정 끝에 합류한다.","무거운 재판 뒤 고향·연인·가족이라는 회복 구간을 열어 체감 호흡을 바꾼다.","오랜 공백을 메우고 가족 모두와 편안한 설을 보낸다.","대전·마산 이동을 준비하고 은희는 가합 청백전 출연 압박을 웃으며 견딘다.","스타 은희의 일정과 동철의 사건 때문에 가족 재회가 늘 뒤로 밀린다.","마산 터미널에 도착한 동철은 고향 냄새를 맡고 낯선 보이스피싱 전화까지 받는다.","2년 만의 귀향 자체가 정서적 보상으로 작동한다.","관계","동철은 국가적 이슈의 검사에서 부모 집으로 돌아가는 아들·연인으로 전환된다.","가족이 이사한 창원의 예상 밖 호화 빌라가 기다린다.","오인혜 공판","가족 5년 상봉; 설날","사건 밖으로 돌아온 아들","high"
