"sequence","visible_label","arc_id","arc_phase","concrete_event","tension_1_10","reward_1_10","hook_1_10","information_weight","action_weight","relationship_weight","emotion_weight","material_or_status_weight","pacing_note"
"669","대망 669화","GA-C01","도입/약속","파두구의 2군단 보급 물자 집적소가 쿰부야 지지 장교들의 방화로 소실됐다는 사실이 드러난다.","8","5","9","9","5","7","7","8","2군단은 보급 부족과 병사 동요에 시달리고 보 시장까지 쿰부야 지지를 선언해 정부군의 패배 가능성이 높다. → 움부야 소장이 폐쇄된 톤코릴리 철광산을 새로운 보상 카드로 제시한다."
"670","대망 670화","GA-C01","전진","혁권이 코로마 대통령 앞에서 톤코릴리 철광산 절반과 맞바꾸는 조건으로 Mi-24 하인드 두 대의 지원을 제시한다.","8","7","9","8","7","8","7","10","톤코릴리는 원자재 가격 폭락과 합작사 파산으로 폐쇄됐고 코로마 정권이 패배하면 양도 계약도 효력을 잃는다. → 움부야는 하인드 두 대면 쿠데타군을 격파하고 프리타운을 되찾는 것이 시간문제라고 코로마를 압박한다."
"671","대망 671화","GA-C01","전진","코로마 대통령이 톤코릴리 철광산 지분 절반 양도 계약서에 직접 서명한다.","7","10","8","9","7","7","6","10","하인드는 도착 후 16시간 동안 재조립해야 하며 코로마가 축출되면 광산 양도 서류도 무가치해진다. → 오차돈 태일 정유 사장이 김성균 추대 대신 계열사 사장단의 집단 경영 체제를 제안한다."
"672","대망 672화","GA-C01","전진","김인철과 김성균이 태일 그룹 본사 복도에서 서로 후계 경쟁자임을 노골적으로 선언한다.","8","6","8","9","5","10","8","8","김성균은 그룹 내 기반과 다수 임원의 지지를 갖고 있으며 형제는 복도에서 서로 제거 의지를 드러낼 만큼 관계가 파탄 난다. → 러셀 CIA 국장이 러시아와 쿰부야를 견제하기 위해 블랙 래빗의 행동을 어떻게 다룰지 판단하려 한다."
"673","대망 673화","GA-C01","압박","포세이돈 함의 호위를 받은 오데사 13호가 틴타퍼 부두에서 2군단용 군수품을 하역한다.","9","8","9","8","9","4","6","9","틴타퍼는 프리타운에서 바다로 약 20킬로미터에 불과하고 방어 병력도 2개 중대뿐이라 쿠데타군의 공격에 노출돼 있다. → 쿰부야가 프리타운 여객 부두의 페리선을 이용한 타진 상륙안에 탄성을 터뜨린다."
"674","대망 674화","GA-C01","압박","Mi-24 하인드 두 대가 대통령 궁과 프리타운 여객선 터미널을 동시에 공습한다.","10","9","7","8","10","8","8","9","코로마는 추가 공격헬기와 민간 군사 기업 전력을 요구하지만 이는 이그제큐티브 아웃컴즈의 전쟁범죄 기억과 러시아·기니 개입 명분을 되살릴 수 있다. → 코로마가 건넨 세 묶음의 가죽 주머니 안에서 크기별 최상급 다이아몬드 원석이 드러난다."
"675","대망 675화","GA-C01","압박","움부야의 2군단이 마시아카를 점령하고 쿠데타군 3군단을 프리타운 방향으로 패주시킨다.","8","10","9","8","8","8","7","10","마시아카 전투 결과가 나오기 전까지 톤코릴리 지분은 정권 붕괴 위험에 묶여 있고 정덕진은 형제 싸움에 휘말릴 손실을 경계한다. → 김종원 회장 의식 불명 보도로 계열사 주식이 하한가를 기록하자 김성균이 정보 유출 경위를 추궁한다."
"676","대망 676화","GA-C01","전환","혁권이 스텐저에게 태일 그룹 공매도에 최대 5억 달러를 투입할 권한을 준다.","9","5","9","9","8","6","7","10","기존 위임금까지 합치면 약 10억 달러가 걸리며 공매도가 실패하면 손실이 눈덩이처럼 불어날 수 있다. → 배원태를 포함한 태일 증권 펀드 매니저들이 개장을 앞두고 쌓여 있는 매도 물량을 떠받치라는 비밀 지시를 받는다."
"677","대망 677화","GA-C01","전환","기관의 자동 손절매가 터지며 태일 증권의 매수 방어선이 붕괴하고 혁권 측이 태일 정유 지분 26%를 매집한다.","10","10","8","9","10","5","8","10","태일 증권이 수천억 원을 투입해 주가를 떠받치고 업틱룰도 적용되지만 기관과 개인의 투매가 이어지며 시장 전체가 극심한 혼란에 빠진다. → 태일 그룹 대책회의에서 김성균이 주가 회복 실패를 따지자 정덕진이 후계 불확실성도 원인이라고 맞선다."
"678","대망 678화","GA-C01","결산/다음 훅","태일 그룹 임원 표결에서 공동 경영안이 17대 13으로 통과된 뒤 톤코릴리의 채굴 가능 매장량이 약 11억 톤으로 보고된다.","8","9","8","10","6","9","8","10","김성균파는 김인철 측이 그룹 안정을 방해했다고 비난하고 외국인 투자자들은 즉각적인 정상화를 압박하며 형제 간 적대감이 극단으로 치닫는다. → 김덕현은 톤코릴리 파산의 결정타가 원자재 가격만이 아니라 PASL 반군의 휴전 파기와 광산 인근 전투였다고 밝힌다."
"679","대망 679화","GA-C02","도입/약속","김덕현은 시에라리온 집중 위험을 들어 톤코릴리 철광산 지분 50% 매각을 건의하고 혁권은 매수 후보 탐색을 지시하며, 박상빈은 김종원의 수천억 원대 차명 자산을 조세회피처 페이퍼컴퍼니로 넘기는 대가로 이근홍에게 법무팀장 자리를 제안한다","5","6","5","7","4","4","4","7","혁권은 매수 후보를 찾아야 하고, 이근홍은 김종원의 수천억 원대 차명재산을 조세회피처로 옮기는 위험한 실무를 맡는다. 여기에 이근홍이 돈과 권력을 함께 얻을 법무팀장 제안에 흔들린다라는 새 불확실성도 겹친다. → 이근홍이 돈과 권력을 함께 얻을 법무팀장 제안에 흔들린다"
"680","대망 680화","GA-C02","전진","이근홍은 차명계좌 정리팀 구성에 동의하고 이두현은 두 사람의 비밀 회동을 의심하며, 혁권은 아틀라스 용병과 MI-24를 붙여 프리타운 지사 재개를 승인한 뒤 북경제철 계열 차이나 몰리브덴의 35억 달러 제안이 산둥제철과의 합병 주도권 확보용임을 알아낸다","5","7","5","7","4","4","4","7","혁권은 매수 후보를 찾아야 하고, 이근홍은 김종원의 수천억 원대 차명재산을 조세회피처로 옮기는 위험한 실무를 맡는다. → 중국 철강 구조조정 시한이 두세 달뿐이라 매도자인 혁권이 절대적으로 유리해진다"
"681","대망 681화","GA-C02","압박","혁권은 톤코릴리 지분 매각을 확정하고, 주성철과 서은하는 노형석 노트북의 보안을 풀어 북한 121부대가 제작한 불법 도박 프로그램과 현재 운영 중인 사이트를 찾아내며, 김덕현은 시에라리온 정부의 매각 반대에 부딪힌다","6","6","5","7","4","7","4","7","혁권은 매수 후보를 찾아야 하고, 이근홍은 김종원의 수천억 원대 차명재산을 조세회피처로 옮기는 위험한 실무를 맡는다. → 두테 장관이 시에라리온 정부 지분도 함께 팔아야 승인하겠다는 뜻을 내비친다"
"682","대망 682화","GA-C02","결산/다음 훅","시에라리온 정부는 톤코릴리 지분 20% 동반 매각을 요구하고, 김인철은 차명자산 정리를 감지해 이근홍 감시와 이두현 정보대금 10억 원 지급을 지시하며, 혁권은 본가에서 어머니의 반찬을 받고 용돈을 드리고, 정현구는 김인철의 불법 도박 수익으로 현금 10억 원을 마련해 차민성에게 건넨다","5","8","7","8","4","7","4","7","혁권은 매수 후보를 찾아야 하고, 이근홍은 김종원의 수천억 원대 차명재산을 조세회피처로 옮기는 위험한 실무를 맡는다. → 정현구가 차민성에게 10억 원 외에 별도의 봉투까지 내민다"
"683","대망 683화","GA-C03","도입/약속","임영식과 정지택은 차민성이 현금 사과상자를 받는 장면을 촬영하고 [#WIN-WIN] 백성균은 불법 도박 사이트가 김인철의 월 100억 원대 비자금원임을 밝혀내며, 혁권은 주성철에게 사이트 장악과 자금 흐름 추적을 맡기고 차이나 몰리브덴의 지분 60%·38억 달러 제안을 거절한 채 철수 카드로 압박한다","5","6","5","8","4","7","4","7","백성균은 불법 도박 사이트가 김인철에게 매달 100억 원대 비자금을 공급한다는 사실을 밝혀낸다. 여기에 웨딩드레스 화보를 찍으러 온 소현 일행이 외진 야생 화원 촬영장에 도착한다라는 새 불확실성도 겹친다. → 웨딩드레스 화보를 찍으러 온 소현 일행이 외진 야생 화원 촬영장에 도착한다"
"684","대망 684화","GA-C03","전진","소현은 엘리 사브 드레스와 베일을 입고 웨딩 화보를 촬영해 혁권에게 신붓감 사진을 보내고, 혁권은 카지노 영업장 3천㎡ 확장 승인을 보고받아 리조트 부지를 1만 평까지 확보하고 객실 60개 증설 및 정현태 PD 드라마 촬영 연계를 추진한다","5","5","5","8","4","7","4","4","백성균은 불법 도박 사이트가 김인철에게 매달 100억 원대 비자금을 공급한다는 사실을 밝혀낸다. → 카지노 개장과 드라마 촬영 시기를 맞춰 샹그릴라 리조트 홍보 효과를 극대화하기로 한다"
"685","대망 685화","GA-C03","압박","백수광은 황빈과의 꽌시를 내세워 톤코릴리 지분을 산둥제철에 팔아 달라고 요청하고 혁권은 회동을 수락하며, 김덕현에게 산둥제철의 기존 제안이 지분 50%·30억 달러였음을 확인한 뒤 북경제철 협상도 계속 유지하라고 지시한다","6","7","7","8","4","4","4","7","백성균은 불법 도박 사이트가 김인철에게 매달 100억 원대 비자금을 공급한다는 사실을 밝혀낸다. → 혁권이 북경제철을 산둥제철의 가격을 끌어올릴 압박 카드로 쓰려는 의도를 드러낸다"
"686","대망 686화","GA-C03","압박","혁권은 북경제철의 옵션 제안을 협상 카드로 남긴 채 황빈에게 톤코릴리 지분 70%를 45억 달러에 요구하고, 백수광의 체면과 철강 구조조정 경쟁을 역이용해 42억 5천만 달러와 대금 절반의 단기채권·군수품·철강제품 지급안을 제시한다","6","6","5","7","4","4","4","7","백성균은 불법 도박 사이트가 김인철에게 매달 100억 원대 비자금을 공급한다는 사실을 밝혀낸다. → 현금 부담이 줄고 재고까지 처분할 수 있다는 계산에 황빈이 제안을 진지하게 검토한다"
"687","대망 687화","GA-C03","결산/다음 훅","황빈은 3년 만기 연 7.3% 채권 조건을 수용하고 코로마는 비밀계좌 1억 5천만 달러를 대가로 위임장을 발급하며, 톤코릴리 지분 65%를 42억 5천만 달러에 산둥제철에 매각해 혁권은 35억 달러를 확보하고 그중 10억 달러를 솔루시두스 프로젝트 자금으로 김덕현에게 맡긴다","5","9","7","7","4","4","4","7","백성균은 불법 도박 사이트가 김인철에게 매달 100억 원대 비자금을 공급한다는 사실을 밝혀낸다. → 박상빈이 김인철을 그룹에서 축출하기 위해 태일가스를 그의 몫으로 계열 분리하자고 이명순을 설득한다"
"688","대망 688화","GA-C04","도입/약속","이명순은 태일가스를 김인철에게 넘겨 계열 분리하는 안을 승인하고, 김인철은 차명 비자금 4,600억 원을 옮기는 이근홍의 혼외자를 약점으로 캐게 한 뒤 [#아직도 정신을 못 차리는 놈들이 있군] 본가에서 태일가스 독립 요구를 거부하며 끝까지 그룹에 남겠다고 선언한다","5","6","5","7","4","7","4","7","김인철은 4,600억 원 차명 비자금을 옮기는 이근홍을 통제하려고 그의 혼외자를 약점으로 조사한다. 여기에 김덕현이 쌀·소총탄·군복·박격포탄 등 중국 측 현물 목록을 혁권에게 제시한다라는 새 불확실성도 겹친다. → 김덕현이 쌀·소총탄·군복·박격포탄 등 중국 측 현물 목록을 혁권에게 제시한다"
"689","대망 689화","GA-C04","전진","혁권은 3억 달러 중국제 군수물자 운송과 코로마·움부야의 내분을 점검해 광산 경비 증원을 지시하고 백수광과 관계를 굳혔으며, 김인철은 형 김성균의 마약 투약 자료로 전병주에게 수사를 청탁한다","5","6","5","8","4","7","4","7","김인철은 4,600억 원 차명 비자금을 옮기는 이근홍을 통제하려고 그의 혼외자를 약점으로 조사한다. → 전병주가 재벌 장남 수사의 위험과 출세 기회 사이에서 흔들린다"
"690","대망 690화","GA-C04","전진","전병주는 외제차와 현금 골프백을 받고 김성균 수사를 맡으며, 주성철은 불법 도박 서버와 일본 거래소의 10억 8천만 엔을 장악하고, 김범수는 경비원에게 고등어를 줬다가 주민 대표의 갑질을 목격한다","5","6","5","7","4","7","4","7","김인철은 4,600억 원 차명 비자금을 옮기는 이근홍을 통제하려고 그의 혼외자를 약점으로 조사한다. → 주민 대표가 경비원의 생계까지 좌우한다는 사실에 김범수가 무거운 마음으로 돌아선다"
"691","대망 691화","GA-C04","전진","혁권은 대이란 제재를 피해 여객기 부품 추가 밀수는 거절하되 600만 달러 의약품 운송을 수락하고, 박상빈은 국민연금 지지 대가로 옥정구 측 의료법인에 100억 원을 주기로 하며 용산드림타워 사고와 미분양으로 태일건설의 자금난이 심화된다","5","7","5","7","4","4","4","7","김인철은 4,600억 원 차명 비자금을 옮기는 이근홍을 통제하려고 그의 혼외자를 약점으로 조사한다. → 대출 규제·공급 폭탄 탓에 수도권 사업장 세 곳의 미분양이 절반을 넘었다는 보고가 나온다"
"692","대망 692화","GA-C04","압박","혁권은 원유 선물 숏을 청산해 4천만 달러를 벌고 태일그룹 지분을 모은 페이퍼컴퍼니로부터 계열 분리 지지를 요청받으며, 부모 집에서 주민 대표가 경비원·미화원 절반을 즉시 해고한 사정을 듣는다","6","6","5","7","4","4","4","7","김인철은 4,600억 원 차명 비자금을 옮기는 이근홍을 통제하려고 그의 혼외자를 약점으로 조사한다. → 무관하다고 여긴 아파트 인원 감축 문제에 혁권이 곧 직접 엮일 전조가 드리운다"
"693","대망 693화","GA-C04","압박","김범수가 해고자들에게 물을 뿌린 주민 대표를 말리다 쌍방 폭행 조사를 받자 혁권이 지석영을 부르고, 시의회 의장 심치국이 직위를 내세워 구속을 요구하지만 백성균과 혁권에게 제압당한다","7","4","5","7","6","4","4","4","김인철은 4,600억 원 차명 비자금을 옮기는 이근홍을 통제하려고 그의 혼외자를 약점으로 조사한다. → 도착한 지석영이 심치국의 뒷배까지 캐서 사건을 깔끔히 정리하겠다고 나선다"
"694","대망 694화","GA-C04","전환","CCTV로 주민 대표의 선제 시비가 확인돼 치료비 없이 신고를 취소하는 합의가 이뤄지고, 혁권은 부모를 모욕한 심치국을 응징하라 지시한 뒤 무인 방범 계약이 시세보다 2억 원 부풀려진 사실을 듣는다","6","6","5","8","4","4","4","7","김인철은 4,600억 원 차명 비자금을 옮기는 이근홍을 통제하려고 그의 혼외자를 약점으로 조사한다. → 지석영이 심치국 부부가 아파트 공사비를 빼돌려 선거 비자금을 만들려 했다고 추정한다"
"695","대망 695화","GA-C04","전환","혁권은 심치국을 검찰에 바로 넘기지 말고 밑바닥까지 끌어내리기로 하며, 양익현은 혁권 부모와 충돌한 책임을 물어 심치국의 마포구청장 공천 지원을 철회하고 용서를 받아 오라고 명령한다","6","6","7","7","4","4","4","7","김인철은 4,600억 원 차명 비자금을 옮기는 이근홍을 통제하려고 그의 혼외자를 약점으로 조사한다. → 백성균의 조사로 아파트 공금 3억 원 유용과 부국전자의 서울시 CCTV 납품 비리까지 드러난다"
"696","대망 696화","GA-C04","결산/다음 훅","혁권은 심치국 부부의 공금 유용과 부국전자 싸구려 CCTV 납품 자료를 지석영에게 넘기고, 솔 루시두스에서는 350억 원을 들인 미리내 명동점 개장 계획과 매장량 6억 배럴짜리 퍼미언 셰일광구의 2억 5천만 달러 인수 제안을 검토한다","5","8","7","8","4","4","4","7","김인철은 4,600억 원 차명 비자금을 옮기는 이근홍을 통제하려고 그의 혼외자를 약점으로 조사한다. → 채권으로 대금을 치를 수 있다는 조건에 혁권이 셰일광구 투자 가능성을 진지하게 따진다"
"697","대망 697화","GA-C05","도입/약속","혁권은 퍼미언 광구를 현장 확인 후 인수하기로 하고 사과하러 온 심치국을 모욕해 내쫓는다 [#돈은 피보다 진하다] 공천이 위태로워진 심치국은 양익현 등에게 준 뇌물 내역과 녹음 파일을 금고에서 꺼낸다","5","4","5","8","4","4","4","4","사과하러 온 심치국은 혁권에게 모욕당해 쫓겨나고 공천까지 위태로워진다. 여기에 심치국이 공천을 빼앗기면 비장의 뇌물 증거를 폭로하겠다고 결심한다라는 새 불확실성도 겹친다. → 심치국이 공천을 빼앗기면 비장의 뇌물 증거를 폭로하겠다고 결심한다"
"698","대망 698화","GA-C05","전진","심치국은 아파트 공금에서 빼돌린 현금 2억 원을 양익현에게 바치려다 불법 정치자금·횡령·배임 혐의로 체포되고, 혁권은 해고된 경비원·미화원을 명동점 직원으로 채용하며, 오차돈은 김인철에게 계열 분리 저지를 요구한다","6","6","5","7","6","7","4","7","사과하러 온 심치국은 혁권에게 모욕당해 쫓겨나고 공천까지 위태로워진다. → 김인철이 태일가스만 받고 물러서지 않으며 숨겨 둔 대응책이 있다고 장담한다"
"699","대망 699화","GA-C05","전진","대검의 양익현 비리 수사 때문에 미루던 전병주를 김인철이 현금 든 사과 상자로 재차 매수해 김성균 긴급체포 영장을 신청하게 하고, 김성균은 420세대 할인 분양에 반발하는 계약자 보상을 거부한다","6","6","5","7","6","7","4","7","사과하러 온 심치국은 혁권에게 모욕당해 쫓겨나고 공천까지 위태로워진다. → 김포 현장에 전병주와 서울지검 수사관들이 나타나 김성균 앞에서 신분을 밝힌다"
"700","대망 700화","GA-C05","압박","전병주는 캡타곤 상습 투약 혐의로 김성균을 체포해 기자들 앞에 세우고 사장실·차량·자택을 압수수색하며, 혁권은 밀수 혐의까지 있다는 보고로 임시 주총 무산을 예상하고, 박상빈은 그룹 인맥을 동원해 사건 수습에 나선다","7","6","5","8","6","7","4","7","사과하러 온 심치국은 혁권에게 모욕당해 쫓겨나고 공천까지 위태로워진다. → 조사실에서 김귀원 변호사가 모든 혐의를 부인하며 오히려 검찰에 책임을 묻겠다고 압박한다"
"701","대망 701화","GA-C05","전환","전병주는 김성균 사장실에서 나온 캡타곤 수십 정을 제시해 결백 주장을 무너뜨리고, 박상빈은 사건 무마 청탁 뒤 고혈압약으로 위장된 독약을 먹어 숨지며 이두현은 차민성의 지시로 심장마비처럼 꾸미고 20억 원을 받기로 한다","6","6","5","7","4","7","4","7","사과하러 온 심치국은 혁권에게 모욕당해 쫓겨나고 공천까지 위태로워진다. → 이두현이 독약과 약통을 없애 증거를 인멸하고 김인철은 바에서 결과를 기다린다"
"702","대망 702화","GA-C05","결산/다음 훅","김인철은 차민성에게 박상빈 제거 완료를 보고받고, 혁권은 소현과 있다가 사망 소식을 접한 뒤 김인철이 검찰 수사와 살인을 결합해 판을 뒤집었다고 의심해 태일그룹 주주 명부를 요구하며, 김성균은 임시 주총 연기를 받아들인다","5","6","7","8","4","7","4","4","사과하러 온 심치국은 혁권에게 모욕당해 쫓겨나고 공천까지 위태로워진다. → 김귀원은 구속이 유력하지만 법원에 손을 써 보석으로 곧 풀려날 수 있다고 김성균을 안심시킨다"
"703","대망 703화","GA-C06","도입/약속","김성균은 돈을 얼마든 써서 보석을 성사시키라 명령하고, 오귀남 지검장은 전병주의 김성균 수사에 검사 둘을 붙여 전폭 지원하면서 이를 조의창 정책실장 비리 스캔들을 덮을 카드로 청와대와 거래한다 이어 [#네 마음대로는 안 될 거야Ⅰ] 김성균의 구속영장 발부를 확인하고, 양익현이 청와대와 조의창 특검 무산을 거래한 뒤 배신한 심치국에게 중형을 압박했다는 보고를 받아 심치국 사건에서 손을 뗀다","5","6","7","8","4","7","4","7","오귀남은 전병주의 김성균 수사에 검사 둘을 붙이고 조의창 정책실장 비리 스캔들을 덮을 카드로 청와대와 거래한다. 여기에 태일그룹의 청탁을 접으려던 오귀남이 청와대 편으로 갈아타며 김성균 사건의 확전을 예고한다 이어 양익현의 보복으로 심치국의 장기 수감이 확실해진다라는 새 불확실성도 겹친다. → 태일그룹의 청탁을 접으려던 오귀남이 청와대 편으로 갈아타며 김성균 사건의 확전을 예고한다 이어 양익현의 보복으로 심치국의 장기 수감이 확실해진다"
"704","대망 704화","GA-C06","전진","소현은 어머니에게 혁권과 결혼까지 생각한다고 털어놓고 소개를 약속하며, 박상빈의 썰렁한 빈소를 나온 이근홍은 차민성 일당에게 납치돼 김인철 앞에서 비자금·차명주식 해외 이전 작업을 추궁받는다","6","6","5","7","6","7","4","7","오귀남은 전병주의 김성균 수사에 검사 둘을 붙이고 조의창 정책실장 비리 스캔들을 덮을 카드로 청와대와 거래한다. → 김인철이 극비 페이퍼컴퍼니 작업을 알고 있자 이근홍이 평정심을 잃는다"
"705","대망 705화","GA-C06","전진","이근홍은 버진아일랜드 페이퍼컴퍼니를 넘기는 대가로 그룹 법무팀장 자리와 1천만 달러를 받기로 하고, 혁권은 이란 혁명수비대를 이스라엘과의 협상장에 데려오면 대이란 거래를 한 차례 용인하겠다는 CIA 제안을 거절한다","5","6","5","7","4","4","4","7","오귀남은 전병주의 김성균 수사에 검사 둘을 붙이고 조의창 정책실장 비리 스캔들을 덮을 카드로 청와대와 거래한다. → 이스라엘이 예비군과 기갑부대를 골란고원에 모으는데도 혁권은 중재에서 손을 뗀다"
"706","대망 706화","GA-C06","전진","혁권은 CIA 제안을 거절한 채 아부다비의 만수르와 약속하고 태일산업 지분 10%를 가진 ‘명동 흑곰’ 박형윤 접촉을 지시하며, 김성균의 보석 허가와 태일건설 수사 지속 소식을 듣는다","5","6","5","7","4","7","4","7","오귀남은 전병주의 김성균 수사에 검사 둘을 붙이고 조의창 정책실장 비리 스캔들을 덮을 카드로 청와대와 거래한다. → 서울구치소 앞 취재진이 보석으로 나올 김성균을 기다린다"
"707","대망 707화","GA-C06","압박","김성균은 보석 출소 뒤 기자들 앞에서 사죄하면서도 혐의를 부인하고, 혁권은 만수르에게 이스라엘의 시리아 남부 진격 계획을 알려 신뢰를 얻어 6천만 달러 규모 난민 구호물자 구매권을 보상받는다","6","6","5","7","4","7","4","7","오귀남은 전병주의 김성균 수사에 검사 둘을 붙이고 조의창 정책실장 비리 스캔들을 덮을 카드로 청와대와 거래한다. → 혁권이 의약품·식량·모포·천막 목록을 하킴에게 건네며 조달 지시를 내리려 한다"
"708","대망 708화","GA-C06","압박","혁권은 구호물자를 보름 안에 준비하고 의약품은 삼영제약에 주문하라 지시하며, 이근홍은 김성균을 속여 다음 달까지 시간을 번 뒤 비자금 4,500만 달러를 김인철에게 넘기고 100만 달러를 챙긴다","6","6","5","7","4","7","4","7","오귀남은 전병주의 김성균 수사에 검사 둘을 붙이고 조의창 정책실장 비리 스캔들을 덮을 카드로 청와대와 거래한다. → 도박 사이트 감시 화면에서 주성철이 갑작스러운 자금 변화를 포착한다"
"709","대망 709화","GA-C06","압박","주성철 부부는 4,500만 달러가 도박 사이트에서 쪼개져 체크 재팬으로 세탁되는 것을 찾아 혁권에게 알리고, 김인철은 입금 완료를 확인한 뒤 둘째 형수 홍수연에게 태일산업 지분을 시세 두 배로 넘기라고 요구한다","6","6","7","8","4","7","4","7","오귀남은 전병주의 김성균 수사에 검사 둘을 붙이고 조의창 정책실장 비리 스캔들을 덮을 카드로 청와대와 거래한다. → [#네 마음대로는 안 될 거야Ⅱ] 홍수연이 아이들 몫이라며 거부하자 김인철이 가족의 안전까지 거론해 위협한다"
"710","대망 710화","GA-C06","압박","김인철은 부도 위기의 홍수연 친정에 500억 원이 필요하다는 약점을 찔러 사흘의 숙고를 받아내고, 귀국한 혁권은 4,500만 달러가 국내 대포계좌 10개로 환전되는 흐름을 추적시킨 뒤 이스라엘의 다마스쿠스 공항 폭격 뉴스를 본다","7","6","5","7","6","7","4","7","오귀남은 전병주의 김성균 수사에 검사 둘을 붙이고 조의창 정책실장 비리 스캔들을 덮을 카드로 청와대와 거래한다. → 주한 이란대사관 팔레가 별도 용건으로 만나자며 혁권을 이태원으로 부른다"
"711","대망 711화","GA-C06","전환","팔레는 25억 달러어치 민수품을 이란에 공급하면 국제가 절반의 원유로 결제하고 솔레이마니의 친구가 될 수 있다고 제안해 승낙을 얻으며, 혁권은 CIA 중재를 맡는 조건으로 VLCC 25척분 원유와 맞교환 물품의 제재 묵인을 요구한다","6","7","5","7","4","4","4","7","오귀남은 전병주의 김성균 수사에 검사 둘을 붙이고 조의창 정책실장 비리 스캔들을 덮을 카드로 청와대와 거래한다. → 솔레이마니와의 담판 가능성에 흔들린 샌더슨이 하루 뒤 답하겠다고 한다"
"712","대망 712화","GA-C06","전환","미국 수뇌부는 중동 전면전 방지를 위해 혁권의 대이란 대규모 거래를 묵인하는 안을 대통령에게 올리기로 하고, 혁권은 세탁된 530억 원이 김인철에게 갔으며 차민성이 홍수연과 은밀히 만났다는 보고를 받아 속셈을 캐라고 지시한다","6","6","5","8","4","7","4","7","오귀남은 전병주의 김성균 수사에 검사 둘을 붙이고 조의창 정책실장 비리 스캔들을 덮을 카드로 청와대와 거래한다. → 혁권이 태일산업 지분 10%를 사기 위해 ‘명동 흑곰’ 박형윤의 기와집에 들어간다"
"713","대망 713화","GA-C06","결산/다음 훅","박형윤은 태일산업 10%가 ‘큰아들 몫’이라며 3천억 원대 제안을 거절하고, 홍수연은 500억 원과 백화점·유통 계열분리 약속을 받고 김문관의 지분을 김인철에게 비밀 매도하며, 솔레이마니는 혁권의 면담을 수락한다","5","9","7","7","4","7","4","7","오귀남은 전병주의 김성균 수사에 검사 둘을 붙이고 조의창 정책실장 비리 스캔들을 덮을 카드로 청와대와 거래한다. → 혁권이 이란 주문량 절반을 원유 인수 때 먼저 가져가겠다고 약속한다"
"714","대망 714화","GA-C07","도입/약속","혁권은 ULCC 5척과 VLCC 7척 등 선단 임대를 확정하고, 모사드 국장 스텔마치는 거래 저지와 복수를 위해 키돈 책임자 슈페너에게 혁권 암살을 맡겨 한국에 잠입시킨다","5","4","5","6","4","4","4","4","모사드 국장 스텔마치는 거래 저지와 복수를 위해 키돈 책임자 슈페너에게 혁권 암살을 맡긴다. 여기에 [#키돈Kidon] 하킴이 홍수연의 ST해운 대여금과 김인철 자금 530억 원이 일치한다고 보고하고 혁권이 숨은 주식 거래를 의심한다라는 새 불확실성도 겹친다. → [#키돈Kidon] 하킴이 홍수연의 ST해운 대여금과 김인철 자금 530억 원이 일치한다고 보고하고 혁권이 숨은 주식 거래를 의심한다"
"715","대망 715화","GA-C07","전진","혁권은 홍수연이 태일산업 3%를 이면계약으로 김인철에게 넘겼다고 간파하고 불법도박 사이트와 체크 재팬 파괴를 지시하며, 박형윤이 북한에 두고 온 큰아들 몫으로 지분을 보관했다는 가족사를 알아낸다","5","6","7","7","4","7","4","7","모사드 국장 스텔마치는 거래 저지와 복수를 위해 키돈 책임자 슈페너에게 혁권 암살을 맡긴다. → 슈페너가 정예 키돈 10명에게 다음 날 혁권의 빌라를 10분 안에 급습해 사살하라고 명령한다"
"716","대망 716화","GA-C07","전진","혁권은 생산원가가 배럴당 40달러로 낮아진 퍼미언 분지 셰일오일 광구를 2억5천만 달러에 인수하도록 전권을 주고, 키돈 저격수는 철갑탄으로 혁권을 노리지만 75㎜ 방탄유리에 막혀 경호원만 맞힌다","5","6","7","7","4","4","4","7","모사드 국장 스텔마치는 거래 저지와 복수를 위해 키돈 책임자 슈페너에게 혁권 암살을 맡긴다. → 슈페너가 알파·브라보 팀에 철문을 폭파하고 빌라로 진입하라고 명령한다"
"717","대망 717화","GA-C07","압박","키돈이 창문과 복도를 양면 돌파해 경호원들을 사살하자 혁권 일행은 옆집 비상탈출구로 내려가지만, 혁권은 남은 부하들을 버릴 수 없다며 되돌아가 배후 기습으로 적을 쓸어버리기로 한다","8","6","5","6","8","7","4","7","모사드 국장 스텔마치는 거래 저지와 복수를 위해 키돈 책임자 슈페너에게 혁권 암살을 맡긴다. → 4분째 저항에 막힌 로스버그가 수류탄을 받아 빌라 내부 돌입을 준비한다"
"718","대망 718화","GA-C07","압박","로스버그 팀이 수류탄으로 돌입해 알아바디를 죽이지만 혁권의 배후 기습에 전멸하고 하킴은 총탄 세 발을 맞으며, 혁권은 부상자들을 데리고 탈출하고 슈페너는 경찰특공대 접근에 철수한다","8","4","5","6","6","4","7","4","모사드 국장 스텔마치는 거래 저지와 복수를 위해 키돈 책임자 슈페너에게 혁권 암살을 맡긴다. → CIA가 습격 배후를 모사드 키돈으로 파악하지만 혁권의 생사는 즉시 확인하지 못한다"
"719","대망 719화","GA-C07","전환","혁권은 어머니에게 가스 폭발과 해외 출장을 핑계 대고 은신처로 옮긴 뒤 심인성에게 병원의 부상자 보호를 부탁하며, 샌더슨에게서 습격 배후를 알고 있다는 연락을 받는다","9","6","5","6","8","7","7","7","모사드 국장 스텔마치는 거래 저지와 복수를 위해 키돈 책임자 슈페너에게 혁권 암살을 맡긴다. → 샌더슨이 한국에 도착하면 흉수를 밝히겠다며 혁권과의 만남을 정한다"
"720","대망 720화","GA-C07","결산/다음 훅","샌더슨은 슈페너의 입국 사진을 제시해 키돈이 습격했다고 밝히고 복수를 묻으라 협박하지만, 혁권은 한국 내 슈페너와 키돈을 모두 제거한 뒤에만 중재를 받아들이겠다고 맞서며 국정원은 모사드 요원 10명 추방을 결정한다","6","8","7","8","6","4","4","7","모사드 국장 스텔마치는 거래 저지와 복수를 위해 키돈 책임자 슈페너에게 혁권 암살을 맡긴다. → 발신자 없는 문자로 키돈의 은신처 주소를 받은 혁권이 알아바디와 부하들의 복수를 선언한다"
"721","대망 721화","GA-C08","도입/약속","샌더슨에게 은신처를 받은 혁권이 7명으로 키돈을 기습하고, 미국·한국의 압박을 받은 슈페너는 본국 소환을 수용한다","5","4","5","6","4","4","4","4","슈페너 측은 혁권의 공격뿐 아니라 미국과 한국의 외교·정보 압력까지 동시에 받는다. 여기에 철수 준비 직후 창고 밖에서 총성이 울린다라는 새 불확실성도 겹친다. → 철수 준비 직후 창고 밖에서 총성이 울린다"
"722","대망 722화","GA-C08","전진","혁권 일행이 수류탄·섬광탄으로 키돈 요원들을 전멸시키고 슈페너를 사살하며, CIA가 시신을 정리한 뒤 혁권은 최필성에게 이란산 원유 750만 톤 매입을 제안한다","6","6","5","6","6","4","4","7","슈페너 측은 혁권의 공격뿐 아니라 미국과 한국의 외교·정보 압력까지 동시에 받는다. → 최필성이 미국 제재를 이유로 이란산 원유 계약을 난색한다"
"723","대망 723화","GA-C08","전진","혁권이 미국 정부 승인서를 제시해 DK정유와 10억 달러 이상 규모의 원유 계약을 성사시키고 계약금 900만 달러를 리히텐슈타인으로 옮긴다","5","6","5","6","4","4","4","7","슈페너 측은 혁권의 공격뿐 아니라 미국과 한국의 외교·정보 압력까지 동시에 받는다. → 홍콩 호텔에 도착한 혁권에게 샌더슨이 솔레이마니 관련 자료를 보낸다"
"724","대망 724화","GA-C08","압박","텔아비브 테러 뒤 이스라엘 F-15I 6대가 헤즈볼라 시설을 폭격하고 한 대가 S-300에 격추되며, 미 구축함 맥폴은 이란으로 향하는 선박 21척을 상부 지시로 묵인한다","8","4","5","6","8","4","4","4","슈페너 측은 혁권의 공격뿐 아니라 미국과 한국의 외교·정보 압력까지 동시에 받는다. → 이란 영해에 진입한 선단 쪽으로 정지택이 정체불명의 접근 물체를 발견한다"
"725","대망 725화","GA-C08","압박","이란 시나급 고속정의 호위를 받은 선단이 원유 선적과 물자 하역을 시작하고, 혁권은 솔레이마니에게 이란·이스라엘 평화회담을 제안한다","6","6","7","6","4","4","4","7","슈페너 측은 혁권의 공격뿐 아니라 미국과 한국의 외교·정보 압력까지 동시에 받는다. → 격노한 솔레이마니가 전쟁이 이란에 왜 득이 없느냐고 혁권을 추궁한다"
"726","대망 726화","GA-C08","전환","혁권이 보급선 취약성과 경제제재·국내 시위를 들어 장기전의 손실을 설득하고 재무부채권을 선물하자 솔레이마니는 지도부 논의를 약속하며, 뒤이어 이란은 협상 제안을 수용한다","6","6","5","6","4","4","4","7","슈페너 측은 혁권의 공격뿐 아니라 미국과 한국의 외교·정보 압력까지 동시에 받는다. → 솔레이마니가 시리아 남부 시아파 민병대 주둔 인정을 협상 전제조건으로 내건다"
"727","대망 727화","GA-C08","결산/다음 훅","혁권이 이란 특산품을 싣고 두바이로 이동해 북한 연어급 잠수함의 소말리아 해적 판매 정보를 얻고 함단에게 조사시키며, 원유 선적 완료 후 서울행 비행기에 오른다","5","8","7","7","4","4","4","7","슈페너 측은 혁권의 공격뿐 아니라 미국과 한국의 외교·정보 압력까지 동시에 받는다. → 솔레이마니가 민병대를 국경에서 50㎞ 물리는 대신 주둔 묵인과 한 달간 원유 수출 유예에 미국과 합의했다고 밝힌다"
"728","대망 728화","GA-C09","도입/약속","혁권이 추가 이란 원유 거래를 따내고, 김성균의 마약 사건이 기소유예로 정리된 가운데 이근홍은 페이퍼컴퍼니·차명지분·비자금을 김인철 명의로 돌리고 캐나다 도피 보상을 받는다","5","6","5","6","4","7","4","7","김성균의 마약 사건이 기소유예로 정리되는 동안 태일그룹 차명자산의 귀속을 둘러싼 정리가 진행된다. 여기에 새집을 찾던 혁권 앞에 호텔식 고급 빌라 매물이 제시된다라는 새 불확실성도 겹친다. → 새집을 찾던 혁권 앞에 호텔식 고급 빌라 매물이 제시된다"
"729","대망 729화","GA-C09","전진","비트체크재팬에 5억4천만 달러가 모이자 혁권이 해킹을 개시해 불법 도박 서버와 운영 프로그램을 파괴하고 판돈을 탈취하며 거래소까지 공격한다","5","6","5","6","4","4","4","7","김성균의 마약 사건이 기소유예로 정리되는 동안 태일그룹 차명자산의 귀속을 둘러싼 정리가 진행된다. → 격분한 김인철이 정현구를 골프채로 피투성이가 되도록 폭행한다"
"730","대망 730화","GA-C09","압박","혁권이 비트체크재팬에서 5억5천만 달러를 빼내 세탁하고 불법 자료를 폭로해 거래소 영업 중지와 가상화폐 폭락을 유도하며, 함단은 북한 대리인이 중국인 왕전임을 확인한다","6","6","5","7","4","4","4","7","김성균의 마약 사건이 기소유예로 정리되는 동안 태일그룹 차명자산의 귀속을 둘러싼 정리가 진행된다. → 김포에 도착한 주성철·서은하·주정화에게 혁권이 휴가와 선물을 준다"
"731","대망 731화","GA-C09","압박","혁권이 해킹팀 세 사람에게 각 50억 원과 보름 휴가를 보상하고, 김성균은 이근홍의 도주와 차명지분 상실에 격분하며, 혁권은 심인성에게 북한 연어급 잠수함 판매 자료를 건넨다","6","6","5","7","4","7","4","7","김성균의 마약 사건이 기소유예로 정리되는 동안 태일그룹 차명자산의 귀속을 둘러싼 정리가 진행된다. → 심인성이 북한의 해적·마약 카르텔 대상 잠수함 판매가 사실이냐고 정색한다"
"732","대망 732화","GA-C09","결산/다음 훅","심인성이 잠수함 첩보를 들고 급히 떠나고, 혁권의 추가 폭로로 비트체크재팬 경영진이 체포되자 김인철은 거래소에서 철수하며, 혁권은 제주 카지노 공사와 3천억 원 민간투자 테마파크 제안을 검토한다","6","8","7","7","6","7","4","7","김성균의 마약 사건이 기소유예로 정리되는 동안 태일그룹 차명자산의 귀속을 둘러싼 정리가 진행된다. → 제주 테마파크의 무리한 추진 배경을 들은 혁권이 리조트 본관으로 들어간다"
"733","대망 733화","GA-C10","도입/약속","혁권이 폭락한 비트코인·이더리움 1억 달러어치를 고점 대비 40% 싸게 매입하고, 국정원은 북한 잠수함 판매를 제재 위반으로 규정해 대응책을 논의한다","5","6","5","6","4","4","4","7","국정원은 북한의 잠수함 판매가 국제 제재 위반이라는 결론을 내리고 차단 방법을 찾는다. 여기에 도병진이 중국인 대리인에게 접근해 국정원이 연어급 잠수함을 직접 사자는 작전을 제안한다라는 새 불확실성도 겹친다. → 도병진이 중국인 대리인에게 접근해 국정원이 연어급 잠수함을 직접 사자는 작전을 제안한다"
"734","대망 734화","GA-C10","전진","국정원은 혁권을 대리인으로 삼아 북한 연어급 잠수함을 확보하기로 하고, 심인성은 주성철 남매·서은하의 해킹을 덮고 안가와 2,800만 유로를 주는 조건으로 혁권에게 잠수함과 최신형 어뢰 구매를 맡긴다","5","7","5","7","4","7","4","7","국정원은 북한의 잠수함 판매가 국제 제재 위반이라는 결론을 내리고 차단 방법을 찾는다. → 허용주는 박희도에게 연봉리 기지 방호공사비 마련을 위해 잠수함을 가을 전까지 팔라고 압박하고, 함단은 혁권에게 왕전과의 싱가포르 회동을 보고한다."
"735","대망 735화","GA-C10","전진","혁권은 이란산 원유 100만 톤을 배럴당 48.5달러가량에 처분하라고 지시하고 국정원 안가와 인근 주택의 리모델링·매입을 추진하며, 박형윤의 아들 박병주가 고건원 탄광 강제이주와 진폐증을 겪고 있음을 확인한다","5","6","7","8","4","7","4","7","국정원은 북한의 잠수함 판매가 국제 제재 위반이라는 결론을 내리고 차단 방법을 찾는다. → 박형윤이 여러 차례 가족 탈북을 시도했으나 실패해 보위부 감시가 붙었다는 사실이 드러난다."
"736","대망 736화","GA-C10","전진","혁권은 박형윤 가족 구출을 보류하고, 박형윤은 죽기 전 북의 큰아들과 손주들을 보고 싶다는 한을 토로하며, 싱가포르에 간 혁권은 박희도가 직접 거래를 지휘한다는 정보를 받은 뒤 왕전에게 2,200만 유로를 제시한다","6","5","5","8","4","7","7","4","국정원은 북한의 잠수함 판매가 국제 제재 위반이라는 결론을 내리고 차단 방법을 찾는다. → 왕전이 실물 확인을 명분으로 혁권에게 북한 마양도 조선소 방문을 제안한다."
"737","대망 737화","GA-C10","전진","혁권은 북한행을 수락하는 대가로 정현구 등 불법 도박 조직의 체포를 요구하고, 박희도는 의심을 누른 채 거래를 계속하며, 혁권 일행은 단둥에서 압록강을 건너 평양에 입성한다","6","5","7","6","6","4","4","4","국정원은 북한의 잠수함 판매가 국제 제재 위반이라는 결론을 내리고 차단 방법을 찾는다. → 평양역에서 박희도가 가명 대신 “김혁권 동무”라고 본명을 부르며 북한이 그의 신원을 파악했음을 드러낸다."
"738","대망 738화","GA-C10","압박","박희도의 구매 의심을 받은 혁권은 잠수함을 남미 마약 카르텔의 밀수 수단으로 되팔겠다고 둘러대고, 북한의 멕시코 카르텔·소말리아 해적 접촉 사실을 폭로한 뒤 추가 주문과 중개까지 제안해 협상 주도권을 잡는다","6","4","5","7","4","4","4","4","국정원은 북한의 잠수함 판매가 국제 제재 위반이라는 결론을 내리고 차단 방법을 찾는다. → 박희도는 혁권에 대한 경계를 누그러뜨리고 평양 음악무용학원 출신 밴드와 폭탄주 술자리를 밤늦게까지 이어 간다."
"739","대망 739화","GA-C10","압박","혁권은 초소형 카메라가 숨겨진 넥타이핀을 착용하고 MI-8 헬기로 마양도에 들어가, 산속 갱도와 거대한 지하 부두에 정박한 잠수함들을 몰래 촬영하며 판매 대상 연어급 잠수함을 확인한다","6","4","5","8","4","7","4","4","국정원은 북한의 잠수함 판매가 국제 제재 위반이라는 결론을 내리고 차단 방법을 찾는다. → 박희도의 허락을 받은 혁권이 군관을 따라 연어급 잠수함 내부로 들어간다."
"740","대망 740화","GA-C10","압박","혁권은 잠수함의 MTU-1800 엔진, 어뢰 2발, 약 10톤 적재능력을 확인하고 촬영 장치를 들킬 위기를 넘긴 뒤, 연어급 잠수함과 533㎜ 어뢰 4발을 2,600만 유로에 코르사코프 인도 조건으로 계약한다","6","6","7","8","4","4","4","7","국정원은 북한의 잠수함 판매가 국제 제재 위반이라는 결론을 내리고 차단 방법을 찾는다. → 혁권이 운용·정비 교본 제공을 요구하자 박희도는 1급 군사기밀이라며 완강히 거부한다."
"741","대망 741화","GA-C10","압박","혁권은 박희도에게 100만 유로의 개인 사례금을 제시해 교본 제공을 흔들고, 평양 관광 중 옥류관에서 중국 국가감찰위 부부장 백수광과 재회해 북한 실세 최룡해를 소개받는다","6","5","5","6","4","4","7","4","국정원은 북한의 잠수함 판매가 국제 제재 위반이라는 결론을 내리고 차단 방법을 찾는다. → 최룡해가 남조선 사람인 혁권에게 직접 명함을 건네고 함께 술을 마시자고 초대한다."
"742","대망 742화","GA-C10","전환","혁권은 최룡해 자택 연회에서 백수광의 의형제급 지인으로 대접받고, 위상이 달라진 뒤 박희도로부터 연어급 잠수함 운용·정비 교범 네 권을 받아 100만 유로를 지급하며 보름 뒤 코르사코프에서 현금과 잠수함을 교환하기로 확정한다","6","4","5","7","4","7","4","4","국정원은 북한의 잠수함 판매가 국제 제재 위반이라는 결론을 내리고 차단 방법을 찾는다. → 대만 호텔에서 혁권 앞에 심인성과 CIA의 샌더슨이 함께 나타난다."
"743","대망 743화","GA-C10","전환","국정원과 CIA는 잠수함 정보를 공유하기로 하고 혁권에게서 교본·마양도 영상을 넘겨받으며, 샌더슨은 가짜 마약 잠수함 격침 사건으로 북한을 UN에 옭아맬 계획을 밝힌다","6","6","5","7","4","4","4","7","국정원은 북한의 잠수함 판매가 국제 제재 위반이라는 결론을 내리고 차단 방법을 찾는다. → 정현구 조직 검거와 비트 채크재팬 파산 위기에 몰린 김인철은 김성균이 파나마 로직스 탈취까지 알아챘다는 보고를 받는다."
"744","대망 744화","GA-C10","전환","김인철은 불법 비자금이라 김성균도 공개 대응하지 못할 것이라 판단하고, 혁권은 시스터 마린호에서 현금 2,600만 유로를 건넨 뒤 연어급 잠수함을 자기 화물선으로 옮겨 거래를 완결한다","6","4","7","7","4","7","4","4","국정원은 북한의 잠수함 판매가 국제 제재 위반이라는 결론을 내리고 차단 방법을 찾는다. → 샌더슨은 거래를 감시했음을 드러내며 러시아 감시선 출항을 경고하고 제주도에서 만나자고 한다."
"745","대망 745화","GA-C10","결산/다음 훅","혁권은 나흘 항해 끝에 연어급 잠수함을 제주 해군기지에 인도하고, 샌더슨에게서 김종원 회장의 비자금·차명 지분을 담은 파나마 로직스 금융자료 USB를 보상으로 받는다","5","8","7","7","4","4","4","7","국정원은 북한의 잠수함 판매가 국제 제재 위반이라는 결론을 내리고 차단 방법을 찾는다. → 샌더슨과 심인성은 백악관 지시라며 혁권에게 북한과의 거래 통로를 계속 맡으라고 강요하고 선택권이 없다고 압박한다."
"746","대망 746화","GA-C11","도입/약속","CIA·국정원과 맞설 손실을 계산한 혁권은 북한 석탄의 원산지를 세탁해 한국에서 소비시키는 관리형 밀매 통로 역할을 수락하고, 김성균은 파나마 로직스 반환을 요구하지만 김인철이 거부하며 박상빈의 죽음에 관여했음을 암시한다","6","7","5","7","4","7","7","7","임무는 북한산 석탄의 원산지를 세탁해 한국에서 소비시키는 관리형 밀매 통로를 운영하는 것이다. 여기에 김인철이 자리를 떠나자 박상빈 살해와 재산 탈취를 확신한 김성균이 분노로 몸을 떤다.라는 새 불확실성도 겹친다. → 김인철이 자리를 떠나자 박상빈 살해와 재산 탈취를 확신한 김성균이 분노로 몸을 떤다."
"747","대망 747화","GA-C11","전진","[#역시 위험한 놈이야] 김성균이 박상빈의 심장마비 사망을 김인철의 살인으로 의심해 이두현을 추궁하고 재조사를 지시하자, 실제로 약을 바꿔 박상빈을 죽인 이두현이 차민성에게 다급히 연락한다","6","4","5","7","4","7","7","4","임무는 북한산 석탄의 원산지를 세탁해 한국에서 소비시키는 관리형 밀매 통로를 운영하는 것이다. → 차민성이 사태의 심각성을 깨닫고 한 시간 뒤 비밀 접선 장소에서 만나자고 한다."
"748","대망 748화","GA-C11","전진","혁권은 솔레이마니 지시로 계약보다 10만 톤 더 실린 이란산 원유까지 거제도 U2 기지로 보내고 자말의 미국 재활을 챙긴 뒤, 부모님 댁에서 삼계탕을 먹으며 논현동 단독주택 이사와 갑질 주민대표 부부의 시의원직 박탈·구속·재판 소식을 나눈다","5","6","7","7","4","4","4","7","임무는 북한산 석탄의 원산지를 세탁해 한국에서 소비시키는 관리형 밀매 통로를 운영하는 것이다. → 혁권을 잘못 건드려 몰락한 주민대표 부부가 도망치듯 아파트를 팔고 이사했음이 드러난다."
"749","대망 749화","GA-C11","압박","혁권은 큰외삼촌 회사에 의약품 600만 달러어치를 추가 발주하고, 김인철은 무기명채권과 대포통장으로 마련한 80억 및 일정재단에 5년간 200억을 지원한다는 미끼로 옥정구 복지부 장관을 포섭해 국민연금의 주총 지원을 청한다","6","6","5","7","4","7","4","7","임무는 북한산 석탄의 원산지를 세탁해 한국에서 소비시키는 관리형 밀매 통로를 운영하는 것이다. → 옥정구가 김성균이 위임받은 김종원 지분 때문에 표 대결에서 이기기 어렵지 않겠느냐고 지적한다."
"750","대망 750화","GA-C11","압박","김인철은 김성균의 마약 집행유예를 근거로 김종원 지분 의결권 정지 가처분을 내겠다는 계책을 밝혀 옥정구에게 국민연금 지원을 얻고, 혁권은 회사들의 흑자 보고를 확인한 뒤 박희도와 북한산 석탄 5천 톤을 톤당 90달러에 사할린 코르사코프항에서 인수하기로 계약한다","6","6","7","8","4","7","4","7","임무는 북한산 석탄의 원산지를 세탁해 한국에서 소비시키는 관리형 밀매 통로를 운영하는 것이다. → 자신이 배제된 만남을 알아낸 왕전이 “박 대좌가 상하이에서 남조선 놈을 만났느냐”고 추궁한다."
"751","대망 751화","GA-C11","전환","왕전은 박희도와 혁권을 제거하고 오훈상과 승리 무역을 차지하려 하며, 혁권은 서문종 제주지사의 테마파크 투자 요구 500억을 50억으로 낮추고 2~3억 원대 골프장 회원권을 건네는 한편 김성균은 법원의 의결권 정지 결정과 이영순의 성년후견인 자격 이의신청까지 통보받는다","6","7","5","7","4","7","4","7","임무는 북한산 석탄의 원산지를 세탁해 한국에서 소비시키는 관리형 밀매 통로를 운영하는 것이다. → 김성균이 김종원·이영순의 지분을 이번 주총에서 전혀 활용할 수 없게 되어 김인철에게 치명적인 선수를 빼앗긴다."
"752","대망 752화","GA-C11","결산/다음 훅","태일산업 정기 주총에서 매출 5,700억·영업이익 1,900억·순이익 680억의 어닝 쇼크가 발표된 뒤 김인철 측 소액주주가 김인철의 그룹 부회장 선임을 돌발 제안하고 지지 주주들이 제청한다","5","6","7","7","4","7","4","4","임무는 북한산 석탄의 원산지를 세탁해 한국에서 소비시키는 관리형 밀매 통로를 운영하는 것이다. → 김성균은 김종원 지분을 묶은 가처분부터 현장 제안까지 모두 김인철이 꾸민 함정임을 뒤늦게 알아차린다."
"753","대망 753화","GA-C12","도입/약속","김인철 부회장 선임안이 총참석 3,500만 주 중 기권 800만·찬성 1,200만 주로 가결되고, 혁권은 산둥제철의 자금난을 이용해 셰일오일 광구를 2억 달러에 사되 1억 달러를 현금 지급하는 협상을 승인한 뒤 국민연금과 소액주주들이 김인철을 밀었다는 보고를 받는다","5","6","5","8","4","7","4","7","총참석 3,500만 주 가운데 기권 800만 주가 나온 상황에서 국민연금과 소액주주의 선택이 승부를 좌우한다. 여기에 김성균 모자는 국민연금뿐 아니라 둘째 며느리 홍수연까지 대리인을 통해 김인철에게 찬성표를 던진 사실에 충격을 받는다.라는 새 불확실성도 겹친다. → 김성균 모자는 국민연금뿐 아니라 둘째 며느리 홍수연까지 대리인을 통해 김인철에게 찬성표를 던진 사실에 충격을 받는다."
"754","대망 754화","GA-C12","전진","[#단둥] 김인철은 주총 다음 날 부회장에 취임해 비서실의 박상빈·김성균 계열을 숙청할 인사파일을 받고, 혁권은 김문관 지분까지 확보한 김인철 지지 지분이 약 30%라는 사실을 확인한 뒤 CIA 자금 200만 달러를 북한 석탄 거래에 투입하며, 왕전은 오훈상에게 박희도 제거 후 승리 무역을 넘기겠다고 제안한다","5","7","5","8","4","7","4","7","총참석 3,500만 주 가운데 기권 800만 주가 나온 상황에서 국민연금과 소액주주의 선택이 승부를 좌우한다. → 오훈상이 박희도 암살 공모를 받아들이자 왕전은 “이제 박 대좌는 죽은 목숨”이라고 자신한다."
"755","대망 755화","GA-C12","압박","혁권은 왕은정 신작의 중국 3개 방송국 판권을 2,200만 위안에 선판매한 정동식의 아이치이 협상을 격려하고, 샌더슨에게 대북 거래 제재 확대와 왕명광이 백수광의 파리 저택·슈퍼카 뇌물 의혹을 외신에 폭로하려 한다는 정보를 받아 즉시 베이징으로 가 기사 초고와 증거 사진을 확보한다","6","5","7","8","4","4","4","4","총참석 3,500만 주 가운데 기권 800만 주가 나온 상황에서 국민연금과 소액주주의 선택이 승부를 좌우한다. → 폭로 자료가 공개되면 후폭풍이 막대하다고 판단한 혁권 앞에 백수광이 직접 찾아온다."
"756","대망 756화","GA-C12","결산/다음 훅","혁권은 왕명광의 공작 자료를 백수광에게 넘겨 선제 대응하게 하고 단둥으로 이동하며, 왕전과 오훈상은 박희도·혁권 동시 암살과 북한 금 거래 독점을 모의하고, 박희도는 석탄 3만 톤을 톤당 85달러에 넘기려 하지만 혁권이 미국 제재 위험을 들어 거절한다","5","8","7","8","4","4","4","7","총참석 3,500만 주 가운데 기권 800만 주가 나온 상황에서 국민연금과 소액주주의 선택이 승부를 좌우한다. → 고려관 밖에서 폭탄이 터지고 총성이 이어지며 계획된 습격이 시작된다."
"757","대망 757화","GA-C13","도입/약속","혁권 일행은 자동소총·수류탄을 동원한 매복을 뚫고 박희도를 구출하며 혁권은 이틀간 의식을 잃었다가 깨어나고, 공안부장 체포 뒤 왕전은 마카오 도피를 택하며 백수광은 왕명광 일당을 체포한 보답으로 혁권과 의형제를 맺고 공안은 왕전이 두 사람의 암살을 사주했다고 밝힌다","8","7","7","8","10","7","4","7","치열한 교전 끝에 혁권은 중상을 입고 이틀 동안 의식을 잃는다. 여기에 혁권이 자신을 노린 왕전의 은신처를 찾아 반드시 대가를 치르게 하라고 하킴에게 명령한다.라는 새 불확실성도 겹친다. → 혁권이 자신을 노린 왕전의 은신처를 찾아 반드시 대가를 치르게 하라고 하킴에게 명령한다."
"758","대망 758화","GA-C13","전진","러셀은 왕전의 마카오 위치를 블랙레빗에 흘리라 지시하고, 김인철은 HJ 서비스 배임·주식 거래·10억 뇌물 증거로 정덕진에게 태일증권 사임을 받아내되 납품 계약 4년 유지를 허용한다","5","6","7","7","4","7","4","7","치열한 교전 끝에 혁권은 중상을 입고 이틀 동안 의식을 잃는다. → 김인철이 신민은행 최 은행장에게 건넬 현금 ‘사과 박스’를 준비하고, 혁권은 일주일 만에 퇴원해 왕전의 은신처를 묻는다"
"759","대망 759화","GA-C13","전진","혁권은 평양 소환을 앞둔 박희도와 재회를 약속하고 세부행에 나서며, 울산 1,300세대 단지의 절반 이상 미분양과 월말 어음 약 1,500억 원에 몰린 김성균은 신민증권의 CP 발행 연기가 김인철의 방해임을 간파한다","5","7","5","7","4","7","7","7","치열한 교전 끝에 혁권은 중상을 입고 이틀 동안 의식을 잃는다. → 김인철이 태일시스템 IPO를 대가로 CP 연기를 성사시킨 뒤 비릿하게 웃는다"
"760","대망 760화","GA-C13","압박","김인철은 태일시스템 IPO를 신민증권에 넘겨 태일건설 자금줄을 막고, 혁권은 경호원 스무 명이 지키는 왕전의 저택을 HK416·수류탄으로 기습해 경비대를 전멸시킨다","6","6","5","6","4","7","4","7","치열한 교전 끝에 혁권은 중상을 입고 이틀 동안 의식을 잃는다. → 백성균이 2층에서 달아나려던 왕전을 생포해 혁권 앞에 무릎 꿇린다"
"761","대망 761화","GA-C13","전환","혁권은 보상을 제안하며 살려 달라는 왕전을 사살하고 저택을 불태우며, 김성균은 정덕진과 김인철의 결탁 가능성 및 태일증권 채권 7,600억 원을 확인하고 김인철의 주주 접촉에 대응하라 지시한다","7","6","5","8","6","7","4","7","치열한 교전 끝에 혁권은 중상을 입고 이틀 동안 의식을 잃는다. → 귀국한 혁권에게 심인성이 박희도가 보위부 조사 뒤 자리까지 지켰다고 알린다"
"762","대망 762화","GA-C13","결산/다음 훅","김덕현은 산둥제철의 텍사스 셰일오일 광구를 2억 달러에 인수하고 1억 달러를 투자해 1년 뒤 채굴하기로 하며, 박희도는 왕전 사망에 통쾌해하고 혁권은 소현과 데이트한다","5","8","7","6","4","7","4","7","치열한 교전 끝에 혁권은 중상을 입고 이틀 동안 의식을 잃는다. → 김성균이 태일증권 펀드들이 태일건설 주식 40만 주를 매집했다는 보고를 받고 경영권 탈취를 의심한다"
"763","대망 763화","GA-C14","도입/약속","김성균은 PF 공사대금을 6개월 어음으로 돌리고 성남 아파트 부지를 팔아 자사주를 매입하라 강행하며, 만수르는 리츠칼튼에 구금된 빈압둘만 일행의 은닉재산 반출을 혁권에게 부탁한다","5","6","5","6","4","7","4","7","현금이 필요한 건설 현장과 협력업체에 장기 어음 부담이 전가되는 동안 태일건설은 경영권 방어 자금 마련에 매달린다. 여기에 [#사막 횡단] 혁권이 비밀 유지를 약속하고 구체적인 의뢰 내용을 듣기 시작한다라는 새 불확실성도 겹친다. → [#사막 횡단] 혁권이 비밀 유지를 약속하고 구체적인 의뢰 내용을 듣기 시작한다"
"764","대망 764화","GA-C14","전진","만수르는 국채·금괴·현금으로 된 50억 달러를 사우디 밖으로 빼내 달라며 살바토르 문디와 피카소 그림을 보상으로 제시하고, 정부와 IS 양쪽을 피해 운반해야 한다고 밝힌다","5","6","7","7","4","4","4","7","현금이 필요한 건설 현장과 협력업체에 장기 어음 부담이 전가되는 동안 태일건설은 경영권 방어 자금 마련에 매달린다. → 혁권이 의뢰를 수락하되 부하 보상으로 5천만 달러를 추가 요구한다"
"765","대망 765화","GA-C14","전진","혁권은 알 살라위의 사우디 잠입 정보를 확인하고 5천만 달러 선금과 금고 위치·비밀번호를 받은 뒤 10번 도로 횡단 계획과 최정예 경비팀 소집을 지시해 리야드로 들어간다","5","6","5","7","4","4","4","7","현금이 필요한 건설 현장과 협력업체에 장기 어음 부담이 전가되는 동안 태일건설은 경영권 방어 자금 마련에 매달린다. → 은닉재산 이동을 포착한 알 살라위가 혁권의 사진을 확인하고 전사들을 소집한다"
"766","대망 766화","GA-C14","압박","혁권 일행은 방공호 금고에서 철제 상자 42개를 꺼내 5톤 트럭에 싣고 카페트로 위장한 채 경찰청 앞을 지나 알 카르지를 거쳐 10번 도로에 진입한다","6","4","5","6","4","4","4","4","현금이 필요한 건설 현장과 협력업체에 장기 어음 부담이 전가되는 동안 태일건설은 경영권 방어 자금 마련에 매달린다. → 선두 차량의 유승우와 경비대원들이 1인당 10만 달러 보너스를 이야기하며 경계를 이어간다"
"767","대망 767화","GA-C14","전환","알 살라위 측이 IED와 RPG로 호송대를 매복 공격해 차량을 전복시키고 사상자를 내지만, 혁권이 미리 거래한 CIA의 MQ-9 리퍼 두 대가 헬파이어와 GBU-12로 IS 진지를 폭격한다","8","4","7","7","8","4","4","4","현금이 필요한 건설 현장과 협력업체에 장기 어음 부담이 전가되는 동안 태일건설은 경영권 방어 자금 마련에 매달린다. → 혁권이 폭격 연기 속에서 부하들에게 양측 돌격을 명령하고 직접 잔적 소탕에 나선다"
"768","대망 768화","GA-C14","결산/다음 훅","혁권 일행은 생존한 IS 병력을 사살하고 알 살라위의 시신을 확인해 델타포스에 넘긴 뒤, 카페트 화물로 위장해 사우디 검문을 통과하고 50억 달러의 현금·금괴를 아부다비 중앙은행에 인계한다","6","8","7","8","6","4","4","7","현금이 필요한 건설 현장과 협력업체에 장기 어음 부담이 전가되는 동안 태일건설은 경영권 방어 자금 마련에 매달린다. → 혁권이 만수르에게 앞으로 알 살라위라는 이름을 들을 일은 없다고 밝혀 그를 경악시킨다"
"769","대망 769화","GA-C15","도입/약속","혁권은 살바토르 문디와 피카소 그림을 잔금으로 받고 부상자들을 찾아가며, 샌더슨에게 빈살만 왕세자의 분노를 경고받은 뒤 부상자들을 아테네로 후송한다","5","4","7","6","4","4","7","4","작전 부상자들을 확인한 혁권은 샌더슨에게 빈 살만 왕세자가 분노했다는 경고까지 듣는다. 여기에 용산드림타워 레미콘 업체가 미수금과 6개월 어음을 거부해 초고강도 콘크리트 공급을 중단하자 홍정기가 본사 연결을 명령한다라는 새 불확실성도 겹친다. → 용산드림타워 레미콘 업체가 미수금과 6개월 어음을 거부해 초고강도 콘크리트 공급을 중단하자 홍정기가 본사 연결을 명령한다"
"770","대망 770화","GA-C15","전진","[#제안] 레미콘·협력업체의 미수금 거부로 용산드림타워 공사가 멈추자 김성균은 자사주 매각을 거부하고 성남 아파트 부지 담보대출을 강행한다","5","6","5","6","4","7","4","7","작전 부상자들을 확인한 혁권은 샌더슨에게 빈 살만 왕세자가 분노했다는 경고까지 듣는다. → 정덕진 사임과 조병득 취임으로 태일증권이 김인철 수중에 들어가자 구민재는 김성균의 선택을 자충수로 본다"
"771","대망 771화","GA-C15","전진","혁권은 오로라 펀드의 태일건설 지분 4%가 캐스팅보트임을 깨닫고 5%까지 늘리라 지시하며, 김인철은 태일건설의 성남 부지 담보대출과 오로라의 150억 원대 매수를 보고받는다","5","6","7","7","4","7","4","7","작전 부상자들을 확인한 혁권은 샌더슨에게 빈 살만 왕세자가 분노했다는 경고까지 듣는다. → 김인철은 오로라 펀드가 지분을 늘리는 목적을 최우선으로 캐라고 명령한다"
"772","대망 772화","GA-C15","전진","오로라 펀드가 650억 원 이상을 투입해 태일건설 지분 5%를 확보·경영 참여를 공시하고, 혁권은 5억 달러로 용산드림타워 지분 10% 이상을 노리며 협상을 맡긴다","5","7","7","6","4","4","4","7","작전 부상자들을 확인한 혁권은 샌더슨에게 빈 살만 왕세자가 분노했다는 경고까지 듣는다. → 김성균은 캐스팅보트를 쥔 오로라의 요구를 가능한 한 수용해 자기편으로 끌어들이라고 지시한다"
"773","대망 773화","GA-C15","압박","혁권은 3천억 원 넘게 투자한 과천 스튜디오를 처음 방문해 소현의 촬영을 지켜보고 해외 로케이션 지원과 간식·밥차 제공을 약속한다","6","6","5","7","4","7","4","7","작전 부상자들을 확인한 혁권은 샌더슨에게 빈 살만 왕세자가 분노했다는 경고까지 듣는다. → 다음 날 혁권은 태일건설 협상을 위해 홍콩에서 온 스텐저와 코미·호로위츠를 호텔에서 맞는다"
"774","대망 774화","GA-C15","압박","스텐저는 아르헨티나 발전소 잔금 2억 달러 지급 정지와 임대아파트 사업 보류를 협상 약점으로 제시하고, 오로라 측은 상근이사·감사 선임 요구를 관철한다","6","6","5","6","4","4","4","7","작전 부상자들을 확인한 혁권은 샌더슨에게 빈 살만 왕세자가 분노했다는 경고까지 듣는다. → 스텐저가 비공개 악재인 아르헨티나 화력발전소 문제를 꺼내 태일건설 협상단을 당혹시킨다"
"775","대망 775화","GA-C15","전환","스텐저는 5억 달러 투자 조건으로 용산드림타워 지분을 요구하고 거절하면 김인철과 손잡겠다고 하루 시한을 주며, 혁권은 자금을 준비한다","6","6","5","6","4","7","4","7","작전 부상자들을 확인한 혁권은 샌더슨에게 빈 살만 왕세자가 분노했다는 경고까지 듣는다. → 김성균이 매각을 거부하려다 자금난과 경영권 상실 위험 사이에서 흔들리는 순간 고동욱이 급히 들어온다"
"776","대망 776화","GA-C15","전환","김인철의 노조 지도부 접촉을 안 김성균은 오로라 제안을 수용하고, 밤샘 협상 끝에 용산드림타워 지분 10%를 현금 5억1천만 달러와 임시주총 의결권 위임에 넘기기로 합의한다","6","6","7","6","4","7","4","7","작전 부상자들을 확인한 혁권은 샌더슨에게 빈 살만 왕세자가 분노했다는 경고까지 듣는다. → 오로라는 요구한 지분 10%를 확보하고 태일건설은 경영권 방어용 의결권까지 얻는다"
"777","대망 777화","GA-C15","결산/다음 훅","혁권은 5억1천만 달러를 즉시 송금해 용산드림타워 지분 10%의 주인이 된 뒤 현장을 직접 둘러보고, 태일건설은 오로라 의결권으로 김인철 측 안건을 부결할 우위를 확보한다","5","9","9","7","4","7","4","7","작전 부상자들을 확인한 혁권은 샌더슨에게 빈 살만 왕세자가 분노했다는 경고까지 듣는다. → 김성균은 지분 매각 공시가 태일건설 주가에 미칠 영향을 구민재에게 묻는다"
"778","대망 778화","GA-C16","도입/약속","[#왕민린] 김성균은 매각대금 중 500억 원으로 자사주를 사 아르헨티나 악재를 희석하고, 계획이 틀어진 김인철은 노조 회유를 독촉하며, 혁권은 왕민린의 비밀 회동 초청을 수락한다","5","7","5","6","4","7","4","7","경영권 장악 계획이 어긋난 김인철은 차민성에게 노조 회유를 서두르라고 독촉한다. 여기에 왕민린이 용건을 숨긴 채 혁권에게 상하이에서 은밀히 만나자고 한 이유가 미궁으로 남는다라는 새 불확실성도 겹친다. → 왕민린이 용건을 숨긴 채 혁권에게 상하이에서 은밀히 만나자고 한 이유가 미궁으로 남는다"
"779","대망 779화","GA-C16","전진","인터내셔널 매니지먼트는 오사카 해외 촬영팀 50여 명에게 전세기를 제공하고, 혁권은 상하이에서 왕민린과 비밀 회동한다","5","4","7","6","4","4","4","4","경영권 장악 계획이 어긋난 김인철은 차민성에게 노조 회유를 서두르라고 독촉한다. → 왕민린이 업종 불문 최대 60억 달러를 대겠다며 동업을 제안하자 혁권은 먼저 이유를 밝히라고 요구한다"
"780","대망 780화","GA-C16","전진","왕민린은 중국 당국의 숙청을 피해 60억 달러를 해외 투자금으로 반출하려 하며 혁권에게 10%를 제시하고, 혁권은 하킴의 조언 뒤 백수광에게 제안을 전달하기로 결심한다","5","6","5","6","4","4","4","7","경영권 장악 계획이 어긋난 김인철은 차민성에게 노조 회유를 서두르라고 독촉한다. → 백수광 측 차량이 혁권을 중국 최고 권력 핵심지인 중남해로 데려간다"
"781","대망 781화","GA-C16","압박","혁권은 예고 없이 시진핑을 만나 왕명광 사건의 공을 인정받고, 시진핑은 백수광에게 혁권의 중국 사업을 특별히 지원하라고 지시한다","6","6","5","6","4","4","4","7","경영권 장악 계획이 어긋난 김인철은 차민성에게 노조 회유를 서두르라고 독촉한다. → 백수광은 시진핑의 호감을 얻은 혁권에게 앞으로 중국 사업이 탄탄대로가 될 것이라 장담한다"
"782","대망 782화","GA-C16","전환","혁권은 영화 수익배분 제한 완화·수익 반출 한도 확대·할리우드 영화 수입권을 약속받고, 완다 지분 절반의 국가 헌납을 명분으로 60억 달러 반출 동의도 얻어 백수광에게 1억 달러를 주기로 한다","6","6","5","7","4","4","4","7","경영권 장악 계획이 어긋난 김인철은 차민성에게 노조 회유를 서두르라고 독촉한다. → 왕민린은 해외 반출 자금을 혁권의 텍사스 셰일오일 광구에 투자하자고 제안한다"
"783","대망 783화","GA-C16","결산/다음 훅","혁권은 기존 광구를 자금세탁에 쓰는 방안을 보류하고, 태일건설 임시주총에서는 김성균 해임안이 부결되며 오로라 인사가 이사·감사로 선임되고, 혁권은 시티은행을 통해 태일건설에 2천억 원을 우회 대출한다","5","8","9","7","4","7","4","7","경영권 장악 계획이 어긋난 김인철은 차민성에게 노조 회유를 서두르라고 독촉한다. → 혁권은 김덕현에게 셰일오일 사업과 60억 달러 자금세탁 방안을 검토한 결과를 묻는다"
"784","대망 784화","GA-C17","도입/약속","김덕현은 기존 솔루시두스 광구와 분리해 50㎞ 떨어진 오일샌드 황무지를 매입한 뒤 별도 합작법인으로 자금을 세탁하고 손실 처리·청산하자는 방안을 제안한다 이어 탈레브가 알 살라위를 죽인 존슨(김혁권)에게 복수하라고 라크딤에게 명령하고, 한국의 IS 세포 리판이 스냅챗으로 혁권 암살 지령을 받으며, 모사드는 테러 징후와 표적이 존슨임을 포착한다","6","6","5","7","4","4","7","7","합작법인을 통해 자금을 투입한 뒤 손실 처리와 청산으로 세탁하는 구체적인 구조가 마련된다. 여기에 혁권은 해당 매물을 선택하고 구체적인 사업계획서를 작성해 가져오라고 지시한다 이어 오페르가 IS의 테러 목표가 존슨이라고 보고한다라는 새 불확실성도 겹친다. → 혁권은 해당 매물을 선택하고 구체적인 사업계획서를 작성해 가져오라고 지시한다 이어 오페르가 IS의 테러 목표가 존슨이라고 보고한다"
"785","대망 785화","GA-C17","전진","스텔마치는 CIA에 암살 정보를 알리지 않고 관망하기로 하고, 혁권은 왕민린과 합작법인 추진에 합의하며, 리판은 전 재산을 인도네시아 가족에게 송금한 뒤 19번 로커에서 토카레프와 폭탄 조끼를 수령한다","5","4","7","8","4","7","4","4","합작법인을 통해 자금을 투입한 뒤 손실 처리와 청산으로 세탁하는 구체적인 구조가 마련된다. → 리판이 자살 폭탄 장비가 든 더블백을 메고 혁권을 향해 떠난다"
"786","대망 786화","GA-C17","전진","혁권은 정동식에게 레전더리 엔터테인먼트 지분 인수 구상을 밝히고, 임영식은 호텔을 정찰하던 리판을 발견하지만 중국인 관광객 무리에 막혀 놓치며, CIA는 NSA로부터 김혁권 암살 지령을 전달받는다","5","6","5","8","4","4","4","7","합작법인을 통해 자금을 투입한 뒤 손실 처리와 청산으로 세탁하는 구체적인 구조가 마련된다. → 샌더슨이 IS의 표적이 된 혁권에게 직접 경고 전화를 건다"
"787","대망 787화","GA-C17","압박","샌더슨의 경고를 받은 혁권이 강원도 안가로 이동하려는 순간 리판이 토카레프로 임영식의 어깨를 쏘고 경호원들의 대응 사격에 쓰러진 뒤 폭탄 조끼를 터뜨려 최소 네 명을 숨지게 하며, 혁권은 부상자 구조에 나선다","6","6","5","7","4","4","7","7","합작법인을 통해 자금을 투입한 뒤 손실 처리와 청산으로 세탁하는 구체적인 구조가 마련된다. → 심인성이 사건 은폐를 지시한 직후 직속상관 도병진 3차장의 전화를 받는다"
"788","대망 788화","GA-C17","전환","심인성은 추가 사태를 막겠다며 혁권을 무기 사용 승인까지 내린 안가에 강제 구금하고, 국정원은 범인이 관리망에서 이탈한 인도네시아인 리판임을 확인한 뒤 자살폭탄 테러를 가스 폭발로 은폐하며 혁권 제거까지 검토한다","8","6","7","8","6","4","4","7","합작법인을 통해 자금을 투입한 뒤 손실 처리와 청산으로 세탁하는 구체적인 구조가 마련된다. → 모사드는 폭탄 조끼 공격에도 방탄차 안에서 무사했던 혁권의 생존을 확인한다"
"789","대망 789화","GA-C17","결산/다음 훅","모사드는 IS 본거지가 YPG·동맹군·시리아 정부군의 협공을 받으므로 추가 테러 가능성이 낮다고 판단하고 뒤늦게 정보를 CIA에 흘리며, 심인성은 혁권에게 스마트폰을 돌려줘 탈출을 돕고, 아랍에미리트는 한국의 연간 2,900만 톤 천연가스 도입 가격을 20% 인상한다","6","6","9","8","6","4","4","4","합작법인을 통해 자금을 투입한 뒤 손실 처리와 청산으로 세탁하는 구체적인 구조가 마련된다. → 천연가스 대책을 논의하던 노규화에게 최무영 산업통상부 장관이 찾아온다"
"790","대망 790화","GA-C18","도입/약속","이란은 솔레이마니와 형제처럼 가까운 김혁권의 구금을 이유로 연 90억 달러 규모의 원화 결제를 중단하고 UAE도 만수르 측 요구로 가스값을 20% 올리며, 김승욱 차관의 확인을 받은 대통령은 국정원장에게 연락한다","5","6","5","8","4","7","4","7","UAE도 만수르 측 요구로 가스 가격을 20% 올리면서 한국 정부가 감당할 경제적 피해가 급증한다. 여기에 안가를 찾은 심인성이 혁권에게 상부가 석방 결정을 내렸음을 알린다라는 새 불확실성도 겹친다. → 안가를 찾은 심인성이 혁권에게 상부가 석방 결정을 내렸음을 알린다"
"791","대망 791화","GA-C18","전진","석방된 혁권은 자폭으로 숨진 부하 다섯 명의 빈소를 성대히 마련해 발인까지 지키고 복수를 결심하지만, 샌더슨은 테러 지시자 라크심이 IS 패잔병과 후퇴하다 미군 F-16 폭격으로 사망했다고 통보한다","6","4","5","7","6","7","4","4","UAE도 만수르 측 요구로 가스 가격을 20% 올리면서 한국 정부가 감당할 경제적 피해가 급증한다. → 삼일장을 마친 혁권이 방탄유리와 상주 경호시설을 갖춘 논현동 새 저택에 입주한다"
"792","대망 792화","GA-C18","결산/다음 훅","소현의 위로로 희생자 장례 뒤의 피로를 달랜 혁권은 북경으로 가며 수익성보다 자금 반출 명분을 위해 3천만 달러짜리 타이트 오일 광구 매입을 지시하고, 왕민린에게 61억 달러 대출 승인과 리히텐슈타인 LGT 비밀계좌 번호를 받는다","5","8","7","7","4","7","4","7","UAE도 만수르 측 요구로 가스 가격을 20% 올리면서 한국 정부가 감당할 경제적 피해가 급증한다. → 혁권이 왕민린에게 첫 세탁 자금 입금은 석 달 뒤라고 못 박는다"
"793","대망 793화","GA-C19","도입/약속","혁권은 3억 달러 대신 레전더리 엔터테인먼트 지분 10%를 요구하지만 왕민린이 6억 달러에 지분 30%를 넘기는 대신 매각대금 전액도 합작사에서 세탁하라고 역제안하자 이를 수락한다 이어 [#함정] 혁권은 레전더리 엔터테인먼트 지분 30%와 중국 수익금 7천만 달러 반출 승인·배급 우대를 정동식에게 넘기고, 주정화에게서 주성철이 아버지를 찾으러 선양에 갔다는 소식을 듣는다","5","7","5","7","4","4","4","7","왕민린은 6억 달러에 지분 30%를 넘기되 매각대금 전액까지 합작사에서 세탁하라는 더 큰 거래를 역제안한다. 여기에 혁권이 레전더리 엔터테인먼트 지분 30%와 추가 자금 세탁을 묶은 왕민린의 거래를 확정한다 이어 북한 보위부의 표적이 될 수 있는 주성철이 홀로 선양으로 향한 사실에 혁권의 얼굴이 굳는다라는 새 불확실성도 겹친다. → 혁권이 레전더리 엔터테인먼트 지분 30%와 추가 자금 세탁을 묶은 왕민린의 거래를 확정한다 이어 북한 보위부의 표적이 될 수 있는 주성철이 홀로 선양으로 향한 사실에 혁권의 얼굴이 굳는다"
"794","대망 794화","GA-C19","전진","아버지 목소리에 속은 주성철은 브로커에게 줄 25만 위안을 들고 청해루로 갔다가 권총을 든 보위부 대원들에게 포위되어 함정임을 깨닫는다","5","6","5","6","4","4","4","7","왕민린은 6억 달러에 지분 30%를 넘기되 매각대금 전액까지 합작사에서 세탁하라는 더 큰 거래를 역제안한다. → 도주로까지 막힌 주성철이 돈으로 목숨을 구하려 하지만 보위부 대원이 주먹을 휘두른다"
"795","대망 795화","GA-C19","전진","보위부는 주성철을 수갑 채워 납치하고 휴대전화를 부수며, 혁권은 25만 위안 환전 영수증과 연락 두절을 근거로 국정원·선양 공안에 협조를 요청한다","6","6","5","6","6","4","4","7","왕민린은 6억 달러에 지분 30%를 넘기되 매각대금 전액까지 합작사에서 세탁하라는 더 큰 거래를 역제안한다. → 김형일이 은행 돈까지 빼앗으려고 손톱 두 개를 뽑고도 버티는 주성철에게 추가 고문을 지시한다"
"796","대망 796화","GA-C19","압박","김형일은 주성철에게 빙두를 투약해 돈을 빼내라 명령하고, 국정원 블랙 요원 정규진은 납치 거점 조선관과 김형일을 특정하며 17만 달러 송금으로 주성철의 생존을 확인한다","7","6","5","7","6","7","4","7","왕민린은 6억 달러에 지분 30%를 넘기되 매각대금 전액까지 합작사에서 세탁하라는 더 큰 거래를 역제안한다. → 혁권은 양천 공안국장에게 조선관 습격을 통보하고 부하들과 새벽 구출 작전에 나선다"
"797","대망 797화","GA-C19","압박","정규진에게서 총기와 수류탄을 지원받은 혁권 일행은 공안의 도로 봉쇄 아래 조선관을 급습하고, 지하실에서 빙두에 중독된 채 고문당한 주성철을 발견한다","6","6","5","6","4","4","4","7","왕민린은 6억 달러에 지분 30%를 넘기되 매각대금 전액까지 합작사에서 세탁하라는 더 큰 거래를 역제안한다. → 쇠창살 안의 중년 남자가 혁권에게 쓰러진 주성철을 빨리 병원으로 데려가 달라고 외친다"
"798","대망 798화","GA-C19","압박","혁권은 주성철의 부모 주선진 부부까지 풀어 구출하고, 백성균 부대는 수류탄과 자동소총으로 보위부를 전멸시키며 김형일은 폭발에 휩쓸려 사망한다","8","5","5","6","6","7","4","4","왕민린은 6억 달러에 지분 30%를 넘기되 매각대금 전액까지 합작사에서 세탁하라는 더 큰 거래를 역제안한다. → 병원에서 깨어난 주성철은 납치와 빙두 투약의 기억이 돌아오자 극심한 정신적 고통에 빠진다"
"799","대망 799화","GA-C19","전환","주성철은 부모가 옆 병실에서 치료 중임을 확인하고 혁권에게 구조의 은혜를 감사하며, 혁권은 양천에게 현금과 백수광과의 연줄을 보상하고 탈북자인 부모의 공항 통과를 부탁한다","6","4","5","7","4","4","4","4","왕민린은 6억 달러에 지분 30%를 넘기되 매각대금 전액까지 합작사에서 세탁하라는 더 큰 거래를 역제안한다. → 세 사람의 상태가 이동 가능하다고 판정되어 다음 날 선양을 떠나기로 한다"
"800","대망 800화","GA-C19","결산/다음 훅","혁권은 주성철 가족을 전용기로 서울에 데려오고 국정원 조사와 자유 면회를 합의하며, 최룡해는 원유 부족 대책을 논의하다 혁권의 35억 달러 광산 매각과 CIA 연계 의혹을 보고받는다","5","8","7","8","4","7","4","7","왕민린은 6억 달러에 지분 30%를 넘기되 매각대금 전액까지 합작사에서 세탁하라는 더 큰 거래를 역제안한다. → 최룡해는 혁권과의 접촉 위험을 경계하면서도 연말까지 부족한 원유를 구할 다른 방법을 찾으라고 지시한다"
"801","대망 801화","GA-C20","도입/약속","[#난 합격이야] 혁권은 자본금 77억 달러인 아메리칸 에너지의 세탁 사업에 시에라리온 보크사이트 광산과 기반시설 공사를 포함시키고, 손목을 다친 어머니를 한의원에 모신 뒤 저녁을 함께하기로 한다","5","6","5","7","4","7","4","7","광산뿐 아니라 기반시설 공사까지 포함되면서 세탁 사업의 규모와 관리 부담이 함께 커진다. 여기에 소현이 만나자고 전화하지만 혁권은 이미 세상에서 가장 소중한 사람과 선약이 있다며 미룬다라는 새 불확실성도 겹친다. → 소현이 만나자고 전화하지만 혁권은 이미 세상에서 가장 소중한 사람과 선약이 있다며 미룬다"
"802","대망 802화","GA-C20","결산/다음 훅","혁권은 가사 도우미를 쓰겠다는 어머니의 약속을 받고 소현을 급히 초대하며, 단정하게 꾸민 소현은 첫 만남부터 어머니와 화기애애하게 식사하고 그리스에서 시작된 연애를 이야기한다","5","6","7","6","4","7","4","4","광산뿐 아니라 기반시설 공사까지 포함되면서 세탁 사업의 규모와 관리 부담이 함께 커진다. → 어머니가 소현 같은 딸을 원한다 하자 소현은 자신이 딸이 되겠다고 답한다"
"803","대망 803화","GA-C21","도입/약속","어머니는 딸이면 며느리로 삼을 수 없다며 소현을 며느릿감으로 점찍고, 식사 후 혁권에게 소현을 집으로 데려오라고 재촉한다 이어 CIA가 카리니 암살 파문을 덮으려는 사우디·미국의 곤경을 분석하고, 혁권은 사우디 중앙행정청의 마진 절반 이상인 3억 달러 오더와 빈 살만 명의 신변 보장을 받고 리야드행을 결정한다","5","6","5","7","4","7","4","7","한편 CIA는 카리니 암살 파문을 덮어야 하는 사우디와 미국의 곤경을 분석하고 혁권에게 해결 거래를 제시한다. 여기에 어머니가 “난 합격”이라며 소현과의 결혼을 적극 승인하자 혁권도 안도한다 이어 킹 칼리드 공항에 도착한 혁권이 왕실 지시라는 정보를 듣고 빈 살만의 의도를 경계한다라는 새 불확실성도 겹친다. → 어머니가 “난 합격”이라며 소현과의 결혼을 적극 승인하자 혁권도 안도한다 이어 킹 칼리드 공항에 도착한 혁권이 왕실 지시라는 정보를 듣고 빈 살만의 의도를 경계한다"
"804","대망 804화","GA-C21","전진","빈 살만이 과거 비자금 반출을 불문에 부치는 조건으로 솔레이마니를 설득해 이란이 페르시아만을 일주일간 봉쇄하고 카리니 사건을 덮게 하라고 강요한다","5","4","7","6","4","4","4","4","한편 CIA는 카리니 암살 파문을 덮어야 하는 사우디와 미국의 곤경을 분석하고 혁권에게 해결 거래를 제시한다. → 혁권이 미국과도 합의했느냐고 빈 살만에게 묻는다"
"805","대망 805화","GA-C21","압박","미국의 묵인을 짐작한 혁권이 의뢰와 3억 달러 오더를 받아들이고 4억 달러를 더 마련해 원유 선물에 최대 35억 달러를 베팅하기로 한 뒤, 솔레이마니에게 빈 살만의 친서와 현금 가방을 건네며 봉쇄의 명분·실리와 10억 달러 보상을 제시한다","6","6","7","7","4","4","4","7","한편 CIA는 카리니 암살 파문을 덮어야 하는 사우디와 미국의 곤경을 분석하고 혁권에게 해결 거래를 제시한다. → 솔레이마니가 미국과 실제 전쟁이 나면 누가 책임지느냐고 추궁한다"
"806","대망 806화","GA-C21","압박","혁권이 미국과 사전 합의됐다고 설득하고 사우디 선결제금에서 1억 달러를 추가 투자한 가운데, 이란은 공해 유조선의 콘덴세이트 1천만 배럴 처분 묵인을 조건으로 봉쇄안을 수락하며 백악관은 7억 달러 제재 구멍과 카리니 사건 무마 사이에서 논의한다","6","7","5","7","4","4","4","7","한편 CIA는 카리니 암살 파문을 덮어야 하는 사우디와 미국의 곤경을 분석하고 혁권에게 해결 거래를 제시한다. → 제리 비서실장이 사우디의 1,100억 달러 무기계약과 대통령 연임을 거론해 수용 결정을 압박한다"
"807","대망 807화","GA-C21","결산/다음 훅","대통령이 이란의 콘덴세이트 처분을 승인하고, 혁권은 이란산 1천만 배럴을 직접 매각하기로 한 뒤 5억2천만 달러 담보로 40억 달러어치 원유 선물을 매입하며 이란 해군은 기뢰로 해협을 봉쇄해 세이렌호와 선박들을 회항시킨다","5","8","7","7","4","4","4","7","한편 CIA는 카리니 암살 파문을 덮어야 하는 사우디와 미국의 곤경을 분석하고 혁권에게 해결 거래를 제시한다. → 서울의 혁권이 유가 급등 속에서 흥분한 스텐저의 전화를 받는다"
"808","대망 808화","GA-C22","도입/약속","혁권은 폭등한 선물을 보유한 채 DK정유에 이란산 콘덴세이트 1천만 배럴을 8억 달러에 전량 매각하고, 최필성에게서 저장시설 보수와 제2공장 증설로 태일정유의 원유난이 특히 심각하다는 정보를 얻는다","5","6","5","8","4","4","4","7","최필성은 저장시설 보수와 제2공장 증설 때문에 태일정유의 원유 부족이 특히 심각하다고 알려준다. 여기에 혁권이 아르마크에게 2,500만 달러 몫을 송금하고 이란 권력자와 지속적 관계를 맺는다라는 새 불확실성도 겹친다. → 혁권이 아르마크에게 2,500만 달러 몫을 송금하고 이란 권력자와 지속적 관계를 맺는다"
"809","대망 809화","GA-C22","전진","혁권은 태일정유의 재고가 200만 배럴 미만이고 제2공장 가동이 위태롭다는 사실을 확인해 거제도 현물 110만 톤과 원유 선물 1,300만 배럴을 사흘 안에 익명 매각하라 지시하고, 궁지의 오차돈은 공장 중단을 거부한다","5","6","5","8","4","4","4","7","최필성은 저장시설 보수와 제2공장 증설 때문에 태일정유의 원유 부족이 특히 심각하다고 알려준다. → 문병기가 현물 110만 톤과 선물 1,300만 배럴을 구할 수 있지만 값이 비싸다고 보고한다"
"810","대망 810화","GA-C22","압박","오차돈이 가용자금 10억 달러를 털어 혁권의 현물·선물을 매입하고, 혁권은 전체 선물 청산으로 약 54억 달러 수익을 확정한 뒤 10억 달러를 유가 하락에 재투자하며 CIA로부터 이란 반입품 묵인과 북한 채널 폐쇄 통보를 받는다","6","6","5","7","4","4","4","7","최필성은 저장시설 보수와 제2공장 증설 때문에 태일정유의 원유 부족이 특히 심각하다고 알려준다. → 태일정유가 물량 도착에 안도한 순간 비서실장이 이란 해군의 호르무즈 철수 속보를 틀어 보인다"
"811","대망 811화","GA-C22","결산/다음 훅","봉쇄 해제로 유가가 하루 10달러 폭락해 태일정유가 선물을 팔지 못하고, 사우디의 하루 50만 배럴 증산까지 겹쳐 5천억 원 넘는 손실과 4분기 적자를 내자 김인철은 오차돈에게 책임을 묻고 감시를 붙인다","5","8","7","7","4","7","4","7","최필성은 저장시설 보수와 제2공장 증설 때문에 태일정유의 원유 부족이 특히 심각하다고 알려준다. → 차민성이 오차돈에게 대표이사 사임과 태일가스 고문 전보를 통보한다"
"812","대망 812화","GA-C23","도입/약속","차민성이 사흘 안에 신변을 정리하고 김인철에게 누가 되는 행동을 하지 말라고 협박하자, 배신감을 품은 오차돈은 잠긴 서랍에서 만년필형 보이스레코더를 꺼낸다 이어 혁권이 자금 세탁 지출을 늘리려고 셰일 오일 시추 지점 세 곳의 동시 굴착을 지시하고, 완다그룹 자금 20억 달러 중 1억 달러를 세탁해 시에라리온 자금과 합친 5억 달러를 리히텐슈타인으로 보내기로 한다","5","6","5","7","4","7","4","7","배신감을 느낀 오차돈은 잠긴 서랍에서 만년필형 보이스레코더를 꺼낸다. 여기에 오차돈이 녹음기를 움켜쥐고 김인철에게 맞설 결심을 굳힌다 이어 윤영석이 텍사스 주지사 측의 연말 파티 초청장을 보고한다라는 새 불확실성도 겹친다. → 오차돈이 녹음기를 움켜쥐고 김인철에게 맞설 결심을 굳힌다 이어 윤영석이 텍사스 주지사 측의 연말 파티 초청장을 보고한다"
"813","대망 813화","GA-C23","전진","혁권이 오로라펀드의 태일건설 지분으로 김성균의 건설·리조트·캐피탈 계열 분리를 지원하고, 김성균은 노조 간부들에게 각 5억 원과 대국은행장에게 10억 원 사과 상자를 준비한다","5","6","5","6","4","7","4","7","배신감을 느낀 오차돈은 잠긴 서랍에서 만년필형 보이스레코더를 꺼낸다. → 김인철이 건설뿐 아니라 리조트와 캐피탈도 김성균에게 동조했다는 보고를 받는다"
"814","대망 814화","GA-C23","전진","김인철이 김성균 측 우호 지분 40% 이상 가능성을 확인하고 세 회사 대표 해임을 공고해 형제의 난을 공개전으로 만들며, 혁권은 요트에서 분쟁 보도를 지켜본 뒤 이란의 타헤리안 대사를 맞는다","5","6","5","8","4","7","4","7","배신감을 느낀 오차돈은 잠긴 서랍에서 만년필형 보이스레코더를 꺼낸다. → 타헤리안 대사가 CIA와 모사드의 감시를 피할 수 있는 망망대해에서 혁권과 회동한다"
"815","대망 815화","GA-C23","압박","혁권이 타헤리안에게 콘덴세이트 대금 2천만 달러를 현금으로 넘기지만 아테네항을 통한 금수품 밀반출은 거절하고, 김인철은 알루미늄·화력발전·경기도시가스를 제시해 김성균을 회유하려다 결렬된다","6","6","5","7","4","7","4","7","배신감을 느낀 오차돈은 잠긴 서랍에서 만년필형 보이스레코더를 꺼낸다. → 김성균이 둘 중 하나가 쓰러져야 싸움이 끝난다며 김인철과의 전면전을 선언한다"
"816","대망 816화","GA-C23","전환","고동욱이 오차돈에게 무기명 미국 재무부채권 300만 달러를 주고 김인철의 비자금·분식회계 대화 12건과 이중장부 USB를 확보하며, 혁권은 이란의 독일산 중고 트럭 엔진 컨테이너 다섯 개를 방치하되 자기 조직과의 연계를 차단하고 왕민린의 회장 사퇴 예고를 듣는다","6","7","5","7","4","7","4","7","배신감을 느낀 오차돈은 잠긴 서랍에서 만년필형 보이스레코더를 꺼낸다. → 김성균이 김인철의 비자금 지시 녹음을 끝까지 듣고 뜻밖의 무기를 얻었음을 깨닫는다"
"817","대망 817화","GA-C23","결산/다음 훅","김성균이 녹음 파일을 이용해 김인철을 횡령·불법 자금 조성 혐의로 고소해 경영권 탈환을 노리고, 김인철은 최석주 전 의원 성 접대 사건으로 여론을 돌리지만 김귀원과 고동욱이 공개 고소장을 제출해 의혹을 되살린다","5","8","9","7","4","7","4","7","배신감을 느낀 오차돈은 잠긴 서랍에서 만년필형 보이스레코더를 꺼낸다. → 기자들이 김귀원에게 김인철이 태일정유 비자금과 분식회계를 직접 지시했느냐고 묻는다"
"818","대망 818화","GA-C24","도입/약속","김귀원이 서류 가방 속 증거가 김인철을 모든 일의 배후로 입증할 것이라고 단언한 뒤 검찰에 고소장을 제출하고, 그 장면이 주요 포털과 경제면에 일제히 보도된다","5","6","5","6","4","7","4","7","고소장 제출 현장에 검찰청 기자단이 몰리면서 사건을 비공개로 봉합하기 어려워진다. 여기에 김인철을 겨냥한 증거 제출 사실이 전국 언론에 공개된다라는 새 불확실성도 겹친다. → 김인철을 겨냥한 증거 제출 사실이 전국 언론에 공개된다"
"819","대망 819화","GA-C24","전진","김인철 축출 정황을 보고받은 혁권은 압둘라흐만에게 무세베니 장군의 쿠데타 지원 조건인 콜웨지 코발트 광산 소유권을 제안받고 심복 마틴 대령을 만나기로 한다","5","6","5","7","4","7","4","7","고소장 제출 현장에 검찰청 기자단이 몰리면서 사건을 비공개로 봉합하기 어려워진다. → 혁권이 쿠데타 거래의 실무 협상에 응한다"
"820","대망 820화","GA-C24","전진","혁권은 1억 달러가 넘는 무기·연료 지원의 선불 대가로 코발트 괴 1천 톤을 추가 확보하고 거래를 수락하지만, 일본 내각정보조사실 요원 유키오와 혼다가 만남을 촬영해 쿠데타 계획을 간파한다","5","7","5","8","4","4","4","7","고소장 제출 현장에 검찰청 기자단이 몰리면서 사건을 비공개로 봉합하기 어려워진다. → 혼다가 쿠데타 정보를 본국에 긴급 보고하기로 한다"
"821","대망 821화","GA-C24","전진","시게루는 일본의 콩고 광산 이권을 지키려 암거래상 혁권 제거와 칼리바 대통령 지원을 승인하고, 혁권은 AN-124 수송기 임대안을 채택하는 한편 김인철은 검찰 참고인 소환 통보를 받는다","5","6","5","7","4","7","4","7","고소장 제출 현장에 검찰청 기자단이 몰리면서 사건을 비공개로 봉합하기 어려워진다. → 전병주 검사가 김인철에게 피의자 전환 가능성을 경고한다"
"822","대망 822화","GA-C24","압박","김인철은 검찰 포토라인에 서고 김성균은 주주 회유를 지시하며, 소현은 혁권의 어머니와 연락하는 사이임을 최현정에게 밝히고, 미쓰비시 스가 상무는 쿠데타 저지 공작비 300만 달러를 우에다에게 건넨다","6","6","5","8","4","7","4","7","고소장 제출 현장에 검찰청 기자단이 몰리면서 사건을 비공개로 봉합하기 어려워진다. → 우에다가 미쓰비시의 비자금 가방을 넘겨받는다"
"823","대망 823화","GA-C24","압박","혁권은 AN-124 일곱 대 임대와 갈라치 출발 계획을 확정하지만 1군단의 킨샤사 이동 때문에 쿠데타가 닷새 뒤로 당겨져 긴급 수송을 지시하고, 일본 요원들은 요새화된 섬 대신 외출 때 암살하기로 한다","6","6","5","7","4","4","4","7","고소장 제출 현장에 검찰청 기자단이 몰리면서 사건을 비공개로 봉합하기 어려워진다. → 케카스 의원과 식사한 혁권의 차량 행렬이 부두 착륙장으로 들어선다"
"824","대망 824화","GA-C24","압박","유키오 일당의 저격으로 관자놀이를 다친 혁권은 M14 소이수류탄으로 급유차를 폭파해 저격 시야를 막고 역습하며, 하킴이 혁권을 겨눈 유키오를 사살해 습격대를 제압한다","9","4","5","6","10","4","4","4","고소장 제출 현장에 검찰청 기자단이 몰리면서 사건을 비공개로 봉합하기 어려워진다. → 혁권이 남은 저격수를 경계하며 경호 차량으로 현장을 이탈한다"
"825","대망 825화","GA-C24","전환","에이사쿠 총리에게 입각을 약속받은 시게루는 암살 실패와 블랙 요원 사망을 보고받고 생존자 제거 및 플랜 B를 명령하며, 혁권은 사건을 마피아 충돌로 축소한 뒤 갈라치로 이동해 재활을 마친 자말과 재회한다","6","7","5","8","4","4","7","7","고소장 제출 현장에 검찰청 기자단이 몰리면서 사건을 비공개로 봉합하기 어려워진다. → 갈라치 군용 활주로에서 자말이 혁권을 맞는다"
"826","대망 826화","GA-C24","전환","샌더슨은 암살 배후가 일본 내각정보조사실이며 칼리바가 용병으로 무세베니를 죽이려 한다고 알려주고, 경고받은 무세베니는 대통령궁 회의에 불참한 채 무시오카 준장과 휘하 장교들을 체포해 총살한다","8","4","5","8","6","4","7","4","고소장 제출 현장에 검찰청 기자단이 몰리면서 사건을 비공개로 봉합하기 어려워진다. → 갈라치 활주로에 군수품을 실을 수송기 여덟 대가 집결한다"
"827","대망 827화","GA-C24","결산/다음 훅","혁권은 보급창고 화재로 부족해진 60㎜ 박격포탄 2천 발을 추가 확보하고 수송대를 출발시키며, 시게루는 무세베니 제거 실패와 남부 장악 소식에 정부군 지원책을 지시한다","5","9","7","6","4","4","4","7","고소장 제출 현장에 검찰청 기자단이 몰리면서 사건을 비공개로 봉합하기 어려워진다. → 하킴이 타란토 CCTV에서 아테네 습격 생존자들의 얼굴 영상을 확보했다고 보고한다"
"828","대망 828화","GA-C25","도입/약속","혁권은 군수품을 인도하고 대가인 코발트 괴 1천 톤과 콜탄을 확인한 뒤 마틴에게 200만 달러와 개인 뇌물을 약속해 옆 창고의 콜탄까지 매입하고 광물을 실어 갈라치로 출발한다 이어 [#꼬리 자르기] 대검 특수부가 김인철 자택과 태일그룹 부회장실을 압수수색하고 김인철은 기소와 후계자 재판 패소를 우려해 무죄를 강요한다; 혁권은 코발트 괴 2,500톤·콜탄 600톤의 매각을 지시하고 남부군의 키크위트 점령과 칼리바의 민간군사기업 접촉을 보고받는다","5","6","5","8","4","7","4","7","그는 마틴에게 200만 달러와 개인 뇌물을 약속해 옆 창고의 콜탄까지 추가 매입한다. 여기에 예상 밖의 희귀광물까지 확보한 수송기가 콜웨지를 떠나며 거래가 대성공으로 기운다 이어 혁권은 용병 개입으로 쿠데타가 뒤집힐 가능성을 경계하며 아직 판을 접지 않고 지켜보기로 한다라는 새 불확실성도 겹친다. → 예상 밖의 희귀광물까지 확보한 수송기가 콜웨지를 떠나며 거래가 대성공으로 기운다 이어 혁권은 용병 개입으로 쿠데타가 뒤집힐 가능성을 경계하며 아직 판을 접지 않고 지켜보기로 한다"
"829","대망 829화","GA-C25","전진","마사아키가 혼다를 제외한 생존 용병들을 사살하고 밴과 시신을 불태워 꼬리를 자르자 혁권은 배후를 이미 안다며 보복을 결심한다; 차민성은 박창근에게 오차돈의 단독 지시였다고 거짓 진술해 김인철 대신 처벌받으라고 회유한다","6","4","7","7","6","7","4","4","그는 마틴에게 200만 달러와 개인 뇌물을 약속해 옆 창고의 콜탄까지 추가 매입한다. → 박창근이 생각할 시간을 요구하지만 차민성은 결국 제안을 받아들일 것이라 확신한다"
"830","대망 830화","GA-C25","결산/다음 훅","혁권이 북한 무기 밀수 자료와 현금을 대가로 그리스 내 일본 요원 명단을 받고, 라미의 팀이 오카다를 포함한 내각정보조사실 요원 11명을 하룻밤에 전원 암살한다","5","8","9","7","4","4","4","7","그는 마틴에게 200만 달러와 개인 뇌물을 약속해 옆 창고의 콜탄까지 추가 매입한다. → 시게루는 배후를 찾으라 명령하면서도 혁권을 잠시 의심했다가 한낱 암거래상에게 그럴 배짱은 없다며 가능성을 지운다"
"831","대망 831화","GA-C26","도입/약속","혁권이 시게루까지 죽이려다 샌더슨이 아메리칸 에너지 사업을 압박하고 민간군사기업의 콩고 쿠데타 불개입을 대가로 제시하자 보복 중단에 합의한다; CIA 압력으로 용병 계약이 무산되자 시게루는 칼리바를 버리고 무세베니에게 접근하라고 지시한다","6","6","7","7","4","4","7","7","샌더슨은 민간군사기업이 콩고 쿠데타에 개입하지 않는 것을 보복 중단의 대가로 제시한다. 여기에 시게루가 CIA와의 합의를 어기고 야마구치 구미의 킬러를 써 혁권을 은밀히 제거하라고 우에다에게 명령한다라는 새 불확실성도 겹친다. → 시게루가 CIA와의 합의를 어기고 야마구치 구미의 킬러를 써 혁권을 은밀히 제거하라고 우에다에게 명령한다"
"832","대망 832화","GA-C26","전진","[#야마구치 구미] 외로운 크리스마스를 각오한 소현 앞에 혁권이 귀국해 재회하고 두 사람은 함께 밤을 보낸다; 우에다는 일본 최대 야쿠자 야마구치 구미 보스 시노다 겐이치의 대저택을 방문한다","5","5","5","7","4","7","7","4","샌더슨은 민간군사기업이 콩고 쿠데타에 개입하지 않는 것을 보복 중단의 대가로 제시한다. → 겐이치가 기다리던 우에다를 안채로 들이며 비밀 청탁의 회동이 시작된다"
"833","대망 833화","GA-C26","전진","우에다가 도쿄 올림픽 승마 경기장 부속시설 10년 운영권을 대가로 혁권 암살을 청탁하자 겐이치는 해결사 츠토무에게 활동비 1억 엔과 자료를 주고 한국행을 명한다; 남부군이 킨샤사를 함락하고 칼리바가 콩고공화국으로 도주하자 혁권은 코발트 광산을 받으러 간다","5","6","5","8","4","4","4","7","샌더슨은 민간군사기업이 콩고 쿠데타에 개입하지 않는 것을 보복 중단의 대가로 제시한다. → 대통령궁에 도착한 혁권이 새 권력자가 된 무세베니와 처음 대면해 약속 이행 협상에 들어간다"
"834","대망 834화","GA-C26","압박","혁권이 무세베니의 반발을 눌러 콜웨지 코발트 광산 양도 계약서에 서명을 받고 골드바 10킬로그램을 선물한다; 이어 T-72급 전차·장갑차 각 10여 대와 교관·정비사 공급을 수주하고 한 달 전 광물 시세의 90%로 결제받는 조건과 마틴 몫 10만 달러를 합의한다","6","6","5","7","4","4","4","7","샌더슨은 민간군사기업이 콩고 쿠데타에 개입하지 않는 것을 보복 중단의 대가로 제시한다. → 한국에 입국한 츠토무가 콜트 M1911 두 정·소음기·탄창 6개·수류탄 5개와 혁권 자료가 든 배낭을 확인한다"
"835","대망 835화","GA-C26","전환","츠토무는 혁권의 출국을 알고 소현을 감시하지만 미끼가 통하지 않을 위험 때문에 공격을 보류한다; 혁권은 코발트 광산을 아메리칸 에너지에 매각하는 대신 소유권 유지와 생산량 절반을 GM에 공급한다는 미국 정부 조건을 수락한다","6","7","5","7","4","7","4","7","샌더슨은 민간군사기업이 콩고 쿠데타에 개입하지 않는 것을 보복 중단의 대가로 제시한다. → 귀국한 혁권이 왕민린에게 광산값을 부풀려 아메리칸 에너지 자금 10억 달러를 세탁하자고 제안하자 왕민린이 IRS 조사를 우려한다"
"836","대망 836화","GA-C26","결산/다음 훅","혁권은 미국 정부와 사전 합의를 마쳤다며 왕민린을 설득하고 중국 업체에 나머지 코발트 절반의 선매도권을 팔기로 한다; 귀환을 확인한 츠토무는 트럭 폭발로 혁권을 저택 밖에 끌어낸 뒤 경호 차량을 충돌시켜 포위한다","7","8","7","8","6","4","4","7","샌더슨은 민간군사기업이 콩고 쿠데타에 개입하지 않는 것을 보복 중단의 대가로 제시한다. → 교차로에서 승합차가 접근해 혁권의 롤스로이스 컬리넌에 총탄을 퍼붓는다"
"837","대망 837화","GA-C27","도입/약속","츠토무 일당의 총격은 방탄차와 경호원 반격에 막히지만 수류탄으로 차량을 전복시키고 지병하를 살해한다; 혁권은 부상한 채 탈출하고, 실패를 보고받은 겐이치는 츠토무에게 사흘 안에 암살을 끝내라 명한 뒤 임무 후 그마저 제거하라고 지시한다","7","6","5","8","8","4","7","7","방탄차와 경호원 반격으로 총격이 막히자 공격자들은 수류탄으로 차량을 전복시킨다. 여기에 궁지에 몰린 츠토무가 소현을 납치해 혁권을 밖으로 끌어내겠다고 결심한다라는 새 불확실성도 겹친다. → 궁지에 몰린 츠토무가 소현을 납치해 혁권을 밖으로 끌어내겠다고 결심한다"
"838","대망 838화","GA-C27","전진","[#각오는 됐겠지Ⅰ] 국정원은 야쿠자의 김혁권 습격을 일본발 테러로 가공해 외교 압박에 쓰고, 마에다 일당은 전기충격기로 소현을 제압해 경호원들의 총격을 피해 납치한다","8","6","5","6","10","7","4","7","방탄차와 경호원 반격으로 총격이 막히자 공격자들은 수류탄으로 차량을 전복시킨다. → 혁권은 임영식에게 소현이 납치됐다는 보고를 받는다"
"839","대망 839화","GA-C27","전진","에이사쿠는 실패한 김혁권 습격을 질책하고 시게루는 겐이치에게 마무리를 맡기며, 혁권은 납치범과 난지 국궁장 회동을 약속하는 동안 샌더슨의 추적으로 소현이 양평 용문산 근처에 있음을 알아낸다","7","4","5","7","8","7","4","4","방탄차와 경호원 반격으로 총격이 막히자 공격자들은 수류탄으로 차량을 전복시킨다. → 츠토무가 스무 명의 조직원과 밀항선을 준비하고 러시아 라인으로 구한 SV-98 저격총을 꺼낸다"
"840","대망 840화","GA-C27","압박","혁권 일행은 별장을 정찰한 뒤 전기를 끊고 기습해 야쿠자들을 사살하며 2층으로 돌입하고, 총탄을 맞고 권총까지 고장 나자 혁권이 군용 대검으로 츠토무와 육박전을 벌인다","7","4","5","6","6","4","4","4","방탄차와 경호원 반격으로 총격이 막히자 공격자들은 수류탄으로 차량을 전복시킨다. → 츠토무가 쏜 탄환을 비껴낸 혁권이 대검을 들고 밀착한 채 생사를 건 힘겨루기에 들어간다"
"841","대망 841화","GA-C27","전환","혁권은 츠토무를 대검으로 찔러 죽이고 옷장에 숨은 소현을 구출하며, 방갑수의 올림픽파는 스피드론 본사와 숙소를 습격해 한국 기반을 무너뜨린다","8","5","5","6","6","7","7","4","방탄차와 경호원 반격으로 총격이 막히자 공격자들은 수류탄으로 차량을 전복시킨다. → 격분한 겐이치는 직접 파병 대신 부산 로터리파를 움직여 올림픽파에 보복하라는 히로시게의 방안을 승인한다"
"842","대망 842화","GA-C27","결산/다음 훅","혁권은 소현과 부모를 각각 은신처와 제주 샹그릴라 리조트로 피신시키고 일본행을 결심한 뒤, 방갑수에게서 도쿄국립박물관 등 일본 기관의 한국 문화재 밀수 매입 장부를 받는다","5","8","7","6","4","7","4","7","방탄차와 경호원 반격으로 총격이 막히자 공격자들은 수류탄으로 차량을 전복시킨다. → 고베에 잠입한 혁권은 국정원 블랙 요원 신헌철에게 겐이치의 본가 경호 규모와 무장 현황을 전달받는다"
"843","대망 843화","GA-C28","도입/약속","[#각오는 됐겠지Ⅱ] 혁권 일행은 부두 폭발물 협박으로 경찰력을 분산시킨 뒤 택배 트럭으로 겐이치의 방탄 벤츠를 들이받고 최루탄과 총격으로 경호대를 제압하며, 수류탄으로 차를 파괴한 혁권이 겐이치의 이마를 쏴 죽인다","9","4","5","7","10","4","7","4","택배 트럭으로 겐이치의 방탄 벤츠를 들이받고 최루탄과 총격으로 경호대를 무너뜨린다. 여기에 현장을 감시하던 고스케 형사가 공포탄을 쏘며 개입했다가 날아온 총탄에 엎드린다라는 새 불확실성도 겹친다. → 현장을 감시하던 고스케 형사가 공포탄을 쏘며 개입했다가 날아온 총탄에 엎드린다"
"844","대망 844화","GA-C28","전진","에이사쿠는 겐이치 피살과 야쿠자 전면전 가능성을 질책하고, 범행을 의심한 시게루에게 혁권이 직접 전화해 자신이 겐이치를 죽였으며 다음 차례는 시게루라고 선언한 뒤 도로변 차량을 폭파해 경고한다","6","4","7","7","4","4","7","4","택배 트럭으로 겐이치의 방탄 벤츠를 들이받고 최루탄과 총격으로 경호대를 무너뜨린다. → 격노한 시게루가 김혁권의 일본 입국을 놓친 간부를 불러 책임을 추궁한다"
"845","대망 845화","GA-C28","전진","시게루는 혁권을 출국금지·블랙리스트에 올리고 비밀리에 색출하게 하며, 겐이치 사후 후계 경쟁에 뛰어든 나카모토 앞에 혁권이 나타나 자신이 겐이치를 죽였다고 밝히고 야마구치 구미 회장 자리를 주겠다고 제안한다","6","4","7","8","4","4","7","4","택배 트럭으로 겐이치의 방탄 벤츠를 들이받고 최루탄과 총격으로 경호대를 무너뜨린다. → 혁권이 직계 계파보다 불리한 나카모토의 후계 가능성을 정면으로 따져 묻는다"
"846","대망 846화","GA-C28","전진","혁권은 히로시게를 합법적으로 제거하는 대신 원한 청산을 제시해 나카모토의 묵인을 얻고, 경찰로 위장해 시게루의 방탄차를 세운 뒤 운전사·경호원과 시게루를 소음권총으로 사살한다","6","6","5","6","6","4","4","7","택배 트럭으로 겐이치의 방탄 벤츠를 들이받고 최루탄과 총격으로 경호대를 무너뜨린다. → 혁권 일행은 도쿄 경시청 바로 맞은편 최고급 맨션에 숨어 긴급뉴스를 지켜본다"
"847","대망 847화","GA-C28","압박","일본 내각은 겐이치·시게루 피살을 한국계 반일 테러로 조작하려 하지만, 혁권이 콩고 불법공작과 밀수 문화재 매입 증거를 보내 자정까지 협상하지 않으면 국제 언론에 폭로하겠다고 압박한다","6","6","7","7","4","4","4","7","택배 트럭으로 겐이치의 방탄 벤츠를 들이받고 최루탄과 총격으로 경호대를 무너뜨린다. → 총선을 잃을 위기에 몰린 에이사쿠가 혁권의 요구를 받아들이기로 한다"
"848","대망 848화","GA-C28","압박","혁권은 무타구치에게 사건 종결·밀수 문화재 전량 반환·히로시게 투옥을 조건으로 증거 원본 반환을 약속하고, 일본 정부 지시를 받은 경찰은 겐이치 장례식장에서 히로시게를 문화재 밀수·불법 총기·살인교사 혐의로 체포한다","7","6","5","7","6","4","4","7","택배 트럭으로 겐이치의 방탄 벤츠를 들이받고 최루탄과 총격으로 경호대를 무너뜨린다. → 경찰이 히로시게를 서울 총기 테러의 배후로 공식 발표해 야마구치 구미를 뒤흔든다"
"849","대망 849화","GA-C28","전환","혁권은 히로시게의 중형 가능성을 확인하고 일본이 밀수 문화재 60점을 반환하며 서울 사건도 종결한다는 통보를 받으며, 나카모토는 테러단체 지정 위기를 내세워 히로시게 축출과 본가 계파 약화를 관철한다","6","4","5","8","4","7","4","4","택배 트럭으로 겐이치의 방탄 벤츠를 들이받고 최루탄과 총격으로 경호대를 무너뜨린다. → 나카모토가 혁권의 제안을 수락한 뒤 부산 로터리파가 방갑수를 치려 한다는 정보를 선물로 알린다"
"850","대망 850화","GA-C28","전환","나카모토는 로터리파 정보를 넘기며 혁권과 동맹하고, 에이사쿠는 되찾은 협박 증거 원본과 USB를 태우며 합의를 마무리하며, 귀국한 혁권과 소현은 재회해 헤어지지 않겠다는 사랑을 확인한다","6","7","7","8","4","7","7","7","택배 트럭으로 겐이치의 방탄 벤츠를 들이받고 최루탄과 총격으로 경호대를 무너뜨린다. → 며칠 뒤 불구속 기소된 김인철이 서울 대검찰청 앞 기자들 앞에 모습을 드러낸다"
"851","대망 851화","GA-C28","결산/다음 훅","김인철은 분식회계 장부와 녹취 때문에 실형 및 김성균의 경영권 공격을 우려해 오로라 펀드를 자기편으로 끌어들이라 지시하고, 휴가 중인 혁권은 나카모토의 야마구치 구미 7대 회장 선출 소식을 듣는다","5","6","7","7","4","7","4","4","택배 트럭으로 겐이치의 방탄 벤츠를 들이받고 최루탄과 총격으로 경호대를 무너뜨린다. → 스텐저가 김인철 측이 오로라 펀드에 배당금 100% 인상과 태일건설 지분 50% 프리미엄 매입을 제안했다고 보고한다"
"852","대망 852화","GA-C29","도입/약속","혁권은 2천억 원대 차익도 마다하고 김인철의 제안을 거절해 숨통을 조이며, 김인철은 경영권 방어 자금 8천억 원을 마련하는 한편 법사위원장과 검찰에 줄 50억 원씩의 뇌물을 준비한다","5","6","5","7","4","7","4","7","김인철은 경영권 방어를 위해 8천억 원을 마련하고 법사위원장과 검찰에 각각 50억 원을 뿌릴 준비를 한다. 여기에 서울 진출을 준비하던 로타리파의 술자리에 무장 괴한들이 난입해 배영길을 쓰러뜨리고 오찬주를 회칼로 난자한다라는 새 불확실성도 겹친다. → 서울 진출을 준비하던 로타리파의 술자리에 무장 괴한들이 난입해 배영길을 쓰러뜨리고 오찬주를 회칼로 난자한다"
"853","대망 853화","GA-C29","전진","방갑수가 부산 로터리파 두목 오찬주를 공구리해 수장하고 간부들의 발목 인대를 끊자 혁권은 보상으로 서울역 비즈니스호텔 인수대금 절반을 빌려주며, 장양은 양진산 사령관 숙청에 맞서 백수광을 제거하기로 한다","5","6","5","7","4","4","4","7","김인철은 경영권 방어를 위해 8천억 원을 마련하고 법사위원장과 검찰에 각각 50억 원을 뿌릴 준비를 한다. → 장양이 “건방진 칼잡이” 백수광을 본보기로 때려잡으라고 지시한다"
"854","대망 854화","GA-C29","압박","백수광은 코발트 선매도권 계약 상대를 CATL로 정하고 혁권에게 후한 계약금을 약속하지만 북경 공안이 들이닥쳐 그를 부패 혐의로 체포하며, 시진핑은 장양을 배후로 의심하고 즉시 석방을 명한다","7","6","5","7","6","4","4","7","김인철은 경영권 방어를 위해 8천억 원을 마련하고 법사위원장과 검찰에 각각 50억 원을 뿌릴 준비를 한다. → 백수광 체포 소식이 인터넷에 급속히 퍼졌다는 보고에 시진핑이 경악한다"
"855","대망 855화","GA-C29","결산/다음 훅","항천 신저우 비행공사 임원들까지 체포되자 왕민린은 중국을 떠나겠다고 경고하고 혁권도 귀국하려 하지만, 석유회사 비리 수사가 권력층 타협으로 무마된 기사를 보고 묘수를 떠올려 샌더슨과의 비밀 회동을 잡는다","6","8","7","8","6","4","4","7","김인철은 경영권 방어를 위해 8천억 원을 마련하고 법사위원장과 검찰에 각각 50억 원을 뿌릴 준비를 한다. → 혁권이 비행 목적지를 서울에서 미국으로 바꾸고 “상대의 가장 아픈 곳”을 건드릴 협상을 준비한다"
"856","대망 856화","GA-C30","도입/약속","혁권은 천리쥔의 비리 자료를 받는 대가로 추적이 어려운 유니온뱅크 페이먼트 코인 1억 달러를 제시해 샌더슨을 설득하고, 전달받은 자료에서 해외 은닉액 50억 달러와 천웨이 전 주석의 비자금 가능성을 포착한다","5","6","5","8","4","4","4","7","샌더슨은 중국 최고위층 자료를 넘길 정치적 위험과 거래 가치를 따진다. 여기에 혁권이 왕민린이 있는 홍콩으로 전용기를 준비시키라고 명한다라는 새 불확실성도 겹친다. → 혁권이 왕민린이 있는 홍콩으로 전용기를 준비시키라고 명한다"
"857","대망 857화","GA-C30","전진","혁권은 천리쥔의 해외 비자금 증거로 장양과 직접 담판 짓겠다며 왕민린에게 만남을 주선받고, 시진핑은 양진산 석방을 요구하는 장양과 결렬된 뒤 백수광의 모든 직책을 박탈하라고 지시한다","5","4","5","7","4","4","4","4","샌더슨은 중국 최고위층 자료를 넘길 정치적 위험과 거래 가치를 따진다. → 장양은 시진핑이 거부하자 계획대로 정면 대결을 밀어붙이겠다고 선언한다"
"858","대망 858화","GA-C30","압박","장양은 공청단 수장 정수창과 연합해 시진핑에 맞설 준비를 하다가 혁권을 만나고, 혁권은 천리쥔 소유의 조세회피처 페이퍼컴퍼니들과 50억 달러 은닉자금을 제시하며 백수광 석방을 요구한다","6","6","5","7","4","4","4","7","샌더슨은 중국 최고위층 자료를 넘길 정치적 위험과 거래 가치를 따진다. → 혁권이 중국에서 페이퍼컴퍼니로 흘러간 비자금의 전체 계좌 내역도 갖고 있다고 밝힌다"
"859","대망 859화","GA-C30","결산/다음 훅","혁권은 천리쥔 비자금 자료가 시진핑에게 넘어가면 상하이방 전체가 무너질 수 있다고 압박해 하루의 시한을 주고, 장양은 굴복해 백수광을 혐의 없음으로 석방하며 혁권은 자신이 직접 담판을 지어 구했다고 밝힌다","5","6","7","8","4","4","4","4","샌더슨은 중국 최고위층 자료를 넘길 정치적 위험과 거래 가치를 따진다. → 시진핑이 갑작스러운 백수광 석방에 장양의 의도를 의심하던 중 장양의 전화가 걸려 온다"
"860","대망 860화","GA-C31","도입/약속","장양은 힘을 보여 준 뒤 물러난 것처럼 포장하고 시진핑은 백수광 직책 박탈을 취소하는 대신 북경시 공안국장과 상하이방 라인을 숙청하며, 귀국한 혁권은 백수광에게 할리우드 영화까지 포함된 외화 수입 쿼터 3장과 코발트 선매도권 계약 확정 약속을 보상받는다","5","6","5","7","4","4","4","7","시진핑은 백수광의 직책 문제와 북경시 공안국장·상하이방 라인의 책임을 함께 정리해야 한다. 여기에 혁권은 백수광과의 신뢰와 막대한 사업 이익을 굳힌 채 여유롭게 서울 풍경을 바라본다라는 새 불확실성도 겹친다. → 혁권은 백수광과의 신뢰와 막대한 사업 이익을 굳힌 채 여유롭게 서울 풍경을 바라본다"
"861","대망 861화","GA-C31","전진","[#백기사] 김인철은 지법 원장에게 사과 상자를 건네 재판 배정 연기와 유리한 판사 배치를 약속받고 오로라 펀드의 태일건설 지분을 비싸게라도 사되 태일산업 이사직은 거부하며, 소현은 미리내 팬 사인회를 마친 뒤 같은 백화점에 온 박필순을 만나려 9층으로 향한다","5","6","5","7","4","7","4","7","시진핑은 백수광의 직책 문제와 북경시 공안국장·상하이방 라인의 책임을 함께 정리해야 한다. → 박필순이 계모임에서 최은정의 아들 자랑을 듣는다"
"862","대망 862화","GA-C31","전진","박필순은 혁권이 일시불로 사 준 제네시스와 아파트를 자랑해 최은정을 눌렀고, 소현과의 친분을 거짓말 취급받자 직접 찾아온 소현의 “어머니” 인사로 완승하며, 이후 혁권은 어머니에게 소현과 결혼하라는 독촉을 받는다","5","4","5","7","4","7","4","4","시진핑은 백수광의 직책 문제와 북경시 공안국장·상하이방 라인의 책임을 함께 정리해야 한다. → 김덕현이 중국 측 코발트 선매도권 제안 업체가 CATL이라고 밝힌다"
"863","대망 863화","GA-C31","압박","혁권은 CATL의 코발트 선매도권 15억 달러·선납금 10억 달러 조건을 수용 방향으로 검토하고 콩고 광산의 3개월 내 재가동과 직원 보너스를 지시하며, 퍼미언 분지에서 1억 배럴 이상 셰일 오일 매장 가능성을 확인해 8천만 달러 개발안을 왕민린과 논의하기로 한다","6","6","5","8","4","4","4","7","시진핑은 백수광의 직책 문제와 북경시 공안국장·상하이방 라인의 책임을 함께 정리해야 한다. → 손종구가 7,300억 원 한도와 태일산업 이사직 거부 지시를 안고 스텐저와의 협상장에 앉는다"
"864","대망 864화","GA-C31","압박","스텐저는 7,200억 원과 태일정유 이사직 대안을 거절하고 협상을 깨는 척한 뒤 김성균과 접촉하며, 혁권은 추가 10억 달러 투입을 승인하고, 김성균은 국민연금 표를 매수해서라도 확보하라고 구민재에게 지시한다","6","7","5","7","4","7","4","7","시진핑은 백수광의 직책 문제와 북경시 공안국장·상하이방 라인의 책임을 함께 정리해야 한다. → 서울로 온 스텐저가 김성균에게 “중요한 제안”을 꺼낸다"
"865","대망 865화","GA-C31","전환","스텐저는 김인철의 태일건설 지분 매수 제안을 폭로한 뒤 태일건설 자사주 9%를 오로라에 팔고 태일정유 지분을 매집해 정유 보유 태일산업 지분 4%까지 장악하면 우호 지분 24%로 김인철과 맞설 수 있다고 설득하며, 김성균과 자사주를 8억 달러에 넘기기로 합의한다","6","6","5","7","4","7","4","7","시진핑은 백수광의 직책 문제와 북경시 공안국장·상하이방 라인의 책임을 함께 정리해야 한다. → 스텐저가 태일정유 주식과 용산드림타워 지분을 맞교환하는 추가 조건을 혁권에게 보고한다"
"866","대망 866화","GA-C31","결산/다음 훅","혁권은 태일정유 지분을 넘기고 용산드림타워 전 지분을 확보하는 교환안을 승인하며, 태일건설은 자사주 9%를 오로라에 8억 달러로 매각하고 정유 지분 6%와 드림타워 잔여 지분을 교환하자 김인철은 태일산업 지분 4%를 노린 함정임을 깨닫고 건설 매입용 자금 7천억 원을 정유 경영권 방어에 투입한다","5","9","7","7","4","7","4","7","시진핑은 백수광의 직책 문제와 북경시 공안국장·상하이방 라인의 책임을 함께 정리해야 한다. → 개장 전 태일정유 동시호가 주문이 폭등해 양측의 지분 전쟁이 시작된다"
"867","대망 867화","GA-C32","도입/약속","혁권은 정유 경영진 교체 지분을 이미 확보한 채 김성균과 김인철이 추가 매집으로 여유 자금을 소진하게 만들고, 완전히 소유하게 된 용산드림타워를 시찰한 뒤 협력업체 불안을 잠재우려 이번 달 공사비 270억 원을 당일 지급하고 김덕현에게 매주 감리 보고를 맡긴다","5","7","5","8","4","7","4","7","두 사람은 경영권 경쟁에 여유 자금을 소진하고, 용산드림타워 협력업체들은 공사비 지급을 불안해한다. 여기에 혁권의 직접 감독 아래 용산드림타워 공사가 계속되며 홍정기는 통제권 상실에 답답해한다라는 새 불확실성도 겹친다. → 혁권의 직접 감독 아래 용산드림타워 공사가 계속되며 홍정기는 통제권 상실에 답답해한다"
"868","대망 868화","GA-C32","전진","구민재가 황규락에게 10억 원 든 골프 가방과 주총 뒤 추가 10억을 약속해 국민연금의 중립을 확정하고, 혁권은 태일 증권이 고객 펀드 자금으로 태일 정유 주식을 매집한 횡령·배임 약점을 확인하며, 김인철 측은 우호 지분을 합쳐도 27% 확보에 그친다","5","7","5","8","4","7","4","7","두 사람은 경영권 경쟁에 여유 자금을 소진하고, 용산드림타워 협력업체들은 공사비 지급을 불안해한다. → 조병득이 태일건설 측도 비슷한 지분을 확보했다고 보고하자 김인철의 표정이 일그러진다."
"869","대망 869화","GA-C32","전진","국민연금의 지원 거부에 몰린 김인철은 회사만 내주지 않는다면 어떤 대가든 치러 우호 지분을 확보하라고 명령하고, 태일건설은 임시주총 소집을 요구하며, 국민연금은 중립을 공식 발표한다; 청와대는 이라크 무기 수출을 막으라는 사우디의 압박으로 최대 300억 달러 피해와 30억 달러 방산 계약 손실 사이에서 격론을 벌인다","5","7","7","7","4","7","4","7","두 사람은 경영권 경쟁에 여유 자금을 소진하고, 용산드림타워 협력업체들은 공사비 지급을 불안해한다. → 대통령 회의에서 사태가 이라크의 FA-50·천무 등 대규모 무기 발주로 시작됐음이 드러난다."
"870","대망 870화","GA-C32","전진","사우디가 원전·SOC·원유 거래 중단으로 한국을 압박하자 최무영은 빈 살만과 친분이 있는 혁권을 특사로 추천하고 대통령은 오천구에게 섭외를 지시한다; 혁권은 김성균 측과 자신의 지분이 30%를 넘고 김인철 측은 약 27%임을 확인한 뒤 안전 가옥에서 오천구와 대면한다","5","6","7","8","4","7","4","7","두 사람은 경영권 경쟁에 여유 자금을 소진하고, 용산드림타워 협력업체들은 공사비 지급을 불안해한다. → 예고 없이 나타난 청와대 비서실장 오천구가 혁권에게 먼저 손을 내민다."
"871","대망 871화","GA-C32","압박","혁권은 사우디 특사직의 대가로 태일 증권 불법 매입 주식의 의결권 제한과 검찰 고발을 신속히 처리하라는 조건을 걸어 오천구의 승낙을 받고, 대통령 서명 임명장과 외교관 여권을 받아 다음 날 출국한다; 스텐저에게 증거 정비를 지시한 뒤 리야드에 도착한다","6","7","5","7","4","4","4","7","두 사람은 경영권 경쟁에 여유 자금을 소진하고, 용산드림타워 협력업체들은 공사비 지급을 불안해한다. → 한국 대사관 도병욱 참사관이 혁권 일행을 맞아 공항 밖으로 안내한다."
"872","대망 872화","GA-C32","압박","혁권은 이미 빈 살만과 다음 날 면담을 잡았다고 밝히고, 도병욱은 사우디 압박의 진짜 목적이 시아파와 왕정 반대 세력을 누르며 실추된 왕실 권위를 회복하려는 내부 기강 확립이라고 분석한다; 빈 살만은 혁권의 특사 임명을 반기며 그가 다른 협상 카드를 가져올지 기대한다","6","4","5","8","4","4","4","4","두 사람은 경영권 경쟁에 여유 자금을 소진하고, 용산드림타워 협력업체들은 공사비 지급을 불안해한다. → 빈 살만은 혁권과의 만남을 고대하면서 화제를 사우디 시아파의 움직임으로 돌린다."
"873","대망 873화","GA-C32","압박","빈 살만은 무기 밀반입과 폭동 위험에도 정치범 석방 유화책을 거부하고 감시 강화와 국민 1인당 17,000리얄 보조금 지급을 명령한다; 김인철은 대국은행이 태일 정유 자사주를 7천억 원에 사들여 자기편 지분이 30%를 넘게 되자 주총 뒤 김성균 계열 전원을 숙청하겠다고 선언한다","6","6","5","7","4","7","4","7","두 사람은 경영권 경쟁에 여유 자금을 소진하고, 용산드림타워 협력업체들은 공사비 지급을 불안해한다. → 배원석이 금감원과 검찰이 태일 증권을 압수수색 중이라고 알리자 조병득이 경악한다."
"874","대망 874화","GA-C32","전환","태일 증권의 고객 펀드 자금 유용 때문에 금감원·검찰이 전산실·트레이딩센터·사장실을 압수수색하고, 혁권은 청와대가 약속을 지킨 것을 확인한다; 빈 살만이 정부 제안을 일축하자 혁권은 미국보다 사우드 왕가의 안전에 유용한 한국과의 군사동맹을 제안한다","6","6","5","8","4","4","4","7","두 사람은 경영권 경쟁에 여유 자금을 소진하고, 용산드림타워 협력업체들은 공사비 지급을 불안해한다. → 혁권이 미국은 언제나 빈 살만 편인 동맹이 아니었다고 지적하자 왕세자가 굳은 얼굴로 침음한다."
"875","대망 875화","GA-C32","전환","혁권은 아랍에미리트 아크 부대 사례를 들어 정규 파병 대신 사우드 왕가를 지킬 군사 고문단 파견을 제안해 빈 살만의 검토 약속을 얻고, 도병욱에게 120명 규모 협정 초안을 준비시킨다; 태일 증권은 문제 주식의 의결권 제한 가능성에 공포에 빠진다","6","6","5","7","4","4","4","7","두 사람은 경영권 경쟁에 여유 자금을 소진하고, 용산드림타워 협력업체들은 공사비 지급을 불안해한다. → 메리어트 호텔에서 협정 초안을 검토하던 혁권 앞에 갑자기 사이렌이 울린다."
"876","대망 876화","GA-C32","결산/다음 훅","후티 반군의 탄도미사일 세 발이 왕궁을 노리자 사우디군이 요격하고 F-15SA 20대를 시작으로 대규모 보복 폭격을 벌인다; 혁권은 한국산 GPS 유도 폭탄이 급해진 빈 살만이 협상을 서두를 것으로 내다보고, 다음 날 왕세자궁에서 한국의 군사동맹 제안 수락을 듣는다","6","7","7","8","6","4","4","4","두 사람은 경영권 경쟁에 여유 자금을 소진하고, 용산드림타워 협력업체들은 공사비 지급을 불안해한다. → 빈 살만이 한국 측 제안을 받아들이겠다고 선언하자 혁권은 기대한 성과를 얻는다."
"877","대망 877화","GA-C33","도입/약속","빈 살만은 이라크에 첨단무기를 더 수출하지 않는 조건으로 120명 규모 한국 특수전 고문단 파견에 합의하고, 혁권에게 8억 달러를 선지급해 한 달 안에 한국산 GPS 유도 폭탄·현궁과 미국제 M270용 확산탄 100발을 조달하라고 요구한다; 혁권의 보고를 받은 청와대는 협상 타결과 사우디 제재 철회를 확인한다","5","6","5","8","4","4","4","7","한국은 사우디 제재가 지속될 경우 최대 300억 달러의 피해를 감당해야 한다. 여기에 대통령은 최대 300억 달러 피해 위기를 넘겼다는 소식에 굳은 얼굴을 풀고 안도한다.라는 새 불확실성도 겹친다. → 대통령은 최대 300억 달러 피해 위기를 넘겼다는 소식에 굳은 얼굴을 풀고 안도한다."
"878","대망 878화","GA-C33","전진","[#임시주주총회] 금융감독원이 태일 증권 보유 태일 정유 주식의 의결권을 제한하고 영업정지 6개월·임직원 고발 처분을 내리자 김인철은 조병득에게 모든 책임과 사임을 떠넘기고 배원석을 후임으로 세우며, 혁권은 M270 MLRS 확산탄 보유국 목록을 검토한다","5","6","5","7","4","7","4","7","한국은 사우디 제재가 지속될 경우 최대 300억 달러의 피해를 감당해야 한다. → 미국이 최대 물량을 비축했다는 판단 아래 혁권이 거래 상대를 정한다"
"879","대망 879화","GA-C33","압박","혁권은 CIA의 확산탄 100발을 한국에 전시 비축탄으로 공여한 뒤 사우디아라비아로 넘기는 우회 거래를 샌더슨에게 제안하고, 패색이 짙어진 김인철은 박형윤을 납치해 태일 산업 지분을 강탈한 뒤 살해하라고 차민성에게 지시한다","7","6","7","7","6","7","4","7","한국은 사우디 제재가 지속될 경우 최대 300억 달러의 피해를 감당해야 한다. → 차민성이 박형윤 납치·살해 명령을 수락한다"
"880","대망 880화","GA-C33","결산/다음 훅","미국 대통령은 확산탄 우회 공급이 이란 견제와 지지 지역 군수공장 가동에 이롭다며 승인하고, 태일 정유 임시주주총회에 직접 참석한 김성균은 오로라 펀드와 우호 지분을 점검하며 경영진 교체 투표를 치른다","5","8","7","7","4","7","4","7","한국은 사우디 제재가 지속될 경우 최대 300억 달러의 피해를 감당해야 한다. → 스텐저가 혁권에게 5% 가까운 차이로 승리했다고 보고한다"
"881","대망 881화","GA-C34","도입/약속","태일 정유 해임안 가결로 주윤성 등 김인철 측 이사진이 물러나고 권정혁이 대표이사에 선임되자 김인철은 박형윤 처리를 재촉하며, 혁권은 레드클라우드호가 공여한 3만 톤 넘는 탄약 중 확산탄 100발과 현궁 미사일을 사우디행 화물선에 싣고 CIA 비밀계좌로 2억 달러를 송금한다","5","6","5","7","4","7","4","7","권정혁이 대표이사에 오르자 경영권을 잃은 김인철은 박형윤의 지분을 빼앗아 반격하려 한다. 여기에 김인철의 살해 지시를 받은 차민성이 박형윤 강제 지분 양도 작전에 착수한다라는 새 불확실성도 겹친다. → 김인철의 살해 지시를 받은 차민성이 박형윤 강제 지분 양도 작전에 착수한다"
"882","대망 882화","GA-C34","전진","[#발악] 괴한들이 접촉사고를 위장해 박형윤과 운전기사를 전기충격기로 제압·납치하고, 혁권은 오천구에게 금감원·무기 거래 협조 대가로 현금 3억 원을 건넨 뒤 태일 증권 수사를 김인철까지 확대하라고 압박하며, 차민성은 박형윤에게 선 캐피탈 지분 매각 계약을 강요하고 고문을 지시한다","7","6","5","7","8","7","4","7","권정혁이 대표이사에 오르자 경영권을 잃은 김인철은 박형윤의 지분을 빼앗아 반격하려 한다. → 혁권이 김성균을 태일 그룹의 다른 후계자로 밀어 김인철 대신 선택하라고 오천구에게 제안한다"
"883","대망 883화","GA-C34","압박","혁권은 김인철 소환과 김성균 지원의 대가로 지역구당 1억 원씩 총 300억 원의 정치자금을 약속하고, 차민성 일당은 끝까지 계약을 거부하는 박형윤을 잔혹하게 고문하며, 지지율 하락에 초조한 대통령 앞에 오천구가 혁권과의 만남을 보고한다","6","6","5","8","4","7","4","7","권정혁이 대표이사에 오르자 경영권을 잃은 김인철은 박형윤의 지분을 빼앗아 반격하려 한다. → 오천구가 대통령에게 김혁권을 만났다고 밝히며 정치자금 거래 보고를 시작한다"
"884","대망 884화","GA-C34","압박","대통령은 300억 원과 향후 정치자금 지원을 대가로 김인철을 태일 증권 사건 피의자로 수사하도록 승인하고, 오천구는 피우영 서울지검 부장검사에게 차장검사 승진을 약속해 김인철 소환을 지시하며, 차민성은 버티는 박형윤에게 미국 거주 손녀 사진을 내민다","6","6","7","7","4","7","4","7","권정혁이 대표이사에 오르자 경영권을 잃은 김인철은 박형윤의 지분을 빼앗아 반격하려 한다. → 차민성이 손녀를 위협할 수 있음을 드러내 박형윤의 마지막 약점을 찌른다"
"885","대망 885화","GA-C34","결산/다음 훅","손녀 살해 협박에 굴복한 박형윤이 선 캐피탈 계약서 서명을 받아들이자 차민성은 김인철의 살해 명령을 어기고 그를 숨겨 추가 재산까지 빼앗으려 하며, 혁권은 사우디의 GPS 유도폭탄 추가 주문을 선점하라고 함단에게 지시한 뒤 방갑수에게 박형윤 납치 소문을 듣는다","6","8","7","7","6","7","4","7","권정혁이 대표이사에 오르자 경영권을 잃은 김인철은 박형윤의 지분을 빼앗아 반격하려 한다. → 문명균이 박형윤을 찾아다닌다는 정보에 혁권이 납치 배후를 의심한다"
"886","대망 886화","GA-C35","도입/약속","혁권은 박형윤 신변과 태일 산업 지분 변동을 조사시키고, 김인철은 강탈한 지분 10%를 더해 총 26%를 확보하지만 청와대 지시로 태일 증권 사건 피의자 소환 명단에 오르며, 김성균은 이를 경영권 탈환과 재판에 이용하면서 오천구에게 현금 든 사과 상자를 보내라고 지시한다","5","7","5","7","4","7","4","7","김인철은 박형윤에게서 빼앗은 10%를 더해 태일산업 지분 총 26%를 확보한다. 여기에 김성균이 검찰 소환으로 궁지에 몰린 김인철을 다시 일어나지 못하게 짓밟을 준비를 한다라는 새 불확실성도 겹친다. → 김성균이 검찰 소환으로 궁지에 몰린 김인철을 다시 일어나지 못하게 짓밟을 준비를 한다"
"887","대망 887화","GA-C35","전진","[#박형윤] 김인철이 피해자들의 달걀 세례를 맞고 검찰 조사에 들어간 사이, 선 캐피탈이 실종된 박형윤의 태일 산업 지분 10% 전량을 인수해 사실상 2대 주주가 된다","5","6","5","6","4","7","4","7","김인철은 박형윤에게서 빼앗은 10%를 더해 태일산업 지분 총 26%를 확보한다. → 문명균에게 낯선 남자가 전화해 “박형윤 사장을 우리가 데리고 있소”라고 밝힌다"
"888","대망 888화","GA-C35","전진","납치범 차민성이 박형윤의 목숨값으로 현금 100억 원을 요구하고 생존 사진과 계좌 비밀번호를 보내며, 문명균은 채권을 급매해 몸값을 마련하고 혁권은 이를 간파해 직접 만나려 한다","6","6","5","6","6","7","4","7","김인철은 박형윤에게서 빼앗은 10%를 더해 태일산업 지분 총 26%를 확보한다. → 혁권이 문명균에게 박형윤의 감기가 아니라 신변에 문제가 생긴 것 아니냐고 정곡을 찌른다"
"889","대망 889화","GA-C35","압박","혁권은 구출 지원의 대가로 선 캐피탈의 의결권 저지와 김성균 지지를 약속받고, 문명균은 대국은행에서 5만 원권 현금 100억 원을 실은 탑차를 마련해 박형윤의 생존을 확인한 뒤 거래 장소로 향한다","6","7","5","8","4","7","4","7","김인철은 박형윤에게서 빼앗은 10%를 더해 태일산업 지분 총 26%를 확보한다. → 노을공원 주차장에서 차민성과 박창재가 권총·산탄총 일곱 자루로 거래 준비를 마친다"
"890","대망 890화","GA-C35","압박","문명균이 현금 100억 원과 탑차 열쇠를 넘겨 박형윤을 되찾지만 차민성이 일행까지 살해하려 총을 겨누고, 매복한 김선호가 L96A1 저격총으로 세 명을 비살상 제압한다","8","6","5","6","8","7","4","7","김인철은 박형윤에게서 빼앗은 10%를 더해 태일산업 지분 총 26%를 확보한다. → 김선호가 혁권의 도착 전까지 납치범들의 도주를 막으려고 연속 사격한다"
"891","대망 891화","GA-C35","압박","혁권 일행이 HK416과 저격 지원으로 차민성 일당을 항복시키고 박형윤을 병원으로 보내며, 현금 100억 원을 사건 은폐 대가인 국정원 비밀 공작금으로 넘기고 차민성을 김인철까지 엮을 증인으로 확보한다","6","7","5","7","4","7","4","7","김인철은 박형윤에게서 빼앗은 10%를 더해 태일산업 지분 총 26%를 확보한다. → 다음 날 김인철은 무단결근한 차민성에게 당장 나오라고 연락하라며 분노한다"
"892","대망 892화","GA-C35","전환","차민성이 박형윤 납치·지분 갈취를 김인철의 지시라고 자백하자 김인철은 구속을 피해 비밀 장부와 비자금 500억 원을 챙겨 전용기로 상하이에 도주하고, 검찰은 긴급체포에 실패한다","8","6","5","6","8","7","4","7","김인철은 박형윤에게서 빼앗은 10%를 더해 태일산업 지분 총 26%를 확보한다. → 도주 소식을 들은 혁권이 검찰이 김인철을 일부러 놓아준 것 아니냐고 의심한다"
"893","대망 893화","GA-C35","결산/다음 훅","혁권은 백수광에게 중국 도피 중인 김인철의 체포를 청탁하지만 김인철은 가짜 여권으로 필리핀에 잠적하고, 보름 뒤 김성균의 태일그룹 회장 선출 기사를 본 김인철은 은신처를 때려 부수며 발광한다","6","6","7","7","6","7","4","4","김인철은 박형윤에게서 빼앗은 10%를 더해 태일산업 지분 총 26%를 확보한다. → 경호원 로페즈가 인터폴의 새 지명수배자 명단에 김인철이 포함됐다고 알린다"
"894","대망 894화","GA-C36","도입/약속","현상금 460만 페소가 걸린 김인철은 로페즈에게 8만 달러를 주어 클라크 필드 은신처를 구하게 하고, 김성균이 새 오너가 된 뒤 혁권은 차민성 일당 기소와 김인철 기소 중지 소식을 들으며 사우디 정밀유도폭탄 계약을 위해 신형 글로벌 6000 전용기에 오른다","5","6","5","7","4","7","4","7","한국에서는 차민성 일당이 기소되고 김인철은 도피 탓에 기소 중지 상태가 된다. 여기에 기내 방송으로 곧 이륙 준비를 시작한다는 안내가 나온다라는 새 불확실성도 겹친다. → 기내 방송으로 곧 이륙 준비를 시작한다는 안내가 나온다"
"895","대망 895화","GA-C36","전진","혁권은 KGGB 600발을 1억 8천만 달러에 공급하는 계약의 수익 구조를 확인하고, 빈 살만 왕세자로부터 지상전 참여를 거부하는 아랍에미리트를 설득해 달라는 요청을 받지만 거절한다","5","6","5","8","4","7","4","7","한국에서는 차민성 일당이 기소되고 김인철은 도피 탓에 기소 중지 상태가 된다. → 빈 살만이 비전 2030 관련 서류를 선물로 내밀자 혁권이 내용을 보고 경악한다"
"896","대망 896화","GA-C36","전진","빈 살만은 전차 1천 대·110억 달러 규모의 신형 전차 도입 중개권을 대가로 제시하고 남부 저항군의 제한적 자치까지 양보하자, 혁권은 임무를 수락하고 KGGB 추가 계약을 체결한 뒤 아부다비로 간다","5","7","7","7","4","7","4","7","한국에서는 차민성 일당이 기소되고 김인철은 도피 탓에 기소 중지 상태가 된다. → 루브르 아부다비에서 만수르 회장이 혁권에게 자신의 꿈이 무엇인지 묻는다"
"897","대망 897화","GA-C36","압박","혁권은 남부 저항군 자치안을 내세워 만수르에게 자이드 국왕과의 면담을 얻고, 카타르가 앞선 유엔 비상임이사국 선거를 두 번째 협상 카드로 준비하지만 자이드는 이미 자치 중인 남부 저항군에는 실익이 없다며 제안을 거절한다","6","4","5","7","4","4","4","4","한국에서는 차민성 일당이 기소되고 김인철은 도피 탓에 기소 중지 상태가 된다. → 혁권이 후티 반군 토벌 뒤 예멘 정부군과 아랍 동맹군의 칼날이 어디로 향하겠느냐고 자이드를 압박한다"
"898","대망 898화","GA-C36","압박","혁권은 사우디의 유엔 비상임이사국 선거 지지와 남부 저항군의 세력 확대를 제시해 자이드에게 지상전 참여 약속을 받아내지만, NRF의 박격포 공격으로 알 알라비 중장이 폭사하고 아랍에미리트가 보복 공습을 결정하면서 합의가 철회된다","7","4","7","7","6","4","4","4","한국에서는 차민성 일당이 기소되고 김인철은 도피 탓에 기소 중지 상태가 된다. → 혁권은 “이대로 끝낼 수는 없지”라며 하킴에게 함단을 즉시 부르라고 명령한다"
"899","대망 899화","GA-C36","압박","아랍에미리트 F-16 12대가 NRF를 공습해 200명 넘는 사상자를 내고 사흘째 공격하던 중 유엔 구호품 창고를 오폭하자 공습이 중단되며, 만수르는 타리크 살레를 넘기면 지상전 합의를 되살리겠다고 제안한다","8","4","5","7","8","4","4","4","한국에서는 차민성 일당이 기소되고 김인철은 도피 탓에 기소 중지 상태가 된다. → 혁권은 리야드 왕세자궁에 도착해 빈 살만과 측근들 앞에 선다"
"900","대망 900화","GA-C36","전환","혁권은 타리크를 제거하고 알바티를 수장으로 세워 NRF를 장악하자는 논리로 빈 살만의 승인을 얻지만 직접 타리크를 생포하라는 조건을 떠안고, 태영준 팀과 무표식 CH-47 두 대를 소집한다","6","4","5","7","4","4","4","4","한국에서는 차민성 일당이 기소되고 김인철은 도피 탓에 기소 중지 상태가 된다. → 시에라리온에서 날아온 태영준이 골치 아픈 일은 자기 팀의 전문이라며 작전 성공을 자신한다"
"901","대망 901화","GA-C36","결산/다음 훅","혁권은 NRF 점령지에 침투해 외부로 유인한 타리크를 생포하고 목격자는 남기지 않는 작전을 브리핑하며 팀원당 5만 달러 보너스를 약속하고, 탄약 348발과 전투 장비를 챙겨 치누크에 탑승한다","6","8","7","7","6","4","4","7","한국에서는 차민성 일당이 기소되고 김인철은 도피 탓에 기소 중지 상태가 된다. → 승무원이 안전벨트를 외치고 후방 램프가 닫히며 타리크 생포 작전이 출발한다"
"902","대망 902화","GA-C37","도입/약속","타리크가 약속을 오후로 미뤘다는 전문에도 혁권은 작전을 강행하고, 국경을 은밀히 넘은 뒤 좌표 15.0022·48.9518에 강하해 치누크를 철수시키고 삼각 대형으로 언덕의 매복 지점까지 이동한다","6","4","5","7","6","7","4","4","일행은 국경을 은밀히 넘고 좌표 15.0022·48.9518에 강하해 적지에 고립된다. 여기에 혁권 일행은 해 뜨기 전 매복을 마치기 위해 30분 만에 목표 언덕에 도착한다라는 새 불확실성도 겹친다. → 혁권 일행은 해 뜨기 전 매복을 마치기 위해 30분 만에 목표 언덕에 도착한다"
"903","대망 903화","GA-C37","전진","혁권 팀은 도로 앞뒤에 IED를 묻고 예정보다 일찍 나타난 차량대를 공격, RPG-7과 기관총·저격으로 호위대를 궤멸시키며 타리크가 탄 세 번째 랜드로버를 특정한다","5","4","5","7","4","4","4","4","일행은 국경을 은밀히 넘고 좌표 15.0022·48.9518에 강하해 적지에 고립된다. → 타리크가 랜드로버로 포위망을 탈출하려 한다"
"904","대망 904화","GA-C37","전진","김선호가 랜드로버 엔진을 저격해 멈추고 혁권 팀이 잔적을 사살한 뒤 타리크를 생포·후송하자 만수르는 사우디의 지상전 제안을 수락하겠다고 약속한다","6","5","5","6","6","4","4","4","일행은 국경을 은밀히 넘고 좌표 15.0022·48.9518에 강하해 적지에 고립된다. → 만수르가 자이드 국왕이 혁권에게 아주 큰 선물을 줄지도 모른다고 귀띔한다"
"905","대망 905화","GA-C37","압박","혁권은 타리크를 아부다비 측에 넘기고 팀원들에게 샴페인 파티를 보상한 뒤 소현과 통화하며, 사흘 후 자이드 국왕에게서 UAE의 차기 전차 300대 사업도 중개하라는 제안을 받는다","6","6","5","6","4","7","4","7","일행은 국경을 은밀히 넘고 좌표 15.0022·48.9518에 강하해 적지에 고립된다. → 자이드 국왕이 UAE의 2차 국가개발 첫 육성 업종으로 군수산업을 택했다고 밝힌다"
"906","대망 906화","GA-C37","압박","자이드 국왕은 사우디와 UAE가 전차 부품을 분담 생산하자고 제안하고 혁권은 이를 받아 빈 살만에게 사업비 절감과 국산화율 향상을 내세워 공동생산을 설득한다","6","4","5","6","4","4","4","4","일행은 국경을 은밀히 넘고 좌표 15.0022·48.9518에 강하해 적지에 고립된다. → 빈 살만이 UAE의 부품 공급 중단 위험을 지적하자 혁권이 해결책을 자신한다"
"907","대망 907화","GA-C37","전환","혁권은 설계도면·라이선스 공동소유와 수니파 관계 회복, UAE 경제 종속 가능성을 제시해 빈 살만에게 긍정 검토를 받아내고, 스텐저에게 김성균의 태일산업 지분 6% 매입 제안을 보고받는다","6","6","5","8","4","7","4","7","일행은 국경을 은밀히 넘고 좌표 15.0022·48.9518에 강하해 적지에 고립된다. → 혁권이 거래가 드문 핵심 지분에 시세 대비 프리미엄 20%는 너무 낮다고 판단한다"
"908","대망 908화","GA-C37","결산/다음 훅","혁권은 태일산업 6%에 프리미엄 100%를 요구하고 태일정유 10%도 고금리 회사채로 묶어 팔게 하며, 김성균은 계열사 네 곳에 약 7,500억 원을 분산시켜 패키지 매입 협상을 계속하기로 한다","5","8","7","7","4","7","4","7","일행은 국경을 은밀히 넘고 좌표 15.0022·48.9518에 강하해 적지에 고립된다. → 킹 살만 기지에서 검사관이 도착한 KGGB 유도폭탄의 보관 상태가 아주 좋다고 확인한다"
"909","대망 909화","GA-C38","도입/약속","혁권은 KGGB 1차 물량 인수를 마치고 사우디·UAE의 1,300대·150억 달러 차기 전차 합작 확정과 중개권을 확보한 뒤 귀국해 헬스장에서 소현과 재회한다","5","7","5","6","4","7","7","7","사우디와 UAE가 추진하는 차기 전차 1,300대 사업의 합작 구조와 중개권을 확정해야 한다. 여기에 소현에게 추근대던 남자가 혁권의 존재와 위세를 알아보고 기가 죽어 사라진다라는 새 불확실성도 겹친다. → 소현에게 추근대던 남자가 혁권의 존재와 위세를 알아보고 기가 죽어 사라진다"
"910","대망 910화","GA-C38","전진","아랍 연합군의 예멘 지상전 재개와 GPS 유도폭탄 수요를 확인한 혁권은 오로라 펀드가 태일산업 지분 6%를 8천억 원에 넘기고 태일정유 지분 10%를 7,500억 원 회사채로 전환하는 최종안을 관철했으며, 윤도중에게 사우디·UAE 차기 전차 사업 지원을 요청받는다","5","6","5","8","4","4","4","7","사우디와 UAE가 추진하는 차기 전차 1,300대 사업의 합작 구조와 중개권을 확정해야 한다. → 윤도중이 K2 흑표의 150억 달러 차기 전차 프로젝트 참여를 왜 혁권에게 부탁하는지 밝히려 한다"
"911","대망 911화","GA-C38","전진","혁권은 한국 철도차량의 첫 2천만 달러 제안을 일축한 뒤 성공 보수 1억 달러와 동액의 로비 자금, 왕실 커미션 최소 10억 달러를 요구해 윤도중의 승낙을 받아내고, 김인철은 사격장에서 만난 전병주에게 인터폴 수배와 살인교사 혐의를 듣는다","5","7","5","7","4","7","4","7","사우디와 UAE가 추진하는 차기 전차 1,300대 사업의 합작 구조와 중개권을 확정해야 한다. → 김인철은 차민성이 자신에게 살인교사 책임을 떠넘겼다는 말에 배신감을 폭발시킨다"
"912","대망 912화","GA-C38","압박","김인철은 약점을 잡은 전병주에게 오로라 펀드 실소유자 조사를 시키며 50만 달러 상당 비트코인 암호 키와 위성전화를 건네고, 혁권은 사막형 K2의 냉각·방호·IED 취약점과 60톤급 개조 문제를 검증한다","6","6","5","7","4","7","4","7","사우디와 UAE가 추진하는 차기 전차 1,300대 사업의 합작 구조와 중개권을 확정해야 한다. → 윤도중이 알타이 전차용 65톤급 설계 경험과 연구진의 실력을 들어 사막형 K2 개량 성공을 자신한다"
"913","대망 913화","GA-C38","전환","혁권은 터키 알타이 수준의 기술 이전, 현지 초도 100대 조립생산과 부품 국산화 계획을 검토하고 사우디·UAE 업체와 합작법인을 세우자고 제안해 한국 컨소시엄 결성을 이끌며, 리야드에서 자신이 그 컨소시엄의 대리인이라고 빈 살만에게 알린다","6","4","7","7","4","4","4","4","사우디와 UAE가 추진하는 차기 전차 1,300대 사업의 합작 구조와 중개권을 확정해야 한다. → 빈 살만은 이미 중개를 보장했는데도 혁권이 한국 컨소시엄을 택한 이유를 추궁한다"
"914","대망 914화","GA-C38","결산/다음 훅","혁권은 K2의 능동방어 체계와 터키급 기술 이전을 내세워 빈 살만에게 공정한 평가를 약속받고, 전병주는 오로라 펀드가 홍콩 로펌 L&S코퍼레이션 및 20억 달러 넘는 태일그룹 투자와 연결됐다는 보고를 받은 뒤 이용직에게 200만 원을 주며 비공식 추적을 지시한다","5","8","7","8","4","4","4","7","사우디와 UAE가 추진하는 차기 전차 1,300대 사업의 합작 구조와 중개권을 확정해야 한다. → 프랑스 지아트의 라파엘이 혁권에게 사우디·UAE 차기 전차 사업 대리인이 되어 달라고 제안한다"
"915","대망 915화","GA-C39","도입/약속","혁권은 총사업비 2%인 3억 달러를 제시한 지아트의 회유를 신의와 한국 컨소시엄의 승리를 이유로 거절하고 함단에게 지아트 감시를 지시한 뒤, 소현 일행과 마이애미에서 휴가와 낚시를 즐긴다","5","7","5","7","4","7","4","7","거액을 받으면 한국 컨소시엄과의 신의를 저버리고 전차 사업의 승패까지 바뀔 수 있다. 여기에 요트 주위에 돌고래 떼가 나타나 지수와 도연이 소현을 다급히 부른다라는 새 불확실성도 겹친다. → 요트 주위에 돌고래 떼가 나타나 지수와 도연이 소현을 다급히 부른다"
"916","대망 916화","GA-C39","전진","혁권은 레드 스네퍼를 낚은 뒤 샌더슨을 만나 CIA가 후세인 준장과 아부카 여단을 비밀 지원하도록 중개해 달라는 의뢰를 수락하고, M270 MLRS 확산탄 50발과 무기 구입비 1억 달러 무기명채권을 받는다","5","7","5","7","4","4","4","7","거액을 받으면 한국 컨소시엄과의 신의를 저버리고 전차 사업의 승패까지 바뀔 수 있다. → 혁권은 갈라치 창고 무기 목록과 대형 수송선을 준비시켜 후세인 준장 지원 방안을 짜기 시작한다"
"917","대망 917화","GA-C39","전진","혁권은 갈라치 치장물자 중 즉시 전투 가능한 T-62 전차 10대와 중화기·탄약을 자말에게 선적시키고 미스라타로 먼저 날아가, 평화협상 결렬과 통합정부의 지원 회피를 들은 뒤 후세인 준장과 아부카 여단 사령부에 도착한다","6","6","5","7","6","4","4","7","거액을 받으면 한국 컨소시엄과의 신의를 저버리고 전차 사업의 승패까지 바뀔 수 있다. → 자밀 의장 측 전투기 한 대가 아부카 여단 사령부로 급강하하며 공습을 시작한다"
"918","대망 918화","GA-C39","압박","자밀 의장 측 미그-27의 폭격으로 아부카 여단 숙소와 군수창고에 큰 피해가 나고 미티가 국제공항도 공습당하자 혁권은 수송선을 공해에 대기시키며 휴대용 대공미사일을 긴급 공수하고, CIA는 혁명단의 트리폴리 공항 기습 점령과 1천 명 이상 후속부대 진격에 충격을 받는다","8","4","7","7","8","4","4","4","거액을 받으면 한국 컨소시엄과의 신의를 저버리고 전차 사업의 승패까지 바뀔 수 있다. → 이반이 가져온 나무 상자를 열자 미그-27에 맞설 무기가 모습을 드러내려 한다"
"919","대망 919화","GA-C39","전환","혁권은 최신형 9K38 이글라 E형 발사기 5대와 미사일 20발을 아부카 여단에 인계하고, 백악관은 통합정부와 자밀 대신 후세인 준장을 제3세력으로 밀어 리비아를 장악시키되 엑슨·셰브런 등 석유회사 자금으로 지원한다는 CIA 계획을 승인한다","6","6","5","7","4","7","4","7","거액을 받으면 한국 컨소시엄과의 신의를 저버리고 전차 사업의 승패까지 바뀔 수 있다. → 1만2천 톤급 수송선이 미스라타에 접안해 대량의 무기와 군수품 하역을 시작한다"
"920","대망 920화","GA-C39","결산/다음 훅","아부카 여단은 부두를 공습한 미그-27 두 대를 이글라 미사일 다섯 발로 모두 격추해 수송선을 지키고 제공 위협을 억제하며, 샌더슨은 C-130과 SEAL 대원들을 이끌고 와 후세인 준장을 리비아의 새 권력으로 세우는 공작에 혁권의 협조를 요구한다","7","8","9","7","8","4","4","7","거액을 받으면 한국 컨소시엄과의 신의를 저버리고 전차 사업의 승패까지 바뀔 수 있다. → 통합정부군 일부가 자밀에게 투항했다는 샌더슨의 말에 혁권이 전황의 심각성을 묻는다"
"921","대망 921화","GA-C40","도입/약속","샌더슨은 무기·자금·미국과 유엔의 합법정부 승인을 약속하는 대신 엘 사라라 유전 개발 우선권을 미국 석유회사에 요구하고, 혁권의 권유를 받은 후세인은 제안을 수락해 군자금 200만 달러를 받은 뒤 SEAL 지원 아래 리비아 패권 경쟁에 뛰어든다","5","7","5","7","4","4","4","7","대가로 미국 석유회사가 엘 사라라 유전 개발 우선권을 가져야 한다는 조건이 붙는다. 여기에 혁권은 후세인과 추가 군수지원 협의를 마치고 아테네로 돌아와 성석호의 영접을 받는다라는 새 불확실성도 겹친다. → 혁권은 후세인과 추가 군수지원 협의를 마치고 아테네로 돌아와 성석호의 영접을 받는다"
"922","대망 922화","GA-C40","전진","[#구사일생] 혁권은 후세인에게 2개 대대분 무기·BMP2 5대·1천만 달러를 보내고 미스라타 원유 15만 톤 반출을 지시하며, 라파엘은 150억 달러 전차 사업을 위해 칼레드 왕자와 5억 달러에 계약하고 혁권을 자연사로 위장해 암살하라 명령한다","5","6","5","7","4","4","4","7","대가로 미국 석유회사가 엘 사라라 유전 개발 우선권을 가져야 한다는 조건이 붙는다. → 스텐저가 태일 그룹의 중국 건설 기자재 사업 매각 계약 체결을 알리고 혁권은 태일 산업 지분 매각 대금 절반을 용산드림타워 건설비로 남기라 한다"
"923","대망 923화","GA-C40","전진","이벨라는 100유로 지폐 선금을 받고 심장마비로 위장되는 약물을 혁권의 음료에 넣기로 하며, 전병주는 태일 그룹이 중국 사업 매각대금 8천억 원으로 오로라 펀드의 태일 산업 지분을 블록딜한 사실을 포착한다","5","6","5","7","4","4","4","7","대가로 미국 석유회사가 엘 사라라 유전 개발 우선권을 가져야 한다는 조건이 붙는다. → 자밀이 트리폴리 공항과 수르트를 장악하고 러시아가 쿠즈네초프 항모 파견을 선언하자 혁권은 미·러 충돌 가능성을 검토한다"
"924","대망 924화","GA-C40","압박","혁권은 쿠즈네초프 전단의 열세를 짚고 수송을 앞당기며 코리아 컨소시엄의 2억 달러를 받고, 지아트의 칼레드 왕자 영입에 맞서 다바그 왕자를 직접 설득하기로 한 뒤 자신을 감시하는 지아트를 경계한다","6","6","7","7","4","4","4","7","대가로 미국 석유회사가 엘 사라라 유전 개발 우선권을 가져야 한다는 조건이 붙는다. → 트리폴리 방어선이 붕괴하자 후세인의 아부카 여단이 진격을 개시하고 혁권은 헬기로 아테네 공항을 떠난다"
"925","대망 925화","GA-C40","전환","이벨라는 혁권의 오렌지주스에 루시부파긴을 타지만 로시에게 놀라 일부를 흘리고, 주스를 마신 혁권은 심장마비로 쓰러져 쿠웨이트에 비상착륙한 뒤 응급치료로 의식을 회복한다","6","4","7","6","4","4","4","4","대가로 미국 석유회사가 엘 사라라 유전 개발 우선권을 가져야 한다는 조건이 붙는다. → 체내에서 루시부파긴이 검출되자 혁권은 암살 시도임을 깨닫고 흉수를 찾아 눈앞에 끌고 오라고 명령한다"
"926","대망 926화","GA-C40","결산/다음 훅","혁권의 생존을 안 이벨라는 공범에게 실패를 보고하고 보수를 재확인하며, 혁권은 전 수행원·승무원 신상조사를 명령하고 로시의 응급처치에 감사한 뒤 이벨라의 수상한 반응은 알아채지 못한 채 리야드로 출발한다","5","8","9","8","4","4","4","7","대가로 미국 석유회사가 엘 사라라 유전 개발 우선권을 가져야 한다는 조건이 붙는다. → 라파엘은 독살 실패에 격노하며 스태판에게 책임을 추궁한다"
"927","대망 927화","GA-C41","도입/약속","라파엘은 추가 암살을 보류하되 혁권의 리야드 행적을 감시하라 지시하고, 혁권은 함단에게 다바그의 메카 호텔 사업에 왕실이 4억 달러를 투자한 사실을 듣고 그를 대리인으로 영입할 가능성을 모색한다","5","6","5","7","4","4","4","7","혁권은 다바그의 메카 호텔 사업에 왕실이 4억 달러를 투자했다는 사실을 듣고 그의 영향력을 계산한다. 여기에 제안을 거절하려는 다바그 왕자 앞에 혁권 일행이 힐튼 리야드 호텔 로비에 도착한다라는 새 불확실성도 겹친다. → 제안을 거절하려는 다바그 왕자 앞에 혁권 일행이 힐튼 리야드 호텔 로비에 도착한다"
"928","대망 928화","GA-C41","전진","[#잘못 건드렸어Ⅰ] 혁권이 30억 달러 공장 건설권과 DV27K 엔진 합작 우선권을 제시해 다바그를 코리아 컨소시엄 대리인으로 영입하고, 하킴에게 전용기 승무원 이벨라의 25만 달러 현금 빚 상환과 지아트사 배후 의혹을 보고받아 그녀를 감시용으로 남긴다","5","6","5","8","4","4","4","7","혁권은 다바그의 메카 호텔 사업에 왕실이 4억 달러를 투자했다는 사실을 듣고 그의 영향력을 계산한다. → 혁권이 지아트사에 “가볍게 잽”을 날리기로 한다"
"929","대망 929화","GA-C41","압박","클리시가 르끌레르 개량 물량의 250대→100대 축소와 수주 성공 시 라파엘의 차기 사장 추천을 통보하지만, 알자지라가 예멘에서 격파된 르끌레르와 프랑스의 중고 매각을 보도해 입찰 이미지가 추락하고 라파엘은 비상회의를 소집한다","6","6","5","7","4","4","4","7","혁권은 다바그의 메카 호텔 사업에 왕실이 4억 달러를 투자했다는 사실을 듣고 그의 영향력을 계산한다. → 혁권이 신문을 보며 지아트사의 혼란을 확인한다"
"930","대망 930화","GA-C41","압박","혁권은 압둘라흐만을 통해 낸 알자지라 보도로 UAE군 내부의 르끌레르 후보 제외론을 끌어내고 추가 공세를 멈춰 경쟁사끼리 싸우게 하며 반대 장교들과 연줄을 만들라 지시하고, 지아트사는 후속 보도를 막는 데 광고비 700만 달러를 쓴 뒤 배후를 존슨으로 특정한다","6","6","5","7","4","4","4","7","혁권은 다바그의 메카 호텔 사업에 왕실이 4억 달러를 투자했다는 사실을 듣고 그의 영향력을 계산한다. → 라파엘이 자신들의 암살 시도를 존슨이 알아챘을 가능성을 제기한다"
"931","대망 931화","GA-C41","결산/다음 훅","라파엘은 스태판에게 내부 협조자를 이용해 존슨을 제거하라 명령하고, 다바그는 DV27K 엔진 생산 법인의 지분을 국내 업체와 50:50으로 갖는 계약에 서명한 뒤 알 아시리 장군과의 골프 약속 및 빈 살만의 신임을 전하며, 이벨라는 90만 유로 계좌 비밀번호를 대가로 새 임무를 수락한다","5","9","7","7","4","4","4","7","혁권은 다바그의 메카 호텔 사업에 왕실이 4억 달러를 투자했다는 사실을 듣고 그의 영향력을 계산한다. → 아부다비행을 앞둔 혁권이 함단에게 격화된 리비아 내전 상황을 듣는다"
"932","대망 932화","GA-C42","도입/약속","혁권은 리야드 사막기지에서 2주간 열릴 후보 전차 성능시험에 철저히 대비하라 지시하고, 이벨라는 연락책에게 필리핀행 티켓·위조여권·계좌 비밀번호와 검은 세컨드 백을 받아 전용기 옷장에 숨긴 뒤 복통을 가장해 탈출하지만 캐리어를 기내에 남긴다","6","4","5","7","6","4","4","4","이벨라는 연락책에게 필리핀행 표·위조여권·계좌 비밀번호와 검은 세컨드 백을 전달받는다. 여기에 하킴이 상대의 새 공작을 감지해 혁권에게 아부다비행을 미루라고 경고한다라는 새 불확실성도 겹친다. → 하킴이 상대의 새 공작을 감지해 혁권에게 아부다비행을 미루라고 경고한다"
"933","대망 933화","GA-C42","전진","마닐라로 도주하려던 이벨라가 체포되고 전용기에서 고도 감응 폭탄이 발견되자, 함단 일행이 배후 연락책의 BMW를 추격해 시속 100km 이상에서 들이받는다","7","4","5","6","8","4","4","4","이벨라는 연락책에게 필리핀행 표·위조여권·계좌 비밀번호와 검은 세컨드 백을 전달받는다. → 레인지로버가 통제를 잃고 콘크리트 중앙분리대에 정면 충돌한다"
"934","대망 934화","GA-C42","전진","함단은 전복된 BMW에서 살아 있는 연락책을 확보하고, 사우디 정보부는 사건을 테러범 체포로 위장한 뒤 이벨라와 범인을 넘기지 않으며 프랑스와의 거래에 따라 사건을 종결한다","6","5","7","7","6","4","4","4","이벨라는 연락책에게 필리핀행 표·위조여권·계좌 비밀번호와 검은 세컨드 백을 전달받는다. → 엘리제궁 비서실장이 클리시에게 사건 무마의 대가를 추궁한다"
"935","대망 935화","GA-C42","압박","클리시는 사건 무마 대가로 르끌레르 개량 축소를 수용해 4억 유로 이상 손해를 보고 라파엘을 해고하지만, 라파엘은 세르비아 마피아 보스 르가노비치와의 접촉을 지시하며 반격을 준비한다","6","4","5","8","4","4","4","4","이벨라는 연락책에게 필리핀행 표·위조여권·계좌 비밀번호와 검은 세컨드 백을 전달받는다. → 클리시는 방델에게 이시레물리노 공장 폐쇄와 구조조정 계획을 밝힌다"
"936","대망 936화","GA-C42","압박","정체불명의 사내가 클리시에게 약물을 주입해 살해한 뒤 코카인 과다복용으로 위장하고, 다바그는 프랑스가 카리니 유족의 외부 접촉을 막아 주는 조건으로 빈 살만이 폭탄 사건을 덮었다고 혁권에게 밝힌다","6","4","5","8","4","4","4","4","이벨라는 연락책에게 필리핀행 표·위조여권·계좌 비밀번호와 검은 세컨드 백을 전달받는다. → 함단이 클리시가 레스토랑 화장실에서 코카인 과다복용으로 사망했다는 기사를 혁권에게 보여 준다"
"937","대망 937화","GA-C42","전환","혁권은 클리시의 죽음을 암살로 의심해 조사를 지시하고, 살해를 꾸민 라파엘은 방델에게 빈 살만을 근신시킨 틈에 전차 입찰을 탈환하겠다고 제안해 관심을 얻는다","7","4","5","6","4","4","7","4","이벨라는 연락책에게 필리핀행 표·위조여권·계좌 비밀번호와 검은 세컨드 백을 전달받는다. → 빈 살만이 혁권에게 폭탄 사건을 조용히 묻겠다고 통보한다"
"938","대망 938화","GA-C42","결산/다음 훅","빈 살만은 사건 무마 보상으로 혁권에게 수단 원조용 의약품·석유제품 5억 달러 공급권을 주고, 전병주는 오로라 펀드 자금 230억 원과 태일 그룹 경력을 단서로 혁권을 추적하며, 사장으로 승진한 라파엘은 모사드 간부 오페르에게서 빈 살만 비리 자료를 받는다","5","8","7","8","4","4","4","7","이벨라는 연락책에게 필리핀행 표·위조여권·계좌 비밀번호와 검은 세컨드 백을 전달받는다. → 라파엘이 아람코와 사우디 국부펀드를 통한 빈 살만의 비리 자료를 가방에 넣는다"
"939","대망 939화","GA-C43","도입/약속","라파엘은 모사드에 40mm CAT 기관포 기술을 넘기고, 칼레드는 전달받은 아람코·국부펀드 비리 자료와 독단적 인사를 빌미로 살만 국왕을 설득한다","5","4","5","7","4","4","4","4","칼레드 왕자는 라파엘에게 받은 아람코·국부펀드 비리 자료와 빈 살만의 독단적 인사를 공격 재료로 삼는다. 여기에 살만 국왕이 빈 살만의 권력을 일부 박탈하고 대외 활동을 막아 근신시키기로 결정한다라는 새 불확실성도 겹친다. → 살만 국왕이 빈 살만의 권력을 일부 박탈하고 대외 활동을 막아 근신시키기로 결정한다"
"940","대망 940화","GA-C43","전진","살만 국왕은 근신 명령을 어기고 마중 나온 빈 살만을 공개 냉대하고 칼레드를 리무진 옆자리에 태우며, 다바그는 칼레드의 고발로 빈 살만의 100억 달러대 횡령 의혹이 불거졌다고 혁권에게 밝힌다","5","6","5","8","4","4","4","7","칼레드 왕자는 라파엘에게 받은 아람코·국부펀드 비리 자료와 빈 살만의 독단적 인사를 공격 재료로 삼는다. → 다바그가 왕족들의 반감을 등에 업은 칼레드가 왕좌를 노릴 가능성을 제기한다"
"941","대망 941화","GA-C43","압박","다바그는 지아트사 대리인이던 칼레드가 차기 전차 선정 책임자가 된다고 알리고, 라파엘은 프레에게 사우디·UAE 전차 사업 수주가 이시레물리노 공장 폐쇄와 정리해고를 막을 유일한 길이라며 정부 지원을 청한다","6","6","5","7","4","4","4","7","칼레드 왕자는 라파엘에게 받은 아람코·국부펀드 비리 자료와 빈 살만의 독단적 인사를 공격 재료로 삼는다. → 프레 의장은 리야드 사건 탓에 지아트사의 수주 가능성이 거의 없다며 라파엘의 약점을 찌른다"
"942","대망 942화","GA-C43","압박","라파엘은 프레에게 300만 달러 금고 열쇠를 건네며 UAE의 유엔 비상임이사국 당선을 지원해 르끌레르를 밀게 해 달라고 매수하고, 혁권은 칼레드의 평가단장 임명과 빈 살만의 위상 추락을 확인한 뒤 사형수 로베르토를 면회해 암살 배후를 추궁한다","6","6","5","8","4","7","4","7","칼레드 왕자는 라파엘에게 받은 아람코·국부펀드 비리 자료와 빈 살만의 독단적 인사를 공격 재료로 삼는다. → 혁권이 로베르토 앞에 그의 아내와 어린 딸이 찍힌 사진을 내놓는다"
"943","1대망 943화","GA-C43","결산/다음 훅","로베르토는 스위스 은행 돈을 가족에게 전해 주는 조건으로 라파엘의 암살 지시와 녹음파일을 넘기기로 하고, 만수르는 프랑스가 UAE의 비상임이사국 당선을 대가로 르끌레르에 가산점을 요구했다고 통보하며, 혁권은 빈 살만에게 칼레드와 지아트사의 사전 공모 가능성을 제기한다","5","6","7","7","4","7","4","4","칼레드 왕자는 라파엘에게 받은 아람코·국부펀드 비리 자료와 빈 살만의 독단적 인사를 공격 재료로 삼는다. → 혁권이 칼레드의 평가단장 취임과 프랑스의 즉각적인 로비가 처음부터 짜인 계획이라고 빈 살만을 자극한다"
"944","대망 944화","GA-C44","도입/약속","혁권은 칼레드가 탕헤르행 중 파리를 경유해 라파엘에게 빈 살만의 비리 자료를 받았을 가능성과 라파엘의 클리시 살해·암살 지시를 엮어 제시하고 보복을 자신에게 맡기게 한 뒤, 김용훈에게 지아트사의 총력 입찰을 경고하면서도 최종 후보 진출은 막겠다고 단언한다","5","4","5","8","4","4","4","4","그는 라파엘의 클리시 살해와 자신을 향한 암살 지시까지 묶어 왕세자 축출 공작의 연결망을 설명한다. 여기에 김용훈은 혁권의 지시에 따라 지아트사의 전방위 파상 공세에 대비하기로 한다라는 새 불확실성도 겹친다. → 김용훈은 혁권의 지시에 따라 지아트사의 전방위 파상 공세에 대비하기로 한다"
"945","대망 945화","GA-C44","전진","샌더슨이 칼레드 왕자와 지아트사의 모사드 연계 사진·녹취를 제시하고, 혁권은 대가로 솔레이마니에게 미국의 경고와 비밀협상 제안을 전하기로 한 뒤 바그다드로 향한다","5","4","7","6","4","4","4","4","그는 라파엘의 클리시 살해와 자신을 향한 암살 지시까지 묶어 왕세자 축출 공작의 연결망을 설명한다. → 솔레이마니가 테헤란이 아닌 다마스쿠스로 떠날 예정임이 밝혀져 이란의 대미 전선 구축 의도가 드러난다"
"946","대망 946화","GA-C44","전진","혁권이 미 항모전단·B-52 전진배치와 레드라인 경고를 전해 솔레이마니에게 협상 제안을 테헤란에 전달하겠다는 답을 얻지만, 사우디 유조선 2척과 아람코 송유시설이 피습돼 전쟁 위기가 폭발한다","7","4","7","7","6","4","4","4","그는 라파엘의 클리시 살해와 자신을 향한 암살 지시까지 묶어 왕세자 축출 공작의 연결망을 설명한다. → 샌더슨이 백악관 안보보좌관과의 회담을 성사시키라며 매달리자 혁권은 지아트사를 칠 추가 정보를 요구한다"
"947","대망 947화","GA-C44","전진","혁권은 지아트사가 40㎜ CAT 기관포 기술을 모사드에 넘겼다는 자료를 대가로 솔레이마니와 백악관 안보보좌관의 바그다드 협상을 주선하고, 빈 살만에게 칼레드의 모사드 연계 증거를 넘긴 뒤 파리에서 라파엘의 배후를 추적한다","5","4","7","8","4","4","4","4","그는 라파엘의 클리시 살해와 자신을 향한 암살 지시까지 묶어 왕세자 축출 공작의 연결망을 설명한다. → 클리시와 마지막 식사를 한 지아트사 2대 주주 찰스 방델이 라파엘을 사장으로 밀었다는 사실이 드러난다"
"948","대망 948화","GA-C44","압박","방델은 전차 사업 수주 시 라파엘을 회장에 앉히겠다고 약속하고, 혁권은 사우나에서 프레에게 라파엘의 모사드 접선·CAT 기관포 기술 유출·정치 로비를 폭로하며 사진 증거로 압박한다","6","4","7","6","4","4","4","4","그는 라파엘의 클리시 살해와 자신을 향한 암살 지시까지 묶어 왕세자 축출 공작의 연결망을 설명한다. → 궁지에 몰린 프레가 혁권에게 원하는 것이 무엇인지 묻자, 혁권은 언론보다 먼저 사건을 폭로하라고 요구한다"
"949","대망 949화","GA-C44","압박","프레는 자신을 제외하고 지아트사의 간첩행위에 초점을 맞추라는 혁권의 거래를 받아들이고, 혁권은 L&S코퍼레이션 자금까지 합쳐 16억 달러 공매도 판을 짠 뒤 프레의 기자회견과 동시에 라파엘의 모사드 접선·CAT 기관포 기술 유출을 터뜨린다","6","6","5","7","4","4","4","7","그는 라파엘의 클리시 살해와 자신을 향한 암살 지시까지 묶어 왕세자 축출 공작의 연결망을 설명한다. → 프레가 사진과 BNP파리바 금고 열쇠를 증거로 내세워 DGSE와 검찰에 지아트사 즉각 수사를 촉구한다"
"950","대망 950화","GA-C44","전환","프레의 폭로와 15억 달러 이상 공매도로 지아트사 주가가 시초가 대비 20% 급락하고, DGSE와 검찰이 본사를 압수수색해 라파엘 등 임직원을 체포하며 주가는 사흘 연속 하한가·75유로로 반 토막 난다","7","6","5","7","6","4","4","7","그는 라파엘의 클리시 살해와 자신을 향한 암살 지시까지 묶어 왕세자 축출 공작의 연결망을 설명한다. → 지아트사 방어 매수로 5억9천만 유로를 잃은 방델에게 측근이 보유 지분 처분을 권한다"
"951","대망 951화","GA-C44","전환","방델이 추가 매입 지분 매도를 결정한 뒤 백성균에게 납치되고, 혁권은 자신을 암살하려 한 대가라 밝히며 라파엘 해임과 지아트사 지분 전량의 국가 귀속을 하루 안에 수용하라고 협박한다","7","6","5","8","6","4","4","7","그는 라파엘의 클리시 살해와 자신을 향한 암살 지시까지 묶어 왕세자 축출 공작의 연결망을 설명한다. → 모사드 지부장 페이글린이 오페르에게 CIA의 미행과 혁권의 개입 정황이 담긴 사진을 내민다"
"952","대망 952화","GA-C44","결산/다음 훅","방델은 라파엘 해임과 지아트사 지분 전량 국가 헌납을 발표하고, 모사드는 오페르를 스위스로 빼돌리는 한편 키돈 암살조를 투입해 석방된 라파엘의 차량에 폭탄을 부착한다","5","8","7","6","4","4","4","7","그는 라파엘의 클리시 살해와 자신을 향한 암살 지시까지 묶어 왕세자 축출 공작의 연결망을 설명한다. → 라파엘이 탄 세단이 도로에서 폭발해 화염에 휩싸인다"
"953","대망 953화","GA-C45","도입/약속","라파엘과 동승자 전원이 폭사하자 혁권은 모사드의 증거인멸로 판단하고 프레와 관계를 끝낸 뒤 서울행 전용기에 오르지만, 니스 호텔·카지노에서 IS 연쇄 차량폭탄 테러가 발생한다","5","6","5","6","4","7","4","7","혁권은 사건을 단순 사고가 아니라 모사드가 흔적을 없앤 증거인멸로 판단한다. 여기에 혁권은 모사드가 니스 테러를 미리 알고 라파엘 암살에 쏠릴 관심을 돌리려 했을 가능성을 깨닫는다라는 새 불확실성도 겹친다. → 혁권은 모사드가 니스 테러를 미리 알고 라파엘 암살에 쏠릴 관심을 돌리려 했을 가능성을 깨닫는다"
"954","대망 954화","GA-C45","전진","전병주가 오로라 펀드에서 김혁권에게 2천억 원 이상 흘러간 정황을 밝히자 김인철은 100만 달러를 대가로 추가 조사를 지시하고 복수를 결심하며, 혁권은 칼레드 왕자의 해임·체포로 지아트사가 사우디 전차 사업에서 탈락했음을 확인한다","6","6","5","8","6","7","4","7","혁권은 사건을 단순 사고가 아니라 모사드가 흔적을 없앤 증거인멸로 판단한다. → 김인철의 보복이 다가오는 줄 모르는 혁권이 서울행 기내에서 잠든다"
"955","대망 955화","GA-C45","전진","귀국해 휴식과 매장 점검을 마친 혁권에게 박형윤이 투먼시 수용소에 갇힌 장남 가족을 구해 달라고 청하고, 북한 정치국 상무위원의 아들이 송환 책임자라 뇌물도 통하지 않는다는 사정이 드러난다","5","6","5","7","4","7","4","7","혁권은 사건을 단순 사고가 아니라 모사드가 흔적을 없앤 증거인멸로 판단한다. → 혁권은 구조를 돕겠다고 하면서도 박병주 가족 전원을 구할 수 있다고는 장담하지 않는다"
"956","대망 956화","GA-C45","압박","혁권은 판교 과수원 30만 평을 보상으로 제시받고 북경행을 결정하며, 백수광에게 박병주 일가 송환 연기를 받아낸 뒤 국정원 자료로 보위부 대좌 리명국의 가문·경력·김정은과의 친분을 파악한다","6","6","5","8","4","4","4","7","혁권은 사건을 단순 사고가 아니라 모사드가 흔적을 없앤 증거인멸로 판단한다. → 북경 호텔을 찾은 양천 국장이 북경 공안국 영전 소식을 전한다"
"957","대망 957화","GA-C45","전환","양천은 리명국이 6억 위안 규모 가짜 담배 거래 때문에 투먼시에 왔다고 밝히고, 백수광은 파텍 필립 커플 시계를 받은 뒤 박병주 일가 구출을 돕기로 하며, 송환 중지 통보를 받은 리명국은 박창우의 타협안을 거부한다","6","5","5","8","4","4","4","4","혁권은 사건을 단순 사고가 아니라 모사드가 흔적을 없앤 증거인멸로 판단한다. → 리명국이 주석궁 교시를 내세워 탈북자 전원을 반드시 송환하겠다고 못 박는다"
"958","대망 958화","GA-C45","결산/다음 훅","혁권은 장리판에게 100만 달러를 건네 박병주 가족을 즉시 빼내기로 확정하고 뤼용하오와 안산 수용소에 들어가, 별도 격리된 박병주 부부와 남매를 직접 확인한다","5","8","7","7","4","7","4","7","혁권은 사건을 단순 사고가 아니라 모사드가 흔적을 없앤 증거인멸로 판단한다. → 죄수복 차림으로 수척해진 박병주 가족이 혁권 앞에 불려 나온다"
"959","대망 959화","GA-C46","도입/약속","혁권이 박병주 가족에게 한국행을 알리고 옷까지 갈아입혀 데려가려 하지만 리명국이 난입한 뒤 중국 권력 서열 5위 장양 정치국 상무위원에게 전화를 연결해 조중 협정에 따른 전원 북송 명령을 받아낸다 이어 장양 상무위원의 압력으로 박병주 일가가 수용소에 묶이자 혁권은 백수광의 추가 개입을 사양하고 직접 해결하기로 하며, 리명국은 장양에게 바칠 1호 홍삼·벌꿀을 10만 달러에 마련하고 가짜 담배 열차 거래차 자바이칼스크로 떠난다","5","6","5","7","4","7","4","7","리명국이 난입해 장양 정치국 상무위원에게 전화를 연결하고 조중 협정에 따른 전원 북송 명령을 받아낸다. 여기에 리명국이 혁권을 바라보며 “이제 어떡할 거요?”라고 승리를 확신한다 이어 자바이칼스크역에서 리명국이 러시아 마피아와 첫 화물열차를 기다린다라는 새 불확실성도 겹친다. → 리명국이 혁권을 바라보며 “이제 어떡할 거요?”라고 승리를 확신한다 이어 자바이칼스크역에서 리명국이 러시아 마피아와 첫 화물열차를 기다린다"
"960","대망 960화","GA-C46","전진","가짜 담배 20여 화차가 도착하자 국경수비대가 열차를 포위·압류하고, 배후를 밝힌 혁권은 화물을 되찾고 싶으면 12번 보세창고로 오라고 리명국을 압박한다","5","4","5","7","4","4","4","4","리명국이 난입해 장양 정치국 상무위원에게 전화를 연결하고 조중 협정에 따른 전원 북송 명령을 받아낸다. → 권총을 숨긴 리명국이 박창우만 데리고 혁권이 기다리는 12번 창고에 들어선다"
"961","대망 961화","GA-C46","압박","혁권은 압류한 가짜 담배 열차를 지렛대로 리명국에게 박병주 일가를 송환 명단에서 빼게 하고, 마체고라 대장에게 뇌물을 써 움직인 보르고 대령에게 약속한 40만 유로를 지급한다","6","4","7","6","4","4","4","4","리명국이 난입해 장양 정치국 상무위원에게 전화를 연결하고 조중 협정에 따른 전원 북송 명령을 받아낸다. → 김포공항에 도착한 혁권의 글로벌 6000 전용기에서 박병주 가족이 박형윤 앞에 모습을 드러낸다"
"962","대망 962화","GA-C46","결산/다음 훅","박형윤은 70년 만에 아들 박병주와 며느리·손자·손녀를 만나 눈물로 해후하고, 혁권은 가족을 국정원에 인계한 뒤 보상으로 받은 판교 30만 평 토지와 200평 별장을 확인한다","5","8","7","7","4","7","4","7","리명국이 난입해 장양 정치국 상무위원에게 전화를 연결하고 조중 협정에 따른 전원 북송 명령을 받아낸다. → 수풀에 숨은 정체불명의 인물들이 망원렌즈로 별장으로 향하는 혁권을 몰래 촬영한다"
"963","대망 963화","GA-C47","도입/약속","최기혁이 대검 특수부 전병주 차장검사가 김혁권을 불법 미행·뒷조사한다고 보고하고, 두 사람은 배후로 태일그룹 김인철을 지목한다","5","4","5","7","4","7","4","4","검찰 고위 간부의 사적 추적이어서 단순 수사 대응만으로는 혁권의 안전을 보장하기 어렵다. 여기에 심인성이 전병주에게 직접 경고해 위험 요소를 정리하기로 한다라는 새 불확실성도 겹친다. → 심인성이 전병주에게 직접 경고해 위험 요소를 정리하기로 한다"
"964","대망 964화","GA-C47","전진","혁권은 타르후나 패전과 아유브 전사로 자밀의 공세가 꺾였다고 판단해 리비아 원유 수송 재개를 지시하고, 소현에게 우르스 운전을 맡겼다가 과속 질주 끝에 직접 운전해 소양호에 도착한다","5","6","5","7","4","7","4","7","검찰 고위 간부의 사적 추적이어서 단순 수사 대응만으로는 혁권의 안전을 보장하기 어렵다. → 노을 속에서 혁권이 소현을 바라보자 소현이 그의 시선을 알아챈다"
"965","대망 965화","GA-C47","전진","혁권은 소현과 계속 함께 살고 싶다는 마음을 깨닫고, 서원건설 문제원에게 뇌물을 받은 전병주는 심인성에게 불법 사찰과 비리 폭로를 경고받아 김혁권 조사 중단을 약속한다","5","6","5","6","4","7","4","7","검찰 고위 간부의 사적 추적이어서 단순 수사 대응만으로는 혁권의 안전을 보장하기 어렵다. → 전병주가 김인철에게 전화해 더는 그의 일을 도울 수 없다고 통보한다"
"966","대망 966화","GA-C47","압박","국정원의 개입을 들은 김인철은 전병주의 충고를 거부하고 복수를 고집하며, 혁권은 미리내의 홍콩·마카오 진출 계획서 작성을 지시하고 정빛나에게 소현의 다이아몬드 프러포즈 링 제작을 비밀리에 부탁한다","6","6","5","7","4","7","4","7","검찰 고위 간부의 사적 추적이어서 단순 수사 대응만으로는 혁권의 안전을 보장하기 어렵다. → 리야드에 도착한 혁권이 유조선 연쇄 피격과 전쟁 위기로 차기 전차 사업까지 흔들릴 가능성을 우려한다"
"967","대망 967화","GA-C47","압박","혁권은 미국의 81억 달러 무기 수출 추진으로 KGGB 3차 판매를 포기하고, 현지 기지에서 레오파트2A7V의 KE2020탄과 섀너핸 국방장관 대행의 돌발 방문이 K2 수주에 위협임을 확인한다","6","6","5","8","4","4","4","7","검찰 고위 간부의 사적 추적이어서 단순 수사 대응만으로는 혁권의 안전을 보장하기 어렵다. → 숙소에 든 혁권이 윤도중과 만나기 전 현지 테스트를 둘러싼 악재를 마주한다"
"968","대망 968화","GA-C47","압박","혁권은 섀너핸과 빈 살만의 동행에도 미국 의회의 대사우디 무기수출 저지 움직임이 M1에 역풍이 될 수 있다고 윤도중을 설득하고, 로비는 자신이 맡은 채 K2 테스트 성공에 집중시키기로 한다","6","4","5","7","4","4","4","4","검찰 고위 간부의 사적 추적이어서 단순 수사 대응만으로는 혁권의 안전을 보장하기 어렵다. → 다음 날 사격 테스트장 관람석에 도착한 혁권 일행에게 경쟁업체들의 탐색하는 시선이 쏠린다"
"969","대망 969화","GA-C47","전환","혁권은 빈 살만·만수르와 친분을 과시한 뒤 K2 흑표가 표적 10개를 모두 정중앙에 명중시키는 성과를 지켜보고, 다바그에게 왕세자와 군 수뇌부의 호평 및 미국이 대규모 무기 구매를 요구했다는 정보를 얻는다","6","4","7","8","4","4","4","4","검찰 고위 간부의 사적 추적이어서 단순 수사 대응만으로는 혁권의 안전을 보장하기 어렵다. → 혁권이 미국의 요구가 차기 전차 프로젝트까지 포함하는지 다바그에게 묻는다"
"970","대망 970화","GA-C47","결산/다음 훅","다바그는 미국산 전차의 절반 이상을 미국에서 생산하라는 조건이 사우디의 군수산업 육성책과 충돌해 K2 사업이 유지될 가능성이 크다고 밝히지만, 후티 반군의 미사일·자폭 무인기 공격으로 공항 탑승객 10명과 국왕의 일곱째 아들이 사망하고 왕궁 모스크가 파괴된다","5","6","7","8","4","4","4","4","검찰 고위 간부의 사적 추적이어서 단순 수사 대응만으로는 혁권의 안전을 보장하기 어렵다. → 밤샘 뒤 다바그가 굳은 얼굴로 혁권의 객실을 찾아와 새로운 용건을 꺼내려 한다"
"971","대망 971화","GA-C48","도입/약속","[#급변] 후티 반군의 송유관 펌프장 공격에 사우디가 사나를 대규모 보복 폭격하고, 김인철은 비밀 안면수술에 들어가며, 혁권은 5천만 달러 규모 KGGB 추가 계약을 추진한다","6","6","5","6","6","7","4","7","전쟁이 격화되는 동안 김인철은 앙헬레스에서 신원을 바꾸기 위한 비밀 안면수술에 들어간다. 여기에 사우디군의 집속탄이 국경없는의사회 병원을 오폭해 서른 명의 사상자와 다수 실종자가 발생한다라는 새 불확실성도 겹친다. → 사우디군의 집속탄이 국경없는의사회 병원을 오폭해 서른 명의 사상자와 다수 실종자가 발생한다"
"972","대망 972화","GA-C48","전진","혁권은 K2 현지 테스트 성공 뒤 평가단 로비비로 3천만 달러를 베팅하고, 미국·독일 업체가 금수조치로 이탈하면 빈 살만을 설득해 수의계약으로 바꾸려 한다","5","6","5","6","4","4","4","7","전쟁이 격화되는 동안 김인철은 앙헬레스에서 신원을 바꾸기 위한 비밀 안면수술에 들어간다. → 우랄바곤자보드가 T-14 아르마타를 대당 650만 달러에 제안했다는 변수 앞에서 다바그가 파워팩 없이 보관된 K2 100여 대를 협상 카드로 지목한다"
"973","대망 973화","GA-C48","전진","혁권은 야적 K2 100여 대를 6개월 내 직도입하는 방안을 윤도중과 조율한 뒤, 오천구에게 현금 5억 원이 든 사과 상자를 건네 정부 승인을 청탁한다","5","6","5","6","4","4","4","7","전쟁이 격화되는 동안 김인철은 앙헬레스에서 신원을 바꾸기 위한 비밀 안면수술에 들어간다. → 오천구가 비자금을 받고 도움을 잊지 않겠다고 약속한다"
"974","대망 974화","GA-C48","전진","혁권은 추가 사과 상자를 조건으로 야적 K2의 사우디 판매 승인을 부탁하고 오천구는 대통령에게 말하겠다고 답하며, 대통령은 경기침체와 레임덕을 막기 위한 최소 20조 원 추경 편성을 지시한다","5","6","5","7","4","4","4","7","전쟁이 격화되는 동안 김인철은 앙헬레스에서 신원을 바꾸기 위한 비밀 안면수술에 들어간다. → 오천구가 150억 달러 규모 한·사우디·UAE 차기 전차 프로젝트를 대통령에게 새로운 홍보 카드로 제시한다"
"975","대망 975화","GA-C48","압박","대통령은 야적 K2 100여 대의 사우디 판매와 3차 양산분 50대 추가를 승인하고, 오천구는 대포폰으로 성공을 알린 뒤 두 번째 사과 상자를 받기로 하며, 혁권은 소현의 약혼반지로 18캐럿 에메랄드컷 다이아몬드 디자인을 고른다","6","4","5","7","4","7","4","4","전쟁이 격화되는 동안 김인철은 앙헬레스에서 신원을 바꾸기 위한 비밀 안면수술에 들어간다. → 혁권이 “청혼 한번 하기 정말 힘들군”이라며 준비 부담을 토로한다"
"976","대망 976화","GA-C48","압박","혁권은 5,500만 달러 KGGB 3차 계약 체결을 확인하고, 아브하 공항 드론 공격 직후 빈 살만에게 미·독 업체 이탈 시 코리아 컨소시엄과 수의계약하고 K2 100대를 6개월 안에 납품하겠다고 제안한다","6","6","5","8","4","4","4","7","전쟁이 격화되는 동안 김인철은 앙헬레스에서 신원을 바꾸기 위한 비밀 안면수술에 들어간다. → 빈 살만이 야적장에 늘어선 K2 사진을 보고 낮은 탄성을 터뜨린다"
"977","대망 977화","GA-C48","전환","빈 살만은 K2 100대 조기 납품안을 긍정 검토하고, 윤도중은 러시아 T-14 개입을 막기 위해 남은 로비 자금 전액 투입에 동의하며, 미국 대통령은 스캔들에 휩싸인 섀너핸을 정리하고 에스퍼드를 국방장관으로 지명한다","6","4","5","7","4","4","4","4","전쟁이 격화되는 동안 김인철은 앙헬레스에서 신원을 바꾸기 위한 비밀 안면수술에 들어간다. → 제리 비서실장이 민주당의 새 중동 무기 금수 법안이 근소한 차로 상원을 통과할 전망이라고 보고한다"
"978","대망 978화","GA-C48","전환","미국 대통령은 공화당 반란표 때문에 금수법 저지가 어렵자 무기 판매 포기를 민주당 공격에 이용하기로 하고, 혁권은 바삼 UAE 국방장관에게 골드바를 건네 로비를 마친다","6","4","7","6","4","4","4","4","전쟁이 격화되는 동안 김인철은 앙헬레스에서 신원을 바꾸기 위한 비밀 안면수술에 들어간다. → 미 상원에 금수 강화 법안이 상정되자 빈 살만이 정식 제안서를 요구하고 혁권은 즉시 전용기로 리야드로 향한다"
"979","대망 979화","GA-C48","결산/다음 훅","미 상원의 금수 강화법 통과와 독일의 금수 6개월 연장 전망 속에 빈 살만은 코리아 컨소시엄과 수의계약 방침을 밝히고, 혁권은 K2의 안정성과 100대 조기 납품 및 한·사우디 4세대 전차 공동개발을 내세워 T-14 아르마타 대안을 물리친다","5","8","9","8","4","4","4","7","전쟁이 격화되는 동안 김인철은 앙헬레스에서 신원을 바꾸기 위한 비밀 안면수술에 들어간다. → 빈 살만이 정부의 수의계약 전환 공식 발표를 예고하며 정식 계약 준비를 명령한다"
"980","대망 980화","GA-C49","도입/약속","혁권은 150억 달러 차기 전차 프로젝트 수주 확답을 얻고, 안면수술을 마친 김인철은 눈매·입술·턱·코가 달라진 새 얼굴을 확인한 뒤 로페즈에게 의사와 간호사를 뒤끝 없이 처리하라고 지시한다 이어 [#암운暗雲] 성형한 김인철이 위조 여권으로 입국해 베레타 M9을 챙기고 혁권 살해를 선언하며, 소현을 배웅한 혁권은 최필성에게서 이란산 원유 제재로 생긴 DK정유의 긴급 구매 요청을 받는다","5","6","5","8","4","7","4","7","안면수술을 끝낸 김인철은 달라진 눈매·입술·턱·코를 확인하고 로페즈에게 의사와 간호사를 처리하라고 지시한다. 여기에 김인철이 거울 속 낯선 얼굴을 노려보며 모든 것을 되갚을 복수의 시간이 왔다고 선언한다 이어 최필성이 혁권에게 원유 거래를 계속하는지 확인한다라는 새 불확실성도 겹친다. → 김인철이 거울 속 낯선 얼굴을 노려보며 모든 것을 되갚을 복수의 시간이 왔다고 선언한다 이어 최필성이 혁권에게 원유 거래를 계속하는지 확인한다"
"981","대망 981화","GA-C49","전진","혁권은 DK정유에 매달 300~400만 배럴, 우선 2주 안에 200만 배럴을 배럴당 10센트 웃돈으로 공급하고 유조선 추가 확보를 지시하며, 전병주는 특수부장 승진을 대가로 스카이 월드 시티 비리에서 천대업 등 정치인과 증거를 제외·조작한다","5","5","7","7","4","4","4","4","안면수술을 끝낸 김인철은 달라진 눈매·입술·턱·코를 확인하고 로페즈에게 의사와 간호사를 처리하라고 지시한다. → 귀가하던 전병주에게 국내 잠입한 김인철이 전화해 당장 만나자고 요구한다"
"982","대망 982화","GA-C49","압박","성형한 김인철은 전병주를 협박해 혁권 복수에 협력시키고, 혁권은 DK정유 계약과 수에즈막스급 유조선 3척 임대를 확정한 뒤 소현의 반지용 시에라리온산 대형 다이아 원석 세공을 정빛나에게 맡긴다","6","6","5","7","4","7","4","7","안면수술을 끝낸 김인철은 달라진 눈매·입술·턱·코를 확인하고 로페즈에게 의사와 간호사를 처리하라고 지시한다. → 감방의 지배자로 지내던 차민성에게 정체불명의 변호사 면회가 통보된다"
"983","대망 983화","GA-C49","압박","김인철은 변호사의 휴대전화로 차민성에게 배신의 대가를 경고하고, 사형수 정두희는 가족을 위한 청부임을 밝히며 날카롭게 간 칫솔로 차민성의 심장을 여러 차례 찌른다","6","4","5","7","4","7","4","4","안면수술을 끝낸 김인철은 달라진 눈매·입술·턱·코를 확인하고 로페즈에게 의사와 간호사를 처리하라고 지시한다. → 피를 토한 차민성이 쓰러지고 정두희가 피 묻은 흉기를 든 채 접근을 막는다"
"984","대망 984화","GA-C49","결산/다음 훅","차민성의 사망이 확인되고 혁권은 우발사로 보기 어렵다며 내막 조사를 지시하며, 김인철은 러시아 마피아 다에프에게 선금 60만 달러와 잔금 100만 달러로 혁권 살해를 맡긴다","5","8","7","7","4","7","4","7","안면수술을 끝낸 김인철은 달라진 눈매·입술·턱·코를 확인하고 로페즈에게 의사와 간호사를 처리하라고 지시한다. → 혁권을 감시하던 국정원 요원들이 폐업한 통닭집 앞 구형 소나타의 장기 주차를 수상히 여긴다"
"985","대망 985화","GA-C50","도입/약속","국정원 요원들이 소나타를 확인하다 필리핀인들에게 총격당해 최준영은 숨지고 윤종열은 중태에 빠지며, [#폭풍우 치는 밤] 심인성은 범인 총추적을 명령하고 김인철은 사고 친 감시조를 즉시 출국시키려 한다","6","6","7","8","6","7","4","7","차량을 감시하던 필리핀인들이 요원들에게 총격을 가해 최준영을 죽이고 윤종열에게 중상을 입힌다. 여기에 총격 사건을 숨긴 세력의 존재를 감지한 혁권 앞에 심인성 과장이 찾아온다라는 새 불확실성도 겹친다. → 총격 사건을 숨긴 세력의 존재를 감지한 혁권 앞에 심인성 과장이 찾아온다"
"986","대망 986화","GA-C50","전진","심인성은 혁권에게 총격범 단서를 묻지만 얻지 못하고, 혁권은 백성균에게 배후 추적을 명령하며, 김인철은 전병주에게 다음 날의 습격 지원을 강요한다","7","6","5","6","8","7","4","7","차량을 감시하던 필리핀인들이 요원들에게 총격을 가해 최준영을 죽이고 윤종열에게 중상을 입힌다. → 국정원은 범인들이 김포·나리타를 거쳐 마닐라로 도주했음을 확인하고 심인성은 계속되는 불길한 예감에 시달린다"
"987","대망 987화","GA-C50","전진","록신의 덤프트럭이 밴 옆구리를 들이받아 차량을 상가로 튕겨 낸다.","5","4","5","7","4","7","4","7","소현은 장기 손상과 과다출혈을 입고 도형석을 포함한 동승자들도 치명상을 입는다. → 백성균에게 소현의 교통사고와 위독한 상태를 알리는 전화가 걸려 온다."
"988","대망 988화","GA-C50","압박","혁권이 경호 차량대를 출발시키자 김인철은 전병주와 다에프에게 매복 작전 실행을 지시한다.","7","4","5","7","4","7","7","7","소현의 장기 손상과 과다출혈 때문에 시간이 없고 적은 이동 경로까지 예상했다. → 선두 경호차가 임시 검문소에 걸린다."
"989","대망 989화","GA-C50","전환","다에프 일당이 지하주차장에서 집중사격하고 혁권 일행은 차량을 엄폐물로 삼아 비상구로 후퇴한다.","9","4","5","7","8","7","4","7","이형민 등 경호원들이 쓰러지고 임영식까지 피격돼 인원과 탄약이 급감한다. → 임영식이 쓰러진 뒤 생존자들이 비상계단으로 내몰린다."
"990","대망 990화","GA-C50","결산/다음 훅","다에프 일당을 경찰 도착 압박으로 물리친 뒤 비상계단에서 김인철·로페즈와 총격을 주고받는다.","9","6","7","6","6","7","7","7","경호원과 탄창이 거의 소진됐고 김인철은 위쪽에서 기습 각도를 선점했다. → 김인철이 쓰러진 혁권에게 마무리 사격을 하려 내려온다."
"991","대망 991화","GA-C51","도입/약속","지원 경호원들이 계단으로 진입해 김인철·로페즈를 밀어내고 혁권을 응급실로 옮긴다.","9","6","5","8","6","7","4","7","도형석과 부하 다섯 명이 이미 죽었고 소현도 장기 치료가 필요한 중상이다. → 임영식까지 죽었다는 보고에 혁권이 배후를 반드시 찾겠다고 분노한다."
"992","대망 992화","GA-C51","전진","혁권은 라브로프계 러시아 마피아와 동남아계 일당의 연계를 파악해 보이는 적부터 쓸어버리라 하고, 심인성은 불심검문을 지시한 전병주의 연루를 확신해 정보를 혁권에게 흘리며, 백성균은 블라디보스토크로 밀항하려는 러시아 조직원 네 명의 은신처를 찾아낸다","5","6","5","8","4","4","4","7","지원 경호원들이 도착해 추가 사격을 막지만 혁권은 두 발을 맞고 응급수술에 들어간다. → 백성균이 러시아 조직원들은 결코 출국하지 못할 것이라 단언한다"
"993","대망 993화","GA-C51","압박","백성균 일행은 다예프 등 러시아 조직원 네 명을 일방적으로 제압·생포하고 배후를 캐려고 다예프의 무릎을 부수며, 전병주는 영일 대학병원 총격 연루와 서원건설 비리 투서로 업무 배제를 당하자 비트코인·비리 장부·보이스 레코더를 챙겨 사무실을 떠난다","8","6","5","7","8","4","4","7","지원 경호원들이 도착해 추가 사격을 막지만 혁권은 두 발을 맞고 응급수술에 들어간다. → 전병주의 승용차 뒤로 짙게 선팅한 차량이 은밀히 따라붙는다"
"994","대망 994화","GA-C51","결산/다음 훅","혁권의 부하들이 전병주를 납치하고, 혁권은 약물을 투여해 김인철이 성형한 얼굴로 국내에 들어와 습격을 사주했으며 버진아일랜드 비자금 계좌 세 개를 숨겼다는 자백과 수첩을 확보한다","7","7","9","6","8","7","4","4","지원 경호원들이 도착해 추가 사격을 막지만 혁권은 두 발을 맞고 응급수술에 들어간다. → 혁권은 스텐저에게 계좌 확인을 맡기고 전병주의 추가 정보를 캐낸 뒤 흔적 없이 처리하라고 명령한다"
"995","대망 995화","GA-C52","도입/약속","심인성에게 새 얼굴 사진을 넘기고 CIA에는 이란 혁명수비대 비밀계좌를 대가로 도이치뱅크 계좌 공개를 요구한다.","5","4","5","7","6","7","7","4","총상 부위가 다시 벌어졌지만 입원하면 김인철을 놓칠 수 있고 독일 대형은행도 고객 비밀을 지키려 한다. → 의사는 벌어진 상처를 보고 입원을 권하지만 혁권은 추적을 멈추지 않는다."
"996","대망 996화","GA-C52","전진","김인철은 전병주 살해범을 혁권으로 단정해 MILF 출신 용병 고용을 지시하고, 심인성은 전병주의 뇌물 장부·녹음·비밀계좌로 최익선을 협박해 검찰의 추궁을 막으며, 혁권은 잠든 소현을 찾아간다","5","4","5","7","4","7","4","4","전병주는 펜타닐 과다복용으로 위장된 시체로 발견되고, 의사는 다시 벌어진 혁권의 어깨·복부 상처 때문에 입원을 권한다. → 소현이 인기척에 깨어 혁권을 “오빠”라고 부른다"
"997","대망 997화","GA-C52","전진","소현은 습격을 혁권 탓으로 돌리지 않고 그의 귀환을 기다리겠다고 약속하며, 혁권은 CIA 압박에도 소극적인 칼 하인츠에게 아메리칸 에너지 현금성 자산 28억 달러 전액 예치를 제안해 적극 협조를 요구한다","6","6","7","7","6","7","4","7","전병주는 펜타닐 과다복용으로 위장된 시체로 발견되고, 의사는 다시 벌어진 혁권의 어깨·복부 상처 때문에 입원을 권한다. → 칼 하인츠가 예치 조건이 그것뿐인지 되묻는다"
"998","대망 998화","GA-C52","압박","칼 하인츠가 28억 달러 예치 조건을 받아들이고 도이치뱅크의 계좌 추적으로 김인철의 잠보앙가 은신처와 MILF 용병대금 100만 달러 인출이 드러나며, 혁권이 15명과 현지에 도착하자 김인철은 그날 밤 선제 습격을 명령한다","7","6","7","7","6","7","4","7","전병주는 펜타닐 과다복용으로 위장된 시체로 발견되고, 의사는 다시 벌어진 혁권의 어깨·복부 상처 때문에 입원을 권한다. → 해 질 무렵 리조트 발코니에 있던 혁권에게 백성균이 찾아온다"
"999","대망 999화","GA-C52","압박","혁권은 소현에게 줄 다이아몬드 반지를 보며 술을 마시고, 태영준은 갑자기 벌레 소리가 끊긴 것을 감지해 팀원 무장을 지시하지만 김인철은 용병 스무 명과 경호원들에게 리조트의 전원을 몰살하라고 명령해 총격을 시작한다","7","6","5","7","6","7","4","7","전병주는 펜타닐 과다복용으로 위장된 시체로 발견되고, 의사는 다시 벌어진 혁권의 어깨·복부 상처 때문에 입원을 권한다. → 혁권이 습격을 확인한 순간 폭발과 함께 유리창이 깨지고 총탄이 객실로 쏟아진다"
"1000","대망 1000화","GA-C52","압박","태영준 팀이 AK-47·RPK·RPG 공격을 저지하고 김선호가 RPG 사수 둘을 저격하지만 제압사격에 밀리자, 혁권은 연막탄과 수류탄 엄호 아래 하킴·라미·아미르와 담장을 넘어 적 측면으로 우회한다","7","4","5","7","6","4","4","4","전병주는 펜타닐 과다복용으로 위장된 시체로 발견되고, 의사는 다시 벌어진 혁권의 어깨·복부 상처 때문에 입원을 권한다. → 혁권 일행이 숲을 가로질러 용병들의 측면 직전까지 은밀히 접근한다"
"1001","대망 1001화","GA-C52","전환","혁권의 첫 탄은 김인철을 스치고 어깨만 맞히지만 양면 협공으로 용병대를 궤멸시키며, 김인철이 벤츠 G바겐으로 달아나자 라미의 볼보가 추격·총격·차량 충돌 끝에 두 차를 도로 밖 나무로 밀어붙인다","8","4","5","7","8","7","4","4","전병주는 펜타닐 과다복용으로 위장된 시체로 발견되고, 의사는 다시 벌어진 혁권의 어깨·복부 상처 때문에 입원을 권한다. → 볼보와 G바겐이 아름드리나무에 충돌해 엔진 연기를 내며 멈춘다"
"1002","대망 1002화","GA-C52","결산/다음 훅","로페즈를 확인사살하고 김인철과 근접 총격을 벌인 뒤 허벅지와 머리에 총탄을 박는다.","9","10","10","8","8","7","7","4","혁권은 어깨 관통상과 다시 터진 옆구리 상처를 입고 하킴 등 부하들도 중상을 입는다. → 소현이 “무조건 예스”라고 답하고 혁권이 사랑을 고백하며 작품이 완결된다."
