ordinal,arc_id,end_sequence,source_lines,result,paid_reward_before,paid_reward_after,ending_hook_before,ending_hook_after,closed_loops_after,opened_loops_after,pacing_result,evidence_note,batch_status
"001","DCA-N01","10","L2018~L2167","EDIT","퀀텀펀드 장기 동맹, 조지·짐 추천서, 파운드 공격의 마지막 일격 지위와 40억 달러의 독자 운용 여력을 얻는다.","퀀텀펀드의 모든 통화전쟁 장기동맹과 파운드 공격 60억 달러 공동투자 조건, 조지·짐의 추천서 작성 약속, 남은 40억 달러 운용 여력을 얻는다. 추천서 원본과 파운드 붕괴 수익은 아직 미지급이다.","한정훈이 파운드 TF와 퀀텀 대화 채널을 만들고 김민재는 대학 입학 뒤에도 굵직한 투자·영입만 직접 개입하려 한다.","한정훈이 파운드 TF·퀀텀 대화 채널을 맡고, 대학에 갈 김민재는 굵직한 투자·영입만 직접 챙기는 SAVE 자율운영을 실제로 버티게 할 수 있는가?","제프리 영입·SAVE 운영축; 퀀텀 장기동맹·60억 달러 투자 합의; 조지·짐의 추천서 작성 약속","추천서 실제 수령; 영국 파운드화 붕괴·보험금; 대학 입학·조기졸업; 제프리의 IT 투자","EDIT_NOTE;KEEP_T7_R7_H6_RIBBON","L2018~L2167: 조지는 모든 통화전쟁 동맹과 60억 달러 투자를 구두 수락하고 40억 달러 운용여력이 남는다. 조지·짐은 추천서를 써 주겠다고만 했고 원본 수령 장면은 없다.","ENDPOINT_AUDIT_44_OF_131"
"002","DCA-N01B","15","L2852~L3024","KEEP","푸틴의 감사 메시지, 하버드 3년 조기졸업, 귀국 뒤 김태중의 식탁 환대를 받는다. 배터리 교수 접촉·계약·지분 취득은 이 화에 없다.","푸틴의 감사 메시지, 하버드 3년 조기졸업, 귀국 뒤 김태중의 식탁 환대를 받는다. 배터리 교수 접촉·계약·지분 취득은 이 화에 없다.","기획실 대신 창원 부품공장을 택해 5년 갈아 온 칼을 처음 쓰겠다고 결심한다.","기획실 대신 창원 부품공장을 택해 5년 갈아 온 칼을 처음 쓰겠다고 결심한다.","하버드 과정; 푸틴 첫 지원; 퀀텀 프랑화 대응 방향","태우 내부 수술; 제프리의 아마존 창업; 배터리 교수 지원·지분협상과 실제 계약","KEEP_T6_R8_H8_RIBBON_NOTE","L2852~L3024: 푸틴 감사·하버드 3년 졸업·김태중의 귀국 식탁은 확인된다. 배터리 자료는 데이비드에게 건네 최대 지분을 받아 오라고 지시할 뿐 교수 접촉·계약은 없다.","ENDPOINT_AUDIT_44_OF_131"
"003","DCA-N02","31","L5819~L6005","KEEP","명동 간섭 제거·47명 숙청과 감사팀 개혁 성과를 얻지만 기술연구소장으로 밀어낼 사장단 합의가 생긴다.","명동 간섭 제거·47명 숙청과 감사팀 개혁 성과를 얻지만 기술연구소장으로 밀어낼 사장단 합의가 생긴다.","박진훈이 태우전자 기술연구소장 승진안을 김태중 귀국 사장단 회의에 올리기로 한다.","박진훈이 태우전자 기술연구소장 승진안을 김태중 귀국 사장단 회의에 올리기로 한다.","이선일 동맹 실질 수락; 이준수 파벌 징계","기술·경제연구소 인사; 사장단의 유배 함정; 이선일 정보 거래","KEEP_T6_R5_H7_RIBBON_NOTE","L5819~L6005: 이선일이 조건을 받아들이고 박 대위가 이준수를 끌어내며 다음 날 47명 인사조치가 게시된다. 말미에는 박진훈이 기술연구소장 안을 다음 사장단 회의에 올리기로만 한다.","ENDPOINT_AUDIT_44_OF_131"
"004","DCA-N03","52","L9579~L9758","EDIT","박진훈을 축출하고 이노폰의 월 10만 대 이상 수요와 태우전자 사장 추천을 얻는다","국내 재고 30만 대 완판, 미국 30만 대·유럽과 한국 각 10만 대 주문, 월 10만 대 이상 수요를 확인하고 박진훈 퇴진과 사장단의 만장일치 태우전자 사장 추천을 받는다.","김민재가 요구한 것은 사장 직함이 아니라 지분이다. 김태중이 태우전자의 실제 소유권을 넘길 것인가?","김민재가 요구한 것은 사장 직함이 아니라 지분이다. 김태중이 태우전자의 실제 소유권을 넘길 것인가?","이노폰 허위보도; 국내 재고 30만 대 완판과 해외·국내 주문; 박진훈 퇴진; 태우전자 사장 추천","태우전자 지분 상속과 소유주로서의 경영권은 요구만 제시된 채 남는다","KEEP_T8_R10_H9_RIBBON_NOTE","L9579~L9758: 국내 재고 30만 대가 완판되고 미국 30만 대·유럽과 한국 각 10만 대 주문, 월 10만 대 이상 수요가 확인된다. 박진훈 퇴진과 만장일치 사장 추천 뒤 마지막은 직함 아닌 지분 요구다.","ENDPOINT_AUDIT_44_OF_131"
"005","DCA-N04","71","L13025~L13225","EDIT","황영철 팀·MP3 기술을 애플 개발로 살리고 전 계열사를 조정할 사장급 기획본부장 역할을 얻는다","황영철의 디지털케이스 지분 전량 양도 의사, 직원 보너스용 50억 원 지급 약속, 직원·황영철의 애플 재출발 경로와 김태중의 세계화 구상 동의를 얻는다. 우성일 사장 임명·김민재 기획실 발령·MCA 지분 취득은 아직 실행 전이다.","그룹 기획본부장으로서 첫 세계화 표적을 어느 나라와 어떤 제품으로 잡을 것인가?","김태중의 동의를 실제 기획실 인사로 만들고, 한정훈이 파나소닉의 MCA 레코드 지분을 받아 첫 세계화·음원축을 열 수 있는가?","엠피맨 실패 진단; 디지털케이스 지분 양도·50억 원 지급 합의; 직원·황영철의 애플 이동 경로; 그룹 세계화 방향 동의","우성일 사장 임명·김민재 기획실 발령; MCA 레코드 지분 협상·취득; 중국 자동차 진출","EDIT_R7_TO_R6_AND_NOTE;KEEP_T5_H7_RIBBON","L13025~L13225: 황영철은 지분 전량 양도를 말하고 김민재는 직원 보너스용 50억 원 당일 지급을 약속한다. 한정훈은 MCA 협상에 출발하고 김태중은 세계화 구상에 동의하지만 사장 임명·기획실 발령·MCA 취득은 없다.","ENDPOINT_AUDIT_44_OF_131"
"006","DCA-N05","77","L14142~L14342","EDIT","전자상거래·음원·HTS 전담팀과 자유출퇴근제, 이를 실제로 밀어붙일 제프리를 확보한다","전자상거래·음원·HTS 전담팀과 자유출퇴근제, 이를 실제로 밀어붙일 제프리를 확보한다","제프리의 방식이 직원 이탈 없이 제품을 내고 다가오는 외환위기 전 현금원을 만들 수 있는가?","도착 30분 만에 전자상거래팀을 뒤엎은 제프리의 지옥훈련을 직원들이 버티고 네 프로젝트를 실제 제품으로 완성할 수 있는가?","전자상거래·음원·HTS·호텔예약/A·S 네 팀의 채용·역할·자율출퇴근제와 제프리 투입","제프리의 한 달 훈련과 직원 이탈 여부; 전자상거래·HTS·호텔예약·A/S 네 프로젝트의 완성","KEEP_T6_R7_H7_RIBBON_NOTE","L14142~L14342: 100명을 네 프로젝트에 배치하고 자유출퇴근제를 시행한 뒤 제프리가 실제 입국해 30분 만에 코드를 뜯어본다. 마지막 프레임은 한 달 훈련이며 일본 차입·외환위기는 이 화에서 열리지 않는다.","ENDPOINT_AUDIT_44_OF_131"
"007","DCA-N06","86","L15802~L15983","KEEP","IMF 우호관계와 애플의 소비자·주가 보상을 얻어 국내 위기 매물을 살 명분과 자산가치를 키운다","IMF 우호관계와 애플의 소비자·주가 보상을 얻어 국내 위기 매물을 살 명분과 자산가치를 키운다","귀국한 다이먼이 재계 4위 카이자동차를 어느 가격과 조건으로 가져올 것인가?","귀국한 다이먼이 재계 4위 카이자동차를 어느 가격과 조건으로 가져올 것인가?","무부채 태우의 IMF 설명과 아이팟·음원사이트 첫 출시 검증을 닫는다","카이자동차 인수와 국내 음원·통신 시너지는 새 과제로 열린다","KEEP_T5_R9_H8_RIBBON_NOTE","L15802~L15983: IMF 신뢰를 확인한 뒤 아이팟이 사흘 만에 완판되고 애플 주가가 두 배로 오른다. 말미에 다이먼에게 카이자동차를 표적으로 지정해 다음 인수전만 연다.","ENDPOINT_AUDIT_44_OF_131"
"008","DCA-N07","90","L16548~L16721","EDIT","카이차 회생 책임자와 CL 승계판을 흔들 수 있는 장녀의 불만·접근권을 확보한다","카를로스 곤의 한국행·카이자동차 대표 수락, 5년 이상 고용·500만 달러 보수·독립경영 합의를 얻고 김태중에게 정식 소개한다. 고연진과는 첫 맞선·인사만 시작했을 뿐 승계동맹은 없다.","고연진에게 장녀 승계를 독려하면 CL이 먼저 자산 교환을 고민하게 만들 수 있는가?","고연진과의 첫 대화에서 그녀가 CL 복지재단·가족 승계에 관해 실제로 무엇을 원하는지 확인할 수 있는가?","카를로스 곤의 카이자동차 대표 수락·한국행·김태중 소개","고연진의 현재 의사 확인; CL 승계분쟁 가능성; 베리뮤직·CL 자산교환","KEEP_T5_R8_H7_RIBBON_NOTE","L16548~L16721: 카를로스는 500만 달러·5년 이상·독립경영을 받아 한국에 와 김태중을 만난다. 고연진과는 인사와 날씨 대화만 있고 승계 불만은 회귀 기억 속 미래소송 정보다.","ENDPOINT_AUDIT_44_OF_131"
"009","DCA-N07B","95","L17446~L17615","KEEP","스타벅스 한국법인 50대50 독점권과 전자 20% 성장, 건설 재건의 명확한 문제표를 얻는다","스타벅스 한국법인 50대50 독점권과 전자 20% 성장, 건설 재건의 명확한 문제표를 얻는다","태우전자 보고가 끝나고 태우건설 차례가 오자 외환위기로 건설경기가 얼어붙은 현실이 회의실을 누른다","태우전자 보고가 끝나고 태우건설 차례가 오자 외환위기로 건설경기가 얼어붙은 현실이 회의실을 누른다","스타벅스 독점계약과 태우전자 연간 실적 평가를 완료한다","장수영이 수주 공백을 어떻게 설명하고 태우건설을 살릴 외부 사업을 어디서 구할지는 미결이다","KEEP_T5_R7_H5_RIBBON_NOTE","L17446~L17615: 스타벅스 한국법인 50대50 권리가 닫히고 태우전자 20% 성장 수치가 확인된다. 사장단 보고 마지막은 외환위기 속 태우건설 수주공백으로 멈춘다.","ENDPOINT_AUDIT_44_OF_131"
"010","DCA-N07C","97","L17785~L17953","EDIT","지하철 9호선·거가대교 운영권과 태우건설의 대형 시공물량·도급 1위 반전 기반을 얻는다","퀀텀펀드의 명칭·지분 7% 참여와 9호선 총 3조5천억 원 중 9천억 원 투자, 30년 MRG·요금결정·운영권이 담긴 서명 계약을 얻는다. 태우건설 주 시공사 지정·9호선 확장 변경·거가대교 수주와 40년 운영권은 아직 미지급이다.","사장단 앞에 이 수주를 공개하면 장수영과 태우건설의 위상이 어떻게 바뀔 것인가?","다이먼이 거가대교 1조9천억 원 전액투자·40년 운영안을 정부에 제시해 확답을 받고 태우건설 주 시공까지 확정할 수 있는가?","퀀텀 명칭·7% 참여 합의; 정부의 민자사업 발표; 9호선 30년 MRG·요금결정·운영 계약 날인","9호선 확장 계약변경·태우건설 주 시공사 지정; 거가대교 전액투자·40년 운영 협상; 다섯 추가 사업","EDIT_R9_TO_R8_AND_NOTE;KEEP_T6_H7_RIBBON","L17785~L17953: 9호선 3조5천억 원·컨소시엄 9천억 원·30년 계약은 실제 날인된다. 거가대교는 정부 확답 없이 가능성 90%로 계산하고 전액투자·40년안을 이제 협상하라고 지시한다.","ENDPOINT_AUDIT_44_OF_131"
"011","DCA-N08","101","L18492~L18661","KEEP","린지 흥행과 플랫폼의 기하급수적 가입, 일일 수천만 원 수수료가 선행 투자 논리를 실제 매출로 입증한다","린지 흥행과 플랫폼의 기하급수적 가입, 일일 수천만 원 수수료가 선행 투자 논리를 실제 매출로 입증한다","이영한과 악수한 민재의 손에는 사람 체온이 아니라 냉혈동물을 만진 듯한 차가움만 남는다","이영한과 악수한 민재의 손에는 사람 체온이 아니라 냉혈동물을 만진 듯한 차가움만 남는다","100화에서 미지급이던 플랫폼의 첫 주 성과는 가입·매출 급증으로 확인된다","이선일이 왜 갑자기 죽었는지, 이영한의 차가운 태도가 무엇을 숨기는지, 불법 복제 공세가 효과를 낼지는 풀리지 않는다","KEEP_T6_R7_H8_RIBBON_NOTE","L18492~L18661: 린지 가입과 HTS 일일 수천만 원 수수료가 실제 반복매출로 확인된다. 마지막은 이선일 장례에서 이영한과 악수한 손의 냉기라 원인·관계가 열린다.","ENDPOINT_AUDIT_44_OF_131"
"012","DCA-N09","111","L20251~L20420","KEEP","오성파 두목이 체포되고 이영한은 명동 70%를 접수하며, 태우 게임단은 숙소·장비·선수 계약과 케이블 공식대회 중계까지 준비를 마친다","오성파 두목이 체포되고 이영한은 명동 70%를 접수하며, 태우 게임단은 숙소·장비·선수 계약과 케이블 공식대회 중계까지 준비를 마친다","OTT는 아직 컴퓨터 화면과 불법 다운로드에 막혀 있고, 민재는 상반기 인터넷 TV가 그 병목을 깨기만 기다린다","OTT는 아직 컴퓨터 화면과 불법 다운로드에 막혀 있고, 민재는 상반기 인터넷 TV가 그 병목을 깨기만 기다린다","오성파 수사 동원, 이준수 암살 정황의 공개, 게임단의 실제 창설 준비가 결산된다","박동하의 고립이 최종 퇴장으로 이어질지, 인터넷 TV가 OTT 이용을 되살릴지는 남아 있다","KEEP_T6_R8_H6_RIBBON_NOTE","L20251~L20420: 오성파 두목 체포·이영한의 명동 70% 접수와 게임단 숙소·장비·선수계약·케이블 중계 준비가 확인된다. 마지막은 인터넷TV가 OTT 병목을 깰 때까지 기다리는 상태다.","ENDPOINT_AUDIT_44_OF_131"
"013","DCA-N10","116","L21123~L21297","KEEP","일본 대부업체를 상대로 한 300억 달러 계약이 전량 체결되고, 태우통신은 2위와 10% 넘는 격차를 유지하며 인터넷 강의 일부 유료화까지 확정한다","일본 대부업체를 상대로 한 300억 달러 계약이 전량 체결되고, 태우통신은 2위와 10% 넘는 격차를 유지하며 인터넷 강의 일부 유료화까지 확정한다","새해가 오면 현재그룹과 태우그룹의 재계 순위가 뒤바뀔 만큼 격차가 좁혀졌다는 전망으로 1999년 회의가 끝난다","새해가 오면 현재그룹과 태우그룹의 재계 순위가 뒤바뀔 만큼 격차가 좁혀졌다는 전망으로 1999년 회의가 끝난다","IT 파생상품 판매 목표와 Y2K 대형사고 우려, 통신 격차·강의 수익화가 당대 결산을 얻는다","닷컴 거품이 실제로 터져 계약금이 회수될지, 2000년의 재계 1위 교대가 어떤 사건으로 확정될지가 남는다","KEEP_T5_R8_H5_RIBBON_NOTE","L21123~L21297: 일본 대부업체 상대 계약 전량 체결, 태우통신의 10% 넘는 격차와 인터넷강의 일부 유료화가 현재 지급이다. 재계 순위 역전은 새해 전망일 뿐 완료가 아니다.","ENDPOINT_AUDIT_44_OF_131"
"014","DCA-N11","124","L22596~L22793","KEEP","러시아 천연자원 개발과 현지 자동차·전자 공장 혜택이 김태중에게 전달되고, 월가를 섞어 위험을 분산하는 사업안도 승인을 얻는다","러시아 천연자원 개발과 현지 자동차·전자 공장 혜택이 김태중에게 전달되고, 월가를 섞어 위험을 분산하는 사업안도 승인을 얻는다","김태중이 방으로 들어간 뒤 민재는 미안함을 느끼면서도 새로운 태우그룹을 만들려면 물갈이가 필요하다고 결론낸다","김태중이 방으로 들어간 뒤 민재는 미안함을 느끼면서도 새로운 태우그룹을 만들려면 물갈이가 필요하다고 결론낸다","러시아 출장 성과의 국내 보고와 장수영에 대한 김태중의 보호 여부는 현재 화에서 답을 얻는다","마음이 상한 장수영이 실제 사표 뒤 어떤 행동을 할지, 민재와 김태중 사이의 관계 비용이 얼마나 번질지는 남는다","KEEP_T7_R8_H6_RIBBON_NOTE","L22596~L22793: 푸틴 취임식 뒤 러시아 자원·현지 공장 혜택을 보고하고 월가를 섞는 위험분산안에 김태중이 동의한다. 장수영은 직접 결판내라는 답만 받고 실제 사표·해임은 없다.","ENDPOINT_AUDIT_44_OF_131"
"015","DCA-N12","134","L24409~L24613","EDIT","애플 주가와 태우 반도체 수요 회복의 근거를 얻는다","아이폰의 CES 공개·음악·OTT 실연, 태우전자·태우통신 공식 언급, 애플 주가 반등과 최소 300만 명 대기수요를 확인하고 태우IT 50명 지원을 정한다. 정식 출시·반도체 수율 70%는 아직 남는다.","미국 취임식 이후 정치 관계와 국내 공격 조짐을 살펴야 한다","부시 대통령 취임식장에 도착한 김민재가 새 미국 정권과 어떤 보호·거래 관계를 맺을 것인가?","아이폰 CES 공개·기능 시연; 최소 300만 명 대기수요·애플 주가 반등; 태우IT 50명 지원 결정","아이폰 정식 출시·오류 최적화; 반도체 수율 70%; 부시 정권 첫 접촉","KEEP_T5_R9_H6_RIBBON_NOTE","L24409~L24613: CES에서 아이폰 음악·OTT·록키가 실연되고 태우전자·태우통신이 언급되며 최소 300만 명 대기와 애플 주가 반등이 확인된다. 끝은 취임식 이후 요약이 아니라 부시 취임식장 도착이다.","ENDPOINT_AUDIT_44_OF_131"
"016","DCA-N13","142","L25922~L26107","EDIT","가족 생존과 태우의 경영 승계를 함께 지킨다","윤현길의 평생 미끼·정보보고 약속과 태우 보좌관·24시간 감시선을 확보하고, 김태중의 즉시 완전은퇴 대신 1년 베트남 체류·김민재 임시 경영 구도를 얻는다. 회장 승계는 아직 공식 실행되지 않는다.","김태중이 베트남으로 떠난 뒤 민재 혼자 한 달 남은 아이폰 국내 출시와 그룹 경영을 감당해야 한다.","김태중이 베트남으로 떠난 뒤 민재 혼자 한 달 남은 아이폰 국내 출시와 그룹 경영을 감당해야 한다.","윤현길 제압·미끼 전환; 김태중의 즉시 완전은퇴 저지와 1년 베트남 체류 결정","김태중 없는 그룹 경영; 한 달 남은 아이폰 국내 출시; 공식 회장 승계 시점","KEEP_T6_R7_H7_RIBBON_NOTE","L25922~L26107: 윤현길은 평생 미끼·정보보고와 태우 측 보좌·감시를 받아들이고, 김태중의 영구이주는 1년 베트남 체류 연극으로 드러난다. 김민재는 임시 경영을 맡을 뿐 공식 회장 승계는 없다.","ENDPOINT_AUDIT_44_OF_131"
"017","DCA-N14","146","L26622~L26781","EDIT","국내 아이폰 생산·판매가 가능한 규제 환경을 얻는다","WIPI 강제탑재 연기라는 국내 판매허가와 판매 첫 반나절 2만 대·3만 명 넘는 예약을 얻는다. 태우전자 국내 생산은 협의 지시 단계라 실제 물량은 아직 나오지 않았다.","한국 생산 단가 부담을 감수한 물량 확보가 아이폰 판매와 태우통신 고객 전환으로 돌아올 수 있는가?","태우전자가 높은 조립단가를 감수하고 국내 생산을 실제로 시작해 초기 10만 대 부족과 태우통신 고객 전환을 감당할 수 있는가?","WIPI 강제탑재 규제 연기·국내 판매 개시; 첫 반나절 2만 대 판매·3만 명 이상 예약","태우전자 국내 생산 협의·추가 물량 확보; 태우통신 고객 전환","EDIT_NOTE;KEEP_T6_R8_H7_RIBBON","L26622~L26781: 삼진의 WIPI 철회와 방송위원회 연기 직후 판매가 시작돼 반나절 2만 대·3만 명 넘는 예약이 잡힌다. 태우전자 국내 생산은 높은 단가를 감수해 협의하라는 지시라 물량 지급 전이다.","ENDPOINT_AUDIT_44_OF_131"
"018","DCA-N15","150","L27279~L27463","KEEP","아마존 로봇 파트너십과 데이비드의 8월 전 WTC 장기임차 성사 약속을 얻는다.","아마존 로봇 파트너십과 데이비드의 8월 전 WTC 장기임차 성사 약속을 얻는다.","태우·카이자동차 두 사장이 기존 로봇 팔을 넘어설 스마트팩토리 협력에 응할 것인가?","태우·카이자동차 두 사장이 기존 로봇 팔을 넘어설 스마트팩토리 협력에 응할 것인가?","아마존 공동개발 계약","스마트팩토리 설계; WTC 장기 임차","KEEP_T6_R7_H7_RIBBON_NOTE","L27279~L27463: 아마존 로봇·스마트팩토리 공동개발은 계약되고 데이비드는 8월 전 WTC 장기임차를 성사시키겠다고 약속한다. 귀국 마지막은 두 자동차 사장에게 현장 협력을 요구하는 장면이다.","ENDPOINT_AUDIT_44_OF_131"
"019","DCA-N15B","153","L27824~L28005","KEEP","AI 스승과 미국 자동차시장 방패를 동시에 얻는다","AI 스승과 미국 자동차시장 방패를 동시에 얻는다","공화당 재선 지원 약속으로 미국시장 방패를 얻되 태우를 전쟁 소용돌이에 넣지 않는 선을 지킬 수 있는가?","공화당 재선 지원 약속으로 미국시장 방패를 얻되 태우를 전쟁 소용돌이에 넣지 않는 선을 지킬 수 있는가?","미국 보호 협상","미국 정치 방패; 전쟁 불개입 경계","KEEP_T6_R8_H7_RIBBON_NOTE","L27824~L28005: 제임스 힌톤 영입과 조지 슐츠를 통한 반덤핑 예외·SAVE 보호 거래가 현재 화에 성립한다. 재선 지원과 전쟁 불개입의 경계가 마지막 미지급 질문이다.","ENDPOINT_AUDIT_44_OF_131"
"020","DCA-N16","159","L28839~L29001","KEEP","메신저와 짧은 영상 SNS의 핵심 창업자·기술을 선점한다","메신저와 짧은 영상 SNS의 핵심 창업자·기술을 선점한다","서문영의 지장으로 새 SNS를 확보한 민재가 두 소셜 서비스를 어떻게 묶어 키울 것인가?","서문영의 지장으로 새 SNS를 확보한 민재가 두 소셜 서비스를 어떻게 묶어 키울 것인가?","임재범·서문영 계약","코코아톡; 하두리형 SNS 개발·결합","KEEP_T5_R8_H6_RIBBON_NOTE","L28839~L29001: 임재범과 서문영이 지분·50억 원 조건을 받아 메신저와 짧은영상 개발계약을 맺는다. 마지막은 두 서비스를 실제로 어떻게 키우고 묶을지 남긴다.","ENDPOINT_AUDIT_44_OF_131"
"021","DCA-N16B","166","L30048~L30224","KEEP","외환은행 인수 우위와 가전 매출 반등을 얻는다","외환은행 인수 우위와 가전 매출 반등을 얻는다","애플·태우 TV로 바뀐 태우전자 이미지를 신혼부부 할인과 후속 판매로 얼마나 키울 수 있는가?","애플·태우 TV로 바뀐 태우전자 이미지를 신혼부부 할인과 후속 판매로 얼마나 키울 수 있는가?","론스타 우선권 붕괴","외환은행 최종 계약; 신혼부부 할인 행사","KEEP_T7_R7_H6_RIBBON_NOTE","L30048~L30224: 론스타 부적격과 외환은행 재입찰 가능성, 1조5천억 원 제안·주거래 지원 준비 및 TV 판매 반등이 확인된다. 은행 소유권과 신혼부부 행사는 아직 실행 전이다.","ENDPOINT_AUDIT_44_OF_131"
"022","DCA-N17","176","L31916~L32080","EDIT","서광수 영입을 확정하고 옛 개발진 회수와 한국형 페이스북 반격을 시작한다","서광수 영입을 확정하고 옛 개발진 회수와 한국형 페이스북 반격을 시작한다","김태중이 천민정을 따로 불러 손자와의 관계를 묻는다","김태중과 단둘이 마주한 천민정이 열애설을 부정하며 직장과 아이디어 회의까지 잃을까 떨 때, 김태중은 어떤 말로 그녀의 두려움에 답할 것인가?","서광수의 페이스북 한국 법인장 수락·세이월드 개발진 연락 시작","세이월드 개발진 회수·한국형 페이스북 반격; 김태중과 천민정의 첫 단독 식사·직장 상실 두려움","KEEP_T6_R10_H8_RIBBON_NOTE","L31916~L32080: 서광수는 페이스북 한국 법인장을 수락하고 옛 개발진에게 연락한다. 마지막 식사에서 김태중은 아직 관계를 묻지 않았고 천민정이 열애설을 부정하며 직장을 잃을까 먼저 두려워한다.","ENDPOINT_AUDIT_44_OF_131"
"023","DCA-N18","180","L32618~L32797","EDIT","다음 아이폰에 넣을 음성비서 성과와 IIT 유치의 명확한 목표를 얻는다","영어 90% 이상·한국어 80% 이상·평균 75% 이상의 음성인식과 알람·전화·간단 메시지를 아이폰에서 실제 작동시킨 약인공지능을 확인하고, IIT 한국 캠퍼스로 힌톤팀 교수직·인재공급을 묶을 목표를 세운다. IIT 유치는 아직 계획이다.","IIT 한국 캠퍼스를 실제 유치해 힌톤팀 교수직과 인재 공급을 함께 해결할 수 있는가?","IIT 한국 캠퍼스를 실제 유치해 힌톤팀 교수직과 인재 공급을 함께 해결할 수 있는가?","아이폰 음성인식의 영어·한국어 정확도와 알람·전화·메시지 실제 작동 확인","다음 아이폰 음성비서 탑재·상용화; IIT 한국 캠퍼스 정치·교육 협상과 실제 유치","EDIT_R6_TO_R7_AND_NOTE;KEEP_T5_H7_RIBBON","L32618~L32797: 영어 90% 이상·한국어 80% 이상·평균 75%의 인식률과 알람·전화·메시지가 아이폰에서 실제 작동한다. IIT 한국 캠퍼스는 교수직·인재공급을 묶는 아이디어라 유치 지급 전이다.","ENDPOINT_AUDIT_44_OF_131"
"024","DCA-N18B","183","L33127~L33294","KEEP","틱택톡 공동대표 두 명과 세이월드 출신 인력의 이동 선택권을 확보한다","틱택톡 공동대표 두 명과 세이월드 출신 인력의 이동 선택권을 확보한다","천민정이 공들인 태우·애플 비밀제품을 유출 없이 폭발적으로 공개할 수 있는가?","천민정이 공들인 태우·애플 비밀제품을 유출 없이 폭발적으로 공개할 수 있는가?","서광수 재기","틱택톡 출시; 태우·애플 비밀제품 공개","KEEP_T5_R6_H9_RIBBON_NOTE","L33127~L33294: 틱택톡 공동대표 두 명과 세이월드 출신 인력이 태우 쪽으로 이동할 선택권을 얻는다. 마지막은 천민정의 태우·애플 비밀제품을 유출 없이 공개할 수 있느냐는 현재 장면의 질문이다.","ENDPOINT_AUDIT_44_OF_131"
"025","DCA-N18C","186","L33665~L33838","KEEP","에어팟·스마트워치급 공동개발 의제와 애플의 지원 약속을 얻는다","에어팟·스마트워치급 공동개발 의제와 애플의 지원 약속을 얻는다","애플 전문가를 한국에 붙여 무선이어폰·스마트워치 아이디어를 실제 제품으로 만들 수 있는가?","애플 전문가를 한국에 붙여 무선이어폰·스마트워치 아이디어를 실제 제품으로 만들 수 있는가?","WWDC 발표·핀테크 은행 홍보","무선이어폰·스마트워치 개발; 아이폰 후속 생산","KEEP_T4_R8_H7_RIBBON_NOTE","L33665~L33838: WWDC·핀테크 홍보 뒤 잡스와 노이즈캔슬링 이어폰·건강/지도/음성 시계의 공동개발 의제와 애플 전문가 지원을 얻는다. 완제품은 없고 한국 개발이 열린다.","ENDPOINT_AUDIT_44_OF_131"
"026","DCA-N19","191","L34605~L34776","KEEP","유럽 명품 동맹과 깨끗한 경제인·정치인 연합이라는 목표를 함께 얻는다.","유럽 명품 동맹과 깨끗한 경제인·정치인 연합이라는 목표를 함께 얻는다.","기존 이권에 얽히지 않고 오직 태우와 경제발전을 위해 일할 정치인을 어떻게 모을 것인가?","기존 이권에 얽히지 않고 오직 태우와 경제발전을 위해 일할 정치인을 어떻게 모을 것인가?","아노르 사업동맹","경제정치 연합의 인물·규모·구조","KEEP_T6_R8_H7_RIBBON_NOTE","L34605~L34776: 아노르와 유럽 명품 유통·협업 동맹이 닫히고 깨끗한 경제인·정치인 연합의 필요가 명시된다. 구체 정치인과 조직규모는 마지막 질문으로 남는다.","ENDPOINT_AUDIT_44_OF_131"
"027","DCA-N20","199","L36009~L36165","EDIT","미래 공급망 목록과 국민경제당의 전국 노출 기회를 얻는다","희토류·리튬·식각가스·불화수소의 매장국·생산업체 조사와 광산 매입계획 담당을 태우상사·태우화학에 확정하고, 국민경제당 정치인 약 40명 영입과 경제공약 선거전략을 확인한다. 공급망 목록·광산 소유권은 아직 미지급이다.","양당 정쟁과 달리 경제만 말하는 국민경제당 전략이 중도표를 실제 흡수할 수 있는가?","양당 정쟁과 달리 경제만 말하는 국민경제당 전략이 중도표를 실제 흡수할 수 있는가?","원자재별 조사·매입계획 지시; 국민경제당 약 40명 영입·경제공약 방향 확정","희토류·리튬 광산 실제 매입; 식각가스·고순도 불화수소 개발; 국민경제당 총선 공약·중도표 검증","EDIT_NOTE;KEEP_T6_R6_H7_RIBBON","L36009~L36165: 희토류·리튬·식각가스·불화수소의 매장국·업체 조사와 광산 매입계획을 지시하고 약 40명 영입·경제공약 전략을 확인한다. 목록 보고·광산 취득·득표는 없다.","ENDPOINT_AUDIT_44_OF_131"
"028","DCA-N20B","202","L36523~L36693","KEEP","태우 광고의 슈퍼볼 송출과 채드·스티브 영입, 영상 공유 서비스의 발상을 얻는다.","태우 광고의 슈퍼볼 송출과 채드·스티브 영입, 영상 공유 서비스의 발상을 얻는다.","인도 총선·미국 대선·오바마 보고에서 확인된 결과가 다음 정치 선택에 어떤 영향을 줄 것인가?","인도 총선·미국 대선·오바마 보고에서 확인된 결과가 다음 정치 선택에 어떤 영향을 줄 것인가?","슈퍼볼 광고 선점","영상 플랫폼 출시; 인도 총선·미국 대선 후속","KEEP_T5_R7_H6_RIBBON_NOTE","L36523~L36693: 하프타임 사고 뒤 태우 광고가 송출되고 채드 헐리·스티브 첸이 영상서비스 팀으로 붙는다. 마지막 인도 총선·미국 대선 보고는 다음 정치 선택만 연다.","ENDPOINT_AUDIT_44_OF_131"
"029","DCA-N20C","206","L37236~L37418","KEEP","리사 수 영입·취임과 천민정과의 장기 협업축을 확정한다","리사 수 영입·취임과 천민정과의 장기 협업축을 확정한다","국민경제당이 세계 IT 거물들을 불러 총선 공개행사를 연다","국민경제당이 세계 IT 거물들을 불러 총선 공개행사를 연다","리사 수 영입","태우전자 조직개혁·국민경제당 총선","KEEP_T5_R9_H7_RIBBON_NOTE","L37236~L37418: 천민정과 밤샘 토론한 리사 수가 실제 취임하고 장기 협업축이 정해진다. 마지막 국민경제당 공개행사는 다음 정치 실행의 진입 프레임이다.","ENDPOINT_AUDIT_44_OF_131"
"030","DCA-N20D","209","L37766~L37935","KEEP","국민경제당의 독자 교섭력과 논문 중심의 대규모 AI 학습 진전을 얻는다","국민경제당의 독자 교섭력과 논문 중심의 대규모 AI 학습 진전을 얻는다","리사 수와 천민정 두 천재의 매일 회의가 어떤 돈 되는 아이디어를 더 만들어낼 것인가?","리사 수와 천민정 두 천재의 매일 회의가 어떤 돈 되는 아이디어를 더 만들어낼 것인가?","17대 총선 38석","리사 수·천민정 협업; 번역 AI; 최재석 독립노선","KEEP_T6_R9_H6_RIBBON_NOTE","L37766~L37935: 국민경제당 38석과 캐스팅보트 지위, AI 학습 논문 2만 편이 확인된다. 마지막은 리사 수·천민정의 매일 회의가 낼 새 아이디어라 다음 성과는 미지급이다.","ENDPOINT_AUDIT_44_OF_131"
"031","DCA-N20E","211","L38100~L38260","KEEP","서브프라임 붕괴를 수익·은행 인수로 연결할 계약 원칙을 확정한다","서브프라임 붕괴를 수익·은행 인수로 연결할 계약 원칙을 확정한다","최재석이 IIT 한국 캠퍼스의 국내 반발을 받아들일지 설득해야 한다","최재석이 IIT 한국 캠퍼스의 국내 반발을 받아들일지 설득해야 한다","서브프라임 조사","하락 보험 누적·IIT 정치합의","KEEP_T6_R5_H6_RIBBON_NOTE","L38100~L38260: 서브프라임 조사 뒤 하락보험과 은행 인수의 계약원칙을 세운다. IIT 한국 캠퍼스는 최재석을 설득해야 하는 정치합의 전 단계로 남는다.","ENDPOINT_AUDIT_44_OF_131"
"032","DCA-N20F","215","L38750~L38905","KEEP","씽크윈 기술·데이터 독점 사용권과 무료 배포할 모바일 내비 개발 방침을 확보한다","씽크윈 기술·데이터 독점 사용권과 무료 배포할 모바일 내비 개발 방침을 확보한다","김태중이 태우 위상에 맞는 강남 신사옥을 갖고 싶다는 새 약속을 꺼낸다","김태중이 태우 위상에 맞는 강남 신사옥을 갖고 싶다는 새 약속을 꺼낸다","씽크윈 인수협상","태우맵 개발·신사옥 부지","KEEP_T4_R7_H7_RIBBON_NOTE","L38750~L38905: 씽크윈 기술·데이터 독점 사용권과 태우·카이 우선공급 조건이 교환되고 한 달 내 무료 내비 개발을 지시한다. 마지막은 김태중의 강남 신사옥 욕심이다.","ENDPOINT_AUDIT_44_OF_131"
"033","DCA-N21","221","L39738~L39888","KEEP","한전 이전의 여야 합의와 실제 작동하는 무료 태우맵·첫 대중 이용자를 얻는다","한전 이전의 여야 합의와 실제 작동하는 무료 태우맵·첫 대중 이용자를 얻는다","콜 업체와 택시노조를 장악한 서울 지부장의 카르텔을 어떻게 약화시킬 것인가?","콜 업체와 택시노조를 장악한 서울 지부장의 카르텔을 어떻게 약화시킬 것인가?","한전 이전 정치합의·태우맵 개발","한전 부지 매각·택시 데이터","KEEP_T6_R7_H8_RIBBON_NOTE","L39738~L39888: 한전 이전의 여야 합의와 작동하는 무료 태우맵·보름 이용자 증가가 확인된다. 마지막은 택시 데이터 계약이 동시에 끊기며 서울 지부장 카르텔이 드러나는 장면이다.","ENDPOINT_AUDIT_44_OF_131"
"034","DCA-N22","226","L40562~L40732","KEEP","호출비 없는 플랫폼 우위·IIT 한국 캠퍼스 공식 허가·한전 이전 여야 합의를 얻는다","호출비 없는 플랫폼 우위·IIT 한국 캠퍼스 공식 허가·한전 이전 여야 합의를 얻는다","IIT 판교 건설과 두 신사옥 부지 공개입찰이 실물 단계로 이어진다","IIT 판교 건설과 두 신사옥 부지 공개입찰이 실물 단계로 이어진다","차봉훈 카르텔·IIT 허가","한전 부지 매입·IIT 기공","KEEP_T9_R10_H6_RIBBON_NOTE","L40562~L40732: 차봉훈 제압·배후 구속·택시 80% 편입, 호출비 없는 플랫폼과 IIT 공식허가가 현재 지급이다. IIT 판교 건설·신사옥 부지 공개입찰은 다음 실물단계다.","ENDPOINT_AUDIT_44_OF_131"
"035","DCA-N23","234","L41961~L42135","KEEP","Su-47 군사자산과 활주로 이전·두 부지 초고층에 반대하지 않겠다는 공군 약속을 확보한다","Su-47 군사자산과 활주로 이전·두 부지 초고층에 반대하지 않겠다는 공군 약속을 확보한다","서울시와 정부가 실제로 어느 부지에 건축 허가를 내줄지는 남는다","서울시와 정부가 실제로 어느 부지에 건축 허가를 내줄지는 남는다","수호이 반입","서울시 초고층 허가","KEEP_T6_R9_H7_RIBBON_NOTE","L41961~L42135: 실사용 Su-47과 공군의 활주로 이전·두 부지 초고층 비반대 약속이 확인된다. 서울시·정부 건축허가는 아직 받지 못해 마지막 질문으로 남는다.","ENDPOINT_AUDIT_44_OF_131"
"036","DCA-N24","237","L42484~L42648","KEEP","반도체 초격차 투자·AI 업무 활용·몽골 자원 계획을 그룹 공통 과제로 확정한다","반도체 초격차 투자·AI 업무 활용·몽골 자원 계획을 그룹 공통 과제로 확정한다","반도체 5배 증설과 세계 최고 목표에 불만인 사장들이 실제 성과가 나오면 따라올 것인가?","반도체 5배 증설과 세계 최고 목표에 불만인 사장들이 실제 성과가 나오면 따라올 것인가?","신사옥 허가·사장단 인계","반도체 증설; 몽골 자원; 사장단 설득","KEEP_T5_R6_H7_RIBBON_NOTE","L42484~L42648: 반도체 5배 증설·AI 업무활용·몽골 자원조사를 사장단 공통과제로 정한다. 증설·자원 취득의 실제 성과와 사장단 수용은 아직 남는다.","ENDPOINT_AUDIT_44_OF_131"
"037","DCA-N24B","242","L43291~L43450","KEEP","톱10 가수·오디션 국민흥행과 스페이스X의 장기 충성을 얻는다","톱10 가수·오디션 국민흥행과 스페이스X의 장기 충성을 얻는다","팰컨1 실패 뒤 다시 성공을 맹세한 머스크가 장기 지원을 실제 발사 성공으로 갚을 수 있는가?","팰컨1 실패 뒤 다시 성공을 맹세한 머스크가 장기 지원을 실제 발사 성공으로 갚을 수 있는가?","오디션 시즌1·톱10 계약","스페이스X 재발사; 음반 톱10 프로젝트","KEEP_T7_R10_H8_RIBBON_NOTE","L43291~L43450: 오디션 결승 21%·톱10 가수와 음반 프로젝트·국내 100만/세계 3천만 규모가 확인되고 머스크의 장기 충성이 이어진다. 팰컨1 재발사 성공은 아직 약속이다.","ENDPOINT_AUDIT_44_OF_131"
"038","DCA-N24C","246","L43944~L44097","KEEP","태우 가수 네 명과 SG 소속 가수 전원 양도 약속, 태우 불개입 의사, 로펌·감옥 내 보호를 이용한 희망고문 설계를 얻는다. 실제 계약이전·형량·복역은 미지급이다.","태우 가수 네 명과 SG 소속 가수 전원 양도 약속, 태우 불개입 의사, 로펌·감옥 내 보호를 이용한 희망고문 설계를 얻는다. 실제 계약이전·형량·복역은 미지급이다.","전원 양도 약속을 실제 계약이전으로 만들고, 희망고문 설계가 판결 전 강수기의 반격을 막을 수 있는가?","전원 양도 약속을 실제 계약이전으로 만들고, 희망고문 설계가 판결 전 강수기의 반격을 막을 수 있는가?","양지파 역공; 강수기의 SG 전원 양도·태우 불개입 약속; 희망고문 설계","가수 계약이전 실행; 강수기 수사·판결·복역; 장기 심리통제 결과","KEEP_T8_R6_H5_RIBBON_NOTE","L43944~L44097: 강수기는 태우 네 가수와 SG 전원 양도·태우 불개입을 약속하고 김민재는 로펌·감옥 보호를 이용한 희망고문을 설계한다. 실제 계약이전·판결·10년 복역은 없다.","ENDPOINT_AUDIT_44_OF_131"
"039","DCA-N25","247","L44098~L44251","KEEP","서브프라임 대응상태·전기차 준비를 확인하고 AOS 원천팀과 지분 계약을 얻는다","서브프라임 대응상태·전기차 준비를 확인하고 AOS 원천팀과 지분 계약을 얻는다","40·20·40 지분 계약을 맺은 다섯 개발자가 AOS를 독립 장르의 게임으로 완성할 수 있는가?","40·20·40 지분 계약을 맺은 다섯 개발자가 AOS를 독립 장르의 게임으로 완성할 수 있는가?","AOS 팀 탐색","AOS 개발; 서브프라임·테슬라 후속","KEEP_T5_R7_H7_RIBBON_NOTE","L44098~L44251: 부산의 다섯 개발자에게 1천만 달러와 40·20·40 지분조건을 제시해 실제 계약한다. AOS 게임 완성과 서브프라임·테슬라 후속은 이후 과제다.","ENDPOINT_AUDIT_44_OF_131"
"040","DCA-N25B","252","L44904~L45072","KEEP","최재석과 국민경제당이 경기 주요 시장 10곳 이상까지 얻고 세 전기차가 기자·관람객의 환호를 끌어낸다.","최재석과 국민경제당이 경기 주요 시장 10곳 이상까지 얻고 세 전기차가 기자·관람객의 환호를 끌어낸다.","김민재가 이날을 자동차 시장 급변의 특이점으로 기억하라고 데이비드에게 말한다.","김민재가 이날을 자동차 시장 급변의 특이점으로 기억하라고 데이비드에게 말한다.","경기지사 당선과 LA 모터쇼 출품 루프","전기차 상용화 경쟁과 세계 경제위기 대비 루프","KEEP_T6_R8_H6_RIBBON_NOTE","L44904~L45072: 최재석·국민경제당의 경기 주요시장 10곳 이상 승리와 테슬라·태우·카이 전기차의 LA 공개·환호가 현재 지급이다. 마지막은 이날을 자동차시장 특이점으로 기억하라는 선언이다.","ENDPOINT_AUDIT_44_OF_131"
"041","DCA-N25C","269","L47760~L47922","EDIT","김민재는 국민적 지위와 할아버지의 자랑·승인을 얻고 태우는 금융 1위 도약 다음으로 자동차 세계 1위를 노린다.","AIZ·SAVE·태우증권 인수합병 완료와 SAVE 실소유주 공개 뒤 국민적 환대와 김태중의 수용을 얻는다. 김태중은 태우·SAVE 현금을 쓰지 않고 부채를 온전히 떠안지 않는 조건으로 GM 또는 포드 인수 검토를 허락한다.","김태중도 눈을 빛내며 GM과 포드 중 어느 회사를 삼킬지 묻는다.","김태중도 눈을 빛내며 GM과 포드 중 어느 회사를 삼킬지 묻는다.","AIZ·SAVE·태우증권 인수합병 완료; SAVE 실소유주 공개·국민 환대·김태중 수용; 장기 미국 체류 종료","보험증서·미국지원으로 GM/포드 무현금 인수조건 마련; 대상 자동차사 선택","EDIT_NOTE;KEEP_T5_R8_H7_RIBBON","L47760~L47922: AIZ·SAVE·태우증권 합병 완료, 공항 환대와 SAVE 실소유주 공개가 확인되고 김태중은 현금·부채 제한조건 아래 GM·포드 검토를 허락한다. 자동차 인수 자체는 미지급이다.","ENDPOINT_AUDIT_44_OF_131"
"042","DCA-N27","275","L48810~L48978","KEEP","태우는 정권의 미운털에서 대통령 직통 파트너로 바뀌고 규제에 묶인 한전 부지를 국제 금융 중심지로 개발할 길을 얻는다.","태우는 정권의 미운털에서 대통령 직통 파트너로 바뀌고 규제에 묶인 한전 부지를 국제 금융 중심지로 개발할 길을 얻는다.","미국 출장에서 월가 대형 금융사 10곳의 한국 이전 계약을 가져와야 한다.","미국 출장에서 월가 대형 금융사 10곳의 한국 이전 계약을 가져와야 한다.","산업은행 리먼 인수 판단 루프","한전 부지 금융허브 계약·규제 완화·미국 금융사 유치 루프","KEEP_T8_R8_H8_RIBBON_NOTE","L48810~L48978: 대통령에게 제2 IMF를 경고해 산업은행 리먼 인수를 제동하고 한전부지 금융허브 허가거래를 얻는다. 월가 대형 금융사 10곳의 한국 이전 계약은 다음 미국 출장 과제다.","ENDPOINT_AUDIT_44_OF_131"
"043","DCA-N27B","286","L50615~L50766","KEEP","실행된 500억 달러 통화스와프와 미래산업·탄소감축 법안의 초당 추진선, 청년 정치인 육성 약속, 한·미 게임 베타 승인을 얻는다. 법안 통과와 게임 출시·흥행은 아직 전이다.","실행된 500억 달러 통화스와프와 미래산업·탄소감축 법안의 초당 추진선, 청년 정치인 육성 약속, 한·미 게임 베타 승인을 얻는다. 법안 통과와 게임 출시·흥행은 아직 전이다.","천민정이 리그 오브 챔피언스의 한국어 보완과 한·미 베타테스트를 곧바로 시작한다.","천민정이 리그 오브 챔피언스의 한국어 보완과 한·미 베타테스트를 곧바로 시작한다.","500억 달러 통화스와프 실행; 미래산업·탄소감축 법안의 여야 추진 경로; 한·미 게임 베타 승인","미래산업·탄소감축 법안 실제 통과; 리그 오브 챔피언스 베타·출시; 미국 자동차사 인수","KEEP_T5_R8_H6_RIBBON_NOTE","L50615~L50766: 500억 달러 통화스와프는 실행되고 미래산업·탄소감축 법안의 여야 추진선과 한·미 게임 베타가 승인된다. 법안 통과·게임 출시와 흥행은 아직 없다.","ENDPOINT_AUDIT_44_OF_131"
"044","DCA-N28","296","L52303~L52474","KEEP","타미플루 권리·세계급 연구자·제약 생산사가 하나의 감염병 대응 축으로 결합된다.","타미플루 권리·세계급 연구자·제약 생산사가 하나의 감염병 대응 축으로 결합된다.","태미플루 생산권을 받은 서정준과 연구자 김정우가 처음 마주해 한국 감염병 대응팀의 실행 속도가 시험대에 오른다.","태미플루 생산권을 받은 서정준과 연구자 김정우가 처음 마주해 한국 감염병 대응팀의 실행 속도가 시험대에 오른다.","신종 독감 대응 기반","AI 바이오 상용화·차기 팬데믹","KEEP_T5_R8_H7_RIBBON_NOTE","L52303~L52474: 타미플루 권리와 김정우·서정준의 연구·생산축이 실제 연결된다. 마지막은 두 사람이 처음 마주하는 장면으로 AI바이오 상용화·차기 감염병 대응 속도가 열린다.","ENDPOINT_AUDIT_44_OF_131"
"045","DCA-N28B","301","L53126~L53287","EDIT","태우의 미래 포트폴리오가 지상 이동·AI·우주·바이오로 분기한다.","리그 오브 챔피언스 스킨 하루 약 10억 원 판매, 스페이스X 네 번째 발사 성공, 타미플루 대량생산 성공과 일본 주문이 지급된다. 전 공장 월 1천만 명분 생산은 지시·전망 단계다.","WHO 팬데믹 선언이 무료 광고가 될 전망이다.","세계보건기구의 팬데믹 선언이 타미플루 수요를 얼마나 키울지 기다린다.","리그 오브 챔피언스 스킨 첫날 판매; 스페이스X 네 번째 발사 성공; 타미플루 대량생산 성공·일본 주문","바둑 AI 공개전; 타미플루 전 공장·2교대 증산; WHO 팬데믹 선언과 세계 주문","EDIT_NOTE;KEEP_T6_R8_H7_RIBBON","L53126~L53287: 스킨 약 10억 원 판매, 스페이스X 4차 발사 성공, 타미플루 대량생산 성공·일본 주문은 현재 영수증이다. 월 1천만 명분은 전 공장·2교대 지시 뒤의 생산능력 전망이다.","ENDPOINT_AUDIT_88_OF_131"
"046","DCA-N29","316","L55616~L55812","EDIT","애플카는 제품 발표를 넘어 미국 제조업 회생과 전기차 정책의 지렛대가 된다.","애플카 원격주차·아이폰 호출 공개시연, 검색어 1위·영상 800만 조회, 태우차·카이차 주가 8퍼센트 이상 상승과 미국 정부의 긍정 검토가 지급된다. 보조금 액수와 GM 공장 전환은 미지급이다.","스티브가 휴식 대신 이틀짜리 아이디어 회의를 시작한다.","네 시간만 잔 스티브가 휴식 대신 이틀짜리 아이디어 회의를 시작한다.","애플카 원격주차·호출 공개시연; 검색어 1위·800만 조회; 태우차·카이차 주가 상승","전기차 보조금 액수; GM 공장 전환·양산; 스티브의 이틀 아이디어 회의","EDIT_NOTE;R9_TO_8;KEEP_T6_H6_RIBBON","L55616~L55812: 아이폰 연결 실차시연, 검색 1위·800만 조회와 두 자동차주 8퍼센트 이상 상승은 완료됐다. 보조금 액수와 GM 생산설비 전환은 뒤의 실행과제다.","ENDPOINT_AUDIT_88_OF_131"
"047","DCA-N30","326","L57323~L57487","EDIT","전기차 동맹이 완승하고 카노스가 장기 적으로 남는다.","테슬라 공매도 세력의 공개 항복, 테슬라 신고가와 태우차·카이차 30만 원대, 승부조작 의심경기·최소 가담규모 확인이 지급된다. 전체 가담자 확정과 처벌은 남는다.","카노스가 태우 폭락을 기다린다.","카노스가 태우그룹 전체의 폭락을 기다리며 장기 공매도 복수를 노린다.","테슬라 공매도 세력 항복; 전기차주 상승; 게임 승부조작 의심경기·최소 인원 확인","게임팀 전수조사·검찰 이첩; 카노스의 태우그룹 공매도","EDIT_NOTE_RIBBON;KEEP_T6_R9_H7","L57323~L57487: 공매도 세력의 공개항복·전기차주 상승 뒤 천민정이 경기영상으로 최소 3명, 연루 5명 이상의 승부조작 의혹을 제시한다. 수사·처벌은 미완료다.","ENDPOINT_AUDIT_88_OF_131"
"048","DCA-N31","333","L58496~L58665","EDIT","태우는 2011년 수확까지 적자를 감수한다.","노무라 50억 달러를 포함한 150억 달러 초과 보험계약 체결이 지급된다. 일본 제조업 공매도 100억 달러와 엔화 공략 50억 달러는 남은 자금의 계획이다.","대지진 시점이 다가온다.","건설·로켓의 큰 현금소모를 감수한 채 2011년의 대지진·금융 수확을 기다린다.","노무라 50억 달러 포함 150억 달러 초과 보험계약 체결; 태우전자·반도체·IT 기록적 판매 확인","일본 제조업 100억 달러 공매도; 엔화 50억 달러 공략; 대지진·건설 PF·로켓 수확","EDIT_SCORE_NOTE_RIBBON;R6_TO_8;H9_TO_6;KEEP_T5","L58496~L58665: 노무라 50억 달러를 포함한 여러 금융사·기업의 보험계약 체결액이 150억 달러를 넘는다. 남은 150억 달러의 100억/50억 배분은 아직 계획이며 마지막은 2011년 수확 대기다.","ENDPOINT_AUDIT_88_OF_131"
"049","DCA-N31B","337","L59167~L59333","EDIT","일본 수확이 유럽전과 물류망을 강화한다.","일본 금융사 정산 완료, 현금 300억 달러와 주식·부동산·특허를 합친 500억 달러 초과 회수, 최재석 지지율 15퍼센트 상승이 지급된다. 700억 달러와 일본 해운사 인수는 전망·계획이다.","서울 무상급식 주민투표가 다가온다.","서울 무상급식 주민투표가 최재석 진영의 다음 정치시험으로 다가온다.","일본 금융사 정산; 현금 300억 달러·총 500억 달러 초과 회수; 최재석 지지율 상승","일본 해운사 인수; 유럽 금융전; 서울 무상급식 주민투표","EDIT_SCORE_NOTE_RIBBON;R8_TO_9;KEEP_T5_H6","L59167~L59333: 15일 안 정산을 마쳐 현금 300억 달러·총자산 500억 달러 초과를 회수한다. 700억 달러와 일본 해운사 인수는 아직 전망·준비이고 마지막은 주민투표다.","ENDPOINT_AUDIT_88_OF_131"
"050","DCA-N31C","341","L59812~L59973","EDIT","국민경제당 후보가 서울시장 보궐선거에서 36대34, 2퍼센트 차이로 당선된다.","국민경제당 후보의 서울시장 보궐선거 36대34 승리와 디도스 증거의 내부 인계가 지급된다. 증거 공개와 최재석의 공식 대선선언은 아직 전이다.","서울시장 승리를 발판으로 최재석이 오랜 침묵을 깨고 실제 대권 도전에 나설 것인가?","최재석이 긴 침묵을 끝내고 이제 움직이겠다고 말한다.","서울시장 보궐선거 36대34 승리; 디도스 증거 내부 인계","디도스 증거 공개; 최재석의 공식 대권선언; 해외투자","EDIT_NOTE;R7_TO_8;KEEP_T8_H7_RIBBON","L59812~L59973: 36대34 당선은 확정되지만 디도스 자료는 개표 뒤 공개하라고 기획실장에게 넘긴 단계다. 마지막은 최재석의 이제 움직이겠다는 말이며 공식 출마선언은 없다.","ENDPOINT_AUDIT_88_OF_131"
"051","DCA-N32","344","L60319~L60493","EDIT","태우가 세계 제약 연구비를 대는 핵심 주주로 오른다.","인슐린 아시아 생산권, 당뇨 신약 연구비 전액지원·신약지분 30퍼센트 계약과 데이비드의 트럼프 지원 담당 확정이 지급된다.","데이비드가 트럼프 후원을 시작한다.","데이비드는 덴마크 일을 마치고 한국으로 돌아와 다음 임무를 기다린다.","인슐린 아시아 생산권; 당뇨 신약 30퍼센트 계약; 덴마크 협상","당뇨 신약 개발·생산; 트럼프 정치지원","EDIT_NOTE;R7_TO_8;KEEP_T5_H6_RIBBON","L60319~L60493: 연구비 전액과 신약 30퍼센트·인슐린 아시아 생산권을 묶은 계약이 실제 체결된다. 데이비드는 트럼프 지원을 맡고 덴마크 일을 끝내 한국으로 돌아온다.","ENDPOINT_AUDIT_88_OF_131"
"052","DCA-N32B","351","L61506~L61665","EDIT","태우 동맹이 에너지·정치·금융으로 입체화된다.","체서피크 셰일 협력계약 체결과 트럼프의 전폭 정치후원 수락이 지급된다. 금융타워 입주와 유럽 금융사 이전은 아직 전이다.","유럽 금융사를 더 끌어와야 한다.","다음 달 완공될 금융타워에 월가 30곳과 유럽 금융사를 실제 입주시킬 수 있는가?","체서피크 셰일 협력계약; 트럼프 전폭 후원 수락","금융타워 완공·월가 30곳 입주; 유럽 금융사 유치","EDIT_NOTE;R6_TO_8;KEEP_T5_H7_RIBBON","L61506~L61665: 체서피크 협력계약에 서명하고 트럼프가 전폭 후원을 수락한다. 금융타워는 다음 달 완공 예정이며 월가 30곳과 유럽 금융사 입주는 대기 중이다.","ENDPOINT_AUDIT_88_OF_131"
"053","DCA-N32C","356","L62332~L62511","EDIT","성공 보상이 직원 가족의 삶으로 내려간다.","신사옥 외관 90퍼센트와 전 직원 익명설문 결과, 휴가·야근·육아휴직·재택·단축근무·안식년의 시행지침이 지급된다. 건물 완공과 제도 정착은 미지급이다.","정책을 실제 정착시켜야 한다.","새 휴가·육아·근무제도가 직원들의 일상에 실제로 정착할지 남는다.","전 직원 익명설문 실시·결과 수령; 직원복지 시행지침 확정","신사옥 완공; 휴가·야근·육아휴직·재택·안식년 정착","EDIT_NOTE;R9_TO_7;KEEP_T4_H6_RIBBON","L62332~L62511: 신사옥 외관은 90퍼센트이고 일주일 익명설문 결과는 수령했다. 복지제도는 구체 지침이지만 직원 삶에서 정착한 결과는 아직 없다.","ENDPOINT_AUDIT_88_OF_131"
"054","DCA-N33","368","L64429~L64601","EDIT","태우는 독사과를 넘기고 미래 600억 달러 설계사를 얻는다.","투게더워크 90퍼센트↔ARN 교환과 베릴 10퍼센트 1억 달러 매각·ARN 재투자에 대한 당사자 합의가 지급된다. 계약서·대금·지분이전은 남는다.","리사에게 사후 통보해야 한다.","손정우가 복잡한 교환안을 곧바로 받아들여 협상이 예상보다 빠르게 끝난다.","투게더워크·ARN 교환조건 합의; 베릴 10퍼센트 1억 달러 매각·재투자 합의","계약서 작성; 1억 달러 지급; ARN·투게더워크 지분이전","EDIT_NOTE;R8_TO_7;KEEP_T6_H6_RIBBON","L64429~L64601: 손정우가 90퍼센트 지분교환과 베릴 10퍼센트 1억 달러 매각·재투자안을 즉시 수락한다. 서명·대금·소유권 이전 장면은 없다.","ENDPOINT_AUDIT_88_OF_131"
"055","DCA-N33B","373","L65295~L65470","EDIT","금융사 전부가 먹어도 남을 새 프로젝트가 열린다.","테이퍼링 신호에 대비한 금융포지션의 소규모 수익과 석유전쟁 담당자·자료·타임라인 과제가 확정된다. 원유 공매도와 산유국 붕괴수익은 아직 없다.","한정훈은 양적완화 연습경기보다 훨씬 큰 3차 석유전쟁 타임라인을 후쿠다·데이비드·다이먼과 짜야 한다.","한정훈이 후쿠다·데이비드·다이먼과 베네수엘라·셰일·크림반도·OPEC을 잇는 석유전쟁 타임라인을 짜야 한다.","테이퍼링 포지션의 소규모 수익 확인; 석유전쟁 담당선 배정","원유 공매도; 크림반도 제재; OPEC 증산; 산유국 붕괴","EDIT_NOTE;R7_TO_6;KEEP_T5_H7_RIBBON","L65295~L65470: 연준 테이퍼링 신호 뒤 준비 포지션의 작은 수익은 확인된다. 석유전쟁은 인물별 자료·타임라인 작성과제이며 실행·수익 전이다.","ENDPOINT_AUDIT_88_OF_131"
"056","DCA-N33C","377","L65986~L66170","KEEP","차기 중국 권력자와 운송사업·20년 계약의 협상선을 열고 주석 보고 약속을 얻는다. 실제 장기계약과 자원 판로는 아직 전이다.","차기 중국 권력자와 운송사업·20년 계약의 협상선을 열고 주석 보고 약속을 얻는다. 실제 장기계약과 자원 판로는 아직 전이다.","사우디 증산 시점과 왕위승계를 확인하러 간다.","사우디 증산 시점과 왕위승계를 확인하러 간다.","리강 소개; 중국 운송사업·20년 계약 제안; 주석 보고 약속","중국 정부 승인·20년 계약 체결; 러시아 허가; 사우디 증산전","KEEP_T5_R8_H6_RIBBON_NOTE","L65986~L66170: 리강은 20년 계약안을 긍정하고 주석에게 보고하겠다고 약속하지만 계약·러시아 판로는 미지급이다. 마지막은 사우디 증산·왕위승계 확인 출장이다.","ENDPOINT_AUDIT_88_OF_131"
"057","DCA-N33D","380","L66548~L66742","KEEP","원유 110→105달러 하락, 5배 레버리지 25% 이상 수익률, 준비기간에 들어간 자금의 하루 만 전액 회수를 확인한다.","원유 110→105달러 하락, 5배 레버리지 25% 이상 수익률, 준비기간에 들어간 자금의 하루 만 전액 회수를 확인한다.","유가 하락이 어느 기업·국가부터 무너뜨릴지 남는다.","유가 하락이 어느 기업·국가부터 무너뜨릴지 남는다.","OPEC 증산 전 준비비 전액 회수; 원유 공매도 첫 수익","추가 유가 하락·산유국과 셰일기업 붕괴; 왕족 숙청정보","KEEP_T9_R9_H7_RIBBON_NOTE","L66548~L66742: OPEC 증산 뒤 원유 110→105달러, 5배 레버리지 25퍼센트 이상과 준비비 전액회수가 한 회차 안에 명시된다. 기존 override가 정확하다.","ENDPOINT_AUDIT_88_OF_131"
"058","DCA-N34","396","L69349~L69537","EDIT","헤스 방어가 월가자산 흡수 단계로 넘어간다.","헤스 공개매수 개시, 퀀텀 지분 3퍼센트의 100퍼센트 프리미엄 이전, 헤스 주가 급등과 카노스 진영 헤지펀드 절반 이상 이탈이 지급된다.","최재석은 중임제와 평창재단 갈취를 상의한다.","최재석이 4년 중임 재선과 평창재단 지원요구를 김민재에게 꺼낸다.","헤스 공개매수 발표; 퀀텀 3퍼센트 이전; 카노스 진영 절반 이상 이탈","버크셔와 추가 공개매수; 카노스 청산; 4년 중임·평창재단 갈취 대응","EDIT_NOTE;R9_TO_8;KEEP_T9_H7_RIBBON","L69349~L69537: 상장폐지·공개매수 발표, 퀀텀 3퍼센트의 100퍼센트 프리미엄 이전과 카노스 진영 절반 이상 이탈이 발생한다. 마지막은 최재석의 중임·재단 요구다.","ENDPOINT_AUDIT_88_OF_131"
"059","DCA-N34B","399","L69891~L70053","EDIT","정권·중국·바이오 세 갈취판 중 가장 큰 신약 기회가 열린다.","박만덕 은퇴·한정훈 부회장 취임, 중국시장 600억 달러 투입과 카노스발 헤지펀드 20곳 파산 확인이 지급된다. 청와대 200억 원 납부와 폐기신약 취득은 아직 전이다.","로보가 폐기하려는 신약을 태우가 헐값에 확보할 수 있는가?","천민정이 로보가 폐기하려는 신약 후보를 태우가 살릴 수 있다고 보고한다.","박만덕 은퇴·한정훈 취임; 중국시장 600억 달러 투입; 카노스발 헤지펀드 20곳 파산 확인","청와대 200억 원 요구 대응; 로보 폐기신약 권리계약; 중국 공매도","EDIT_NOTE;R7_TO_8;KEEP_T7_H7_RIBBON","L69891~L70053: 은퇴·취임식은 이틀 전 완료됐고 중국에 600억 달러가 들어갔으며 헤지펀드 20곳이 파산했다. 200억 원은 분할제안, 신약은 마지막 보고다.","ENDPOINT_AUDIT_88_OF_131"
"060","DCA-N34C","401","L70216~L70406","EDIT","바이오 독점과 국가급 금융작전이 동시에 실행된다.","10억 달러 지급조건의 폐기신약 전 권리·연구자료 계약과 인슐린 로열티 철폐가 지급된다. 중국 공매도는 개시됐지만 수익은 아직 없다.","중국 하루 증발자금을 얼마나 포집할지가 남는다.","중국 공매도 D-DAY가 시작되고 하루에 증발할 자금을 얼마나 포집할지 남는다.","폐기신약 전 권리·연구자료 계약; 인슐린 로열티 철폐","폐기신약 개발·상용화; 중국 공매도 수익","EDIT_NOTE;KEEP_T7_R9_H7_RIBBON","L70216~L70406: 로보와 10억 달러·전 권리·연구자료·인슐린 로열티 철폐 계약에 당일 서명한다. 중국 공매도는 마지막에 시작되지만 아직 수익 전이다.","ENDPOINT_AUDIT_88_OF_131"
"061","DCA-N35","410","L71797~L71965","EDIT","태우는 단기 주가 대신 팬데믹 기술·거시수익을 선택한다.","메르스 치료제 공식 판매개시, 다음 달 미국 FDA 허가 전망과 당뇨 신약 우선심사 약속이 지급된다. FDA 승인과 브렉시트 수익은 아직 없다.","2~3월 브렉시트 작전 공개가 예정된다.","2~3월에 공개할 브렉시트 작전이 다음 금융승부로 남는다.","메르스 치료제 공식 판매개시; 당뇨 신약 우선심사 약속; 중국 금융시장 안정","메르스 미국 FDA 승인; 당뇨 신약 승인·생산; 브렉시트 작전","EDIT_NOTE;R6_TO_7;KEEP_T5_H6_RIBBON","L71797~L71965: 메르스 치료제는 공식 판매를 시작하고 당뇨 신약 우선심사 약속을 얻는다. 미국 FDA는 다음 달 전망이고 브렉시트는 준비단계다.","ENDPOINT_AUDIT_88_OF_131"
"062","DCA-N36","414","L72491~L72663","EDIT","태우는 글로벌 신약 생산동맹과 사우디 차기권력을 확보한다.","삼진바이오 주가 네 배·흑자와 무상 공장지원 제안, 국민경제당 지지율 1위, 빈 살만의 부왕 동의 확보가 지급된다. FDA 승인·공장증설·왕세자 교체·숙청은 아직 전이다.","김민재는 숙청 뒤에는 돌아오지 못할 빈 살만의 옛 모습을 기억하며 그와 밤새 이야기하기로 한다.","숙청 뒤에는 예전처럼 돌아오기 어려운 두 사람이 친구로 밤새 이야기를 나눈다.","삼진바이오 흑자·무상 공장지원 제안; 국민경제당 지지율 1위; 빈 살만의 부왕 동의","당뇨 신약 FDA 승인·증설; 빈 살만 왕세자 교체·숙청","EDIT_NOTE;KEEP_T8_R7_H7_RIBBON","L72491~L72663: 삼진바이오의 네 배 주가·흑자·공장지원 제안과 국민경제당 1위, 빈 살만의 부왕 동의는 확인된다. FDA 승인·공장증설·왕세자 교체·숙청은 미래다.","ENDPOINT_AUDIT_88_OF_131"
"063","DCA-N36B","419","L73360~L73524","KEEP","삼진 승계를 결산하고 ASML 지분 3퍼센트 매매 합의와 추가 매집 지시를 얻는다. 지분 이전·장비 우선권은 실무계약 이후다.","삼진 승계를 결산하고 ASML 지분 3퍼센트 매매 합의와 추가 매집 지시를 얻는다. 지분 이전·장비 우선권은 실무계약 이후다.","최재석이 생각을 정리한 해운업 문제를 다음 날 어떤 조건으로 풀지 남는다.","최재석이 생각을 정리한 해운업 문제를 다음 날 어떤 조건으로 풀지 남는다.","삼진 후계승계; ASML 지분 3퍼센트 매매 합의","ASML 지분 실무계약·이전; 미국·대만 추가지분 매집; 장비 우선권; 해운정책","KEEP_T4_R8_H6_RIBBON_NOTE","L73360~L73524: 승계는 완료되고 ASML 3퍼센트 매매는 구두합의다. 실무팀 계약·지분이전·장비 우선권은 남으며 마지막은 최재석의 다음 날 해운면담이다.","ENDPOINT_AUDIT_88_OF_131"
"064","DCA-N36C","426","L74534~L74703","KEEP","김민재와 최재석의 압박이 대통령의 전국 생중계 자진 사퇴 약속을 끌어낸다.","김민재와 최재석의 압박이 대통령의 전국 생중계 자진 사퇴 약속을 끌어낸다.","모든 책임을 지고 물러나겠다는 대통령의 한 문장이 실제 하야와 대선 시계를 어떻게 움직일지 남는다.","모든 책임을 지고 물러나겠다는 대통령의 한 문장이 실제 하야와 대선 시계를 어떻게 움직일지 남는다.","범서북파 폭로·하야 압박","조기대선·브렉시트 거래","KEEP_T10_R10_H10_RIBBON_NOTE","L74534~L74703: 대통령이 전국 생중계로 모든 책임을 지고 물러나겠다고 직접 말한다. 실제 사퇴절차·조기대선은 남아 현재 지급과 훅이 정확히 분리돼 있다.","ENDPOINT_AUDIT_88_OF_131"
"065","DCA-N37","430","L75209~L75383","EDIT","선거용 해운빅딜이 태우의 장기 글로벌 유통망으로 결산된다.","1조6천억 원 채무탕감, 현재해운 매각계약 서명, 잔여부채 일시상환과 현진·현재해운의 태우상사 편입이 지급된다.","대한타이어 주성재 회장이 승계 문제로 면담을 청한다.","대한타이어 주성재 회장이 승계 문제로 면담을 청한다.","현재해운 1조6천억 원 탕감·매각서명·잔여부채 상환; 현진·현재해운 편입","대한타이어 승계; 해운 카르텔 대응","EDIT_NOTE;R8_TO_9;KEEP_T7_H7_RIBBON","L75209~L75383: 부채 20퍼센트 1조6천억 원 탕감 뒤 계약서에 도장 찍고 잔여부채를 즉시 갚아 두 해운사를 편입한다. 마지막은 주성재의 승계면담 요청이다.","ENDPOINT_AUDIT_88_OF_131"
"066","DCA-N37B","435","L76118~L76286","EDIT","권력교체 세 건이 금융·외교 자산으로 결산되고 다음 세계분쟁으로 넘어간다.","브렉시트 통과, 빈 살만의 왕세자 등극·500명 이상 숙청·1천억 달러 초과 자산회수가 지급된다. 파운드 공략의 최종수익은 아직 남는다.","숙청을 마친 빈 살만의 위엄과 김민재를 향한 더 깊은 신뢰가 사우디를 미중전쟁의 확실한 아군으로 만든다.","숙청을 마친 빈 살만의 위엄과 김민재를 향한 깊어진 신뢰가 다음 미중전쟁의 사우디 동맹을 연다.","브렉시트 투표 통과; 빈 살만 왕세자 등극·숙청·자산회수","파운드 공략 최종수익; 미중 무역전쟁; 사우디 장기사업동맹","EDIT_NOTE;R8_TO_9;KEEP_T7_H5_RIBBON","L76118~L76286: 브렉시트는 통과했고 빈 살만은 왕세자 등극·500명 이상 숙청·1천억 달러 초과 회수까지 마쳤다. 파운드 공략 수익은 미결이며 마지막은 변화한 친구와의 재회다.","ENDPOINT_AUDIT_88_OF_131"
"067","DCA-N38","440","L76962~L77140","EDIT","태우해운의 세계 4위 규모와 반도체 도시 1구역의 선매입·7천억 원 차익·빠른 착공 기반을 확인한다. 미국 주도 해운동맹과 연구진 영입은 아직 진행 중이다.","로보와의 무조건 상호소송 취하·유고빈 권리확정, 태우해운 약 280만 TEU·세계 4위, 반도체도시 1구역 7천억 원 차익과 2·3구역 10조 원 이상 투자·착공 2년 단축이 지급된다. 미국 해운동맹은 아직 추진 중이다.","명동이 2·3구역과 주변 토지를 더 확보하되 기존 주민의 사연을 해치지 않고 반도체 도시를 확장할 수 있는가?","김민재가 이영한에게 명동 방식으로 더 큰 수익을 낼 다음 토지사업을 약속한다.","로보 상호소송 취하·유고빈 권리확정; 태우해운 세계 4위 확인; 반도체도시 토지차익·착공단축","미국 주도 해운동맹; 반도체도시 추가부지; 이영한·명동의 다음 투자","EDIT_NOTE;R5_TO_7;KEEP_T7_H7_RIBBON","L76962~L77140: 조건 없는 소송취하와 유고빈 권리, 약 280만 TEU·세계 4위, 7천억 원 차익·10조 원 이상 투자·2년 단축이 모두 현재 수치다. 마지막은 이영한에게 준 다음 투자 약속이다.","ENDPOINT_AUDIT_88_OF_131"
"068","DCA-N38B","446","L78036~L78215","EDIT","내부 침투 피해가 중국 경쟁사의 자멸을 유도하는 공격자산이 된다.","정영근의 50억 원 초과 채무·불법도박·할머니 계좌 6억 원 확인, 좀비폰과 내부문서 확보, 역정보·전 직원 배경조사 지시가 지급된다. 조작정보 전송과 중국 경쟁사 피해는 미지급이다.","한 달 뒤 트럼프 취임식에서 해운 동맹 문제를 실제 규제 카드로 바꿀 수 있는가?","연말 태우상사의 적자와 한 달 뒤 트럼프 취임이 해운동맹·규제전의 다음 무대로 남는다.","정영근 채무·도박·가족계좌 확인; 좀비폰·문서 확보","조작정보·악성코드 역공; 전 직원 배경조사; 미국 해운규제·트럼프 취임","EDIT_SCORE_NOTE;R5_TO_6;H8_TO_7;KEEP_T8_RIBBON","L78036~L78215: 50억 원 넘는 빚·도박과 할머니 계좌 6억 원, 좀비폰 문서를 확보한다. 역정보·악성코드는 지시일 뿐 전송·중국 피해 전이며 끝은 상사 적자와 트럼프 취임이다.","ENDPOINT_AUDIT_88_OF_131"
"069","DCA-N38C","450","L78739~L78912","EDIT","회귀 초반의 기술동맹이 세계기업의 보호자 지위로 완성된다.","애플 신사옥 완공·스티브의 경영복귀 약속, 태우 주도 미국 해운동맹 성립이 지급된다. 알트코인 매집과 다섯 배 수익은 계획이다.","금융타워 금융사들이 아직 폭발 전인 알트코인 시장에 올라타 최소 다섯 배 차익 항로를 실제 열 수 있는가?","금융타워가 아직 폭발 전인 알트코인 시장에서 최소 다섯 배 수익을 만들 수 있는가?","애플 신사옥 완공·스티브 경영복귀 약속; 미국 해운동맹 성립","알트코인 매집·운용; 미중 분쟁","EDIT_NOTE;R7_TO_8;KEEP_T3_H7_RIBBON","L78739~L78912: 완공된 애플 신사옥에서 스티브가 복귀를 수락하고 미국 우선 해운동맹의 성립도 확인한다. 알트코인 다섯 배는 지시·목표다.","ENDPOINT_AUDIT_88_OF_131"
"070","DCA-N39","455","L79657~L79845","EDIT","즉석 구출전이 장기 지정학 보험으로 안정화된다.","장남 구출, 칭화 부패자료 1천억 원 이상 확인·중국 언론과 SNS 공개, 1초 AI 통역과 레벨3 고속도로 시험 무오류 성공이 지급된다.","사우디 정부가 예고한 빈 살만의 방한이 숙청 뒤 우애와 장기 사업동맹을 어떻게 이어갈 것인가?","사우디가 빈 살만의 한국 방문을 공식 예고한다.","장남 구출; 칭화 부패자료 확인·공개; AI 통역·레벨3 자율주행 시험성공","중국 내 부패폭로 반응; 빈 살만 방한·사우디 동맹","EDIT_SCORE_NOTE_RIBBON;R7_TO_8;KEEP_T7_H7","L79657~L79845: 장남은 안전하고 칭화 자료 1천억 원 이상을 실제 중국 언론·SNS에 흘린다. 1초 통역·레벨3 무오류 시험도 완료되며 끝은 빈 살만 방한예고다.","ENDPOINT_AUDIT_88_OF_131"
"071","DCA-N40","462","L80891~L81043","EDIT","국내 3사 중 하나였던 통신사가 국제망 가격을 정할 상위사업자가 된다.","태우통신 국제망 1티어 확정, 글로벌 동맹과 10조 원 규모 해저케이블 발표, 태우 부담 약 1조 원의 사업구조가 지급된다.","국제유가가 한 달 새 약 10달러 빠진 가운데 곧 50달러를 회복할 시점과 코로나기의 재폭락 가능성이 함께 열린다.","한 달 사이 약 10달러 내린 국제유가가 다음 에너지 매입·공매도 기회를 연다.","국제망 1티어 진입; 10조 원 해저케이블 동맹 발표","해저케이블 구축; 망사용료 재협상; 유가 하락 뒤 에너지 투자","EDIT_NOTE;KEEP_T5_R8_H7_RIBBON","L80891~L81043: 국제망 1티어와 AT&T·손정우·구글·아마존·페이스북의 10조 원 케이블 발표, 태우 부담 약 1조 원이 현재 확정된다. 마지막은 유가 약 10달러 하락이다.","ENDPOINT_AUDIT_88_OF_131"
"072","DCA-N41","465","L81390~L81551","EDIT","지분 참여 전략이 에너지·금융·신기술 브랜드 전반의 선점 방식으로 굳어진다.","가이아나 펀드 70퍼센트 지배 확인, 이더리움 8달러→200달러 근접 수익과 암호화폐 매도개시, 메타버스의 AI센터 공식사업 승인이 지급된다.","수익성을 장담할 수 없어도 인재·기업·VR 기기를 동원해 태우를 메타버스 선두주자로 보이게 만들기로 한다.","수익을 장담할 수 없는 메타버스에 인재·기업·VR기기를 투입해 선두 이미지를 만들 수 있는가?","가이아나 70퍼센트 확인; 이더리움 열 배 이상 상승·매도개시; 메타버스 공식사업 승인","암호화폐 완전청산; 메타버스 인재·특허·기업·VR 인수","EDIT_NOTE;KEEP_T5_R8_H6_RIBBON","L81390~L81551: 가이아나 70퍼센트와 이더리움 8달러→200달러 근접, 매도개시가 실제다. 메타버스는 공식사업·인수권 승인까지이며 제품은 없다.","ENDPOINT_AUDIT_88_OF_131"
"073","DCA-N41B","470","L82249~L82431","EDIT","중러 철수 대비가 현금회수·생산연속성·경쟁사 부담 전가로 완성된다.","러시아 공장 임대계약 체결·5조 원 수령·도요타 2년 임대와 로만의 크렘린 오해해소 약속이 지급된다. 신규 러시아 공장은 시간을 벌기 위한 계획이다.","방한한 러시아 측이 철수 의혹을 묻자 더 큰 신규공장을 약속한다.","로만이 신규공장 설명을 받아들이고 크렘린의 오해를 직접 풀겠다고 약속한다.","러시아 공장 임대계약·5조 원 수령; 도요타 2년 임대; 로만 해명수락","러시아 리콜·철수 일정; 신규공장 위장계획; 일본 품질공격","EDIT_NOTE;KEEP_T8_R9_H6_RIBBON","L82249~L82431: 계약서 서명과 5조 원 수령·도요타 2년 임대가 완료된다. 로만도 설명을 수용해 크렘린 오해를 풀겠다고 하고 신규공장은 시간벌기 계획이다.","ENDPOINT_AUDIT_88_OF_131"
"074","DCA-N41C","477","L83506~L83688","EDIT","복수작전이 경쟁사 약화와 자사 시스템 신뢰라는 이중 이익으로 결산된다.","일본 자동차업계 공개사과·생산중단·리콜, 태우차 리콜 마무리와 주가상승이 지급된다. 소송배상과 도시바 거래는 미지급이다.","도시바가 러시아 공장 계약을 파기하고 싶다고 연락하자 김민재는 직접 만날 일정을 잡으라고 지시한다.","도시바가 러시아 공장계약을 파기하고 싶다고 연락하자 김민재가 직접 만날 일정을 잡으라고 지시한다.","일본차 품질폭로·사과·생산중단·리콜; 태우차 공정공개·리콜 마무리","일본차 배상·주가후속; 도시바 면담·계약파기 조건·자산매각","EDIT_NOTE;KEEP_T8_R8_H7_RIBBON","L83506~L83688: 하루오 사과·생산중단·리콜과 태우차 공정공개·리콜마무리·주가상승이 발생한다. 법적배상은 없고 마지막은 도시바 면담지시다.","ENDPOINT_AUDIT_88_OF_131"
"075","DCA-N41D","481","L84192~L84351","EDIT","단순 인수가 공급망 전반의 옵션·담보·연료 확보로 확장된다.","도시바메모리·웨스팅하우스 4조5500억 엔 인수계약 체결과 잔여지분 45퍼센트 담보의 2조 엔 대출이 지급된다. 잔여지분 이전과 카메코 지분취득은 아직 전이다.","카메코 지분을 3년 동안 조용히 모아 러시아 전쟁 뒤 원전과 우라늄 부활을 함께 맞을 준비를 한다.","카메코 지분을 3년 동안 조용히 모아 원전·우라늄 부활에 대비하라는 지시가 남는다.","도시바메모리·웨스팅하우스 인수계약; 잔여지분 담보 2조 엔 대출","도시바 잔여 45퍼센트 채무불이행·이전; 카메코 지분 3년 매집","EDIT_NOTE;KEEP_T8_R10_H7_RIBBON","L84192~L84351: 합계 4조5500억 엔 인수계약과 잔여 45퍼센트 담보 2조 엔 대출은 서명됐다. 카메코는 3년 매집 지시일 뿐 취득분이 없다.","ENDPOINT_AUDIT_88_OF_131"
"076","DCA-N42","488","L85415~L85589","KEEP","35억 달러 채권↔엔비디아 3% 교환을 완료하고 태우증권 8% 이상·핀테크 포함 약 10% 보유를 확인한다. 뱅가드·피델리티 각 7% 협상길을 얻지만 통제권은 아직 없다.","35억 달러 채권↔엔비디아 3% 교환을 완료하고 태우증권 8% 이상·핀테크 포함 약 10% 보유를 확인한다. 뱅가드·피델리티 각 7% 협상길을 얻지만 통제권은 아직 없다.","미중 무역분쟁은 김민재가 20년 동안 기다린 마지막 초대형 기회이고, 반드시 잡아야 한다.","미중 무역분쟁은 김민재가 20년 동안 기다린 마지막 초대형 기회이고, 반드시 잡아야 한다.","손정우 35억 달러 대출계약과 엔비디아 3% 교환","뱅가드·피델리티 각 7% 협상; 엔비디아 25%·40%·최종 50% 목표","KEEP_T6_R8_H8_RIBBON_NOTE","L85415~L85589: 3퍼센트 교환과 실제 약 10퍼센트 보유를 확인하고 25·40·50퍼센트는 협상·목표로 남긴다. 기존 override의 통제권은 아직 없다는 부정이 정확하다.","ENDPOINT_AUDIT_88_OF_131"
"077","DCA-N42B","495","L86652~L86827","KEEP","중국 금융시장 5년 무제한 활동권과 5년 뒤 청나라 채권 양도 조건의 정치적 수락·말합의를 얻는다. 금융타워 전체 세부계약은 미지급이다.","중국 금융시장 5년 무제한 활동권과 5년 뒤 청나라 채권 양도 조건의 정치적 수락·말합의를 얻는다. 금융타워 전체 세부계약은 미지급이다.","데이비드가 니콜라가 조작을 넘어선 사기라고 보고한다.","데이비드가 니콜라가 조작을 넘어선 사기라고 보고한다.","중국의 5년 금융활동 허용·5년 뒤 채권양도 말합의","금융타워 각 사 세부조건·계약 체결; 중국 내 실제 금융활동 실행; 니콜라 폭로","KEEP_T9_R8_H7_RIBBON_NOTE","L86652~L86827: 리강의 5년 권한·채권양도 말수락은 현재 지급이고 담당자별 세부계약은 미래형이다. 마지막 니콜라 사기보고까지 기존 override가 시점을 나눈다.","ENDPOINT_AUDIT_88_OF_131"
"078","DCA-N43","505","L88347~L88514","KEEP","다이먼·데이비드에게 비테라 인수를 맡기고 머스크에게 농업위성 구축 약속을 받는다.","다이먼·데이비드에게 비테라 인수를 맡기고 머스크에게 농업위성 구축 약속을 받는다.","식량 대란이 오기 전에 비테라 계약과 위성망을 실제로 완성할 시간이 흐르기 시작한다.","식량 대란이 오기 전에 비테라 계약과 위성망을 실제로 완성할 시간이 흐르기 시작한다.","비테라 인수 추진과 농업위성의 기술·비용 가능성 확인.","비테라 소유권, 위성 발사, 세계 곡물기업과의 힘겨루기.","KEEP_T5_R5_H7_RIBBON_NOTE","L88347~L88514: 다이먼·데이비드에게 비테라 인수를 맡기고 머스크가 대가를 받으면 이듬해 농업위성망을 만들 수 있다고 약속한다. 소유권·발사는 미지급이고 현재 행이 정확하다.","ENDPOINT_AUDIT_88_OF_131"
"079","DCA-N43B","510","L89194~L89363","EDIT","리강의 철회 압박을 증거로 물리치고 미국·일본·EU 취업까지 막는 블랙리스트 추진에 들어간다.","리강의 단계적 대응 수락과 기술보호법 철회저지, 중국의 한국 기술자 700명 이상 해고 확인이 지급된다. 국제 블랙리스트와 곡물기업 인수는 아직 계획이다.","김민재의 미국행 목적이 비테라 인수와 곡물 메이저 ABC 협상으로 구체화된다.","김민재의 미국행 목표가 비테라 인수와 곡물 메이저 협상으로 구체화된다.","리강의 단계적 대응 수락; 기술보호법 철회저지; 중국의 700명 이상 해고 확인","해고 기술자 보호·국제 블랙리스트; 비테라 인수; 곡물 메이저 협상","EDIT_NOTE;KEEP_T8_R8_H7_RIBBON","L89194~L89363: 리강은 단계대응을 받아들이고 중국은 한국 기술자 700명 이상을 실제 해고한다. 국제 블랙리스트는 추진 전이며 끝은 미국 곡물협상 준비다.","ENDPOINT_AUDIT_88_OF_131"
"080","DCA-N43C","512","L89523~L89696","EDIT","비테라 인수와 태우 곡물회사 전환, 세계 농업 인프라 임차 조건이 확정된다.","비테라 인수 확인·태우곡물회사 전환, 일부 5년 곡물·농장 계약과 아마존 창고임대 합의가 지급된다. 연 1천억 달러 전량계약은 아직 진행 중이다.","태우반도체를 대체 불가능한 공급자로 만들 해외 팹·첨단칩 투자가 다음 과제로 열린다.","태우반도체를 대체 불가능한 공급자로 만들 해외 구형팹·첨단칩 투자가 다음 과제로 열린다.","비테라 인수·태우곡물회사 전환; 일부 5년 곡물·농장 계약; 아마존 창고임대 합의","연 1천억 달러 곡물계약 완성; 해외 반도체 생산지도·첨단칩 투자","EDIT_NOTE;KEEP_T5_R8_H6_RIBBON","L89523~L89696: 비테라는 이미 인수됐고 일부 5년 계약과 아마존 창고임대가 성립한다. 다음 반기 500억·내년 1천억 달러 전체집행은 계획이다.","ENDPOINT_AUDIT_88_OF_131"
"081","DCA-N43D","516","L90197~L90378","KEEP","ASML 5년 장기계약 10조 원 이상과 중국행 구형장비 일부, 베트남·인도 정부협상 및 수배 지출 회고, 김태중의 푹 수상 면담 주선, 28GHz·스타링크 구축명령을 확인한다. 베트남 단지·곡물/농지 계약은 계획·협상 단계다.","ASML 5년 장기계약 10조 원 이상과 중국행 구형장비 일부, 베트남·인도 정부협상 및 수배 지출 회고, 김태중의 푹 수상 면담 주선, 28GHz·스타링크 구축명령을 확인한다. 베트남 단지·곡물/농지 계약은 계획·협상 단계다.","해외팹 협상과 장비계약 뒤 28GHz 전국망·스타링크 협업을 실제 통신·자율주행 기반으로 구축할 수 있는가?","해외팹 협상과 장비계약 뒤 28GHz 전국망·스타링크 협업을 실제 통신·자율주행 기반으로 구축할 수 있는가?","ASML 5년 계약과 구형장비 일부 확보; 베트남·인도 정부협상 순방; 28GHz 유지·스타링크 보완 결정","베트남 반도체단지·곡물·농지 계약; 인도 팹·밀 계약; 28GHz 전국망·스타링크 협업","KEEP_T5_R8_H7_RIBBON_NOTE","L90197~L90378: 5년·10조 원 초과 ASML 계약과 중국행 구형장비 일부, 베트남·인도 협상·지출 회고는 현재 사실이다. 단지·곡물·농지는 계획이고 기존 override가 정확하다.","ENDPOINT_AUDIT_88_OF_131"
"082","DCA-N44","540","L94314~L94486","EDIT","대화그룹의 소재 국산화 공로가 인정되고 HBM·양자·AI 무제한 투자방침이 확정된다.","폴리이미드 국산화 성공과 생산계획의 공식발표, 저가 AI 공개버전·양자컴퓨터·초전도체 공동프로젝트의 담당·투자승인이 지급된다. 미래기술 성과는 아직 없다.","예상한 팬데믹 수익을 실제로 확보해 HBM·양자·AI 무제한 투자의 위험과 시간을 감당할 수 있는가?","저가 AI 공개버전과 양자컴퓨터·초전도체 공동프로젝트가 실제 제품·기술로 이어질 수 있는가?","폴리이미드 국산화 성공·생산계획 발표; 미래기술 프로젝트 승인","저가 AI 공개; 양자컴퓨터·초전도체 연구성과·투자집행","EDIT_NOTE;KEEP_T7_R8_H7_RIBBON","L94314~L94486: 폴리이미드 국산화·생산계획을 공식 발표하고 저가 AI·양자·초전도체 프로젝트를 승인한다. 우한 질병·팬데믹 수익은 이 원문 범위에 없어 제거한다.","ENDPOINT_AUDIT_88_OF_131"
"083","DCA-N45","555","L96945~L97147","EDIT","약 300명이 안전하게 한국에 도착하고 최재석 정부·태우병원의 국제이미지가 상승한다.","약 300명 한국 도착·전원검사, 미국인 양성 16명의 음압병동 치료와 한국인 확진 0명이 지급된다. 거리두기 정착과 백신완성은 남는다.","구조 뒤 최재석에게 약속한 석 달 안 백신과 사회적 거리두기 준비를 실제 방역체계로 만들 수 있는가?","사회적 거리두기를 준비하고 석 달 안 백신의 좋은 소식을 만들 수 있는가?","다이아 프린스 약 300명 구조·한국 도착; 전원검사; 미국인 16명 치료·한국인 확진 0명","사회적 거리두기; 센트리언 백신완성·승인","EDIT_NOTE;KEEP_T9_R9_H7_RIBBON","L96945~L97147: 약 300명을 데려와 하루 전수검사하고 미국인 16명 양성치료·한국인 0명을 확인한다. 거리두기·백신은 다음 실행이다.","ENDPOINT_AUDIT_88_OF_131"
"084","DCA-N45B","565","L98761~L98946","EDIT","바이든의 조건부 의무화 약속을 받고 주 후원선이 전환되며 트럼프 관계도 보존된다.","바이든의 조건부 의무접종 약속, FDA 정식심사·이달 승인 가능성 발표, 센트리언 주가 약 10퍼센트 상승과 공매도 청산 수십조 원 수익이 지급된다. 실제 FDA 승인은 아직 전이다.","바이든을 주 경주마로 바꾸고 트럼프선을 유지한 이중 안전망을 국내 사장단 회의와 백신정책의 실제 실행으로 연결할 수 있는가?","김민재가 이번 주 안에 태우 사장단 전체회의를 열라고 지시한다.","바이든 조건부 의무접종 약속; FDA 정식심사 발표; 주가상승·공매도 청산수익","FDA 실제 승인; 미국 의무접종; 국내 사장단회의·산업투자","EDIT_SCORE_NOTE_RIBBON;R8_TO_9;KEEP_T6_H6","L98761~L98946: 바이든 약속 뒤 FDA 정식심사 발표·이달 승인 가능성, 주가 약 10퍼센트 상승과 공매도 청산 수십조 원 수익이 나온다. 실제 승인은 다음이며 끝은 사장단회의 지시다.","ENDPOINT_AUDIT_88_OF_131"
"085","DCA-N46","570","L99634~L99819","KEEP","일본 내각의 방역물자·G7 비반대·20조 엔 자산거래 수락과 센트리언 백신 FDA 승인을 얻는다. 자산 인수 집행은 남는다.","일본 내각의 방역물자·G7 비반대·20조 엔 자산거래 수락과 센트리언 백신 FDA 승인을 얻는다. 자산 인수 집행은 남는다.","유일한 대량생산자가 백신 가격·배송·국가별 대가를 어떻게 설계할지가 열린다.","유일한 대량생산자가 백신 가격·배송·국가별 대가를 어떻게 설계할지가 열린다.","일본 의료협상 수락; 센트리언 백신 FDA 승인","20조 엔 자산 인수 집행; 한국 승인·세계배송; 국가별 가격·정치거래","KEEP_T8_R9_H7_RIBBON_NOTE","L99634~L99819: 일본은 G7 비반대·20조 엔 자산거래를 수락하고 센트리언은 FDA 승인을 받는다. 자산 인수집행과 백신 가격·배송은 남아 기존 행이 정확하다.","ENDPOINT_AUDIT_88_OF_131"
"086","DCA-N47","577","L100880~L101041","EDIT","EU 1달러 위탁생산 계약과 유럽·아프리카 공급, 향후 정책협력 약속이 성립한다.","EU의 회원국 제약사 설득·태우의 아프리카 지도자 설득이라는 구두 역할합의, 센트리언 수십 배 수익과 나스닥 32퍼센트 상승 확인이 지급된다. 위탁생산 계약과 백신공급은 미지급이다.","양적완화 지원금을 들고 망설이는 개인들을 주식시장으로 밀어 넣을 촉매는 무엇인가?","양적완화 지원금을 들고 망설이는 개인들을 주식시장으로 밀어 넣을 촉매가 필요하다.","EU·태우 백신협상 역할분담; 센트리언·나스닥 상승수익 확인","유럽 위탁생산 계약; 아프리카 백신공급; 개인투자자 유입","EDIT_NOTE;KEEP_T7_R8_H6_RIBBON","L100880~L101041: EU는 회원국 제약사, 태우는 아프리카 지도자 설득을 맡는 구두 틀만 잡는다. 1달러 계약·공급은 없고 센트리언 수십 배·나스닥 32퍼센트가 현재 수익이다.","ENDPOINT_AUDIT_88_OF_131"
"087","DCA-N48","583","L101898~L102092","EDIT","헤지펀드가 수백억 달러를 잃고 사과하며 베릴은 300만 구독자의 월가 영웅이 된다.","게임스핀 500달러 도달, 한국 개인투자자 약 1억 달러 참여, 확인된 헤지펀드 손실 100억 달러 초과·한 곳의 공개사과와 베릴 300만 구독자가 지급된다. 700억 달러 손실과 두 곳 파산은 추정이다.","게임스핀 최종전으로 얻은 베릴의 세계적 금융브랜드를 다음에는 어디에 쓸 것인가?","게임스핀 승리로 얻은 베릴의 300만 구독자·금융브랜드를 다음 작전에 어디에 쓸지 남는다.","게임스핀 500달러; 헤지펀드 확인손실 100억 달러 초과·공개사과; 베릴 300만 구독자","최대 700억 달러 손실검증; 헤지펀드 추가파산; 베릴의 다음 역할","EDIT_NOTE;KEEP_T8_R9_H6_RIBBON","L101898~L102092: 주가 500달러, 한국 개인 약 1억 달러, 확인손실 100억 달러 초과·한 곳 사과와 구독자 300만은 실제다. 700억 달러·두 곳 파산은 추정이다.","ENDPOINT_AUDIT_88_OF_131"
"088","DCA-N49","585","L102273~L102428","EDIT","중국 팹 4년 유예와 인텔 NAND 75억 달러 매입합의가 성립된다.","중국 팹 제재 4년 유예와 인텔 NAND 75억 달러 매입의 구두합의가 지급된다. 정식 계약·대금·소유권은 미지급이다.","75억 달러 매입합의를 실제 소유권 이전·통합으로 닫고 NAND를 어떤 성장자산으로 재배치할 것인가?","75억 달러 구두합의를 정식 계약·소유권 이전으로 닫고 NAND를 성장자산으로 재배치할 수 있는가?","중국 팹 4년 유예; 인텔 NAND 75억 달러 가격 구두합의","인텔 NAND 정식 계약·대금지급·소유권 이전·통합","KEEP_T7_R8_H7_RIBBON_NOTE","L102273~L102428: 바이든의 4년 유예와 인텔 CEO의 75억 달러 가격수락·악수는 구두합의다. 정식 계약·대금·소유권 이전은 없어 state_change의 계약확보를 교정한다.","ENDPOINT_AUDIT_88_OF_131"
"089","DCA-N49B","590","L103093~L103264","EDIT","중국 보조금으로 산 반도체 장비의 암호화폐 매매·태우 이전이 성립된다.","수출 가능한 반도체 장비 20여 대를 확인하고 7대 매각·2천만 달러 초과 입금, 당일 4대 선적과 판즈 담당자의 추가 모집 합류를 얻는다. 해외 팹 설치·생산은 미지급이다.","암호화폐 매매경로로 중국 보조금 장비를 실제 반출·설치해 해외 팹의 생산설비로 바꿀 수 있는가?","중국에서 더 빼낼 장비와 기술자를 들키지 않고 해외 팹에 설치·가동할 수 있는가?","수출가능 장비 20여 대 확인; 7대 매각·2천만 달러 초과 입금; 당일 4대 선적; 판즈 담당자 합류","추가 장비·기술자 반출; 해외 팹 설치·가동; 중국 측 탐지 회피","AFTER_T8_R8_H7;NOTE_EDIT;RIBBON_KEEP","L103093~L103264: 수출가능 장비 20여 대, 이미 판 7대와 2천만 달러 초과 입금, 당일 선적 4대가 확인된다. 판즈 담당자는 합류하지만 해외 팹 설치·생산은 아직 없다.","ENDPOINT_AUDIT_131_OF_131"
"090","DCA-N50","595","L103928~L104106","EDIT","태우상사 흑자와 치료제 승인을 확인하고 양자·AI 50조 원 이상 투자계획을 확정한다.","로켓 이용자 1천5백만 명과 25퍼센트 증가, 센트리언 치료제 임상완료, AI센터 누적 50조 원 이상 투자규모를 확인한다. 태우상사 흑자·치료제 승인·하반기 100억 달러 수익은 아직 전망이다.","앞으로 1~2년 동안 50조 원 이상을 양자·AI에 실제 집행해 회귀지식 밖 기술의 성과를 만들 수 있는가?","앞으로 1~2년 동안 쏟아질 현금을 양자·AI에 계속 투입해 회귀지식 밖 성과를 만들 수 있는가?","로켓 이용자 1천5백만·25퍼센트 증가; 치료제 임상완료; AI센터 누적 50조 원 이상 투자 확인","태우상사 흑자·해운수익 실현; 치료제 승인; 양자·AI 추가투자와 성과","AFTER_T5_R7_H7;NOTE_EDIT;RIBBON_EDIT","L103928~L104106: 로켓 1천5백만 명·25퍼센트 증가, 치료제 임상완료와 AI센터 누적 50조 원 이상은 현재다. 해운 하반기 100억 달러·흑자·치료제 승인은 전망이다.","ENDPOINT_AUDIT_131_OF_131"
"091","DCA-N50B","598","L104423~L104592","EDIT","미 제약협회 가입과 해외공장·필수약 생산권의 잠정 조건을 정한다. 정회원·생산권 최종계약은 미국 대선 때까지 미지급이다.","미 제약협회 정회원 협상의 예비계약, SMA 무료사업 잔여 9억 달러 중 30퍼센트인 2억7천만 달러 부담, 백신공장·아시아 생산권의 협상틀을 얻는다. 세부조건·최종서명은 미지급이다.","미국 대선 국면에서 잠정조건을 최종 계약으로 닫고 승자와 패자를 모두 관리할 수 있는가?","예비계약의 세부조건과 서명을 닫으면서 미국 대선의 승자·패자 양쪽 보호선도 유지할 수 있는가?","정회원 조건 협상; SMA 무료사업 2억7천만 달러 분담; 백신공장·아시아 생산권 예비계약","예비계약 세부조건·최종서명; 미국 대선 양면 보호선","AFTER_T7_R7_H7;NOTE_EDIT;RIBBON_EDIT","L104423~L104592: 잔여 9억 달러의 30퍼센트인 2억7천만 달러 협회부담과 백신공장·아시아 생산권을 묶고 이틀 뒤 예비계약까지 마친다. 세부조건·최종서명은 남는다.","ENDPOINT_AUDIT_131_OF_131"
"092","DCA-N51","600","L104769~L104942","EDIT","바이든에게 태우사업 보호·가이아나 100억 달러 대출과 한국산 무기 제안이 공식 전달된다.","바이든 당선인의 기존 태우 사업 지속·확대, 환경조건부 알래스카·가이아나 유지와 가이아나 한국산 무기 비저지 약속을 얻고 100억 달러 장기대출 협상 담당을 정한다. 대출·무기계약은 미지급이다.","바이든에게 제시한 가이아나 방산·100억 달러 금융·태우사업 보호안을 실제 합의로 바꾸고 러우전쟁 정보망을 미리 세울 수 있는가?","가이아나 100억 달러 금융·방산 협상을 실제 계약으로 닫고 러우전쟁 전에 정보망을 세울 수 있는가?","바이든 당선인의 태우사업 지속·확대 원칙; 가이아나 한국산 무기 비저지 약속; 대출협상 담당 확정","가이아나 100억 달러 대출·유전지분 조건; 한국산 무기계약; 러우전쟁 정보망","AFTER_T8_R6_H8;NOTE_EDIT;RIBBON_EDIT","L104769~L104942: 바이든 당선인은 사업 지속·확대와 한국산 무기 비저지를 약속한다. 데이비드는 100억 달러 장기대출 협상을 맡을 뿐 대출·무기계약은 없다.","ENDPOINT_AUDIT_131_OF_131"
"093","DCA-N51B","603","L105273~L105447","EDIT","메타버스 지분 40퍼센트 매각구조와 태우 통제권 유지조건을 정한다. 매매계약·대금 유입은 아직 전이다.","유고빈의 치매 예방·인지기능 개선 효과, 태우IT 주가 세 배 이상과 메타버스 하루 5백만 명 증가, 천민정의 VR 개발 참여를 확인한다. 보험적용과 지분 40퍼센트 매매계약·대금은 미지급이다.","글로벌 IT기업과 지분 40퍼센트 매매·교환계약을 실제 체결하면서 태우 통제권을 지킬 수 있는가?","유고빈 보험적용과 메타버스 지분 40퍼센트 거래를 실제 계약으로 닫으면서 천민정의 VR 개발을 제품으로 만들 수 있는가?","유고빈 치매예방·인지개선 확인; 태우IT 주가·메타버스 이용자 성장; 천민정 VR 참여","유고빈 보험적용; 메타버스 지분 40퍼센트 매매·대금; VR 제품개발","AFTER_T5_R7_H7;NOTE_EDIT;RIBBON_EDIT","L105273~L105447: 유고빈 인지효과, 태우IT 주가 세 배 이상·메타버스 하루 5백만 명 증가와 천민정 VR 참여가 현재 지급이다. 보험·지분거래는 아직 없다.","ENDPOINT_AUDIT_131_OF_131"
"094","DCA-N51C","605","L105610~L105770","EDIT","AI가 해킹을 차단하고 북한 권력변수 검토와 몽골 석탄 증산·비축 지시를 내린다. 실제 비축량·해외 장기계약은 아직 전이다.","센트리언 해킹 차단, 6천 대 좀비PC와 북한 암호·반체제 인사명단·비트코인 경로 확인을 얻고 몽골 석탄 증산·비축 지시를 확정한다. 실제 증산·비축물량은 미지급이다.","몽골 석탄 증산·비축을 실제 물량으로 만들고 QUAD 압박 속 중국 전력난에 어떻게 활용할 것인가?","QUAD 참여압박을 감당하면서 몽골 증산·비축을 실제 물량으로 바꿔 중국 전력난에 대응할 수 있는가?","센트리언 해킹 차단; 6천 대 좀비PC·북한 암호·명단·비트코인 경로 확인; 몽골 증산·비축 지시","몽골 석탄 실제 증산·비축; 중국 전력난; QUAD 참여압박; 북한 권력변수","AFTER_T8_R8_H8;NOTE_EDIT;RIBBON_EDIT","L105610~L105770: AI가 해킹을 막고 6천 대 좀비PC·북한 암호·반체제 명단·비트코인 경로를 잡는다. 몽골 석탄은 지시뿐이며 마지막은 QUAD 부담이다.","ENDPOINT_AUDIT_131_OF_131"
"095","DCA-N51D","608","L106111~L106261","EDIT","IIT·한국대학 교육, 유전지분·방산·금융 조건의 국가합의가 성립된다.","가이아나 100억 달러 국채계약과 유전·인프라 지분조건, 호주 석탄 장기계약과 올해 1억 달러·내년 10억 달러 이상 물량 및 부산·인천 공급선을 얻는다. 세부 무기계약·몽골 비축은 남는다.","새해 베트남에서 더 큰 에너지 모험을 김태중과 상의해야 할 위험이 남는다.","가이아나의 세부 군수조건과 몽골 비축을 닫은 뒤 김태중의 베트남 계획까지 안전하게 실행할 수 있는가?","가이아나 100억 달러 국채계약·유전/인프라 조건; 호주 석탄 장기계약·부산/인천 공급선","가이아나 세부 무기계약; 몽골 석탄 비축; 김태중 베트남 계획","AFTER_T6_R9_H7;NOTE_EDIT;RIBBON_EDIT","L106111~L106261: 가이아나 100억 달러 국채·유전/인프라 계약과 호주 석탄 올해 1억·내년 10억 달러 이상 장기계약이 서명된다. 세부 무기·몽골 비축은 후속이다.","ENDPOINT_AUDIT_131_OF_131"
"096","DCA-N51E","610","L106420~L106590","KEEP","가이아나 30억 달러 군수계약과 스테이블코인 공개공격 계획, 사이공은행 40조 원 불법대출·10조 원 비자금 보고서, 베트남 정부의 주동자 수습 결정과 김태중의 총리 통로를 얻는다. 현금창고 압수·계좌동결·구속·정유회사 인수는 아직 전이다.","가이아나 30억 달러 군수계약과 스테이블코인 공개공격 계획, 사이공은행 40조 원 불법대출·10조 원 비자금 보고서, 베트남 정부의 주동자 수습 결정과 김태중의 총리 통로를 얻는다. 현금창고 압수·계좌동결·구속·정유회사 인수는 아직 전이다.","베트남 정부가 이번 주 안에 주동자 처리를 실제 집행하고, 김태중이 얻은 현지 고위층 통로를 어떤 다음 역할로 바꿀 것인가?","베트남 정부가 이번 주 안에 주동자 처리를 실제 집행하고, 김태중이 얻은 현지 고위층 통로를 어떤 다음 역할로 바꿀 것인가?","가이아나 군수계약 확인; 스테이블코인 공개공격 준비; 40조 원 불법대출·10조 원 비자금 보고서 공개; 베트남 정부 수습선; 김태중 총리 통로","베트남 정부의 주동자 실제 처분; 사이공은행 안정; 김태중 현지 통로의 다음 역할","AFTER_T8_R7_H8;NOTE_KEEP;RIBBON_KEEP","L106420~L106590: 30억 달러 군수계약·40조 원 불법대출·10조 원 비자금 보고와 정부 수습선은 현재다. 정유회사 확보·압수·구속은 다음 화라 기존 override가 정확하다.","ENDPOINT_AUDIT_131_OF_131"
"097","DCA-N52","614","L107162~L107325","EDIT","김태중이 17표로 축구협회장에 당선되고 메타버스 지분대가로 마이크로소프트 주식을 받는다.","김태중의 17표 축구협회장 당선과 마이크로소프트의 메타버스 장기계약·주식교환 협상 의사를 얻는다. 계약서·마이크로소프트 주식은 미지급이다.","델타 변이와 중국 백신실패, 바이든 방한에서 반도체 예외권을 얻는 새 판이 열린다.","델타 변이·중국 백신실패와 바이든 방한을 이용해 백신외교와 반도체 예외권을 얻을 수 있는가?","김태중 축구협회장 17표 당선; 마이크로소프트 장기계약·주식교환 협상의사","메타버스 정식계약·주식교환; 델타 백신외교; 미국 반도체공장·중국 팹 예외","AFTER_T7_R8_H7;NOTE_EDIT;RIBBON_EDIT","L107162~L107325: 김태중은 17표로 당선된다. 마이크로소프트는 장기계약·주식교환에 긍정적일 뿐 주식지급이나 서명은 없어 현재 paid_reward를 낮춘다.","ENDPOINT_AUDIT_131_OF_131"
"098","DCA-N53","618","L107842~L108009","KEEP","센트리언의 중국 동부시장 권리와 합작유지가 확정되고 100조 원 이상 공매도가 실행된다.","센트리언의 중국 동부시장 권리와 합작유지가 확정되고 100조 원 이상 공매도가 실행된다.","센트리언의 중국 동부시장 권리와 100조 원대 부동산 숏을 실제 이익으로 결산할 수 있는가?","센트리언의 중국 동부시장 권리와 100조 원대 부동산 숏을 실제 이익으로 결산할 수 있는가?","중국 백신 재협상과 공매도 진입.","중국 동부시장 실행; 부동산 공매도 결산·중국 대응","AFTER_T7_R8_H7;NOTE_KEEP;RIBBON_KEEP","L107842~L108009: 센트리언 동부시장 권리·합작유지와 100조 원 이상 숏 진입이 모두 현재 회차 안에 있다. 이익실현은 훅으로 남긴 기존 귀속이 맞다.","ENDPOINT_AUDIT_131_OF_131"
"099","DCA-N53B","620","L108187~L108349","KEEP","수에즈 통항우선권·확장공사 약속이 확정되고 로나 취약성 공개·공매도가 시작된다.","수에즈 통항우선권·확장공사 약속이 확정되고 로나 취약성 공개·공매도가 시작된다.","수에즈 보상을 확보한 뒤 막 시작한 로나 구조 공개·공매도가 언제 어떤 규모로 결산되고, 세계 폭우가 실물 공급망을 얼마나 끊을 것인가?","수에즈 보상을 확보한 뒤 막 시작한 로나 구조 공개·공매도가 언제 어떤 규모로 결산되고, 세계 폭우가 실물 공급망을 얼마나 끊을 것인가?","수에즈 재개통·우선통항·확장공사 약속","로나 공매도 결산; 세계 폭우·식량·에너지 대란","AFTER_T8_R9_H8;NOTE_KEEP;RIBBON_KEEP","L108187~L108349: 수에즈 재개통·우선통항·확장공사 약속이 실제 지급되고 로나 취약성 공개·공매도 시작이 마지막 새 질문이다. 결산을 당기지 않은 기존 행이 맞다.","ENDPOINT_AUDIT_131_OF_131"
"100","DCA-N54","625","L109021~L109183","EDIT","제주 무인주행 성공과 당원 3천 명 검증자료·수사방식을 확보한다. 배신자 신원·증거는 아직 전이다.","제주 실증 사고 0건·음주운전자 7명 적발, 관광객 30퍼센트·외국인 15퍼센트 증가와 당원 3천여 명 스캔·봉우리파 관련자 명단·수사지시를 얻는다. 배신 증거와 자금망은 미지급이다.","강 대위가 3천 명 자료에서 실제 배신자와 자금망을 특정해 증거로 넘길 수 있는가?","봉우리파 관련자 명단에서 실제 배신증거와 자금망을 찾아 당 내부를 정리할 수 있는가?","제주 15일 실증 사고 0·음주 7명; 관광객 30퍼센트·외국인 15퍼센트 증가; 3천여 명 스캔·봉우리파 명단","봉우리파 배신증거·자금망; 당 내부정리·수사","AFTER_T8_R8_H7;NOTE_EDIT;RIBBON_EDIT","L109021~L109183: 15일간 사고 0·음주 7명, 관광객 30퍼센트·외국인 15퍼센트 증가가 명시되고 3천여 명에서 봉우리파 이름을 추린다. 증거·자금망은 없다.","ENDPOINT_AUDIT_131_OF_131"
"101","DCA-N54B","630","L109845~L110005","EDIT","북한 불법자금 차단망이 가동되고 장남의 연변기반 상대우위가 커지며 조지가 일본전에 배치된다.","야권 인사들의 양심고백과 다수의 국민경제당 이동약속, 중국 부동산 공매도 대부분의 청산, 조지의 일본 금융전 수락을 얻는다. 북한 자금차단·탈취와 일본 공격수익은 미지급이다.","조지가 일본 금융전에 배치된 뒤 어떤 목표·자금·공격시점을 정해 첫 행동에 나설 것인가?","조지가 일본 금융전의 목표·자금·공격시점을 정해 첫 행동에 나설 수 있는가?","야권 양심고백·이동약속; 중국 부동산 숏 대부분 청산; 조지의 일본전 수락","북한 해킹·암호화폐 자금차단; 일본 금융공격 목표·시점·집행","AFTER_T8_R8_H7;NOTE_EDIT;RIBBON_EDIT","L109845~L110005: 야권의 고백·이동약속과 중국 부동산 숏 대부분 청산은 현재다. 북한 자금차단은 지시, 일본전은 조지의 수락까지만 있어 실행완료를 제거한다.","ENDPOINT_AUDIT_131_OF_131"
"102","DCA-N55","633","L110333~L110512","EDIT","말리 리튬광산이 복구되고 바그너와 제한적 연락·억지관계가 남는다.","2천 명 이상 PMC의 반군 철수, 광산의 다음 날 재가동·일주일 정상화 일정, 말리 정부의 리튬광산 추가 5퍼센트 양도약속과 김민재의 수락을 얻는다. 실제 지분이전은 미지급이다.","되찾은 말리 광산을 유지하면서 바그너와 거리를 두고 민간피해·제재 위험을 제한할 수 있는가?","광산을 실제 정상화하고 추가 5퍼센트 지분을 이전받으면서 PMC 유착·제재위험을 피할 수 있는가?","2천 명 이상 PMC 투입·반군 철수; 광산 재가동 일정; 추가 5퍼센트 양도약속","광산 정상가동; 추가 5퍼센트 법적 이전; PMC 유착·제재위험","AFTER_T7_R8_H6;NOTE_EDIT;RIBBON_KEEP","L110333~L110512: 2천 명 이상 PMC가 반군을 물리지만 광산은 다음 날 재가동·일주일 정상화 예정이다. 말리의 5퍼센트는 약속으로 실제 지분이전 전이다.","ENDPOINT_AUDIT_131_OF_131"
"103","DCA-N55B","636","L110861~L111037","EDIT","기업농 정책과 28GHz 유지방침이 철회되지 않고 가격·기술 실증을 계속한다.","국내 원전 2기 가동과 소형 원전의 다음 상반기 준공일정, KOSPI 4500을 확인하고 기업농·28GHz 유지방침을 확정한다. 농산물 가격·자율주행·스마트팜의 장기효과는 미지급이다.","손실을 감수해 지킨 기업농·28GHz가 농산물 가격과 자율주행·스마트팜의 실제 장기효과를 낼 것인가?","기업농·28GHz를 유지한 비용이 농산물 가격과 자율주행·스마트팜의 장기효과로 돌아올 것인가?","원전 2기 가동 확인; 소형 원전 준공일정; KOSPI 4500; 기업농·28GHz 유지결정","농산물 가격효과; 28GHz 자율주행·스마트팜 성과; 소형 원전 준공","AFTER_T8_R7_H6;NOTE_EDIT;RIBBON_EDIT","L110861~L111037: 원전 2기 가동·소형 원전 준공일정과 KOSPI 4500이 현재 표면이다. 기업농·28GHz는 유지결정이며 장기효과는 아직 없다.","ENDPOINT_AUDIT_131_OF_131"
"104","DCA-N56","641","L111698~L111871","KEEP","홀란드의 3년 유럽이적 조항을 포함한 리즈 계약과 베이징 외교선이 성립된다.","홀란드의 3년 유럽이적 조항을 포함한 리즈 계약과 베이징 외교선이 성립된다.","홀란드 영입과 베이징 외교선을 확보한 뒤, 다가오는 러우전쟁에서 미중 사이 독자공간을 어떻게 지킬 것인가?","홀란드 영입과 베이징 외교선을 확보한 뒤, 다가오는 러우전쟁에서 미중 사이 독자공간을 어떻게 지킬 것인가?","홀란드 영입계약.","러우전쟁 개전·에너지주도권; 베이징 외교의 결과","AFTER_T6_R8_H7;NOTE_KEEP;RIBBON_KEEP","L111698~L111871: 리즈·홀란드의 3년 유럽이적 조항 계약과 베이징 외교선이 현재 회차에서 성립하고 마지막 전쟁위험은 미지급으로 남아 기존 행이 맞다.","ENDPOINT_AUDIT_131_OF_131"
"105","DCA-N56B","643","L112068~L112240","KEEP","이 상무의 비트코인 계좌가 털리고 CNC·리규철·북한 해킹세력과 비자금이 장남의 자금·산업·인맥으로 귀속됐음을 확인한다. 이어 러시아의 우크라이나 침공과 유가 100달러 돌파가 실제 발생해 태우의 전시 포지션이 가동된다.","이 상무의 비트코인 계좌가 털리고 CNC·리규철·북한 해킹세력과 비자금이 장남의 자금·산업·인맥으로 귀속됐음을 확인한다. 이어 러시아의 우크라이나 침공과 유가 100달러 돌파가 실제 발생해 태우의 전시 포지션이 가동된다.","침공 첫날 밤 젤렌스키와 우크라이나가 버틸지, 태우가 직접 참전하지 않고 전황·정보·공급망에 어떻게 개입할지가 열린다.","침공 첫날 밤 젤렌스키와 우크라이나가 버틸지, 태우가 직접 참전하지 않고 전황·정보·공급망에 어떻게 개입할지가 열린다.","이 상무 비트코인 탈취; CNC·리규철·해킹세력·비자금의 장남 귀속; 이 상무 개인복수 핵심 결산; 러시아 침공 확인","침공 첫날 정보전; 유가·식량·니켈 전시 포지션; 한국의 간접 군수지원","AFTER_T10_R8_H9;NOTE_KEEP;RIBBON_KEEP","L112068~L112240: 화 초 이영한 보고로 비트코인·리규철 해킹망·CNC·비자금의 장남 귀속이 확인된다. 후반 러시아 침공·유가 100달러는 다음 Arc의 bridge라 기존 crossfade override가 정확하다.","ENDPOINT_AUDIT_131_OF_131"
"106","DCA-N57","645","L112415~L112578","EDIT","유럽 방산·원전·물류·식량 패키지와 미국 보충판매 구조가 완성된다.","대통령의 러우전쟁 대응·미국/유럽 연결역할 위임과 미국 보충판매·유럽 방산/원전/물류/식량 패키지 설계, 데이비드의 백악관 접촉지시를 얻는다. 실제 승인·수출·계약은 미지급이다.","설계한 미국 보충판매·유럽 방산·원전·물류·식량 패키지를 실제 승인과 장기계약으로 바꿀 수 있는가?","설계한 미국 보충판매와 유럽 방산·원전·물류·식량 패키지를 실제 승인·장기계약으로 바꿀 수 있는가?","대통령의 대응역할 위임; 미국 보충판매·유럽 산업패키지 설계; 백악관 접촉지시","미국 보충판매 승인; 유럽 방산·원전·물류·식량 계약","AFTER_T7_R6_H7;NOTE_EDIT;RIBBON_EDIT","L112415~L112578: 대통령이 대응역할을 맡기고 김민재가 패키지를 설계해 데이비드에게 백악관 접촉을 지시한다. 군수·원전·물류 수출이나 계약은 발생하지 않는다.","ENDPOINT_AUDIT_131_OF_131"
"107","DCA-N57B","648","L112918~L113086","EDIT","니켈 투기세력이 손실을 보고 광산·가격안정이 굳어지며 러시아 원유가 동남아 거쳐 수익화된다.","니켈 마진콜 무기한 유예와 가격하락, 금융타워 숏 포지션 유지, 현금지출 없는 200억 달러 보증과 동유럽 일정 확정을 얻는다. 최종 숏 수익·광산양도·러시아 에너지 계약은 미지급이다.","니켈·러시아 에너지 결산 뒤 핵심광물과 제재 우회망을 제재위험 없이 장기 주도권으로 유지할 수 있는가?","유예·보증으로 잡은 니켈 협상력을 광산양도와 확정수익으로 닫고 러시아 에너지 우회망을 제재 없이 운영할 수 있는가?","니켈 마진콜 무기한 유예; 가격하락·숏 유지; 현금지출 없는 200억 달러 보증; 동유럽 일정","니켈 숏 최종수익·광산양도; 동유럽 계약; 러시아 에너지 우회망·제재위험","AFTER_T7_R8_H6;NOTE_EDIT;RIBBON_EDIT","L112918~L113086: 마진콜은 무기한 유예되고 니켈값은 내린다. 200억 달러 보증에 실제 현금은 나가지 않으며 최종 수익·광산양도·러시아 에너지 계약은 없다.","ENDPOINT_AUDIT_131_OF_131"
"108","DCA-N58","654","L113858~L114028","KEEP","SVB 모든 지분·경영권 이전 완료, 뱅크런 없음, 예치금 소폭 상승·주가 상승, 금융타워가 새 주인이라는 1면 보도를 얻는다. 기업농 성과와 직거래·전자상거래 개혁안·조력기업 배치도 확정하되 전국 유통망 실행은 남는다.","SVB 모든 지분·경영권 이전 완료, 뱅크런 없음, 예치금 소폭 상승·주가 상승, 금융타워가 새 주인이라는 1면 보도를 얻는다. 기업농 성과와 직거래·전자상거래 개혁안·조력기업 배치도 확정하되 전국 유통망 실행은 남는다.","SVB 인수결산 뒤 직거래·전자상거래 유통개혁을 법·물류·조력기업의 실제 체계로 만들 수 있는가?","SVB 인수결산 뒤 직거래·전자상거래 유통개혁을 법·물류·조력기업의 실제 체계로 만들 수 있는가?","SVB 모든 지분·경영권 이전과 인수작업; 뱅크런 방지·예치금/주가 안정·1면 소유자 보도; 유통개혁 설계","다른 미국 중소은행 1달러 인수; 국내 유통망 실행·법제화·시장반발","AFTER_T5_R9_H6;NOTE_KEEP;RIBBON_KEEP","L113858~L114028: 모든 지분·경영권 이전, 인수완료·뱅크런 없음·예치금/주가 상승·1면 새 주인 보도가 모두 현재다. 뒤 유통개혁은 설계라 기존 이중축 override가 맞다.","ENDPOINT_AUDIT_131_OF_131"
"109","DCA-N58B","661","L115000~L115169","KEEP","로나 85달러→0.003달러 미만·99% 폭락, 시총 약 400억 달러의 절반가량인 약 200억 달러 실제 흡수, 베릴 공개복권과 김태중의 해외임무 수락이 지급된다. 헤지펀드까지 합친 최소 총 300억 달러는 아직 전망이다.","로나 85달러→0.003달러 미만·99% 폭락, 시총 약 400억 달러의 절반가량인 약 200억 달러 실제 흡수, 베릴 공개복권과 김태중의 해외임무 수락이 지급된다. 헤지펀드까지 합친 최소 총 300억 달러는 아직 전망이다.","김태중이 베트남을 시작으로 한국향 식량·팜유 수출예외를 실제로 받아 올 수 있는가?","김태중이 베트남을 시작으로 한국향 식량·팜유 수출예외를 실제로 받아 올 수 있는가?","로나 99% 폭락·약 200억 달러 실제 흡수; 베릴 공개복권; 김태중 순방 수락","파산 헤지펀드 추가 흡수·최소 총 300억 달러 전망; 태우 농장 농산물·팜유 수출조건; 러시아 에너지 통로","AFTER_T6_R9_H7;NOTE_KEEP;RIBBON_KEEP","L115000~L115169: 85달러→0.003달러 미만·99퍼센트와 시총 절반 약 200억 달러 흡수는 현재다. 최소 총 300억 달러는 헤지펀드까지 흡수할 전망으로 기존 override가 정확하다.","ENDPOINT_AUDIT_131_OF_131"
"110","DCA-N59","662","L115170~L115328","KEEP","태우 소유 농장 농산물의 수출제한 예외와 태우상사 대상 팜유 공급, 동남아산 팜유·인도산 밀의 공급재개 및 빠른 물가안정을 얻는다. 태우해운 물동량 30% 이상 증가, 정유시설 지분 10%, 일부 투자약속이 명시된 대가다.","태우 소유 농장 농산물의 수출제한 예외와 태우상사 대상 팜유 공급, 동남아산 팜유·인도산 밀의 공급재개 및 빠른 물가안정을 얻는다. 태우해운 물동량 30% 이상 증가, 정유시설 지분 10%, 일부 투자약속이 명시된 대가다.","확보한 태우 농장·태우상사 물량을 로켓 물류와 기업농에 결합해 국내 유통구조를 지속적으로 바꿀 수 있는가?","확보한 태우 농장·태우상사 물량을 로켓 물류와 기업농에 결합해 국내 유통구조를 지속적으로 바꿀 수 있는가?","태우 농장 농산물 수출예외; 태우상사 팜유 공급; 태우해운 30%·정유지분 10%·투자약속 대가; 팜유·밀 공급재개와 가격안정","로켓 농산물 물류·국내 유통개혁; 예외조건 유지; 인도 순방·러시아 에너지 협상","AFTER_T6_R8_H6;NOTE_KEEP;RIBBON_KEEP","L115170~L115328: 예외는 태우 농장·태우상사 팜유에 한정되고 태우해운 30퍼센트·정유지분 10퍼센트·투자약속이 대가다. 공급재개·가격안정까지 현재라 기존 override가 맞다.","ENDPOINT_AUDIT_131_OF_131"
"111","DCA-N59B","664","L115485~L115640","EDIT","태우엔터·MCA 협업과 테일러 스위프트 공연으로 대형시설의 흥행·수익성이 입증된다.","MCA의 테일러 스위프트 내한·태우 경기장 일정배정과 다른 가수 추가배정 약속, 해외 스포츠팀 초청지시를 얻는다. 실제 공연·관중·수익은 미지급이다.","10만 석 경기장과 해외 스포츠 흥행을 반복 가능한 수익·국가브랜드로 굳힐 수 있는가?","테일러 스위프트와 해외 스포츠팀 일정을 실제 10만 석 흥행·관광수익으로 바꿀 수 있는가?","테일러 스위프트 내한의사·경기장 일정 약속; MCA 추가가수 배정; 해외 스포츠팀 초청지시","실제 공연·관중·매출; 반복 가능한 문화·스포츠 흥행","AFTER_T4_R6_H6;NOTE_EDIT;RIBBON_EDIT","L115485~L115640: MCA는 테일러 내한·경기장 일정과 다른 가수 배정을 약속한다. 실제 공연·10만 관중·수익은 없어 현재 흥행입증을 제거한다.","ENDPOINT_AUDIT_131_OF_131"
"112","DCA-N59C","668","L116147~L116314","EDIT","미·사우디 증산협상과 곡물메이저의 태우 방해포기·세무조사 수용이 성립된다.","곡물메이저의 태우 방해중단과 IRS 조사보류, 빈 살만의 OPEC+ 증산안 논의 약속을 얻는다. 실제 증산·유가하락은 미지급이다.","미·사우디 증산합의와 곡물메이저의 방해포기를 실제 공급·가격 변화로 끝까지 집행시킬 수 있는가?","OPEC+ 논의 약속을 실제 증산으로 바꾸고 곡물메이저의 방해중단을 지속시킬 수 있는가?","곡물메이저 방해중단; IRS 조사보류; OPEC+ 증산안 논의 약속","사우디·OPEC+ 실제 증산; 유가변화; 곡물메이저 합의 유지","AFTER_T8_R8_H6;NOTE_EDIT;RIBBON_KEEP","L116147~L116314: IRS 자료로 곡물메이저가 방해를 멈추고 조사가 보류된다. 빈 살만은 OPEC+ 논의를 약속할 뿐 실제 증산·가격변화는 없다.","ENDPOINT_AUDIT_131_OF_131"
"113","DCA-N60","672","L116799~L116956","EDIT","카르텔의 트럼프선과 태우의 바이든선을 병행관리하는 미국 대선전략이 확정된다.","러시아·바그너 지원선의 처리확인, 곡물·원유 카르텔의 트럼프 접촉·후원약속 정보와 바이든·트럼프 양면관계 유지결정을 얻는다. 후보통제와 선거결과는 미지급이다.","카르텔의 트럼프선과 태우의 바이든선을 병행해 어느 후보가 이겨도 곡물·원유정책을 통제할 보험을 만들 수 있는가?","바이든·트럼프 양쪽 선을 유지해 어느 후보가 이겨도 곡물·원유 정책의 피해를 막을 수 있는가?","러시아·바그너 지원선 점검; 카르텔의 트럼프 접촉·후원약속 확인; 양면관계 유지결정","미국 대선결과; 트럼프 돌발행동; 곡물·원유 정책보험의 실제 효과","AFTER_T6_R5_H6;NOTE_KEEP;RIBBON_KEEP","L116799~L116956: 러시아·바그너 지원선 점검과 카르텔의 트럼프 접촉·후원정보를 확인하고 양 후보 관계를 남긴다. 통제·선거결과는 없으며 기존 pacing은 이미 이 구도를 정확히 읽는다.","ENDPOINT_AUDIT_131_OF_131"
"114","DCA-N60B","675","L117280~L117454","KEEP","사우디 측의 네옴·통신망·해저케이블·행정IT 배정 의사와 비용분담안을 계열사에 전달하고, 하루 25만 배럴 증산 발표와 유가 하락 시작을 확인한다. 세부 합의·정식 계약·수익 실현은 아직 전이다.","사우디 측의 네옴·통신망·해저케이블·행정IT 배정 의사와 비용분담안을 계열사에 전달하고, 하루 25만 배럴 증산 발표와 유가 하락 시작을 확인한다. 세부 합의·정식 계약·수익 실현은 아직 전이다.","사우디가 맡기기로 한 프로젝트를 이번 주 세부 합의와 정식 계약으로 닫고, 시작된 유가 하락을 실제 수익으로 바꿀 수 있는가?","사우디가 맡기기로 한 프로젝트를 이번 주 세부 합의와 정식 계약으로 닫고, 시작된 유가 하락을 실제 수익으로 바꿀 수 있는가?","사우디 프로젝트 범위·예상비용·분담안 전달; 하루 25만 배럴 증산 발표","사우디 세부 합의·정식 계약·집행; 유가 숏 수익 실현; 바그너 보급선 관리","AFTER_T5_R9_H6;NOTE_KEEP;RIBBON_KEEP","L117280~L117454: 사우디 프로젝트 범위·비용안과 하루 25만 배럴 증산 발표·유가하락 시작은 현재다. 산업계약 서명·숏 수익은 전이라 기존 override가 맞다.","ENDPOINT_AUDIT_131_OF_131"
"115","DCA-N61","679","L117949~L118111","KEEP","빅테크 동등지분의 1천억 달러 AI 데이터센터 합작이 성립된다.","빅테크 동등지분의 1천억 달러 AI 데이터센터 합작이 성립된다.","몇 시간 만에 모은 1천억 달러 합작을 실제 데이터센터 건설·운영과 장기 반도체·전력수요로 만들 수 있는가?","몇 시간 만에 모은 1천억 달러 합작을 실제 데이터센터 건설·운영과 장기 반도체·전력수요로 만들 수 있는가?","AI 데이터센터 자본조달.","AI 데이터센터 건설·운영; 반도체·전력 장기계약; 합작 거버넌스","AFTER_T6_R9_H7;NOTE_KEEP;RIBBON_KEEP","L117949~L118111: 아마존·구글·MS·메타와 동등지분 1천억 달러 합작이 현재 성립한다. 건설·운영은 다음 고리로 둔 기존 지급이 맞다.","ENDPOINT_AUDIT_131_OF_131"
"116","DCA-N61B","681","L118273~L118445","EDIT","고체배터리·T-9 공개와 세계 완성차의 대규모 공급계약 요청이 발생한다.","고체배터리·T-9의 1천 킬로미터 주행·10분 충전 공개와 세계 완성차의 공급계약 요청, 준비된 계약서 제시를 얻는다. 서명·물량배분은 미지급이다.","주가급등 속 N&K 주가조작을 어떻게 시장충격 없이 가지칠지가 열린다.","완성차들 앞에 내민 계약서를 실제 서명과 물량배분으로 닫을 수 있는가?","고체배터리·T-9 공개; 1천 킬로미터·10분 충전 제원; 완성차 공급계약 요청·문서 제시","공급계약 서명; 완성차별 물량배분; 양산","AFTER_T8_R8_H7;NOTE_EDIT;RIBBON_EDIT","L118273~L118445: 1천 킬로미터·10분 충전을 공개하고 완성차들이 계약을 요청해 김민재가 준비한 서류를 내민다. 서명은 없고 N&K는 다음 화 첫 사실이라 훅에서 제거한다.","ENDPOINT_AUDIT_131_OF_131"
"117","DCA-N62","684","L118769~L118956","KEEP","차명계좌가 동결되고 나기연·김남훈이 체포돼 시장충격 없이 N&K가 제거된다.","차명계좌가 동결되고 나기연·김남훈이 체포돼 시장충격 없이 N&K가 제거된다.","N&K를 시장충격 없이 제거한 직후 안덕환이 외친 '대박'은 어떤 새 건설성과인가?","N&K를 시장충격 없이 제거한 직후 안덕환이 외친 '대박'은 어떤 새 건설성과인가?","N&K 가지치기.","안덕환의 긴급 수주·사업 보고","AFTER_T8_R8_H8;NOTE_KEEP;RIBBON_KEEP","L118769~L118956: 계좌동결과 나기연·김남훈 체포가 현재 발생하고 마지막은 안덕환의 '대박' 전화다. 현재 결산과 새 질문을 분리한 기존 행이 맞다.","ENDPOINT_AUDIT_131_OF_131"
"118","DCA-N62B","687","L119276~L119441","EDIT","한아약품 전체 가족지분이 금융타워로 넘어와 경영권이 확정된다.","한아약품 모녀·형제들의 가족지분 이전과 태우·금융타워의 경영권 확보를 얻는다. 센트리언 재매각과 북한 장남 카드의 실제 작동은 미지급이다.","러북 무기·식량거래를 갈라놓고 장남카드를 움직일 일이 남는다.","NLL 남쪽 미사일 도발 뒤 심어 둔 북한 장남 카드를 움직여 추가 충돌을 막을 수 있는가?","한아약품 가족지분 이전; 태우·금융타워 경영권 확보","센트리언 재매각; 북한 미사일 대응; 장남 카드 가동","AFTER_T9_R8_H9;NOTE_KEEP;RIBBON_KEEP","L119276~L119441: 가족지분 이전·경영권은 현재 지급이다. 끝은 북한 미사일이 NLL 남쪽에 떨어진 뒤 경보가 풀리고 장남카드를 떠올리는 장면이며 러북 거래는 다음 화라 훅을 교정한다.","ENDPOINT_AUDIT_131_OF_131"
"119","DCA-N63","688","L119442~L119593","KEEP","데이비드·강 대위·이영한의 세 독립 정보선으로 러시아의 대북 식량 운송과 북한산 무기·탄약 보급을 확인한다. 중국·장남 접촉, 언론 제보, 한국 무기지원 위협, 바그너 감시는 담당과 지시가 정해진 단계이며 실제 공개·러북 분열·한국 방산 대체공급·러시아 반응은 미지급이다.","데이비드·강 대위·이영한의 세 독립 정보선으로 러시아의 대북 식량 운송과 북한산 무기·탄약 보급을 확인한다. 중국·장남 접촉, 언론 제보, 한국 무기지원 위협, 바그너 감시는 담당과 지시가 정해진 단계이며 실제 공개·러북 분열·한국 방산 대체공급·러시아 반응은 미지급이다.","바그너의 불만을 이용해 러시아의 분열까지 주도할 수 있는가?","바그너의 불만을 이용해 러시아의 분열까지 주도할 수 있는가?","러시아의 대북 식량 운송과 북한산 무기·탄약 보급에 대한 세 독립 정보선 확인; 중국·장남·언론·한국 무기지원 위협·바그너 감시 담당과 지시 확정","중국 고위층과 장남의 실제 접촉; 러북 거래 언론 공개와 러시아 반응; 한국 무기지원 위협의 효과; 북한·러시아 내부 분열; 바그너 불만 활용","AFTER_T8_R6_H7;NOTE_KEEP;RIBBON_KEEP","L119442~L119593: 하루 사이 세 정보선이 거래를 확인하고 대응 담당·지시만 정한다. 실제 공개·분열·대체공급은 없고 마지막은 바그너 불만의 활용 가능성이라 기존 A3 override가 정확하다.","ENDPOINT_AUDIT_131_OF_131"
"120","DCA-N63B","690","L119760~L119910","EDIT","사우디 원화스와프·원화 원유결제와 유럽 원전·방산 원화금융이 성립된다.","사우디의 원화스와프·원화 원유결제 구두수락과 실무협상 착수, 시장·환율 반응, 유럽 9개국의 원전·방산 금융문의와 금융타워 무이자대출 제안을 얻는다. 정식 스와프·결제는 미지급이다.","고체배터리 가격장벽·산업스파이를 넘고 동유럽 경제블록을 만들 일이 남는다.","사우디와 유럽의 구두협상·금융문의를 실제 원화스와프·원유결제·원전/방산 계약으로 닫을 수 있는가?","사우디 구두수락·실무협상 착수; 시장·환율 반응; 유럽 9개국 금융문의","사우디 정식 스와프·원화 원유결제; 유럽 원전·방산 세부계약","AFTER_T6_R6_H7;NOTE_EDIT;RIBBON_EDIT","L119760~L119910: 사우디는 말로 긍정하고 실무협상이 시작되며 시장이 반응한다. 유럽 9개국 문의도 있지만 스와프·원유결제 서명은 없어 성립 완료를 제거한다.","ENDPOINT_AUDIT_131_OF_131"
"121","DCA-N64","693","L120209~L120355","EDIT","유출제보자에게 보너스가 지급되고 범죄자 자산환수·유럽 보조금 재설계안이 확정된다.","산업스파이 17명 증거, 34명 의심명단과 제안을 거부한 직원 50명 이상, 제보자 보너스 지시·일부 검찰자료 전달 및 고체배터리 관심·주가상승을 확인한다. 체포·보너스 입금·자산환수는 미지급이다.","동유럽 정상들이 금융타워 중심 경제블록에 동의할지가 남는다.","유출자 처벌과 제보보상을 실제 집행하면서 유럽 보조금·금융동맹을 고체배터리 시장확대로 연결할 수 있는가?","산업스파이 17명 증거·34명 의심; 거부직원 50명 이상; 보너스·검찰전달 지시; 시장관심·주가상승","산업스파이 체포·자산환수; 제보보너스 입금; 150만 대 생산; 유럽 보조금·금융동맹","AFTER_T6_R5_H7;NOTE_EDIT;RIBBON_EDIT","L120209~L120355: 17명 증거·34명 의심·거부직원 50명 이상과 보너스/검찰 지시는 현재다. 체포·보너스 입금·자산환수와 150만 대 생산은 발생하지 않는다.","ENDPOINT_AUDIT_131_OF_131"
"122","DCA-N64B","696","L120656~L120801","KEEP","고체배터리 배정과 중국 전기차 관세 공동로비가 자동차동맹에서 합의된다.","고체배터리 배정과 중국 전기차 관세 공동로비가 자동차동맹에서 합의된다.","자동차동맹의 중국 전기차 관세 공동로비가 미국·EU의 실제 정책과 시장확대로 이어질 것인가?","자동차동맹의 중국 전기차 관세 공동로비가 미국·EU의 실제 정책과 시장확대로 이어질 것인가?","배터리 배분·관세공조.","미국·EU 중국차 관세 결정; 자동차동맹 시장확대","AFTER_T7_R7_H6;NOTE_KEEP;RIBBON_KEEP","L120656~L120801: 자동차동맹에서 고체배터리 배정과 중국 전기차 관세 공동로비가 실제 합의된다. 미국·EU 정책결과는 남겨 둔 기존 귀속이 맞다.","ENDPOINT_AUDIT_131_OF_131"
"123","DCA-N65","710","L122799~L122944","EDIT","아람코 0.6퍼센트 지분을 확보하고 일본 금융공격일을 정할 권한을 조지에게 준다. D-DAY 날짜는 아직 미정이다.","사우디의 2030 엑스포 후보 공식철회·부산 지지와 아람코 0.6퍼센트 지분매각 계약서 수령·핀테크 처리지시를 얻는다. 일본 금융공격 D-DAY 날짜와 실행은 미지급이다.","조지가 일본 금융공격 D-DAY를 언제로 정하고 어떤 신호에 맞춰 실행할 것인가?","조지가 일본 금융공격 D-DAY를 언제로 정하고 어떤 신호에 맞춰 실행할 것인가?","사우디 엑스포 후보철회·부산 지지; 아람코 0.6퍼센트 지분매각 계약서·처리지시","아람코 지분 처리완료; 일본 금융공격 날짜·실행; 유토피아 엔비디아 보유설","AFTER_T7_R9_H8;NOTE_EDIT;RIBBON_EDIT","L122799~L122944: 사우디가 엑스포 후보를 공식 철회·부산 지지하고 아람코 0.6퍼센트 계약서가 도착한다. 마지막은 조지에게 D-DAY 결정을 맡기는 장면이다.","ENDPOINT_AUDIT_131_OF_131"
"124","DCA-N67","715","L123643~L123789","EDIT","철수권을 가진 중국특구 진출이 명령되고 프리고진의 러시아행·반란이 시작된다.","철수권을 포함한 중국특구 조건과 계열사 진출준비, 프리고진·바그너 지도부의 러시아행 결정을 확인한다. 실제 중국진입·바그너 행군·반란결과는 미지급이다.","태우라는 믿는 구석을 가진 프리고진의 무모한 러시아행이 어떤 반란 결과로 이어질 것인가?","러시아행을 택한 프리고진과 바그너가 실제로 무엇을 실행하고 푸틴은 어떻게 대응할 것인가?","중국특구 철수권 조건; 계열사 진출준비; 프리고진·바그너 러시아행 결정","중국특구 실제진입; 바그너 행군·반란; 러시아 대응","AFTER_T9_R5_H9;NOTE_EDIT;RIBBON_EDIT","L123643~L123789: 중국특구는 조건·계열사 준비, 프리고진은 지도부와 러시아행 결정까지만 나온다. 행군·점령·반란결과를 현재 지급하지 않고 마지막 결정을 강한 훅으로 둔다.","ENDPOINT_AUDIT_131_OF_131"
"125","DCA-N67B","720","L124453~L124612","EDIT","미국승인·수에즈 우선운송이 확보되고 중국특구·북방육로 경제영토 구상이 완성된다.","미국의 항모운용 제안 수락, 무기수송선의 13일 내 수에즈 도착·무대기 통과, 폴란드 전투기와 우크라이나 동유럽 재고 이전을 확인한다. 지린특구·북방 육로 경제영토는 설계 단계다.","미국 승인·수에즈 우선운송과 유라시아 경제영토 설계를 김민재 개인 이후에도 유지될 제도·거버넌스로 만들 수 있는가?","실제로 움직인 군수망을 지린특구·북한·러시아 육로의 지속 가능한 경제영토로 바꿀 수 있는가?","미국 항모운용안 수락; 무기선 13일·수에즈 무대기 통과; 폴란드 전투기·우크라이나 재고 이전","지린특구 실제진입; 북한·러시아 육로 경제영토; 장기 거버넌스","AFTER_T7_R9_H6;NOTE_EDIT;RIBBON_EDIT","L124453~L124612: 미국 수락, 무기선 13일·수에즈 무대기 통과, 폴란드 전투기·우크라이나 재고 이전은 실제다. 지린특구·북방 경제영토는 설계로 남는다.","ENDPOINT_AUDIT_131_OF_131"
"126","DCA-N68","731","L126216~L126382","EDIT","엔캐리 전액청산이 실행되고 일본에서 빠져나온 자금을 금융타워가 흡수한다.","우크라이나·벨라루스 협상일정, 이스라엘 PMC 계약·드론 수송·대피소 착공, 일본 엔화 1천2백억 달러의 반나절 상환과 니케이 15퍼센트·나스닥/KOSPI 6퍼센트 하락을 확인한다. 두 배 수익과 일본 협상요청은 미지급이다.","자민당 비자금 자료와 미국 압박 가능성을 장기카드로 쌓은 채, 총리 사퇴·중의원 해산을 언제 어떻게 끌어낼 것인가?","자민당 비자금 자료와 미국 압박 가능성을 언제 공개해 총리 사퇴·중의원 해산까지 끌어낼 것인가?","우크라이나·벨라루스 협상일정; 이스라엘 PMC·드론·대피소; 엔화 1천2백억 달러 반나절 상환·시장하락","엔캐리 최종수익; 자민당 비자금 공개; 미국 압박; 총리 사퇴·중의원 해산; 일본 협상요청","AFTER_T9_R9_H8;NOTE_EDIT;RIBBON_EDIT","L126216~L126382: 휴전협상 일정·이스라엘 방어와 1천2백억 달러 엔화상환, 니케이 15퍼센트·나스닥/KOSPI 6퍼센트 하락은 현재다. 두 배 수익·일본 협상요청은 다음이다.","ENDPOINT_AUDIT_131_OF_131"
"127","DCA-N70","735","L126890~L127049","EDIT","금융타워가 일본 3대 은행 지분과 합법적 야권자금 통로를 확보하고 건설사 검은돈을 배제한다.","니케이 12퍼센트 반등·나스닥 낙폭회복·KOSPI 사태 전 대비 4퍼센트 상승, 금융타워의 일본 보유 미국채 매입, 야권의 실명·금액·녹취 공개와 곤조의 50억 엔 수령·30억 엔 추가약속을 얻는다. 환율보험금·3대 은행지분은 미지급이다.","기시다 퇴진·중의원 해산 뒤 일본선거와 중동기습·러우휴전이 같은 시각에 겹칠 위험이 열린다.","총리 사퇴·중의원 해산 뒤 일본 총선과 같은 시각 겹치는 중동기습·러우휴전을 함께 통제할 수 있는가?","일본·미국·한국 증시 반등; 일본 보유 미국채 매입; 야권 실명·금액·녹취 공개; 곤조 50억 엔·30억 엔 약속","환율보험 보상; 일본 3대 은행지분; 중의원 총선; 중동기습·러우휴전","AFTER_T7_R8_H7;NOTE_EDIT;RIBBON_EDIT","L126890~L127049: 증시반등·미국채 매입과 야권의 실명/금액/녹취, 곤조 50억 엔·30억 엔 약속이 현재다. 환율보험금과 3대 은행지분은 미래라 제거한다.","ENDPOINT_AUDIT_131_OF_131"
"128","DCA-N71","739","L127540~L127739","EDIT","AI 드론·PMC가 하마스 기습의 대규모 민간인 학살을 저지한다. 일본 총선승리는 이 화의 새 지급이 아니라 진입 배경이다.","일본 총선 자민당 200석·입헌민주당 162석, 태우건설의 우크라이나 재건진입, AI 드론·PMC의 하마스 기습차단과 이스라엘 남서부 민간인 사망 0명을 얻는다. 미국의 비용정산·국제보상은 미지급이다.","민간인 구조를 위해 쓴 PMC 비용과 약속된 국제보상을 미국이 어떤 범위로 인정할 것인가?","민간인 방어에 쓴 PMC 비용과 약속된 국제보상을 미국이 어느 범위까지 인정할 것인가?","일본 총선 200대162; 태우건설 우크라이나 재건진입; 하마스 기습차단·민간인 사망 0명","미국 비용정산·국제보상; 이스라엘 전쟁 후속안보","AFTER_T9_R9_H8;NOTE_EDIT;RIBBON_EDIT","L127540~L127739: 일본 총선 200대162와 태우건설 재건진입도 이 화 현재 사실이다. 이어 AI 드론·PMC가 기습을 막아 남서부 민간인 사망 0명을 만든다.","ENDPOINT_AUDIT_131_OF_131"
"129","DCA-N72","744","L128421~L128566","EDIT","AI 금융플랫폼의 일본 적용준비와 중국진입 투자안이 구체화된다.","고체배터리 2세대 성능돌파·생산단서, AI 금융플랫폼의 일본 적용준비, 김민재·천민정의 호텔 구상 재개와 한 부회장의 중국출장 준비를 얻는다. 플랫폼 출시·중국투자·호텔 실행은 미지급이다.","천민정의 AI 금융플랫폼과 중국 투자안이 아시아 표준으로 확장될 동안, 김민재가 떠올린 새 기술·사적 미래는 무엇인가?","고체배터리 생산단서와 천민정의 AI 금융플랫폼·호텔 구상을 실제 사업과 관계회복으로 이어갈 수 있는가?","고체배터리 2세대 성능돌파·생산단서; 일본 금융플랫폼 준비; 김민재·천민정 호텔구상 재개","고체배터리 양산; 일본 플랫폼 출시; 중국 투자; 호텔 실행·관계회복","AFTER_T5_R8_H7;NOTE_EDIT;RIBBON_EDIT","L128421~L128566: 2세대 고체배터리 성능돌파·생산단서가 확인되고 천민정의 소외감 뒤 오래된 호텔구상을 다시 논의한다. 플랫폼·중국투자는 준비다.","ENDPOINT_AUDIT_131_OF_131"
"130","DCA-N73","748","L129070~L129224","EDIT","우주선용 고체배터리 공장·탈부착 표준이 합의되고 일본 AI 금융플랫폼이 출시된다.","머스크의 우주배터리 공장·시험·휴머노이드 공동개발·탈부착 표준 수락, 일본 AI 금융플랫폼 출시와 가입자·상품이용 급증, 금융타워 전 계열사의 횡단철도 투자동의를 얻는다. 공장건설·51대49 최종계약은 미지급이다.","우주배터리 표준과 일본 AI 플랫폼을 실제 반복수익으로 키우고, 북한 횡단철도 합의를 현장 착공으로 바꿀 수 있는가?","우주배터리 협업과 일본 플랫폼의 초기수요를 반복수익으로 키우고 횡단철도 투자동의를 현장 착공으로 바꿀 수 있는가?","머스크의 우주배터리·휴머노이드·탈부착 표준 수락; 일본 플랫폼 출시·초기이용 급증; 금융타워 횡단철도 투자동의","우주배터리 공장·시험; 일본 플랫폼 반복수익; 횡단철도 51대49 최종계약·착공","AFTER_T5_R9_H7;NOTE_EDIT;RIBBON_KEEP","L129070~L129224: 머스크가 공장·시험·휴머노이드·표준을 수락하고 다음 날 일본 플랫폼 가입·상품이용이 급증한다. 금융타워 전 계열사 철도투자 동의도 현재며 공장건설·최종배분은 남는다.","ENDPOINT_AUDIT_131_OF_131"
"131","DCA-N74","751","L129569~L129777","KEEP","최재석의 공동 평화상·퇴임과 부산 엑스포 131대34 승리, 김민재가 50%+ 또는 최대주주로 실소유한 기업목록, 그 절반 이상의 세계 10위권 지위와 공개목록조차 전체 자산 절반 미만이라는 숨은 제국이 드러난다. 천민정의 임신·결혼, 초음파 사진, 김태중의 영국행 취소·한국 잔류와 조손 화해도 지급된다. 평화상의 공식 수상자는 김민재·최재석이고 김태중에게는 손자가 상자째 공을 돌리려 한 것이다.","최재석의 공동 평화상·퇴임과 부산 엑스포 131대34 승리, 김민재가 50%+ 또는 최대주주로 실소유한 기업목록, 그 절반 이상의 세계 10위권 지위와 공개목록조차 전체 자산 절반 미만이라는 숨은 제국이 드러난다. 천민정의 임신·결혼, 초음파 사진, 김태중의 영국행 취소·한국 잔류와 조손 화해도 지급된다. 평화상의 공식 수상자는 김민재·최재석이고 김태중에게는 손자가 상자째 공을 돌리려 한 것이다.","회귀 뒤 지키려던 할아버지와 사랑하는 사람이 곁에 남았고, 이후의 과제는 얻은 세계와 가정을 함께 책임지는 삶이다.","회귀 뒤 지키려던 할아버지와 사랑하는 사람이 곁에 남았고, 이후의 과제는 얻은 세계와 가정을 함께 책임지는 삶이다.","부산 엑스포 131대34; 평화상·정계퇴임; 50%+ 실소유 기업과 숨은 자산 공개; 조손 화해·김태중 한국 잔류; 천민정 임신·초음파·결혼","태우그룹과 새 가정을 함께 지키는 다음 생애","AFTER_T3_R10_H4;NOTE_KEEP;RIBBON_KEEP","L129569~L129777: 부산 131대34, 두 번째 상자의 50%+ 기업·세계 10위권·목록도 자산 절반 미만, 평화상 상자, 초음파·임신·영국행 취소·조손 손잡기가 모두 현재다. 기존 결말 override가 정확하다.","ENDPOINT_AUDIT_131_OF_131"
