sequence,visible_label,source_lines,note_status,score_status,ribbon_status,boundary_status,next_source_lines,before_note,after_note,retained_scores,retained_ribbon,source_readback,boundary_readback
3,3화,L498~L722,EDIT,PASS,PASS,PASS,L723~L929,"홍콩 법인을 빌리고 수익 1퍼센트 보너스·실패 위로금·비밀유지 위약금을 명시한 계약을 체결한 뒤 보험·공매도 중심 3안을 선택한다. 독자는 현장 실행에 가장 오래 머문다. 실제 지급은 다음에 한정된다: 성과보수·비밀유지 계약과 보험·공매도 중심 3안 집행 지시를 확정하고, 김태중에게 다국어 실력을 증명해 검정고시와 하버드·스탠퍼드 도전을 승인받는다.","220억 원 홍콩법인 계약과 닛케이 보험·공매도 3안 선택이 앞쪽의 금융 긴장을 끌고, 뒤쪽에서는 김태중 앞에서 세 외국어 신문을 읽어 검정고시와 해외대학 허락을 받아낸다. SAT 교재를 꺼내는 마지막 동작은 지급된 허락을 외환위기 전 입사 계획으로 곧장 잇는다.",T8/R5/H6,0.27/0.29/0.17/0.09/0.18,"홍콩 법인을 빌리고 수익 1퍼센트 보너스·실패 위로금·비밀유지 위약금을 명시한 계약을 체결한 뒤 보험·공매도 중심 3안을 선택한다; 지급=성과보수·비밀유지 계약과 보험·공매도 중심 3안 집행 지시를 확정하고, 김태중에게 다국어 실력을 증명해 검정고시와 하버드·스탠퍼드 도전을 승인받는다; 마지막=검정고시 책 대신 SAT 교재를 꺼내 외환위기 3년 전 입사 계획을 본격화한다",현재 화 하드 경계와 다음 화 진입을 수동 대조; 다음 화 최초 고유명·수단·지급을 after_note에 남기지 않음
25,25화,L4739~L4931,EDIT,PASS,PASS,PASS,L4932~L5107,"환수금 10퍼센트·감사팀 내부비리 30퍼센트 성과금과 최우수 인사고과를 공표하고 윤일섭·강인식을 공조시켜 박권흠 공장장을 면담한다. 독자는 사건의 조건과 확인 정보에 가장 오래 머문다. 실제 지급은 다음에 한정된다: 채용 뇌물 2천만~4천만 원·노조 상납 증거, 감사팀 분열의 씨앗, 창원 공장 실권 구조를 얻는다.","환수금 10퍼센트·내부비리 30퍼센트 성과금 공지가 감사팀의 침묵을 깨고 윤일섭과 강인식을 움직인다. 박권흠 면담에서 채용 뇌물 2천만~4천만 원과 명동 돈 4천억 원에 묶인 창원공장 실권이 드러나며, 후반의 구조 폭로가 더 긴 잔상을 남긴다.",T7/R5/H8,0.36/0.18/0.25/0.11/0.10,"환수금 10퍼센트·감사팀 내부비리 30퍼센트 성과금과 최우수 인사고과를 공표하고 윤일섭·강인식을 공조시켜 박권흠 공장장을 면담한다; 지급=채용 뇌물 2천만~4천만 원·노조 상납 증거, 감사팀 분열의 씨앗, 창원 공장 실권 구조를 얻는다; 마지막=명동 차입금을 갚기 전까지 김태중도 손쓸 수 없는 창원 공장의 실권을 어떻게 되찾을 것인가?",현재 화 하드 경계와 다음 화 진입을 수동 대조; 다음 화 최초 고유명·수단·지급을 after_note에 남기지 않음
38,38화,L7041~L7213,EDIT,PASS,PASS,PASS,L7214~L7390,"한일은행 대출 회수와 삼풍그룹 회사채·주식 처분을 지시한 뒤 대가로 이선일 보유 5퍼센트와 명동 전체 태우전자 지분 약 15퍼센트를 1,500억 원에 모아 달라고 한다. 독자는 사건의 조건과 확인 정보에 가장 오래 머문다. 실제 지급은 다음에 한정된다: 명동의 태우전자 지분 수집 약속·외환위기 정보 동맹과 김태중에게 휴대폰 시장 미끼를 던질 가족 대화를 얻는다.","한일은행·삼풍 붕괴 정보를 건넨 대가로 이선일의 5퍼센트와 명동의 태우전자 지분 약 15퍼센트를 1,500억 원에 모으는 거래를 오래 맞춘다. 집으로 돌아온 뒤 폴더폰을 김태중에게 보여 줄 성과이자 사장 취임 카드로 정하는 짧은 가족 장면이 다음 목표를 연다.",T7/R6/H7,0.31/0.24/0.20/0.08/0.17,"한일은행 대출 회수와 삼풍그룹 회사채·주식 처분을 지시한 뒤 대가로 이선일 보유 5퍼센트와 명동 전체 태우전자 지분 약 15퍼센트를 1,500억 원에 모아 달라고 한다; 지급=명동의 태우전자 지분 수집 약속·외환위기 정보 동맹과 김태중에게 휴대폰 시장 미끼를 던질 가족 대화를 얻는다; 마지막=폴더폰이 잡스를 애플로 돌리고 김민재를 태우전자 사장에 앉힐 제품이라는 목표가 명시된다",현재 화 하드 경계와 다음 화 진입을 수동 대조; 다음 화 최초 고유명·수단·지급을 after_note에 남기지 않음
50,50화,L9210~L9397,EDIT_MANAGER_REDTEAM_STAGE,EDIT_MANAGER_REDTEAM_STAGE,EDIT_MANAGER_REDTEAM_STAGE,PASS,L9398~L9578,박진훈이 우성일에게 거짓 결함 자료와 돈을 건네 박 기자에게 전달하게 하자 강인식이 사진·녹취를 확보하고 김민재가 3국 공개 시연을 준비한다. 독자는 현장 실행에 가장 오래 머문다. 실제 지급은 다음에 한정된다: SAVE의 반박 자료와 돈 전달 사진·녹취를 확보해 허위보도를 뒤집을 수단을 갖춘다.,"강 대위의 보고로 우성일이 이노폰 자료를 기자에게 넘기는 영상과 음성 녹음이 이미 확보된다. 1면 허위기사에 SAVE 반박자료와 한국·미국·독일 동시 검증을 맞붙이는 리듬이라, 증거 지급 뒤 공개 시연의 성패가 훅으로 남는다.",8/7/9,0.25/0.34/0.20/0.10/0.11,"박진훈이 우성일에게 거짓 결함 자료를 기자에게 넘기게 하자 강 대위 쪽이 전달 장면 영상과 음성 녹음을 확보한다. 1면 기사가 나온 뒤 김민재는 SAVE 반박자료를 제시하고 한국·미국·독일 동시 이벤트를 준비한다. | 지급: 우성일의 자료 전달 영상·음성 녹음, SAVE의 허위결함 반박자료, 한국·미국·독일 공개 이벤트 계획을 확보한다.",현재 화 L9210~L9397 안의 표면만 사용
51,51화,L9398~L9578,EDIT,PASS,PASS,PASS,L9579~L9758,타임스퀘어·강남·독일에서 이노폰 1천 대 이상을 체험시키고 우성일의 공작 시인과 박 기자의 돈·거짓 자료 기사화 약속을 받아낸다. 독자는 현장 실행에 가장 오래 머문다. 실제 지급은 다음에 한정된다: 1천 대 이상 실물 검증과 정정·고발로 이어질 우성일·박 기자의 협조 약속을 얻는다.,"타임스퀘어·강남·독일에서 이노폰 1천 대 이상을 동시에 만지게 하는 공개 실험이 빠르게 이어진다. 결함이 재현되지 않자 우성일이 공작을 시인하고 박 기자도 받은 돈을 기사화하겠다고 돌아서지만, 실제 정정 지면은 아직 남겨 둔다.",T8/R8/H8,0.16/0.38/0.24/0.10/0.12,타임스퀘어·강남·독일에서 이노폰 1천 대 이상을 체험시키고 우성일의 공작 시인과 박 기자의 돈·거짓 자료 기사화 약속을 받아낸다; 지급=1천 대 이상 실물 검증과 정정·고발로 이어질 우성일·박 기자의 협조 약속을 얻는다; 마지막=박 기자가 약속한 정정과 돈 기사가 실제 지면에 실려 판매와 사장단 판단을 돌릴 수 있는가?,현재 화 하드 경계와 다음 화 진입을 수동 대조; 다음 화 최초 고유명·수단·지급을 after_note에 남기지 않음
53,53화,L9759~L9940,EDIT,PASS,PASS,PASS,L9941~L10126,김태중에게 태우전자 지분을 상속받아 만장일치로 사장에 취임한 뒤 현재그룹 장 회장의 자금난을 듣고 SAVE 자금으로 차입을 유도할 미끼를 던진다. 독자는 인물의 선택과 관계 변화에 가장 오래 머문다. 실제 지급은 다음에 한정된다: 태우전자 지분과 사장 직위를 동시에 받아 생산·인사·투자 결정을 직접 책임질 수 있게 된다.,"김태중의 지분 상속과 이사회 만장일치로 태우전자 사장 자리가 한꺼번에 지급되어 조손 승인과 지위 상승이 가장 무겁다. 후반의 현재그룹 자금난과 SAVE 차입 미끼는 이미 받은 경영권 다음에 붙는 새 위험일 뿐, 태우 지분 회수 결과까지 나아가지는 않는다.",T6/R10/H7,0.13/0.17/0.28/0.14/0.28,김태중에게 태우전자 지분을 상속받아 만장일치로 사장에 취임한 뒤 현재그룹 장 회장의 자금난을 듣고 SAVE 자금으로 차입을 유도할 미끼를 던진다; 지급=태우전자 지분과 사장 직위를 동시에 받아 생산·인사·투자 결정을 직접 책임질 수 있게 된다; 마지막=SAVE 차입 미끼가 현재그룹의 자금 위기를 더 키울 것인가?,현재 화 하드 경계와 다음 화 진입을 수동 대조; 다음 화 최초 고유명·수단·지급을 after_note에 남기지 않음
56,56화,L10327~L10491,EDIT,PASS,PASS,PASS,L10492~L10663,"격분한 다이먼에게 독립 금융회사와 전권을 약속해 영입하고 애플 이사회에 잡스 복귀안을 올린다. 독자는 인물의 선택과 관계 변화에 가장 오래 머문다. 실제 지급은 다음에 한정된다: 잡스와 이사들의 찬성 전환, 다이먼·우성자동차 판돈, 태우전자의 이노폰 생산 계약을 얻는다.","웨일에서 모욕당한 다이먼에게 독립 금융회사와 전권을 내밀어 영입하고, 곧바로 애플 이사회에서 잡스 복귀 표를 모은다. SAVE의 3년 뒤 주가 보증이 이사들을 돌려세운 뒤 넥스트 인수금 5억 달러의 부담 주체가 미지급 질문으로 남는다.",T6/R9/H8,0.19/0.18/0.40/0.12/0.11,"격분한 다이먼에게 독립 금융회사와 전권을 약속해 영입하고 애플 이사회에 잡스 복귀안을 올린다; 지급=잡스와 이사들의 찬성 전환, 다이먼·우성자동차 판돈, 태우전자의 이노폰 생산 계약을 얻는다; 마지막=자금이 부족한 애플 대신 누가 넥스트 인수금 5억 달러를 부담하고 어떤 권리를 가져갈 것인가?",현재 화는 넥스트 인수금 5억 달러의 부담 주체까지만 열며 소프트웨어 권리는 다음 화 소유
57,57화,L10492~L10663,EDIT,PASS,PASS,PASS,L10664~L10840,SAVE가 넥스트 5억 달러 인수금을 내고 미래 소프트웨어 권리를 받아 잡스를 애플 CEO로 복귀시킨 뒤 다이먼이 태우중공업 지분 구조를 검토한다. 독자는 인물의 선택과 관계 변화에 가장 오래 머문다. 실제 지급은 다음에 한정된다: NEXT 5억 달러 계약·잡스 CEO 복귀·미래 소프트웨어 권리와 다이먼이 짚은 태우 지분의 취약성을 얻는다.,SAVE가 넥스트 인수금 5억 달러를 내고 미래 소프트웨어 권리를 챙기는 계약으로 잡스의 CEO 복귀를 결산한다. 귀국 뒤 다이먼이 태우중공업의 그룹 27퍼센트·김태중 개인 10퍼센트 지분을 훑는 후반은 축하보다 적대인수 설계에 빠르게 무게를 옮긴다.,T6/R8/H9,0.19/0.22/0.31/0.07/0.21,SAVE가 넥스트 5억 달러 인수금을 내고 미래 소프트웨어 권리를 받아 잡스를 애플 CEO로 복귀시킨 뒤 다이먼이 태우중공업 지분 구조를 검토한다; 지급=NEXT 5억 달러 계약·잡스 CEO 복귀·미래 소프트웨어 권리와 다이먼이 짚은 태우 지분의 취약성을 얻는다; 마지막=김태중에게 들키지 않고 취약한 계열사 지분부터 모아 부채 사업을 떼어낼 수 있는가?,현재 화 하드 경계와 다음 화 진입을 수동 대조; 다음 화 최초 고유명·수단·지급을 after_note에 남기지 않음
60,60화,L11025~L11199,EDIT,PASS,PASS,PASS,L11200~L11399,살만에게 표트르 대제의 검을 주고 귀국해 아크만 명의로 태우 중소계열사 3곳을 적대인수한다. 독자는 인물의 선택과 관계 변화에 가장 오래 머문다. 실제 지급은 다음에 한정된다: 살만과의 관계 진전과 아크만 명의 중소 계열사 세 곳의 경영권을 얻는다.,"살만에게 표트르 대제의 검을 건네 아람코 협력의 온도를 올린 뒤, 아크만 명의로 태우 중소계열사 세 곳의 경영권을 실제 가져온다. 다이먼이 비리 자료를 지렛대로 제안하는 끝에서는 가족을 다치지 않게 하면서 남은 지분을 얻어야 한다는 제약이 승리감을 눌러 준다.",T6/R8/H8,0.18/0.26/0.31/0.08/0.17,살만에게 표트르 대제의 검을 주고 귀국해 아크만 명의로 태우 중소계열사 3곳을 적대인수한다; 지급=살만과의 관계 진전과 아크만 명의 중소 계열사 세 곳의 경영권을 얻는다; 마지막=가족을 보호하면서도 비리 자료를 어디까지 써서 남은 지분을 가져올 수 있는가?,현재 화 하드 경계와 다음 화 진입을 수동 대조; 다음 화 최초 고유명·수단·지급을 after_note에 남기지 않음
82,82화,L15041~L15242,EDIT,PASS,PASS,PASS,L15243~L15431,잡스와 냅스터 조기 출현을 논의하는 동안 김태중이 뜻밖에 전경련 회장으로 추대된다. 독자는 인물의 선택과 관계 변화에 가장 오래 머문다. 실제 지급은 다음에 한정된다: 전경련 회장단이 김태중을 차기 회장으로 미는 일제 추대안과 정부 빅딜 창구가 될 가능성을 얻는다.,"잡스와 냅스터를 먼저 띄우는 음원전략 논의는 비교적 짧고, 재계 총수들이 침묵한 김태중을 차기 전경련 회장으로 일제히 추대하는 반전이 후반을 차지한다. 정부 빅딜 창구가 될 가능성은 열리지만 당사자의 수락은 아직 들리지 않는다.",T5/R7/H7,0.28/0.16/0.34/0.12/0.10,잡스와 냅스터 조기 출현을 논의하는 동안 김태중이 뜻밖에 전경련 회장으로 추대된다; 지급=전경련 회장단이 김태중을 차기 회장으로 미는 일제 추대안과 정부 빅딜 창구가 될 가능성을 얻는다; 마지막=일제 추천을 받은 김태중이 차기 전경련 회장직을 실제로 받아들일 것인가?,현재 화 하드 경계와 다음 화 진입을 수동 대조; 다음 화 최초 고유명·수단·지급을 after_note에 남기지 않음
88,88화,L16166~L16347,EDIT,PASS,PASS,PASS,L16348~L16547,카이자동차 채권단에 현금 3조5천억 원을 달러로 제시해 현재자동차의 출자전환안을 압도한다. 독자는 돈·지분·직책의 지급에 가장 오래 머문다. 실제 지급은 다음에 한정된다: 카이자동차 채권단에 3조5천억 원 현금이라는 가장 강한 조건을 내고 김태중의 후계 신뢰를 확인한다.,현재자동차의 출자전환안과 맞붙은 채권단 회의에서 김태중이 달러 현금 3조5천억 원을 못 박는 순간이 협상의 봉우리다. 가장 강한 조건과 후계 신뢰는 얻었으나 카이자동차 지분 51퍼센트의 최종 이전은 다음 판단으로 남는다.,T7/R8/H9,0.17/0.25/0.24/0.06/0.28,카이자동차 채권단에 현금 3조5천억 원을 달러로 제시해 현재자동차의 출자전환안을 압도한다; 지급=카이자동차 채권단에 3조5천억 원 현금이라는 가장 강한 조건을 내고 김태중의 후계 신뢰를 확인한다; 마지막=채권단이 태우를 최종 선택해 카이자동차 지분 51%를 넘길 것인가?,현재 화 하드 경계와 다음 화 진입을 수동 대조; 다음 화 최초 고유명·수단·지급을 after_note에 남기지 않음
96,96화,L17616~L17784,EDIT,PASS,PASS,PASS,L17785~L17953,장수영이 외부 자금 없이는 수주가 불가능하다고 하자 SAVE·퀀텀 7퍼센트의 비밀 민자 컨소시엄을 설계한다. 독자는 사건의 조건과 확인 정보에 가장 오래 머문다. 실제 지급은 다음에 한정된다: 공사비 7퍼센트를 내고 장기 운영권을 노리는 해외펀드 명의 비밀 컨소시엄안을 설계한다.,장수영의 자금 부족 설명에서 출발해 SAVE와 퀀텀이 공사비 7퍼센트를 내고 장기 운영권을 노리는 민자 구조를 한 항목씩 맞춘다. 월가의 퀀텀 이름을 방패로 세우는 계산까지만 나오며 어떤 인프라 사업을 맡을지는 다음 화 협상에서 정해진다.,T6/R5/H8,0.35/0.18/0.20/0.06/0.21,장수영이 외부 자금 없이는 수주가 불가능하다고 하자 SAVE·퀀텀 7퍼센트의 비밀 민자 컨소시엄을 설계한다; 지급=공사비 7퍼센트를 내고 장기 운영권을 노리는 해외펀드 명의 비밀 컨소시엄안을 설계한다; 마지막=정부가 퀀텀 이름의 비밀 민자 컨소시엄에 장기 운영권을 주고 태우건설 시공을 허용할 것인가?,현재 화는 퀀텀 전면명·7퍼센트·장기 운영구조까지만; 9호선·거가대교는 다음 화 최초 명시
129,129화,L23478~L23644,EDIT,PASS,PASS,PASS,L23645~L23831,"장영주의 요청을 즉답하지 않고 현 건설 거래와 승계를 엮은 뒤 태우 주식 매입·소각과 퀄컴 저가매수를 준비한다. 독자는 사건의 조건과 확인 정보에 가장 오래 머문다. 실제 지급은 다음에 한정된다: 장영주가 25퍼센트 상환 조건을 채권단에 직접 설득하게 만들고, 김태중과 주가 하락기 태우 지분 매입·상속 원칙을 맞춘다.","장영주의 반도체 요청에 즉답하지 않은 채 현 건설 거래, 태우 주식 매입·소각, 김태중의 상속 원칙을 한 자금판에 배치한다. IT 버블로 80퍼센트 가까이 빠진 퀄컴을 언제 얼마나 살지가 마지막에 붙어 협상 회차를 저점매수 준비로 전환한다.",T6/R5/H7,0.36/0.17/0.25/0.04/0.18,"장영주의 요청을 즉답하지 않고 현 건설 거래와 승계를 엮은 뒤 태우 주식 매입·소각과 퀄컴 저가매수를 준비한다; 지급=장영주가 25퍼센트 상환 조건을 채권단에 직접 설득하게 만들고, 김태중과 주가 하락기 태우 지분 매입·상속 원칙을 맞춘다; 마지막=IT 버블로 80퍼센트 가까이 하락한 퀄컴 지분을 언제 어떤 규모로 확보할 것인가?",현재 화 하드 경계와 다음 화 진입을 수동 대조; 다음 화 최초 고유명·수단·지급을 after_note에 남기지 않음
132,132화,L24030~L24220,EDIT,PASS,PASS,PASS,L24221~L24408,11월 21일 인수를 공식화하고 유석재를 책임자로 세운 뒤 흑자 전 세금 감면을 요구한다. 독자는 인물의 선택과 관계 변화에 가장 오래 머문다. 실제 지급은 다음에 한정된다: 태우 반도체와 기술 지휘선이 공식 출범한다.,11월 21일 현 반도체 인수를 공식화하고 유석재를 책임자로 세우는 조직 출범이 먼저 지급된다. 김태중이 인수 거부까지 거론하며 청와대에 흑자 전 세금 감면을 요구하는 후반은 확정된 지휘선 위에 아직 미결인 정책 혜택을 얹는다.,T6/R8/H8,0.22/0.21/0.31/0.05/0.21,11월 21일 인수를 공식화하고 유석재를 책임자로 세운 뒤 흑자 전 세금 감면을 요구한다; 지급=태우 반도체와 기술 지휘선이 공식 출범한다; 마지막=김태중의 청와대 압박이 반도체 적자기의 세금 감면을 실제로 받아낼 수 있는가?,현재 화 하드 경계와 다음 화 진입을 수동 대조; 다음 화 최초 고유명·수단·지급을 after_note에 남기지 않음
138,138화,L25167~L25375,EDIT,PASS,PASS,PASS,L25376~L25549,장영주 장례식에 온 푸틴과 중국·미국 인맥에게서 자료를 받아 가장 약한 건부터 언론에 흘린다. 독자는 사건의 조건과 확인 정보에 가장 오래 머문다. 실제 지급은 다음에 한정된다: 윤현길을 단계적으로 무너뜨릴 자료 묶음과 첫 제보의 통제권을 확보한다.,장영주 장례식에 모인 푸틴과 중국·미국 인맥에게서 윤현길 비리 자료가 차례로 들어오며 외교 관계가 증거 묶음으로 바뀐다. 가장 약한 건 하나만 언론에 흘린 뒤 상대 반응을 기다리는 절제가 전면 폭로보다 긴장을 오래 붙든다.,T7/R6/H8,0.37/0.17/0.31/0.08/0.07,장영주 장례식에 온 푸틴과 중국·미국 인맥에게서 자료를 받아 가장 약한 건부터 언론에 흘린다; 지급=윤현길을 단계적으로 무너뜨릴 자료 묶음과 첫 제보의 통제권을 확보한다; 마지막=장영주 별세 뉴스에 묻힌 약한 제보에도 윤현길이 어떤 반응을 보일 것인가?,현재 화 하드 경계와 다음 화 진입을 수동 대조; 다음 화 최초 고유명·수단·지급을 after_note에 남기지 않음
143,143화,L26108~L26283,EDIT,PASS,PASS,PASS,L26284~L26459,통신 카르텔과 직접 협상이 깨지자 데이비드를 미국으로 보내 통상 문제화를 준비한다. 독자는 사건의 조건과 확인 정보에 가장 오래 머문다. 실제 지급은 다음에 한정된다: 데이비드와 미국 인맥을 가동해 국내 카르텔 밖에서 압박할 경로를 연다.,통신사·방송위원회 카르텔과의 직접 해법이 막히자 데이비드를 미국으로 보내 외부 통상 압박을 찾게 한다. 구체 법·조치는 밝히지 않은 채 자신도 카르텔을 갖췄다는 마지막 독백으로 국내 협상 실패를 국외 반격 준비로 바꾼다.,T7/R5/H7,0.38/0.23/0.25/0.07/0.07,통신 카르텔과 직접 협상이 깨지자 데이비드를 미국으로 보내 통상 문제화를 준비한다; 지급=데이비드와 미국 인맥을 가동해 국내 카르텔 밖에서 압박할 경로를 연다; 마지막=데이비드가 미국에서 태우를 겨냥한 카르텔을 어떤 외부 압박으로 바꿀 것인가?,현재 화는 데이비드 미국행과 외부 통상압박 탐색까지만; 슈퍼 301조는 다음 화 소유
149,149화,L27106~L27278,EDIT,PASS,PASS,PASS,L27279~L27463,스티브에게 아이패드 개념을 제안하고 애플·태우 TV를 70대30으로 계약한 뒤 제프리를 불러 아마존의 인건비 문제를 듣고 태우와 손잡자고 제안한다. 독자는 사건의 조건과 확인 정보에 가장 오래 머문다. 실제 지급은 다음에 한정된다: 애플·태우 TV 계약과 제프리와의 새 협상 자리를 얻는다.,"스티브와 아이패드 개념을 나누고 애플·태우 TV의 70대30 계약을 닫는 첫 협상 뒤, 제프리의 아마존 인건비 문제로 자리가 바뀐다. 전자 콘텐츠의 지급을 받은 직후 로봇 공장이라는 새 제안만 꺼내므로 후반은 성과보다 파트너 탐색의 박자로 읽힌다.",T5/R6/H7,0.35/0.20/0.27/0.04/0.14,스티브에게 아이패드 개념을 제안하고 애플·태우 TV를 70대30으로 계약한 뒤 제프리를 불러 아마존의 인건비 문제를 듣고 태우와 손잡자고 제안한다; 지급=애플·태우 TV 계약과 제프리와의 새 협상 자리를 얻는다; 마지막=충분히 성장한 아마존에서 민재가 빼내려는 다음 공동사업은 무엇인가?,현재 화 하드 경계와 다음 화 진입을 수동 대조; 다음 화 최초 고유명·수단·지급을 after_note에 남기지 않음
150,150화,L27279~L27463,EDIT,PASS,PASS,PASS,L27464~L27639,아마존과 로봇·스마트팩토리 공동개발을 체결하고 데이비드에게 세계무역센터 장기임차를 알아보게 한다. 독자는 인물의 선택과 관계 변화에 가장 오래 머문다. 실제 지급은 다음에 한정된다: 아마존 로봇 파트너십과 데이비드의 8월 전 WTC 장기임차 성사 약속을 얻는다.,아마존과 로봇·스마트팩토리 공동개발을 체결한 다음 데이비드에게 8월 전 세계무역센터 장기임차를 알아보게 한다. 귀국해 기존 로봇 팔과 무인공장의 격차를 두 자동차 사장에게 보여 주는 끝은 계약 두 건을 자랑하기보다 현장 협력을 요구하는 쪽에 힘을 싣는다.,T6/R7/H7,0.22/0.23/0.27/0.05/0.23,아마존과 로봇·스마트팩토리 공동개발을 체결하고 데이비드에게 세계무역센터 장기임차를 알아보게 한다; 지급=아마존 로봇 파트너십과 데이비드의 8월 전 WTC 장기임차 성사 약속을 얻는다; 마지막=태우·카이자동차 두 사장이 기존 로봇 팔을 넘어설 스마트팩토리 협력에 응할 것인가?,현재 화 하드 경계와 다음 화 진입을 수동 대조; 다음 화 최초 고유명·수단·지급을 after_note에 남기지 않음
158,158화,L28677~L28838,EDIT,PASS,PASS,PASS,L28839~L29001,"삼진 스마트폰에 태우 사이트·앱을 기본 탑재하는 조건으로 특허료를 낮추고, 다이먼과 CL카드·외환은행 인수를 검토한 뒤 임재범에게 합작회사와 전액 지원을 제안한다. 독자는 사건의 조건과 확인 정보에 가장 오래 머문다. 실제 지급은 다음에 한정된다: 삼진 스마트폰 기본 탑재 계약과 CL카드 인수 준비, 임재범과 합작 협상 자리를 얻는다.","삼진 스마트폰 기본탑재와 특허료를 조정하고, 다이먼에게 CL카드·외환은행을 검토시킨 뒤 임재범에게 합작을 제안한다. 돈과 회사를 모두 대겠다는 말과 스티브에 빗댄 인정이 임재범의 대답을 붙들어 세 협상 중 마지막 사람의 선택이 오래 남는다.",T5/R7/H7,0.32/0.16/0.29/0.04/0.19,"삼진 스마트폰에 태우 사이트·앱을 기본 탑재하는 조건으로 특허료를 낮추고, 다이먼과 CL카드·외환은행 인수를 검토한 뒤 임재범에게 합작회사와 전액 지원을 제안한다; 지급=삼진 스마트폰 기본 탑재 계약과 CL카드 인수 준비, 임재범과 합작 협상 자리를 얻는다; 마지막=임재범은 몸만 오면 된다는 합작 제안과 자신을 스티브에 비견한 민재의 말을 받아들일 것인가?",현재 화 하드 경계와 다음 화 진입을 수동 대조; 다음 화 최초 고유명·수단·지급을 after_note에 남기지 않음
160,160화,L29002~L29175,EDIT,PASS,PASS,PASS,L29176~L29348,박만덕과 이영한에게 CL카드 채권·10조 원대 유동성을 설명하고 대출 차단·채권 압박·부실 발급 가속을 맡긴다. 독자는 사건의 조건과 확인 정보에 가장 오래 머문다. 실제 지급은 다음에 한정된다: 대출 차단·채권 유통 중단·부실 발급을 실행할 명동 공조 약속을 얻는다.,박만덕과 이영한 앞에서 CL카드 채권과 10조 원대 유동성 구멍을 펼쳐 놓고 대출 차단·채권 유통 중단·부실 발급 가속을 역할별로 나눈다. 명동의 공조 약속은 확보되지만 이영한이 예고한 불법 수단의 실제 충격은 보여 주지 않아 실행 직전의 날을 세운다.,T7/R5/H8,0.32/0.30/0.24/0.05/0.09,박만덕과 이영한에게 CL카드 채권·10조 원대 유동성을 설명하고 대출 차단·채권 압박·부실 발급 가속을 맡긴다; 지급=대출 차단·채권 유통 중단·부실 발급을 실행할 명동 공조 약속을 얻는다; 마지막=이영한의 불법 수단이 CL카드 유동성 위기를 얼마나 앞당길 것인가?,현재 화 하드 경계와 다음 화 진입을 수동 대조; 다음 화 최초 고유명·수단·지급을 after_note에 남기지 않음
181,181화,L32798~L32963,EDIT,PASS,PASS,PASS,L32964~L33126,강 대위와 국세청 인맥을 움직여 KS해운 비자금·현금 차량을 추적하고 야당과 검찰에 정보를 흘리게 한다. 독자는 인물의 선택과 관계 변화에 가장 오래 머문다. 실제 지급은 다음에 한정된다: KS 불법선거자금 단서가 검찰 수사로 전환되고 전체 대기업을 겨냥한 수사 착수까지 끌어낸다.,"강 대위의 추적과 국세청 인맥이 KS해운 비자금, 현금 운반 차량, 불법선거자금 단서를 한 줄로 잇는다. 야당과 검찰에 흘린 정보가 KS 한 곳을 넘어 전 대기업 수사로 번지는 순간, 복수 작전의 행동보다 관계망의 확산이 더 큰 압박으로 바뀐다.",T8/R7/H8,0.27/0.29/0.32/0.07/0.05,강 대위와 국세청 인맥을 움직여 KS해운 비자금·현금 차량을 추적하고 야당과 검찰에 정보를 흘리게 한다; 지급=KS 불법선거자금 단서가 검찰 수사로 전환되고 전체 대기업을 겨냥한 수사 착수까지 끌어낸다; 마지막=KS에서 시작된 검찰의 전면 수사가 다른 재벌까지 어디까지 번질 것인가?,현재 화 하드 경계와 다음 화 진입을 수동 대조; 다음 화 최초 고유명·수단·지급을 after_note에 남기지 않음
192,192화,L34777~L34942,EDIT_MANAGER_REDTEAM_STAGE,PASS,PASS,PASS,L34943~L35136,최재석 중심 50명 연합을 구상하다 경호 영상에서 불량학생 4~5명이 천민우의 머리를 때리고 식판에 침 뱉는 장면을 확인한다. 독자는 사건의 조건과 확인 정보에 가장 오래 머문다. 실제 지급은 다음에 한정된다: 천민우가 겪은 상습 폭력을 조기에 발견하고 가해자 수와 장면을 확보한다.,"최재석에게 이번 주 안 후보 약 50명을 추리라고 맡긴 뒤 경호 영상이 회의 리듬을 끊는다. 불량학생 4~5명이 천민정의 동생 머리를 때리고 식판에 침을 뱉는 화면이 가족보호 압박을 만들며, 후보명단·가해자 실명은 지급하지 않는다.",7/5/8,0.33/0.17/0.29/0.17/0.04,"최재석에게 이번 주 안에 후보 약 50명을 추려 보고해 달라고 맡긴다. 강 대위가 보여 준 영상에서는 불량학생 4~5명이 천민정의 동생 머리를 후려치고 식판에 침을 뱉는 장면을 확인한다. | 지급: 최재석에게 후보 선별 과업을 맡기고, 불량학생 4~5명의 폭행·식판 침 장면이 담긴 대응 근거를 확보한다. 후보 50명 명단은 아직 미지급이다.",현재 화 L34777~L34942 안의 표면만 사용
198,198화,L35842~L36008,EDIT,PASS,PASS,PASS,L36009~L36165,"김태중이 최재석에게 부산 데이터센터와 인재 명단을 건네고, 김민재가 계열사 실적을 점검해 태우상사를 미래 원자재 유통축으로 키울 필요성을 확인한다. 독자는 사건의 조건과 확인 정보에 가장 오래 머문다. 실제 지급은 다음에 한정된다: 최재석에게 데이터센터·인재 명단을 지급하고 태우상사의 전환 필요성을 확인한다.","김태중이 최재석에게 부산 데이터센터와 인재 명단을 넘기는 지급 뒤, 김민재가 계열사 실적표를 차례로 훑는다. 낮은 실적의 태우상사를 미래 원자재 유통축으로 바꿔야 한다는 판단에서 멈춰 구체 품목과 실행은 다음 회차에 넘긴다.",T6/R5/H6,0.35/0.19/0.24/0.05/0.17,"김태중이 최재석에게 부산 데이터센터와 인재 명단을 건네고, 김민재가 계열사 실적을 점검해 태우상사를 미래 원자재 유통축으로 키울 필요성을 확인한다; 지급=최재석에게 데이터센터·인재 명단을 지급하고 태우상사의 전환 필요성을 확인한다; 마지막=실적이 낮은 태우상사를 어떤 원자재 임무로 되살릴 것인가?",현재 화 하드 경계와 다음 화 진입을 수동 대조; 다음 화 최초 고유명·수단·지급을 after_note에 남기지 않음
199,199화,L36009~L36165,EDIT_MANAGER_REDTEAM_STAGE,PASS,PASS,PASS,L36166~L36346,"태우상사에 희토류·리튬·식각가스·불화수소의 국가별 매장량과 생산업체 조사를 지시하고, 최재석에게 양당 정쟁과 달리 경제만 말하는 선거 전략을 제시한다. 독자는 사건의 조건과 확인 정보에 가장 오래 머문다. 실제 지급은 다음에 한정된다: 미래 공급망 목록과 국민경제당의 전국 노출 기회를 얻는다.","희토류·리튬·식각가스·불화수소의 매장국·생산업체를 조사하고 광산 매입안을 짜라는 지시가 회차 대부분을 차지한다. 뒤에서는 이미 영입된 약 40명의 국민경제당 인물을 경제공약으로 띄우지만, 공급망 목록·광산 취득과 총선 득표는 아직 없어 보상은 담당·전략 확정에 둔다.",6/6/7,0.31/0.25/0.22/0.05/0.17,"태우상사에 희토류·리튬·식각가스·불화수소의 국가별 매장량과 생산업체 조사를 지시하고, 최재석에게 양당 정쟁과 달리 경제만 말하는 선거 전략을 제시한다. | 지급: 희토류·리튬·식각가스·불화수소의 매장국·생산업체 조사와 광산 매입계획 담당을 태우상사·태우화학에 확정하고, 국민경제당 정치인 약 40명 영입과 경제공약 선거전략을 확인한다. 공급망 목록·광산 소유권은 아직 미지급이다.",현재 화 L36009~L36165 안의 표면만 사용
202,202화,L36523~L36693,EDIT,PASS,PASS,PASS,L36694~L36882,"하프타임 노출 사고 직후 보이지 않는 아름다움 광고를 내보내고 페이팔 출신 채드 헐리·스티브 첸을 영상 서비스 팀으로 영입한다. 독자는 현장 실행에 가장 오래 머문다. 실제 지급은 다음에 한정된다: 태우 광고의 슈퍼볼 송출과 채드·스티브 영입, 영상 공유 서비스의 발상을 얻는다.","하프타임 노출 사고 직후 ‘보이지 않는 아름다움’ 광고를 붙여 위기를 역이용하고, 페이팔 출신 채드 헐리와 스티브 첸을 영상서비스 팀으로 데려온다. 광고·영입의 경쾌한 지급 뒤 인도 총선과 미국 대선 보고로 화면이 넘어가 다음 정치 선택은 낮은 강도로 열어 둔다.",T5/R7/H6,0.20/0.30/0.18/0.14/0.18,"하프타임 노출 사고 직후 보이지 않는 아름다움 광고를 내보내고 페이팔 출신 채드 헐리·스티브 첸을 영상 서비스 팀으로 영입한다; 지급=태우 광고의 슈퍼볼 송출과 채드·스티브 영입, 영상 공유 서비스의 발상을 얻는다; 마지막=인도 총선·미국 대선·오바마 보고에서 확인된 결과가 다음 정치 선택에 어떤 영향을 줄 것인가?",현재 화 하드 경계와 다음 화 진입을 수동 대조; 다음 화 최초 고유명·수단·지급을 after_note에 남기지 않음
212,212화,L38261~L38406,EDIT,PASS,PASS,PASS,L38407~L38579,"IIT 한국 캠퍼스의 한국인 20퍼센트·태우 공채 20퍼센트 확대·빅테크 연구소 유치를 설명해 최재석의 지지를 얻고, 태우자동차의 전기차 투자와 테슬라 경쟁 구도를 점검한다. 독자는 사건의 조건과 확인 정보에 가장 오래 머문다. 실제 지급은 다음에 한정된다: 최재석의 IIT 지지와 태우자동차의 전기차 방향을 확인한다.","IIT 한국 캠퍼스의 한국인 20퍼센트, 태우 공채 20퍼센트 확대와 빅테크 연구소 유치를 설명해 최재석의 지지를 얻는다. 곧이어 태우자동차의 전기차 투자를 점검하고 작은 테슬라까지 경쟁자로 세우면서 교육정책 회차를 산업 경주로 닫는다.",T5/R7/H7,0.27/0.19/0.25/0.10/0.19,"IIT 한국 캠퍼스의 한국인 20퍼센트·태우 공채 20퍼센트 확대·빅테크 연구소 유치를 설명해 최재석의 지지를 얻고, 태우자동차의 전기차 투자와 테슬라 경쟁 구도를 점검한다; 지급=최재석의 IIT 지지와 태우자동차의 전기차 방향을 확인한다; 마지막=작은 테슬라도 태우자동차와 전기차 선두 경쟁을 벌일 수 있는가?",현재 화 하드 경계와 다음 화 진입을 수동 대조; 다음 화 최초 고유명·수단·지급을 after_note에 남기지 않음
232,232화,L41626~L41796,EDIT,PASS,PASS,PASS,L41797~L41960,"러시아 로만에게 1억3000만 달러로 수호이 세 대를 구하고 미국 정권에 비밀 반입 묵인을 요청한다. 독자는 사건의 조건과 확인 정보에 가장 오래 머문다. 실제 지급은 다음에 한정된다: 러시아 측의 1억3천만 달러 구매 추진선과 미국의 비밀 반입 확답, 공군 활주로 이전 협조 조건을 얻는다.",로만에게 1억3천만 달러로 수호이 세 대를 구하게 하고 미국 정권에는 비밀 반입 묵인을 요청하는 양쪽 통화가 교차한다. 미국의 확답과 공군 활주로 이전 협조 조건은 받아냈지만 러시아 계약은 데이비드의 현지 마무리를 기다린다.,T6/R8/H8,0.25/0.22/0.22/0.08/0.23,"러시아 로만에게 1억3000만 달러로 수호이 세 대를 구하고 미국 정권에 비밀 반입 묵인을 요청한다; 지급=러시아 측의 1억3천만 달러 구매 추진선과 미국의 비밀 반입 확답, 공군 활주로 이전 협조 조건을 얻는다; 마지막=미국의 비밀 반입 확답을 받은 데이비드가 러시아에서 세 전투기 계약을 실제로 마칠 수 있는가?",현재 화 하드 경계와 다음 화 진입을 수동 대조; 다음 화 최초 고유명·수단·지급을 after_note에 남기지 않음
257,257,L45727~L45913,EDIT,PASS,PASS,PASS,L45914~L46075,중소기업 간담회에서 보험료를 대신 내고 보험금 60%를 받기로 한 뒤 신화은행 정태섭 부행장에게 3년·환율 60% 상승·원금 10배 보상·월 3% 보험료 조건을 강요한다. 독자는 현장 실행에 가장 오래 머문다. 실제 지급은 다음에 한정된다: 신화은행이 중소기업의 위험을 떠안을 KIKO 보험 출시를 약속하고 한 팀장은 태우증권 사장감 업적의 씨앗을 만든다.,"중소기업 보험료를 대신 내는 대가로 보험금 60퍼센트를 받는 구조를 깔고, 정태섭에게 3년·환율 60퍼센트 상승·원금 열 배 보상·월 3퍼센트라는 KIKO 조건을 몰아붙인다. 출시 약속 뒤 한 팀장이 자신을 벌레 보듯 한 부행장을 기억하는 마지막 감정이 금융 설계에 사적인 응징 맛을 붙인다.",T7/R7/H6,0.23/0.27/0.27/0.10/0.13,중소기업 간담회에서 보험료를 대신 내고 보험금 60%를 받기로 한 뒤 신화은행 정태섭 부행장에게 3년·환율 60% 상승·원금 10배 보상·월 3% 보험료 조건을 강요한다; 지급=신화은행이 중소기업의 위험을 떠안을 KIKO 보험 출시를 약속하고 한 팀장은 태우증권 사장감 업적의 씨앗을 만든다; 마지막=한 팀장은 자신을 벌레 보듯 한 정태섭의 높은 콧대를 기억하며 응징을 예고한다,현재 화 하드 경계와 다음 화 진입을 수동 대조; 다음 화 최초 고유명·수단·지급을 after_note에 남기지 않음
263,263,L46767~L46931,EDIT,PASS,PASS,PASS,L46932~L47106,"스티브 잡스에게 UFO형 애플 신사옥을 태우건설이 맡겠다고 하고 태우·카이 전기차에 애플 UI·OS·디자인·구독 서비스를 결합하는 애플카 구두합의를 만든 뒤 아마존 자동화 시설을 보러 간다. 독자는 인물의 선택과 관계 변화에 가장 오래 머문다. 실제 지급은 다음에 한정된다: 애플 파크 건설 요청안과 애플카 소프트웨어·디자인 협력 구두합의, 애플 최고 디자이너 투입 약속을 얻는다. 애플 파크 정식 수주 계약은 아직 전이다.","스티브에게 UFO형 애플 신사옥과 태우·카이 전기차의 UI·OS·디자인·구독 결합을 제시해 애플카 구두합의를 만든다. 정식 사옥 수주는 남긴 채 아마존 자동화 시설로 이동하고, 제프리가 완성을 선언하는 마지막 화면이 다음 산업 현장을 선명하게 바꾼다.",T4/R7/H6,0.25/0.19/0.29/0.08/0.19,"스티브 잡스에게 UFO형 애플 신사옥을 태우건설이 맡겠다고 하고 태우·카이 전기차에 애플 UI·OS·디자인·구독 서비스를 결합하는 애플카 구두합의를 만든 뒤 아마존 자동화 시설을 보러 간다; 지급=애플 파크 건설 요청안과 애플카 소프트웨어·디자인 협력 구두합의, 애플 최고 디자이너 투입 약속을 얻는다. 애플 파크 정식 수주 계약은 아직 전이다; 마지막=제프리 베조스가 산업 혁신을 일으킬 아마존 자동화 설비를 완성했다고 선언한다",현재 화 하드 경계와 다음 화 진입을 수동 대조; 다음 화 최초 고유명·수단·지급을 after_note에 남기지 않음
280,280,L49611~L49802,EDIT,PASS,PASS,PASS,L49803~L49976,"금융허브 비전을 발표한 뒤 퀀텀·CITI·버크셔 대표를 차례로 공개하고 버핏이 한국 지점 개설과 태우증권·자동차·IT·철강·부품 투자를 직접 선언하게 한다. 독자는 현장 실행에 가장 오래 머문다. 실제 지급은 다음에 한정된다: 금융허브에 대한 공개 신뢰와 여야 지지, 대통령실장의 조속한 한전 부지 허가 약속을 얻는다. 실제 개발 허가는 아직 발급 전이다.","금융허브 발표 무대에서 퀀텀·CITI·버크셔 대표를 차례로 공개하고 버핏이 한국 지점과 태우 계열 투자까지 직접 선언한다. 여야 지지와 한전 부지의 조속한 허가 약속은 받았지만, 대통령실장이 공을 청와대와 나누라고 요구해 개발허가 전 정치 대가를 남긴다.",T7/R9/H7,0.18/0.26/0.22/0.16/0.18,"금융허브 비전을 발표한 뒤 퀀텀·CITI·버크셔 대표를 차례로 공개하고 버핏이 한국 지점 개설과 태우증권·자동차·IT·철강·부품 투자를 직접 선언하게 한다; 지급=금융허브에 대한 공개 신뢰와 여야 지지, 대통령실장의 조속한 한전 부지 허가 약속을 얻는다. 실제 개발 허가는 아직 발급 전이다; 마지막=대통령실장은 한전 부지 허가를 약속하면서도 태우가 만든 무대의 공을 청와대와 나누라고 요구한다",현재 화 하드 경계와 다음 화 진입을 수동 대조; 다음 화 최초 고유명·수단·지급을 after_note에 남기지 않음
286,286,L50615~L50766,EDIT,PASS,PASS,PASS,L50767~L50931,"최재석과 비밀 회동해 여야 거래용 탄소감축 법안을 설계하고 국민경제당 청년정치인 SNS 육성을 약속하며 천민정의 AOS 게임 ‘리그 오브 챔피언스’ 한·미 베타를 승인한다. 독자는 사건의 조건과 확인 정보에 가장 오래 머문다. 실제 지급은 다음에 한정된다: 실행된 500억 달러 통화스와프와 미래산업·탄소감축 법안의 초당 추진선, 청년 정치인 육성 약속, 한·미 게임 베타 승인을 얻는다. 법안 통과와 게임 출시·흥행은 아직 전이다.","500억 달러 통화스와프 성과를 짚은 뒤 최재석과 탄소감축 법안의 여야 거래선, 청년 정치인의 SNS 육성을 맞춘다. 천민정의 ‘리그 오브 챔피언스’ 한·미 베타 승인으로 끝나며 정책 협상에서 게임 실행으로 속도를 가볍게 전환한다.",T5/R8/H6,0.27/0.21/0.24/0.08/0.20,"최재석과 비밀 회동해 여야 거래용 탄소감축 법안을 설계하고 국민경제당 청년정치인 SNS 육성을 약속하며 천민정의 AOS 게임 ‘리그 오브 챔피언스’ 한·미 베타를 승인한다; 지급=실행된 500억 달러 통화스와프와 미래산업·탄소감축 법안의 초당 추진선, 청년 정치인 육성 약속, 한·미 게임 베타 승인을 얻는다. 법안 통과와 게임 출시·흥행은 아직 전이다; 마지막=천민정이 리그 오브 챔피언스의 한국어 보완과 한·미 베타테스트를 곧바로 시작한다",현재 화 하드 경계와 다음 화 진입을 수동 대조; 다음 화 최초 고유명·수단·지급을 after_note에 남기지 않음
294,294,L51968~L52141,EDIT,PASS,PASS,PASS,L52142~L52302,SNS 확산을 제한하다가 줄리아니 생방송 중 태우·핀테크·버크셔 해서웨이 연합을 발표하고 정부·UAW와 지분 구조를 협상한다. 독자는 현장 실행에 가장 오래 머문다. 실제 지급은 다음에 한정된다: 태우·핀테크·버크셔와 채권자·UAW를 묶은 67퍼센트 지분 구조 및 정부 지원안을 합의한다. 실제 인수 계약 서명과 소유권 이전은 다음 날 전이다.,줄리아니 생방송에서 태우·핀테크·버크셔 연합을 공개하고 정부·UAW·채권자의 67퍼센트 지분 구조를 실시간 협상으로 묶는다. 여론 확산과 합의가 동시에 달리지만 실제 GM 인수 서명은 다음 날 전이라 다이먼의 400억~500억 달러 계약 준비가 끝을 맡는다.,T8/R8/H7,0.20/0.31/0.25/0.10/0.14,SNS 확산을 제한하다가 줄리아니 생방송 중 태우·핀테크·버크셔 해서웨이 연합을 발표하고 정부·UAW와 지분 구조를 협상한다; 지급=태우·핀테크·버크셔와 채권자·UAW를 묶은 67퍼센트 지분 구조 및 정부 지원안을 합의한다. 실제 인수 계약 서명과 소유권 이전은 다음 날 전이다; 마지막=다이먼이 적자 브랜드를 잘라 GM 75%를 400억~500억 달러에 사는 계약을 준비한다,현재 화 하드 경계와 다음 화 진입을 수동 대조; 다음 화 최초 고유명·수단·지급을 after_note에 남기지 않음
308,308,L54289~L54453,EDIT,PASS,PASS,PASS,L54454~L54614,암호학자·교수진을 불러 김장우와 협업시키고 최재석 도지사에게 충전소를 넘어 도시 전체의 정책 실험을 요청한다. 독자는 인물의 선택과 관계 변화에 가장 오래 머문다. 실제 지급은 다음에 한정된다: AI 바이오 전담팀과 경기도 충전기 확대 지원 약속을 얻는다. 경기도 전체 시범도시 지정은 아직 수락 전이다.,"암호학자와 교수진을 김장우의 AI 바이오 팀에 붙이는 연구진 구성 뒤, 최재석에게 충전소 지원을 넘어 경기도 전체를 정책 실험장으로 달라고 요구한다. 전담팀과 충전기 확대 약속은 얻었으나 시범도시 수락은 최남호의 답 앞에서 멈춘다.",T5/R6/H7,0.28/0.20/0.29/0.08/0.15,암호학자·교수진을 불러 김장우와 협업시키고 최재석 도지사에게 충전소를 넘어 도시 전체의 정책 실험을 요청한다; 지급=AI 바이오 전담팀과 경기도 충전기 확대 지원 약속을 얻는다. 경기도 전체 시범도시 지정은 아직 수락 전이다; 마지막=최남호가 경기도 전체를 전기차 시범도시로 만들자는 김민재의 제안을 받아들일 것인가?,현재 화 하드 경계와 다음 화 진입을 수동 대조; 다음 화 최초 고유명·수단·지급을 after_note에 남기지 않음
340,340화,L59657~L59811,EDIT,PASS,PASS,PASS,L59812~L59973,"핀테크 거래기록과 좀비폰으로 필리핀 조직의 보스·조직원·사무실을 특정하고, 위장 취업 경로와 다음 날 출국할 직원·경호인력 50명을 준비한다. 독자는 현장 실행에 가장 오래 머문다. 실제 지급은 다음에 한정된다: 필리핀 조직의 자금흐름·전화·사무실 위치와 위장 잠입 경로를 확보한다. 실제 잠입과 결정적 증거는 아직 전이다.","핀테크 거래기록과 좀비폰을 맞춰 필리핀 조직의 보스·전화·사무실을 특정하고 위장 취업 경로까지 좁힌다. 다음 날 출국할 직원과 경호인력 50명을 준비하는 행동이 길지만, 잠입과 결정적 증거는 보궐선거 시한 밖에 남겨 둔다.",T8/R7/H8,0.19/0.39/0.22/0.11/0.09,"핀테크 거래기록과 좀비폰으로 필리핀 조직의 보스·조직원·사무실을 특정하고, 위장 취업 경로와 다음 날 출국할 직원·경호인력 50명을 준비한다; 지급=필리핀 조직의 자금흐름·전화·사무실 위치와 위장 잠입 경로를 확보한다. 실제 잠입과 결정적 증거는 아직 전이다; 마지막=다음 날 필리핀으로 향하는 직원과 경호팀이 보궐선거 전에 결정적 증거를 확보할 수 있는가?",현재 화 하드 경계와 다음 화 진입을 수동 대조; 다음 화 최초 고유명·수단·지급을 after_note에 남기지 않음
343,343,L60148~L60318,EDIT,PASS,PASS,PASS,L60319~L60493,"김민재가 인슐린·mRNA 투자를 제안하고 한정훈·데이비드가 로보 지분 약 30%를 모은다. 독자는 사건의 조건과 확인 정보에 가장 오래 머문다. 실제 지급은 다음에 한정된다: 로보 노디스크 지분 약 30퍼센트와 다음 날 이사회 협상 자리를 확보하고, 인슐린·mRNA·비만치료제 연구정보를 요구할 위치에 선다. 생산·공동연구 권리는 아직 협상 전이다.",한정훈과 데이비드가 로보 노디스크 지분 약 30퍼센트를 모으는 과정에 인슐린·mRNA·비만치료제 연구정보 요구가 얹힌다. 이사회 자리를 확보한 보상은 크지만 생산권과 공동연구는 다음 날 협상 전이어서 지분 숫자가 곧 성과 전체가 되지는 않는다.,T5/R7/H7,0.35/0.17/0.20/0.08/0.20,"김민재가 인슐린·mRNA 투자를 제안하고 한정훈·데이비드가 로보 지분 약 30%를 모은다; 지급=로보 노디스크 지분 약 30퍼센트와 다음 날 이사회 협상 자리를 확보하고, 인슐린·mRNA·비만치료제 연구정보를 요구할 위치에 선다. 생산·공동연구 권리는 아직 협상 전이다; 마지막=로보 재단 이사회 협상이 남는다",현재 화 하드 경계와 다음 화 진입을 수동 대조; 다음 화 최초 고유명·수단·지급을 after_note에 남기지 않음
347,347,L60801~L60982,EDIT,PASS,PASS,PASS,L60983~L61166,"조지 부시에게 텍사스 경제·안보 논리를 30분 동안 설명해 관심을 끌지만, 토지 소유주 설득을 직접 부탁하거나 지원 확답을 받지는 않는다. 독자는 인물의 선택과 관계 변화에 가장 오래 머문다. 실제 지급은 다음에 한정된다: 조지 부시의 30분 통화와 관심을 얻는다. 텍사스 토지 소유주 설득 약속·실행은 아직 전이다.","조지 부시에게 텍사스의 경제·안보 논리를 30분 동안 설명하는 통화가 거의 전부를 차지한다. 관심은 끌었어도 토지 소유주 설득을 부탁하거나 확답받은 장면은 없으므로, 마지막은 전직 대통령의 실제 행동을 기다리는 낮은 속도의 관계 훅이다.",T5/R7/H7,0.27/0.21/0.30/0.08/0.14,"조지 부시에게 텍사스 경제·안보 논리를 30분 동안 설명해 관심을 끌지만, 토지 소유주 설득을 직접 부탁하거나 지원 확답을 받지는 않는다; 지급=조지 부시의 30분 통화와 관심을 얻는다. 텍사스 토지 소유주 설득 약속·실행은 아직 전이다; 마지막=조지 부시가 김민재의 논리를 받아 실제로 텍사스 토지 소유주 설득에 나설 것인가?",현재 화 하드 경계와 다음 화 진입을 수동 대조; 다음 화 최초 고유명·수단·지급을 after_note에 남기지 않음
350,350,L61355~L61505,EDIT,PASS,PASS,PASS,L61506~L61665,"와고너 목장을 시추 부지로 확보하고 베릴의 재투자·운영 참여를 정한 뒤 체서피크 협업과 우선인수 조항, 장비 확보 방안을 설계한다. 독자는 사건의 조건과 확인 정보에 가장 오래 머문다. 실제 지급은 다음에 한정된다: 와고너 시추 부지와 베릴의 재투자·운영 참여를 확보한다. 체서피크 협업·우선인수 조항과 장비 계약은 아직 협상 전이다.","와고너 목장을 시추 부지로 확보하고 베릴의 재투자·운영 참여를 정해 사람과 땅을 먼저 고정한다. 체서피크 협업·우선인수 조항과 장비 조달은 설계만 펼쳐 놓아, 실물 지급 뒤 계약 과제가 연이어 남는 리듬이다.",T5/R7/H7,0.30/0.20/0.25/0.08/0.17,"와고너 목장을 시추 부지로 확보하고 베릴의 재투자·운영 참여를 정한 뒤 체서피크 협업과 우선인수 조항, 장비 확보 방안을 설계한다; 지급=와고너 시추 부지와 베릴의 재투자·운영 참여를 확보한다. 체서피크 협업·우선인수 조항과 장비 계약은 아직 협상 전이다; 마지막=체서피크 협업과 우선인수 조항을 실제 계약으로 묶고 필요한 시추 장비까지 확보할 수 있는가?",현재 화 하드 경계와 다음 화 진입을 수동 대조; 다음 화 최초 고유명·수단·지급을 after_note에 남기지 않음
354,354,L62005~L62159,EDIT,PASS,PASS,PASS,L62160~L62331,최재석을 채찍질하고 센트리언 인슐린 완성·로보 연구진의 AI 협업 요청을 승인한다. 독자는 사건의 조건과 확인 정보에 가장 오래 머문다. 실제 지급은 다음에 한정된다: 국민경제당의 첫 야당 지위와 센트리언 인슐린 개발 완료를 얻는다. 덴마크 비만치료제 공동연구·지분은 아직 협상 전이다.,최재석을 몰아붙인 끝에 국민경제당이 첫 야당 지위를 얻었다는 정치 지급과 센트리언 인슐린 개발 완료가 나란히 놓인다. 로보 연구진의 AI 협업 요청을 승인하고 서정준에게 덴마크 협상을 넘기는 끝은 비만치료제 공동연구를 아직 실행 전으로 남긴다.,T5/R8/H6,0.28/0.18/0.25/0.11/0.18,최재석을 채찍질하고 센트리언 인슐린 완성·로보 연구진의 AI 협업 요청을 승인한다; 지급=국민경제당의 첫 야당 지위와 센트리언 인슐린 개발 완료를 얻는다. 덴마크 비만치료제 공동연구·지분은 아직 협상 전이다; 마지막=서정준이 덴마크 협상을 맡는다,현재 화 하드 경계와 다음 화 진입을 수동 대조; 다음 화 최초 고유명·수단·지급을 after_note에 남기지 않음
376,376,L65820~L65985,EDIT,PASS,PASS,PASS,L65986~L66170,축구 자선행사에 100억 원을 써 로만을 부르고 태우 철수 방지 대신 몽골 자원의 러시아 경유를 요구한다. 독자는 인물의 선택과 관계 변화에 가장 오래 머문다. 실제 지급은 다음에 한정된다: 러시아 경유 운송로와 다국적 컨소시엄안을 로만에게 받아들이게 하고 크렘린 허가를 받아오겠다는 약속을 얻는다. 실제 정부 허가·운송로 확보는 아직 전이다.,"축구 자선행사에 100억 원을 써 로만을 불러낸 뒤 태우 철수 방지와 몽골 자원의 러시아 경유를 맞바꾼다. 로만이 다국적 컨소시엄안을 받아 크렘린 허가를 구하겠다고 약속하는 관계 장면이 길고, 중국 구매자가 없다는 실물 구멍이 마지막에 남는다.",T6/R7/H7,0.22/0.23/0.36/0.11/0.08,축구 자선행사에 100억 원을 써 로만을 부르고 태우 철수 방지 대신 몽골 자원의 러시아 경유를 요구한다; 지급=러시아 경유 운송로와 다국적 컨소시엄안을 로만에게 받아들이게 하고 크렘린 허가를 받아오겠다는 약속을 얻는다. 실제 정부 허가·운송로 확보는 아직 전이다; 마지막=중국의 장기 자원 구매 계약이 필요하다,현재 화 하드 경계와 다음 화 진입을 수동 대조; 다음 화 최초 고유명·수단·지급을 after_note에 남기지 않음
377,377,L65986~L66170,EDIT,PASS,PASS,PASS,L66171~L66350,"리강에게 몽골 자원 운송로와 최소 20년 장기계약을 제안하고 러시아 협의 사실을 알린 뒤, 리강이 주석 보고와 계약 성사를 위해 노력하겠다는 답을 받아낸다. 독자는 인물의 선택과 관계 변화에 가장 오래 머문다. 실제 지급은 다음에 한정된다: 차기 중국 권력자와 운송사업·20년 계약의 협상선을 열고 주석 보고 약속을 얻는다. 실제 장기계약과 자원 판로는 아직 전이다.","리강에게 러시아 경유안과 최소 20년 몽골 자원 구매계약을 함께 제시해 중국 권력선의 반응을 살핀다. 주석 보고와 성사 노력 약속까지만 받은 뒤 사우디 증산·왕위승계 확인으로 시선을 돌려, 판로 계약은 일부러 미지급 상태로 둔다.",T5/R8/H6,0.26/0.21/0.32/0.08/0.13,"리강에게 몽골 자원 운송로와 최소 20년 장기계약을 제안하고 러시아 협의 사실을 알린 뒤, 리강이 주석 보고와 계약 성사를 위해 노력하겠다는 답을 받아낸다; 지급=차기 중국 권력자와 운송사업·20년 계약의 협상선을 열고 주석 보고 약속을 얻는다. 실제 장기계약과 자원 판로는 아직 전이다; 마지막=사우디 증산 시점과 왕위승계를 확인하러 간다",현재 화 하드 경계와 다음 화 진입을 수동 대조; 다음 화 최초 고유명·수단·지급을 after_note에 남기지 않음
394,394,L68991~L69182,EDIT,PASS,PASS,PASS,L69183~L69348,"주식 반환을 거절하고 1억 달러 프리미엄을 요구한 뒤 버크셔가 판 지분을 워런과 협상한다. 독자는 인물의 선택과 관계 변화에 가장 오래 머문다. 실제 지급은 다음에 한정된다: 금융타워 배신자에게 1억 달러 프리미엄 규율을 적용하고, 버크셔와 헤스 지분 임대·공개매수 동맹 협상을 연다. 워런의 참여 확답은 아직 전이다.","레일·마크 펀드가 요구한 헤스 주식 반환을 거절하고 1억 달러 프리미엄을 매긴 뒤, 버크셔의 매수 이유를 확인하는 데 회차가 오래 머문다. 워런에게는 헤스 지분 3년 임대와 정체를 밝히지 않은 시장 이벤트만 제안하므로 작전명과 참여 확답은 다음 화 몫이다.",T7/R7/H8,0.20/0.26/0.35/0.10/0.09,"금융타워의 레일·마크 펀드에 1억 달러 프리미엄을 요구해 내보낸 뒤, 버크셔가 헤스 지분 7퍼센트 이상을 모은 이유를 확인하고 워런에게 3년 임대를 제안한다; 지급=배신 펀드 두 곳에 1억 달러 프리미엄 규율을 적용하고, 워런에게 헤스 지분 3년 임대와 정체를 밝히지 않은 시장 이벤트를 제안한다. 지분 임대와 참여 확답은 아직 전이다; 마지막=워런은 헤스 지분을 3년 빌려 달라는 제안과 정체가 공개되지 않은 시장 이벤트에 참여할 것인가?",현재 화는 헤스 지분 3년 임대와 정체를 밝히지 않은 시장 이벤트; 공개매수는 다음 화 최초 명시
397,397,L69538~L69724,EDIT,PASS,PASS,PASS,L69725~L69890,"박만득 은퇴·인수인계를 지시하고 카노스에게 동료 펀드 배신과 자산 흡수를 제안한다. 독자는 인물의 선택과 관계 변화에 가장 오래 머문다. 실제 지급은 다음에 한정된다: 박만덕의 동남아 퇴직 후 자리와 한정훈의 부회장 인수인계·교육 경로, 카노스의 전향 약속을 얻는다. 박만덕 은퇴와 한정훈 취임은 아직 전이다.","박만덕의 동남아 퇴직 자리와 한정훈의 인수인계·교육 경로를 정하는 승계 대화가 한 축이다. 다른 축에서는 카노스에게 동료 헤지펀드를 배신하고 자산을 흡수하라고 제안해 전향 약속을 받되, 실제 은퇴·취임과 2주 작전은 아직 앞에 둔다.",T8/R8/H7,0.19/0.27/0.37/0.10/0.07,"박만득 은퇴·인수인계를 지시하고 카노스에게 동료 펀드 배신과 자산 흡수를 제안한다; 지급=박만덕의 동남아 퇴직 후 자리와 한정훈의 부회장 인수인계·교육 경로, 카노스의 전향 약속을 얻는다. 박만덕 은퇴와 한정훈 취임은 아직 전이다; 마지막=카노스가 2주 안에 동료 펀드를 찢는다",현재 화 하드 경계와 다음 화 진입을 수동 대조; 다음 화 최초 고유명·수단·지급을 after_note에 남기지 않음
398,398,L69725~L69890,EDIT,PASS,PASS,PASS,L69891~L70053,"카노스가 2주 만에 헤지펀드들을 파산시키자 태우 300억 달러·금융타워 총 600억 달러를 중국에 배치하고, 한정훈의 부회장 교육·다음 달 이취임식과 태우건설의 부동산 회복을 점검한다. 독자는 인물의 선택과 관계 변화에 가장 오래 머문다. 실제 지급은 다음에 한정된다: 공매도 연합 파산과 카노스의 집행력, 태우건설의 도급 1위·토지 가치 상승을 얻고 한정훈의 부회장 취임 일정을 확정한다.","카노스가 약속한 2주 안에 헤지펀드들을 파산시킨 결과를 확인하고 태우 300억 달러·금융타워 총 600억 달러를 중국에 배치한다. 태우건설의 도급 1위와 토지 반등을 짚은 뒤 다음 달 이취임식 날짜를 잡아, 시장 승리를 한정훈의 지위 이전으로 넘긴다.",T6/R8/H8,0.23/0.21/0.34/0.11/0.11,"카노스가 2주 만에 헤지펀드들을 파산시키자 태우 300억 달러·금융타워 총 600억 달러를 중국에 배치하고, 한정훈의 부회장 교육·다음 달 이취임식과 태우건설의 부동산 회복을 점검한다; 지급=공매도 연합 파산과 카노스의 집행력, 태우건설의 도급 1위·토지 가치 상승을 얻고 한정훈의 부회장 취임 일정을 확정한다; 마지막=성대한 이취임식을 실제로 열어 한정훈을 부회장으로 세우고 청와대 만찬에 보낼 수 있는가?",현재 화 하드 경계와 다음 화 진입을 수동 대조; 다음 화 최초 고유명·수단·지급을 after_note에 남기지 않음
402,402,L70407~L70589,EDIT,PASS,PASS,PASS,L70590~L70762,"금융사 이익 일부를 차명계좌로 중국 수뇌부에 보내고 병원에서 오희건의 후계 부탁을 듣는다. 독자는 인물의 선택과 관계 변화에 가장 오래 머문다. 실제 지급은 다음에 한정된다: 중국 수익 일부를 차명계좌로 보내 정치보험을 유지하고, 오희건으로부터 승계 조언 대가인 태우 지분을 이번 주 안에 넘기겠다는 약속을 얻는다. 실제 지분 이전은 아직 전이다.","중국 금융수익 일부를 차명계좌로 수뇌부에 보내는 정치보험 처리 뒤 병원 장면으로 자리가 바뀐다. 오희건이 승계 조언을 청하며 이번 주 태우 지분 이전을 약속하지만 실제 명의이전은 없어, 노인의 부탁과 오용재의 선택이 물질 지급보다 앞선다.",T7/R7/H8,0.16/0.12/0.34/0.20/0.18,"금융사 이익 일부를 차명계좌로 중국 수뇌부에 보내고 병원에서 오희건의 후계 부탁을 듣는다; 지급=중국 수익 일부를 차명계좌로 보내 정치보험을 유지하고, 오희건으로부터 승계 조언 대가인 태우 지분을 이번 주 안에 넘기겠다는 약속을 얻는다. 실제 지분 이전은 아직 전이다; 마지막=오용재가 승계 해법을 받아들일지, 오희건이 이번 주 실제로 태우 지분을 이전할지가 남는다",현재 화 하드 경계와 다음 화 진입을 수동 대조; 다음 화 최초 고유명·수단·지급을 after_note에 남기지 않음
407,407,L71269~L71428,EDIT,PASS,PASS,PASS,L71429~L71612,"24시간 알고리즘을 가동하고 중국 리강을 통해 제리 왕을 만나 공매도 중단 대가를 기다린다. 독자는 사건의 조건과 확인 정보에 가장 오래 머문다. 실제 지급은 다음에 한정된다: 메르스 치료정보 수집망을 가동하고, 제리 왕과 용선료를 카드로 한 협상 주도권을 잡는다. 용선료 인하는 아직 제안·합의 전이다.","메르스 치료정보를 모으는 24시간 알고리즘을 먼저 돌리고, 리강을 통해 만난 제리 왕에게 공매도 중단의 대가를 묻는다. 10배로 뛴 용선료를 협상 카드로 쥔 채 구체 인하폭은 듣지 못해 정보수집과 협상 대기가 비슷한 길이로 맞물린다.",T8/R6/H7,0.27/0.23/0.20/0.08/0.22,"24시간 알고리즘을 가동하고 중국 리강을 통해 제리 왕을 만나 공매도 중단 대가를 기다린다; 지급=메르스 치료정보 수집망을 가동하고, 제리 왕과 용선료를 카드로 한 협상 주도권을 잡는다. 용선료 인하는 아직 제안·합의 전이다; 마지막=제리 왕이 10배 용선료를 얼마나 낮출지 남는다",현재 화 하드 경계와 다음 화 진입을 수동 대조; 다음 화 최초 고유명·수단·지급을 after_note에 남기지 않음
409,409,L71613~L71796,EDIT,PASS,PASS,PASS,L71797~L71965,"식약처의 비난 부담을 이용해 한국 최초 메르스 치료제 긴급사용승인을 받고, FDA가 센트리언을 방문하면 메르스·당뇨병 치료제를 함께 보여 주라고 지시한다. 독자는 현장 실행에 가장 오래 머문다. 실제 지급은 다음에 한정된다: 한국 최초 메르스 치료제 긴급사용승인·출시와 FDA 현장방문 계획을 얻는다. 당뇨병 치료제의 연내 FDA 승인은 목표로 남는다.",식약처가 공개적으로 비난했던 부담을 되받아 한국 최초 메르스 치료제 긴급사용승인과 출시를 끌어낸다. FDA 방문 때 메르스·당뇨병 자료를 함께 보여 주라는 후반 지시는 국내 지급의 흥분을 연내 미국 승인이라는 새 심사로 낮춘다.,T8/R9/H7,0.21/0.29/0.18/0.12/0.20,"식약처의 비난 부담을 이용해 한국 최초 메르스 치료제 긴급사용승인을 받고, FDA가 센트리언을 방문하면 메르스·당뇨병 치료제를 함께 보여 주라고 지시한다; 지급=한국 최초 메르스 치료제 긴급사용승인·출시와 FDA 현장방문 계획을 얻는다. 당뇨병 치료제의 연내 FDA 승인은 목표로 남는다; 마지막=FDA 현장실사에서 메르스 치료제와 당뇨병 치료제 자료를 직접 보여 주면 연내 승인을 앞당길 수 있는가?",현재 화 하드 경계와 다음 화 진입을 수동 대조; 다음 화 최초 고유명·수단·지급을 after_note에 남기지 않음
411,411,L71966~L72141,EDIT,PASS,PASS,PASS,L72142~L72298,서울 지지율 30퍼센트를 계산하고 호남 공략을 위해 군산 조선소와 새만금에 쓸 10억 달러를 별도 자금으로 빼 두라고 지시한다. 독자는 돈·지분·직책의 지급에 가장 오래 머문다. 실제 지급은 다음에 한정된다: 국민경제당의 지역당 한계를 넘을 군산·새만금 산업투자 예산 10억 달러를 확보한다. 실제 발주·투자는 아직 전이다.,"서울 지지율 30퍼센트를 계산한 뒤 호남 돌파구로 군산 조선소와 새만금에 쓸 10억 달러를 떼어 놓는다. 숫자와 지역정치 설명이 길고 실제 발주 전이라, 마지막에는 장명준이 수주와 탈당을 함께 받아들일지가 사람의 선택으로 남는다.",T6/R5/H7,0.25/0.15/0.22/0.08/0.30,서울 지지율 30퍼센트를 계산하고 호남 공략을 위해 군산 조선소와 새만금에 쓸 10억 달러를 별도 자금으로 빼 두라고 지시한다; 지급=국민경제당의 지역당 한계를 넘을 군산·새만금 산업투자 예산 10억 달러를 확보한다. 실제 발주·투자는 아직 전이다; 마지막=장명준이 군산 수주와 탈당을 받아들일지 남는다,현재 화 하드 경계와 다음 화 진입을 수동 대조; 다음 화 최초 고유명·수단·지급을 after_note에 남기지 않음
412,412,L72142~L72298,EDIT,PASS,PASS,PASS,L72299~L72490,태우 선박 5억 달러를 군산 조선소에 일시불 발주하고 시위대에 사과한 뒤 최재석의 공로를 공개한다. 남은 5억 달러는 새만금 몫으로 두고 다른 기업을 끌어들여 총 20억 달러 이상을 만들 계획을 세운다. 독자는 현장 실행에 가장 오래 머문다. 실제 지급은 다음에 한정된다: 국민경제당이 호남 산업구제 세력으로 재평가된다.,태우 선박 5억 달러를 군산 조선소에 일시불 발주하고 시위대에 직접 사과한 뒤 최재석의 공로를 공개한다. 현장 반응으로 호남 구제 이미지는 지급되지만 새만금 5억 달러와 타기업 자금을 합쳐 20억 달러로 키우는 계획은 아직 실행 전이다.,T7/R7/H7,0.12/0.27/0.24/0.18/0.19,태우 선박 5억 달러를 군산 조선소에 일시불 발주하고 시위대에 사과한 뒤 최재석의 공로를 공개한다. 남은 5억 달러는 새만금 몫으로 두고 다른 기업을 끌어들여 총 20억 달러 이상을 만들 계획을 세운다; 지급=국민경제당이 호남 산업구제 세력으로 재평가된다; 마지막=아직 집행 전인 새만금 5억 달러와 타기업 유치 계획을 실제 20억 달러 이상 투자로 만들 수 있는가?,현재 화 하드 경계와 다음 화 진입을 수동 대조; 다음 화 최초 고유명·수단·지급을 after_note에 남기지 않음
419,419,L73360~L73524,EDIT,PASS,PASS,PASS,L73525~L73689,"오용재 일가의 상속세 신용대출을 약속하고 삼진이 가진 ASML 지분 3퍼센트를 현재가에 넘기는 매매에 합의한 뒤, 미국·대만 매도물량도 사들이라고 지시한다. 독자는 인물의 선택과 관계 변화에 가장 오래 머문다. 실제 지급은 다음에 한정된다: 삼진 승계를 결산하고 ASML 지분 3퍼센트 매매 합의와 추가 매집 지시를 얻는다. 지분 이전·장비 우선권은 실무계약 이후다.","오용재 일가의 상속세 신용대출을 약속하고 삼진의 ASML 지분 3퍼센트 매매 합의를 얻은 뒤, 미국·대만 매도물량 추가 매집까지 지시한다. 지분 이전은 실무계약 전이고 마지막 연락은 최재석과 해운업 문제를 논의할 다음 날 약속만 연다.",T4/R8/H6,0.14/0.11/0.33/0.12/0.30,"오용재 일가의 상속세 신용대출을 약속하고 삼진이 가진 ASML 지분 3퍼센트를 현재가에 넘기는 매매에 합의한 뒤, 미국·대만 매도물량도 사들이라고 지시한다; 지급=삼진 승계를 결산하고 ASML 지분 3퍼센트 매매 합의와 추가 매집 지시를 얻는다. 지분 이전·장비 우선권은 실무계약 이후다; 마지막=최재석이 생각을 정리한 해운업 문제를 다음 날 어떤 조건으로 풀지 남는다",현재 화 마지막 연락은 해운업 문제; PF는 다음 화에서 처음 구체화
420,420,L73525~L73689,EDIT,PASS,PASS,PASS,L73690~L73855,"최재석과 새만금 화학단지 안전·해운 빅딜 방향을 합의하고, 수도권·광역시 부동산 PF 30조 원을 금융타워에 권유하되 참여가 없으면 태우 자금으로 하겠다고 정한다. 독자는 돈·지분·직책의 지급에 가장 오래 머문다. 실제 지급은 다음에 한정된다: 새만금·부산 신항·부동산 PF를 묶은 총선 정책과 30조 원 모집 경로를 설계한다. 50조 원 실제 투자나 과반 의석은 아직 지급 전이다.","최재석과 새만금 화학단지 안전, 부산 신항, 해운 빅딜을 총선 정책으로 묶고 수도권·광역시 PF 30조 원 모집안을 펼친다. 금융타워가 참여하지 않으면 태우가 대겠다는 결심은 선명하지만 50조 원 실투자는 없어, 회차의 재미는 자금판을 조립하는 데 있다.",T7/R7/H7,0.20/0.17/0.24/0.08/0.31,"최재석과 새만금 화학단지 안전·해운 빅딜 방향을 합의하고, 수도권·광역시 부동산 PF 30조 원을 금융타워에 권유하되 참여가 없으면 태우 자금으로 하겠다고 정한다; 지급=새만금·부산 신항·부동산 PF를 묶은 총선 정책과 30조 원 모집 경로를 설계한다. 50조 원 실제 투자나 과반 의석은 아직 지급 전이다; 마지막=금융타워 권유만으로 PF 30조 원을 실제 채우고, 새만금·부산 신항과 합친 50조 원 계획을 집행할 수 있는가?",현재 화 하드 경계와 다음 화 진입을 수동 대조; 다음 화 최초 고유명·수단·지급을 after_note에 남기지 않음
427,427,L74704~L74857,EDIT,PASS,PASS,PASS,L74858~L75029,정부는 인허가와 기반공사를 맡고 태우가 투자·기업 유치를 담당하는 구도를 최재석에게 제안한다. 독자는 인물의 선택과 관계 변화에 가장 오래 머문다. 실제 지급은 다음에 한정된다: 김민재의 기업 구상이 국가 대선의 핵심 성장서사로 승격된다.,"정부가 인허가·기반공사를 맡고 태우가 투자·기업 유치를 책임지는 역할표를 최재석에게 건넨다. 기업인의 구상이 대선 성장서사로 승격되는 관계·지위 보상 뒤, 토지와 고용을 실제 공약 영수증으로 바꾸는 일이 짧게 열린다.",T8/R8/H6,0.23/0.13/0.27/0.10/0.27,정부는 인허가와 기반공사를 맡고 태우가 투자·기업 유치를 담당하는 구도를 최재석에게 제안한다; 지급=김민재의 기업 구상이 국가 대선의 핵심 성장서사로 승격된다; 마지막=공약을 뒷받침할 토지·자금·고용 실물을 준비한다,현재 화 하드 경계와 다음 화 진입을 수동 대조; 다음 화 최초 고유명·수단·지급을 after_note에 남기지 않음
440,440,L76962~L77140,EDIT_MANAGER_REDTEAM_STAGE,EDIT_MANAGER_REDTEAM_STAGE,PASS,PASS,L77141~L77310,태우해운의 전체 선복량이 약 280만 TEU·세계 4위임을 확인하고 50억 달러를 미국 해운·항만에 쓰는 독자 동맹안을 데이비드에게 맡긴다. 유전자 가위 연구진의 센트리언 방문을 재촉한 뒤 명동과 반도체 도시 토지·인력 확보를 점검한다. 독자는 사건의 조건과 확인 정보에 가장 오래 머문다. 실제 지급은 다음에 한정된다: 태우해운의 세계 4위 규모와 반도체 도시 1구역의 선매입·7천억 원 차익·빠른 착공 기반을 확인한다. 미국 주도 해운동맹과 연구진 영입은 아직 진행 중이다.,"로보와 무조건 소송취하로 유고빈 권리를 지키고 태우해운 약 280만 TEU·세계 4위를 확인한다. 뒤이어 이영한의 1구역 7천억 원 차익, 2·3구역 10조 원 이상 투자와 착공 2년 단축이 숫자로 쌓여 법정승리보다 도시·물류자산에 오래 머문다.",7/7/7,0.32/0.18/0.15/0.08/0.27,"로보와 조건 없는 상호소송 취하에 합의해 유고빈 권리를 확정한다. 태우해운 선복량 약 280만 TEU·세계 4위를 확인하고 미국 주도 해운동맹은 추진을 맡긴다. 이영한은 반도체도시 1구역을 4조 원에 매입해 7천억 원 차익을 냈고 2·3구역에 10조 원 이상을 투입해 착공을 최소 2년 앞당긴다. | 지급: 로보와의 무조건 상호소송 취하·유고빈 권리확정, 태우해운 약 280만 TEU·세계 4위, 반도체도시 1구역 7천억 원 차익과 2·3구역 10조 원 이상 투자·착공 2년 단축이 지급된다. 미국 해운동맹은 아직 추진 중이다.",현재 화 L76962~L77140 안의 표면만 사용
443,443,L77485~L77653,EDIT,PASS,PASS,PASS,L77654~L77841,최정예 변호인단과 최고 수준 보수·연구비를 약속하고 핵심 연구진이 빠져나가지 못하도록 일괄 영입한다. 독자는 인물의 선택과 관계 변화에 가장 오래 머문다. 실제 지급은 다음에 한정된다: 김진우와 핵심 연구진이 태우의 법률 방어·최고 보수·연구비 약속을 받아들이고 팀 보존·합류를 결정한다. 누명 해소 판결은 아직 전이다.,"최정예 변호인단과 최고 수준 보수·연구비를 한꺼번에 내걸어 김진우와 핵심 연구진의 이탈을 막는다. 팀 보존과 합류는 그 자리에서 지급되지만 누명 해소 판결은 없고, 끝은 사드 불매와 미중 갈등을 버틸 자본 규모로 시야를 넓힌다.",T4/R7/H7,0.17/0.13/0.40/0.19/0.11,최정예 변호인단과 최고 수준 보수·연구비를 약속하고 핵심 연구진이 빠져나가지 못하도록 일괄 영입한다; 지급=김진우와 핵심 연구진이 태우의 법률 방어·최고 보수·연구비 약속을 받아들이고 팀 보존·합류를 결정한다. 누명 해소 판결은 아직 전이다; 마지막=사드 불매와 곧 닥칠 미중 갈등에서 국가와 동등하게 협상하려면 얼마나 더 큰 자본 카드를 쥐어야 하는가?,현재 화 하드 경계와 다음 화 진입을 수동 대조; 다음 화 최초 고유명·수단·지급을 after_note에 남기지 않음
452,452,L79091~L79276,EDIT,PASS,PASS,PASS,L79277~L79459,리사가 제안한 기존 공장의 열 배 비용을 승인하고 웨이와 경쟁시키며 북한 해커가 노리는 소형 코인거래소에는 보안을 제공한다. 독자는 사건의 조건과 확인 정보에 가장 오래 머문다. 실제 지급은 다음에 한정된다: 자동화 팹에 기존 공장의 열 배 비용을 쓰고 리사·웨이 체제를 경쟁시키는 승인을 얻는다. 범용 반도체 원가우위와 독점은 미래 성과다.,"리사가 요구한 기존 공장 열 배 비용을 승인하고 웨이와 경쟁시키는 팹 투자 판단이 회차의 큰 덩어리다. 소형 코인거래소에 보안을 제공한 뒤 북한의 반복 공격을 더는 두고 보지 않겠다는 결심으로 닫아, 반도체 설계가 사이버 응징으로 급히 전환된다.",T8/R6/H7,0.31/0.27/0.10/0.12/0.20,리사가 제안한 기존 공장의 열 배 비용을 승인하고 웨이와 경쟁시키며 북한 해커가 노리는 소형 코인거래소에는 보안을 제공한다; 지급=자동화 팹에 기존 공장의 열 배 비용을 쓰고 리사·웨이 체제를 경쟁시키는 승인을 얻는다. 범용 반도체 원가우위와 독점은 미래 성과다; 마지막=북한이 중소 거래소까지 계속 건드리면 김민재도 가만히 당하지 않겠다고 결심한다,현재 화 하드 경계와 다음 화 진입을 수동 대조; 다음 화 최초 고유명·수단·지급을 after_note에 남기지 않음
460,460,L80532~L80714,EDIT,PASS,PASS,PASS,L80715~L80890,샤를로트의 진동우에게 승계 조언을 주고 미국 IT기업의 망사용료를 태우통신이 절반에 계약하도록 지시한다. 독자는 돈·지분·직책의 지급에 가장 오래 머문다. 실제 지급은 다음에 한정된다: 국부·연금 자본의 장이 통신 인프라와 재벌 승계라는 다음 권력전으로 이동한다.,"샤를로트의 진동우에게 승계 해법을 조언하는 대화와 미국 IT기업 망사용료를 절반으로 계약하라는 지시가 이어진다. 실제 반값 계약은 아직 없으며, 국부·연금 자본의 다음 전장이 통신 인프라와 재벌 승계라는 선언이 두 사건을 느슨하게 잇는다.",T6/R7/H7,0.22/0.18/0.25/0.08/0.27,샤를로트의 진동우에게 승계 조언을 주고 미국 IT기업의 망사용료를 태우통신이 절반에 계약하도록 지시한다; 지급=국부·연금 자본의 장이 통신 인프라와 재벌 승계라는 다음 권력전으로 이동한다; 마지막=태우통신이 미국 IT 기업과 반값 망사용료 계약을 실제 체결한 뒤 다른 통신사·정치권·여론은 어떻게 반응할 것인가?,현재 화 하드 경계와 다음 화 진입을 수동 대조; 다음 화 최초 고유명·수단·지급을 after_note에 남기지 않음
461,461,L80715~L80890,EDIT,PASS,PASS,PASS,L80891~L81043,망사용료 분쟁을 여론전으로 버티고 손정우에게 엔비디아 지분 담보 35억 달러 무이자 대출과 기존 일본-미국 해저케이블 지분 매매를 제안해 협상 합의를 얻는다. 귀국 뒤 한국-미국 직통 케이블 준비를 지시한다. 독자는 인물의 선택과 관계 변화에 가장 오래 머문다. 실제 지급은 다음에 한정된다: 쇼프트뱅크의 기존 해저케이블 지분 매매 합의와 엔비디아 지분 담보권을 얻는다. 새 직통 케이블 공동투자 계약은 아직 전이다.,"망사용료 여론전을 버틴 뒤 손정우에게 엔비디아 지분 담보 35억 달러 무이자 대출과 기존 일본-미국 해저케이블 지분 매매를 맞바꾼다. 귀국 즉시 한국-미국 직통선을 준비시키지만 구글·아마존·페이스북 공동투자는 계약 전이라, 손에 든 담보권과 앞으로 깔 선로가 분리된다.",T7/R7/H7,0.22/0.19/0.31/0.08/0.20,망사용료 분쟁을 여론전으로 버티고 손정우에게 엔비디아 지분 담보 35억 달러 무이자 대출과 기존 일본-미국 해저케이블 지분 매매를 제안해 협상 합의를 얻는다. 귀국 뒤 한국-미국 직통 케이블 준비를 지시한다; 지급=쇼프트뱅크의 기존 해저케이블 지분 매매 합의와 엔비디아 지분 담보권을 얻는다. 새 직통 케이블 공동투자 계약은 아직 전이다; 마지막=구글·아마존·페이스북과 한국-미국 직통 해저케이블 공동투자를 실제 계약·착공으로 만들 수 있는가?,현재 화 하드 경계와 다음 화 진입을 수동 대조; 다음 화 최초 고유명·수단·지급을 after_note에 남기지 않음
467,467,L81720~L81885,EDIT,PASS,PASS,PASS,L81886~L82070,"호남 인재 가산점과 1만 명 고용을 약속하고 중국 내연기관 공장 철수·러시아 재침공 가능성을 설명한 뒤, IIT 대학원생 여섯 명의 AI 사무프로그램에 장학금·특허 매입·태우 취업 조건을 지시한다. 독자는 사건의 조건과 확인 정보에 가장 오래 머문다. 실제 지급은 다음에 한정된다: 중러 공장 철수의 정치적 방패와 AI 사무프로그램·인재 보상 지시를 얻는다. 새만금 1만 명 채용과 특허권 확보는 실행 전이다.",호남 인재 가산점·1만 명 고용과 중국 내연기관 공장 철수의 정치 방패를 먼저 최재석과 맞춘다. IIT 대학원생 여섯 명의 AI 사무프로그램에 장학금·특허 매입·태우 취업을 지시하는 후반은 실제 채용과 특허 이전 전이라 인재 발견의 기대를 길게 남긴다.,T7/R6/H7,0.28/0.15/0.20/0.11/0.26,"호남 인재 가산점과 1만 명 고용을 약속하고 중국 내연기관 공장 철수·러시아 재침공 가능성을 설명한 뒤, IIT 대학원생 여섯 명의 AI 사무프로그램에 장학금·특허 매입·태우 취업 조건을 지시한다; 지급=중러 공장 철수의 정치적 방패와 AI 사무프로그램·인재 보상 지시를 얻는다. 새만금 1만 명 채용과 특허권 확보는 실행 전이다; 마지막=장학금·태우 취업 조건을 받은 여섯 대학원생과 AI 사무프로그램을 실제 특허·제품으로 묶을 수 있는가?",현재 화 하드 경계와 다음 화 진입을 수동 대조; 다음 화 최초 고유명·수단·지급을 after_note에 남기지 않음
469,469,L82071~L82248,EDIT,PASS,PASS,PASS,L82249~L82431,한 부회장이 단독협상처럼 보이게 뜸을 들이고 일본업체들의 유럽진출 욕망을 자극해 공장 전체를 묶어 제시한다. 독자는 인물의 선택과 관계 변화에 가장 오래 머문다. 실제 지급은 다음에 한정된다: 도요타가 러시아 공장 묶음 가격을 합리적이라고 평가하고 일본 기업연합을 꾸릴 시간을 요청한다. 매각 계약·대금은 아직 전이다.,"한 부회장은 단독협상처럼 보이도록 답을 늦추고 일본 업체들의 유럽 진출 욕망을 자극해 러시아 공장 묶음을 내민다. 도요타가 가격을 받아들이고 연합 구성 시간을 요청하는 데서 멈춰, 계약금보다 누가 먼저 동료를 모아 올지가 마지막에 남는다.",T8/R5/H8,0.22/0.17/0.32/0.09/0.20,한 부회장이 단독협상처럼 보이게 뜸을 들이고 일본업체들의 유럽진출 욕망을 자극해 공장 전체를 묶어 제시한다; 지급=도요타가 러시아 공장 묶음 가격을 합리적이라고 평가하고 일본 기업연합을 꾸릴 시간을 요청한다. 매각 계약·대금은 아직 전이다; 마지막=일본 기업연합이 철강 데이터 조작 리콜을 모른 채 최종 매각계약과 대금 지급까지 들어올 것인가?,현재 화 하드 경계와 다음 화 진입을 수동 대조; 다음 화 최초 고유명·수단·지급을 after_note에 남기지 않음
479,479,L83857~L84015,EDIT,PASS,PASS,PASS,L84016~L84191,핀테크은행을 미국측 인수자로 세워 로비하고 3배 오른 유가를 근거로 글로벌 석유사들에 800억~1천억 달러 차익 규모의 매각 미끼를 뿌린다. 독자는 돈·지분·직책의 지급에 가장 오래 머문다. 실제 지급은 다음에 한정된다: 데이비드의 15일 반독점 해결 약속과 글로벌 석유사들의 유전 지분 인수 의사를 얻는다. 도시바 자산 인수와 유전 매각대금은 아직 확정 전이다.,"핀테크은행을 미국 측 인수자로 세운 데이비드의 로비와 15일 반독점 해결 약속을 확인한다. 이어 3배 오른 유가와 800억~1천억 달러 차익을 미끼로 글로벌 석유사들의 유전 경쟁을 붙이고 연말 비트코인 숏까지 병행해, 여러 거래의 계약 직전 긴장이 빠르게 겹친다.",T7/R7/H8,0.24/0.21/0.17/0.08/0.30,핀테크은행을 미국측 인수자로 세워 로비하고 3배 오른 유가를 근거로 글로벌 석유사들에 800억~1천억 달러 차익 규모의 매각 미끼를 뿌린다; 지급=데이비드의 15일 반독점 해결 약속과 글로벌 석유사들의 유전 지분 인수 의사를 얻는다. 도시바 자산 인수와 유전 매각대금은 아직 확정 전이다; 마지막=연말 비트코인 숏을 집행하는 동안 유전 경쟁입찰과 도시바 최종가격·반독점 협상을 실제 계약으로 닫을 수 있는가?,현재 화 하드 경계와 다음 화 진입을 수동 대조; 다음 화 최초 고유명·수단·지급을 after_note에 남기지 않음
480,480,L84016~L84191,EDIT,PASS,PASS,PASS,L84192~L84351,금융타워가 코인 매수세를 더 유인하는 동안 웨스팅하우스의 매년 천문학적 적자를 근거로 사모펀드보다 약간 높은 가격만 제시한다. 독자는 인물의 선택과 관계 변화에 가장 오래 머문다. 실제 지급은 다음에 한정된다: 도시바가 러시아 공장 파기와 즉시 현금 조건 때문에 웨스팅하우스의 낮은 가격 합의를 받아들인다. 실제 소유권 이전과 도시바메모리 가격은 아직 남는다.,"금융타워가 코인 매수세를 더 끌어들이는 장면은 짧게 지나가고, 웨스팅하우스의 천문학적 적자를 근거로 도시바에 낮은 현금가를 밀어 넣는 협상이 중심을 잡는다. 러시아 공장 파기 탓에 가격 합의는 얻지만 소유권은 남고, 분식회계 전력이 도시바메모리의 다음 약점이 된다.",T8/R6/H7,0.27/0.12/0.29/0.08/0.24,금융타워가 코인 매수세를 더 유인하는 동안 웨스팅하우스의 매년 천문학적 적자를 근거로 사모펀드보다 약간 높은 가격만 제시한다; 지급=도시바가 러시아 공장 파기와 즉시 현금 조건 때문에 웨스팅하우스의 낮은 가격 합의를 받아들인다. 실제 소유권 이전과 도시바메모리 가격은 아직 남는다; 마지막=도시바의 분식회계 전과가 더 큰 도시바메모리 협상을 유리하게 만들 약점으로 남는다,현재 화 하드 경계와 다음 화 진입을 수동 대조; 다음 화 최초 고유명·수단·지급을 after_note에 남기지 않음
485,485,L84876~L85064,EDIT,PASS,PASS,PASS,L85065~L85225,"워런에게 비트코인 자체가 아니라 금융 인프라와 세계 자금흐름을 설명해 150억 달러의 금융타워 재투자를 받고, 비트코인 저점에 들어온 국민연금 운용자를 확인해 보복 대신 영입하라고 지시한다. 독자는 인물의 선택과 관계 변화에 가장 오래 머문다. 실제 지급은 다음에 한정된다: 버크셔의 150억 달러 재투자·공동책임과 국민연금의 뛰어난 운용자를 영입할 단서를 얻는다. 실제 영입은 아직 전이다.",워런에게 비트코인 가격 대신 금융 인프라와 세계 자금흐름을 설명해 버크셔의 150억 달러 재투자를 받아낸다. 저점을 정확히 잡은 국민연금 운용자를 보복하지 말고 영입하라는 마지막 지시가 큰 자금 보상을 한 사람 찾기로 부드럽게 낮춘다.,T4/R8/H7,0.22/0.08/0.42/0.17/0.11,"워런에게 비트코인 자체가 아니라 금융 인프라와 세계 자금흐름을 설명해 150억 달러의 금융타워 재투자를 받고, 비트코인 저점에 들어온 국민연금 운용자를 확인해 보복 대신 영입하라고 지시한다; 지급=버크셔의 150억 달러 재투자·공동책임과 국민연금의 뛰어난 운용자를 영입할 단서를 얻는다. 실제 영입은 아직 전이다; 마지막=비트코인 저점을 정확히 잡은 국민연금 운용자가 누구인지 확인해 태우로 영입할 수 있는가?",현재 화 하드 경계와 다음 화 진입을 수동 대조; 다음 화 최초 고유명·수단·지급을 after_note에 남기지 않음
492,492,L86108~L86288,EDIT,PASS,PASS,PASS,L86289~L86462,"젝슨 황에게 200억 달러 합작공장과 생산량 70퍼센트의 5년 선납 계약, GPU 설계 200억 달러 투자를 조건으로 유상증자 지분 25퍼센트를 제안한다. 리사와의 5촌 관계를 확인시켜 대주주 회의 지원 약속을 얻는다. 독자는 돈·지분·직책의 지급에 가장 오래 머문다. 실제 지급은 다음에 한정된다: 젝슨 황의 제안 수락과 다음 날 대주주 회의에서 최대 지분 인수를 돕겠다는 약속을 얻는다. 400억 달러 투자·선납과 지분 취득은 아직 계약 전이다.","젝슨 황에게 200억 달러 합작공장, 생산량 70퍼센트 5년 선납, GPU 설계 200억 달러를 한꺼번에 제시하고 유상증자 지분 25퍼센트를 요구한다. 리사와의 5촌 관계까지 확인한 젝슨이 다음 날 대주주 회의를 돕겠다고 약속하지만 실제 400억 달러 계약과 지분 취득은 남는다.",T7/R8/H8,0.21/0.12/0.28/0.08/0.31,"젝슨 황에게 200억 달러 합작공장과 생산량 70퍼센트의 5년 선납 계약, GPU 설계 200억 달러 투자를 조건으로 유상증자 지분 25퍼센트를 제안한다. 리사와의 5촌 관계를 확인시켜 대주주 회의 지원 약속을 얻는다; 지급=젝슨 황의 제안 수락과 다음 날 대주주 회의에서 최대 지분 인수를 돕겠다는 약속을 얻는다. 400억 달러 투자·선납과 지분 취득은 아직 계약 전이다; 마지막=젝슨 황의 지원 약속을 다음 날 대주주 회의에서 실제 지분 인수와 유상증자 계약으로 바꿀 수 있는가?",현재 화 하드 경계와 다음 화 진입을 수동 대조; 다음 화 최초 고유명·수단·지급을 after_note에 남기지 않음
496,496,L86828~L87002,EDIT,PASS,PASS,PASS,L87003~L87178,후계자 김정권에게 영상의 각도를 돌려 사기방식을 보여 주고 2주 안에 지분을 팔며 새만금 공장·인력을 배치하라는 조건을 건다. 독자는 인물의 선택과 관계 변화에 가장 오래 머문다. 실제 지급은 다음에 한정된다: 대화그룹의 니콜라 지분 매각 결정과 새만금 화학단지 확대 약속을 얻는다. 매각대금과 본사 자금의 실제 투입은 남는다.,"김정권에게 영상 각도를 돌려 니콜라 사기방식을 직접 보여 주고 2주 안 지분 매각, 새만금 공장·인력 배치를 조건으로 건다. 아버지 김성윤이 매각대금 전액과 본사 자금까지 새만금에 넣으라고 지시하는 끝에서 후계자의 납득이 그룹 투자 의무로 커진다.",T7/R8/H6,0.20/0.17/0.33/0.13/0.17,후계자 김정권에게 영상의 각도를 돌려 사기방식을 보여 주고 2주 안에 지분을 팔며 새만금 공장·인력을 배치하라는 조건을 건다; 지급=대화그룹의 니콜라 지분 매각 결정과 새만금 화학단지 확대 약속을 얻는다. 매각대금과 본사 자금의 실제 투입은 남는다; 마지막=김성윤은 김정권에게 니콜라 지분 매각대금 전액과 본사 자금까지 새만금에 넣으라고 지시한다,현재 화 하드 경계와 다음 화 진입을 수동 대조; 다음 화 최초 고유명·수단·지급을 after_note에 남기지 않음
513,513,L89697~L89854,EDIT_MANAGER_REDTEAM_STAGE,EDIT_MANAGER_REDTEAM_STAGE,PASS,PASS,L89855~L90022,"중국에서 해고된 기술자를 막고 인도·베트남에 레거시 팹과 HBM·GPU 투자를 배치한다. 독자는 사건의 조건과 확인 정보에 가장 오래 머문다. 실제 지급은 다음에 한정된다: 인도·베트남 레거시 팹과 HBM·GPU 투자안, 중국 해고기술자 차단 방침과 한국 GPU 공장 부지를 확정한다. 팹 건설·생산은 아직 전이다.","인도·베트남을 중국 구형반도체 시장 최소 50% 대체기지로 잡고 구형 노광장비를 중국보다 먼저 계약하라는 경쟁시계를 건다. 2년 내 제재와 차량용 부족, 악성재고 본사매입 책임까지 수치로 맞춘 뒤 HBM 5배·한국 GPU 부지로 확장한다.",5/6/7,0.35/0.21/0.12/0.06/0.26,"인도·베트남 팹을 중국 구형반도체 시장 최소 50% 대체 규모로 잡고 중국 업체보다 먼저 구형 노광장비 공급계약을 맺도록 지시한다. 2년 내 제재·차량용 공급부족을 설명하고 악성재고는 본사가 매입 책임지며 HBM 5배 증설·한국 GPU 부지를 배치한다. | 지급: 중국 시장 최소 50% 대체 규모, 인도·베트남 구형팹, 중국보다 앞선 구형 노광장비 공급계약 방침, 본사 악성재고 매입책임, HBM 5배 증설과 한국 GPU 부지를 확정한다. 팹 건설·장비 계약은 미지급이다.",현재 화 L89697~L89854 안의 표면만 사용
514,514,L89855~L90022,EDIT_MANAGER_REDTEAM_STAGE,EDIT_MANAGER_REDTEAM_STAGE,EDIT,PASS,L90023~L90196,해외 레거시 공장별 생산품을 배분하고 ASML 장비 선점을 위해 피터슨을 직접 만나기로 정한 뒤 베트남·인도 출장길에 오른다. 독자는 인물의 선택과 관계 변화에 가장 오래 머문다. 실제 지급은 다음에 한정된다: 레거시 공장별 생산품과 필요한 장비 방향을 정하고 피터슨과 직접 협상할 출장 일정을 잡는다. ASML 공급권·증설 합의는 아직 없다.,"베트남 팹과 곡물·농지, 인도 팹과 밀을 맞바꾸는 국가 거래표를 만들고 ASML이 중국 대신 태우에 구형장비를 줄지 직접 협상하기로 한다. 1,000억 달러 곡물 비판과 장비 독점이 압박이며, 공급계약과 정부 도장은 다음 순방에 남는다.",7/6/7,0.34/0.22/0.15/0.07/0.22,"공장별 생산품을 배분한 뒤 베트남 공장 대가로 곡물계약·대규모 농지사용권, 인도 공장 대가로 밀을 요구하기로 한다. 1,000억 달러 곡물 비판을 버티며 ASML이 중국 대신 태우와 구형장비 계약을 맺을지 우려하자 김민재가 직접 협상하고 귀로 베트남·인도 도장을 받겠다고 정한다. | 지급: 해외팹 생산품 배분, 베트남의 곡물·농지와 인도의 밀이라는 교환조건, ASML 직접협상 및 베트남·인도 방문·도장 계획을 확정한다. ASML 장비공급과 정부계약은 아직 미지급이다.",현재 화 L89855~L90022 안의 표면만 사용
517,517,L90379~L90540,EDIT,PASS,PASS,PASS,L90541~L90722,"일본 초계기 갈등을 계기로 일본 소재를 2~10배 비축하고 관련주 공매도를 준비한 뒤, 내부정보를 구하러 명동으로 향한다. 독자는 사건의 조건과 확인 정보에 가장 오래 머문다. 실제 지급은 다음에 한정된다: 일본산 소재의 비축 배수와 관련주 공매도 방향을 정하고 명동 정보망에 접근한다. 이영한의 실제 정보수집·작전 투입은 아직 전이다.",일본 초계기 갈등을 수출규제 신호로 읽어 일본 소재를 품목별 2~10배 비축하고 관련주 공매도를 준비한다. 명동으로 가 이영한에게 정계·야쿠자 약점을 캐려는 마지막 이동이 재고 확보 계획보다 은밀한 정보전의 기대를 키운다.,T8/R5/H8,0.31/0.27/0.10/0.14/0.18,"일본 초계기 갈등을 계기로 일본 소재를 2~10배 비축하고 관련주 공매도를 준비한 뒤, 내부정보를 구하러 명동으로 향한다; 지급=일본산 소재의 비축 배수와 관련주 공매도 방향을 정하고 명동 정보망에 접근한다. 이영한의 실제 정보수집·작전 투입은 아직 전이다; 마지막=이영한이 일본 정계·야쿠자에서 어떤 약점을 가져올지, 실제 수출규제가 언제 발동할지가 걸린다",현재 화 하드 경계와 다음 화 진입을 수동 대조; 다음 화 최초 고유명·수단·지급을 after_note에 남기지 않음
519,519,L90723~L90882,EDIT,PASS,PASS,PASS,L90883~L91041,듀폰 현지화를 타진하고 강 대위에게 자금세탁 추적장비·초소형 카메라를 건네 일본 대북밀수 증거수집 작전을 시작한다. 독자는 사건의 조건과 확인 정보에 가장 오래 머문다. 실제 지급은 다음에 한정된다: 듀폰 현지화 협상창과 대북밀수 증거를 모을 장비·인력·작전경로를 마련한다. 영상·자금증거 확보와 공개는 아직 전이다.,"듀폰의 한국 현지화를 타진하는 공개 협상과 강 대위에게 자금세탁 추적장비·초소형 카메라를 건네는 대북밀수 잠입 준비가 교차한다. 공장 조건도 영상 증거도 아직 없으므로, 두 작전은 장비와 접촉선을 갖춘 출발점에서 함께 멈춘다.",T8/R5/H8,0.27/0.27/0.20/0.11/0.15,듀폰 현지화를 타진하고 강 대위에게 자금세탁 추적장비·초소형 카메라를 건네 일본 대북밀수 증거수집 작전을 시작한다; 지급=듀폰 현지화 협상창과 대북밀수 증거를 모을 장비·인력·작전경로를 마련한다. 영상·자금증거 확보와 공개는 아직 전이다; 마지막=강 대위 팀이 실제 대북밀수 영상·자금흐름을 확보하고 듀폰과 한국 공장 조건을 합의할 수 있는가?,현재 화 하드 경계와 다음 화 진입을 수동 대조; 다음 화 최초 고유명·수단·지급을 after_note에 남기지 않음
520,520,L90883~L91041,EDIT,PASS,PASS,PASS,L91042~L91200,"듀폰과 6천만 달러 한국 포토레지스트 공장 건설에 합의하고 태우가 2천만 달러를 대 지분 30퍼센트를 받으며, 기존 태우 공장을 임시 생산거점으로 내준다. 독자는 인물의 선택과 관계 변화에 가장 오래 머문다. 실제 지급은 다음에 한정된다: 듀폰 한국 공장 건설계약, 태우 2천만 달러 투자·지분 30퍼센트, 기존 공장의 임시 생산사용과 연구팀 이전 약속을 얻는다.",듀폰과 6천만 달러 한국 포토레지스트 공장에 합의하고 태우가 2천만 달러를 대 지분 30퍼센트를 받는다. 기존 태우 공장을 임시 생산거점으로 내주고 연구팀 이전까지 묶는 구체 계약이 연속 지급되어 일본 규제 역공의 실물감이 높다.,T5/R8/H7,0.19/0.16/0.31/0.06/0.28,"듀폰과 6천만 달러 한국 포토레지스트 공장 건설에 합의하고 태우가 2천만 달러를 대 지분 30퍼센트를 받으며, 기존 태우 공장을 임시 생산거점으로 내준다; 지급=듀폰 한국 공장 건설계약, 태우 2천만 달러 투자·지분 30퍼센트, 기존 공장의 임시 생산사용과 연구팀 이전 약속을 얻는다; 마지막=일본 정책이 자국 소재기업을 배신할 때 듀폰 공장과 인수카드가 실제로 작동할지가 남는다",현재 화 하드 경계와 다음 화 진입을 수동 대조; 다음 화 최초 고유명·수단·지급을 after_note에 남기지 않음
521,521,L91042~L91200,EDIT,PASS,PASS,PASS,L91201~L91367,센트리언 진단·백신 연구와 대형 제약공장을 손실을 감수하고 확대한다. 독자는 돈·지분·직책의 지급에 가장 오래 머문다. 실제 지급은 다음에 한정된다: 센트리언 연구·제약공장 증설이 승인되고 연구진에게 선행투자와 지원이 배정된다.,"센트리언의 진단·백신 연구와 대형 제약공장을 당장 손실이 나더라도 확대하라고 승인한다. 연구진 지원과 증설비 배정은 끝났지만 공사 중인 시설이 팬데믹 대응력으로 완성된 것은 아니어서, 선행투자의 느린 축적 자체가 리듬을 만든다.",T5/R6/H7,0.27/0.22/0.12/0.10/0.29,"센트리언 진단·백신 연구와 대형 제약공장을 손실을 감수하고 확대한다; 지급=센트리언 연구·제약공장 증설이 승인되고 연구진에게 선행투자와 지원이 배정된다; 마지막=공사 중인 제약시설과 진단·백신 연구를 실제 팬데믹 대응력으로 완성하고, 농업·식량 선행투자까지 이어 갈 수 있는가?",현재 화 하드 경계와 다음 화 진입을 수동 대조; 다음 화 최초 고유명·수단·지급을 after_note에 남기지 않음
522,522,L91201~L91367,EDIT,PASS,PASS,PASS,L91368~L91543,"수감된 이 상무가 물 만한 가짜·도난 반도체 기술 USB와 간접 전달경로를 설계해 중국 보조금 사냥의 미끼를 준비한다. 독자는 현장 실행에 가장 오래 머문다. 실제 지급은 다음에 한정된다: 가짜·도난 기술 USB와 간접 전달경로, 이 상무를 보조금 사냥꾼으로 쓸 계획을 완성한다. 실제 전달·가짜 팹 설립은 아직 전이다.","수감된 이 상무의 욕심을 중국 반도체 보조금 고갈에 이용할 기술미끼와 간접 전달경로를 세밀하게 설계한다. 미끼의 구체 매체와 전달 장면, 가짜 팹 설립은 아직 나오지 않아 함정의 조립 과정을 길게 본 뒤 먹잇감의 첫 반응을 기다린다.",T7/R5/H7,0.22/0.30/0.17/0.18/0.13,수감된 이 상무의 욕심과 간접 전달경로를 이용해 중국 각지에 가짜 반도체 공장을 만들 보조금 사냥 미끼를 설계한다; 지급=이 상무를 보조금 사냥꾼으로 쓸 기술미끼·간접 전달경로 계획을 완성한다. 실제 전달·가짜 팹 설립은 전이다; 마지막=설계한 기술미끼가 이 상무에게 전달되고 그가 욕심을 부려 가짜 팹을 만들 것인가?,현재 화 하드 경계와 다음 화 진입을 수동 대조; 다음 화 최초 고유명·수단·지급을 after_note에 남기지 않음
530,530,L92587~L92760,EDIT,PASS,PASS,PASS,L92761~L92938,"일본 대북밀수 증거를 공개하고 이영한에게 소재기업의 부채를 사들여 한국 이전을 유도하라고 지시하며, 국산 불화수소 소량생산을 확인한다. 독자는 현장 실행에 가장 오래 머문다. 실제 지급은 다음에 한정된다: 대북밀수 영상·자금증거를 공개하고 채무압박 대상 기업을 정하며 국산 불화수소 소량생산을 확인한다.","일본 대북밀수의 영상·자금증거를 공개하는 강한 행동 뒤 이영한에게 소재기업 부채를 사 한국 이전을 압박하라고 지시한다. 국산 12나인 불화수소의 소량생산까지 확인하지만 대량공급과 실제 이전계약은 남아, 폭로의 즉시성 뒤에 제조 확대의 시간을 붙인다.",T9/R7/H8,0.21/0.35/0.14/0.18/0.12,"일본 대북밀수 증거를 공개하고 이영한에게 소재기업의 부채를 사들여 한국 이전을 유도하라고 지시하며, 국산 불화수소 소량생산을 확인한다; 지급=대북밀수 영상·자금증거를 공개하고 채무압박 대상 기업을 정하며 국산 불화수소 소량생산을 확인한다; 마지막=소량생산한 12나인 불화수소를 대량공급으로 키워 공개하고, 채무압박을 실제 한국 이전계약으로 바꿀 수 있는가?",현재 화 하드 경계와 다음 화 진입을 수동 대조; 다음 화 최초 고유명·수단·지급을 after_note에 남기지 않음
534,534,L93280~L93453,EDIT,PASS,PASS,PASS,L93454~L93619,아키토의 한국공장·지분 양도를 받고 사우디 자금을 섞어 일본 소재기업 네 곳을 같은 방식으로 포획할 계약안을 짠다. 독자는 돈·지분·직책의 지급에 가장 오래 머문다. 실제 지급은 다음에 한정된다: 아키토의 한국공장·지분 양도계약과 추가 네 업체 포획안을 얻는다. 네 업체의 실제 계약·소유권은 아직 없다.,"아키토에게 한국 공장과 지분을 넘기는 계약을 받고 사우디 자금을 섞어 일본 소재기업 네 곳을 같은 방식으로 포획할 판을 짠다. 첫 소유권 지급은 선명하되 나머지 네 업체는 계약 전이고, 끝은 숨겨 둔 기업들을 선박·금융 확전에 어떻게 쓸지로 향한다.",T5/R8/H7,0.16/0.18/0.20/0.08/0.38,아키토의 한국공장·지분 양도를 받고 사우디 자금을 섞어 일본 소재기업 네 곳을 같은 방식으로 포획할 계약안을 짠다; 지급=아키토의 한국공장·지분 양도계약과 추가 네 업체 포획안을 얻는다. 네 업체의 실제 계약·소유권은 아직 없다; 마지막=포획한 업체를 숨긴 채 일본의 선박·금융 확전에 어떻게 활용할지가 남는다,현재 화 하드 경계와 다음 화 진입을 수동 대조; 다음 화 최초 고유명·수단·지급을 after_note에 남기지 않음
536,536,L93620~L93775,EDIT,PASS,PASS,PASS,L93776~L93953,"일본 금융공격 가능성에 50~60조 원대 국내 유동성과 미국 통화스와프 방어선을 짜고 태우상사의 손실·매입기회를 점검한다. 독자는 현장 실행에 가장 오래 머문다. 실제 지급은 다음에 한정된다: 국내 유동성 공급과 미국 통화스와프 방어계획, 태우상사 매입계획을 마련한다. 실제 금융공격·집행·흑자전환은 아직 전이다.","일본 금융공격을 가정해 국내 50~60조 원 유동성과 미국 통화스와프 방어선을 숫자로 맞춘다. 태우상사의 손실과 매입 기회까지 점검하지만 공격도 집행도 시작되지 않아, 위기 전 자금배치의 건조한 긴장이 회차를 채운다.",T9/R5/H7,0.18/0.35/0.13/0.17/0.17,"일본 금융공격 가능성에 50~60조 원대 국내 유동성과 미국 통화스와프 방어선을 짜고 태우상사의 손실·매입기회를 점검한다; 지급=국내 유동성 공급과 미국 통화스와프 방어계획, 태우상사 매입계획을 마련한다. 실제 금융공격·집행·흑자전환은 아직 전이다; 마지막=일본 금융공격이 현실화되면 방어선을 집행하고 태우상사의 누적 적자를 수익으로 뒤집을 수 있는가?",현재 화 하드 경계와 다음 화 진입을 수동 대조; 다음 화 최초 고유명·수단·지급을 after_note에 남기지 않음
537,537,L93776~L93953,EDIT,PASS,PASS,PASS,L93954~L94124,로만에게 후쿠시마 오염수 문제를 러시아 고위층에 보고하고 국제 압박에 협력해 달라고 요청해 약속을 받는다. 독자는 사건의 조건과 확인 정보에 가장 오래 머문다. 실제 지급은 다음에 한정된다: 로만의 협력·보고 약속과 러시아발 문제 제기 통로를 얻는다. 실제 국제 의제화·조사·압박은 아직 전이다.,"로만에게 후쿠시마 오염수 자료를 러시아 고위층에 보고하고 국제 압박에 협력해 달라고 직접 부탁한다. 보고 약속은 받았으나 실제 의제화는 없고, 중국까지 연대에 붙일 수 있는지가 다음 외교 관계의 문턱이 된다.",T8/R5/H7,0.29/0.28/0.19/0.14/0.10,로만에게 후쿠시마 오염수 문제를 러시아 고위층에 보고하고 국제 압박에 협력해 달라고 요청해 약속을 받는다; 지급=로만의 협력·보고 약속과 러시아발 문제 제기 통로를 얻는다. 실제 국제 의제화·조사·압박은 아직 전이다; 마지막=중국까지 오염수 연대에 붙일 수 있는지와 일본이 받을 경제충격이 다음 문제다,현재 화 하드 경계와 다음 화 진입을 수동 대조; 다음 화 최초 고유명·수단·지급을 after_note에 남기지 않음
549,549,L95887~L96065,EDIT,PASS,PASS,PASS,L96066~L96235,"미국과 3억 개 진단키트 첫 공급계약을 맺고 추가 6억 개 수요를 논의하며, 마스크 구매 의향과 생산능력을 점검한다. 독자는 돈·지분·직책의 지급에 가장 오래 머문다. 실제 지급은 다음에 한정된다: 미국 3억 개 진단키트 첫 공급계약을 얻는다. 추가 6억 개와 마스크 주문·계약은 아직 전이다.","미국과 진단키트 3억 개의 첫 공급계약을 맺는 순간이 물량과 지위의 확실한 지급이다. 추가 6억 개와 마스크 수요는 생산능력을 확인하는 협의에 그쳐, 이미 찍힌 계약서와 아직 늘어날 주문을 분리해 읽게 한다.",T6/R8/H7,0.16/0.16/0.21/0.11/0.36,"미국과 3억 개 진단키트 첫 공급계약을 맺고 추가 6억 개 수요를 논의하며, 마스크 구매 의향과 생산능력을 점검한다; 지급=미국 3억 개 진단키트 첫 공급계약을 얻는다. 추가 6억 개와 마스크 주문·계약은 아직 전이다; 마지막=첫 3억 개 계약을 차질 없이 공급하고 추가 6억 개·마스크 구매계획을 실제 계약으로 닫을 수 있는가?",현재 화 하드 경계와 다음 화 진입을 수동 대조; 다음 화 최초 고유명·수단·지급을 after_note에 남기지 않음
553,553,L96581~L96746,EDIT,PASS,PASS,PASS,L96747~L96944,WHO 비상사태 선언에 다이아 프린스 승객 구조용 선박·음압텐트·검사를 준비한다. 독자는 현장 실행에 가장 오래 머문다. 실제 지급은 다음에 한정된다: 최재석의 자국민 구조 승인과 선박·음압텐트·검사팀 준비 착수를 얻는다. 출항·접안·승객 이송은 아직 전이다.,"WHO 비상사태 선언을 듣자 다이아 프린스 승객을 데려올 선박·음압텐트·검사팀을 즉시 준비한다. 최재석의 자국민 구조 승인은 얻었지만 출항·접안·이송은 전혀 나오지 않아, 회차는 구조 직전의 물류 행동과 감염 공포에 시간을 쓴다.",T9/R5/H8,0.23/0.42/0.13/0.17/0.05,WHO 비상사태 선언에 다이아 프린스 승객 구조용 선박·음압텐트·검사를 준비한다; 지급=최재석의 자국민 구조 승인과 선박·음압텐트·검사팀 준비 착수를 얻는다. 출항·접안·승객 이송은 아직 전이다; 마지막=준비한 선박·음압텐트·검사팀이 실제 출항해 다이아 프린스 승객을 감염 없이 데려올 수 있는가?,현재 화 하드 경계와 다음 화 진입을 수동 대조; 다음 화 최초 고유명·수단·지급을 after_note에 남기지 않음
557,557,L97328~L97505,EDIT,PASS,PASS,PASS,L97506~L97678,"태우 계열사의 원격근무가 정상 작동하는지 확인하고, 대규모 종교집회 위험을 조사하기 위해 천민정에게 SNS 잠입·해킹을 지시한다. 독자는 현장 실행에 가장 오래 머문다. 실제 지급은 다음에 한정된다: 태우 계열사의 원격업무 실전 성공을 확인하고 종교집회 동원망을 조사할 지시를 내린다. 잠입·집회 차단은 아직 전이다.","태우 계열사의 원격근무가 실제로 돌아가는지 확인해 선행투자의 작은 보상을 먼저 받는다. 대규모 종교집회 위험이 올라오자 천민정에게 SNS 잠입·해킹을 지시하며, 집회 규모와 감염고리는 아직 보이지 않는 상태로 긴장을 다시 세운다.",T7/R6/H8,0.18/0.43/0.10/0.24/0.05,"태우 계열사의 원격근무가 정상 작동하는지 확인하고, 대규모 종교집회 위험을 조사하기 위해 천민정에게 SNS 잠입·해킹을 지시한다; 지급=태우 계열사의 원격업무 실전 성공을 확인하고 종교집회 동원망을 조사할 지시를 내린다. 잠입·집회 차단은 아직 전이다; 마지막=천민정의 팀이 종교단체 SNS에 잠입해 실제 집회 규모와 동원망을 확인하고 감염고리를 막을 수 있는가?",현재 화 하드 경계와 다음 화 진입을 수동 대조; 다음 화 최초 고유명·수단·지급을 after_note에 남기지 않음
561,561,L98047~L98227,EDIT,PASS,PASS,PASS,L98228~L98402,"공매도 80퍼센트를 청산하고 제2 금융타워를 세우며 트럼프의 백신 회의론을 확인한다. 독자는 사건의 조건과 확인 정보에 가장 오래 머문다. 실제 지급은 다음에 한정된다: 공매도 80퍼센트 청산과 제2 금융타워 건립 결정을 확정하지만, 건물 완공과 트럼프의 백신협력은 아직 없다.","원유 공매도 물량 80퍼센트를 청산해 이익을 회수하고 제2 금융타워 건립을 결정하는 금융 결산이 먼저 온다. 트럼프의 백신 회의론을 확인한 뒤 바이든까지 직접 시험할지를 남겨, 현직 정권에서 받은 보상을 다음 정치 선택으로 넘긴다.",T8/R8/H7,0.29/0.22/0.19/0.17/0.13,"공매도 80퍼센트를 청산하고 제2 금융타워를 세우며 트럼프의 백신 회의론을 확인한다; 지급=공매도 80퍼센트 청산과 제2 금융타워 건립 결정을 확정하지만, 건물 완공과 트럼프의 백신협력은 아직 없다; 마지막=김민재가 현직에게서 원유자산 이익을 회수한 뒤 바이든을 직접 시험할지가 남는다",현재 화 하드 경계와 다음 화 진입을 수동 대조; 다음 화 최초 고유명·수단·지급을 after_note에 남기지 않음
563,563,L98403~L98564,EDIT,PASS,PASS,PASS,L98565~L98760,"다이먼과 나스닥 저점매수를 진행하고 2~5조 달러 부양책·운임폭등 전에 선박·컨테이너를 사들이라고 지시한다. 독자는 돈·지분·직책의 지급에 가장 오래 머문다. 실제 지급은 다음에 한정된다: 나스닥 매수와 선박·컨테이너 확보 지시, 부양책 대응 포트폴리오를 세운다. 해운자산의 실제 매입·인도는 진행 전이다.","다이먼과 나스닥 저점매수를 실제 진행하면서 2~5조 달러 부양책과 운임 폭등을 계산한다. 선박·컨테이너를 미리 사들이라는 지시는 아직 인도된 자산이 없어, 매수 화면과 물류 선점 명령 사이에서 빠르게 다음 미국 거래를 준비한다.",T5/R6/H7,0.27/0.25/0.09/0.06/0.33,"다이먼과 나스닥 저점매수를 진행하고 2~5조 달러 부양책·운임폭등 전에 선박·컨테이너를 사들이라고 지시한다; 지급=나스닥 매수와 선박·컨테이너 확보 지시, 부양책 대응 포트폴리오를 세운다. 해운자산의 실제 매입·인도는 진행 전이다; 마지막=대형 석유기업 자산과 바이든의 방역정책까지 같은 미국 일정에서 거래할지가 남는다",현재 화 하드 경계와 다음 화 진입을 수동 대조; 다음 화 최초 고유명·수단·지급을 after_note에 남기지 않음
566,566,L98947~L99104,EDIT,PASS,PASS,PASS,L99105~L99284,태우 사장단 회의에서 원전·레거시칩 증산과 태우상사의 선박 매입을 승인하고 계열사별 저점투자 방향을 정한다. 독자는 사건의 조건과 확인 정보에 가장 오래 머문다. 실제 지급은 다음에 한정된다: 사장단 회의에서 원전·레거시칩 증산과 전방위 선박매입 방침을 승인한다. 실제 증설·선박 소유는 집행 전이다.,"태우 사장단이 계열사별 저점투자를 검토하고 원전·레거시칩 증산, 태우상사의 전방위 선박매입을 승인한다. 생산라인이나 선박 소유권은 아직 늘지 않아 회차의 무게는 실적이 아니라 사장들의 판단과 자금 배치표에 놓인다.",T5/R6/H7,0.30/0.20/0.17/0.08/0.25,태우 사장단 회의에서 원전·레거시칩 증산과 태우상사의 선박 매입을 승인하고 계열사별 저점투자 방향을 정한다; 지급=사장단 회의에서 원전·레거시칩 증산과 전방위 선박매입 방침을 승인한다. 실제 증설·선박 소유는 집행 전이다; 마지막=승인한 원전·레거시칩·선박 투자를 실제 계약과 생산·운항능력으로 바꿀 수 있는가?,현재 화 하드 경계와 다음 화 진입을 수동 대조; 다음 화 최초 고유명·수단·지급을 after_note에 남기지 않음
568,568,L99285~L99462,EDIT,PASS,PASS,PASS,L99463~L99633,의료붕괴 일본의 비밀 지원요청을 받고 협상 장소를 호주로 정해 일본 측과 만나기로 한다. 독자는 인물의 선택과 관계 변화에 가장 오래 머문다. 실제 지급은 다음에 한정된다: 일본의 비밀 지원요청과 호주 회담 일정·장소를 확보한다. G7 지지·자산 인수 조건은 아직 제시·합의 전이다.,의료붕괴에 몰린 일본이 손정우를 통해 비밀 지원을 요청하자 김민재는 일본행을 거부하고 호주를 회담 장소로 지정한다. 접촉과 장소만 잡힌 상태라 방역물자의 구체 대가와 일본 측 수락은 다음 화에 남는다.,T8/R5/H7,0.22/0.12/0.36/0.20/0.10,의료붕괴 일본의 비밀 지원요청을 받고 협상 장소를 호주로 정해 일본 측과 만나기로 한다; 지급=일본의 비밀 지원요청과 호주 회담 장소를 확보한다. 구체 대가는 아직 제시·합의 전이다; 마지막=호주 회담에서 방역물자 지원의 대가로 무엇을 요구하고 일본이 받아들일 것인가?,현재 화는 손정우 접촉과 호주 회담 장소; G7 비반대·20조 엔 자산은 다음 화 협상안
569,569,L99463~L99633,EDIT,PASS,PASS,PASS,L99634~L99819,"멜버른에서 손정우·다이키요에게 방역물자와 20조 엔 자산 인수를 제안한다. 독자는 인물의 선택과 관계 변화에 가장 오래 머문다. 실제 지급은 다음에 한정된다: 방역물자 공급, 20조 엔대 자산 인수와 G7 비반대를 맞바꾸는 조건을 일본 측에 제시한다. 일본 내각의 최종 수락은 아직 전이다.","멜버른에서 손정우·다이키요와 마주 앉아 방역물자, G7 비반대, 20조 엔대 자산 인수를 교환조건으로 펼친다. 협상 문답이 회차 대부분을 차지하고 일본 내각의 최종 수락과 센트리언 백신 FDA 결론을 동시에 기다리며 끝난다.",T8/R5/H8,0.18/0.12/0.36/0.08/0.26,"멜버른에서 손정우·다이키요에게 방역물자와 20조 엔 자산 인수를 제안한다; 지급=방역물자 공급, 20조 엔대 자산 인수와 G7 비반대를 맞바꾸는 조건을 일본 측에 제시한다. 일본 내각의 최종 수락은 아직 전이다; 마지막=일본 내각이 귀국 뒤 최종승인할지와 센트리언 백신의 FDA 결론이 남는다",현재 화 하드 경계와 다음 화 진입을 수동 대조; 다음 화 최초 고유명·수단·지급을 after_note에 남기지 않음
570,570,L99634~L99819,EDIT,PASS,PASS,PASS,L99820~L99993,일본이 조건을 수락하고 센트리언 백신의 FDA 승인이 도착한다. 독자는 돈·지분·직책의 지급에 가장 오래 머문다. 실제 지급은 다음에 한정된다: 일본 내각의 방역물자·G7 비반대·20조 엔 자산거래 수락과 센트리언 백신 FDA 승인을 얻는다. 자산 인수 집행은 남는다.,"일본 내각이 방역물자·G7 비반대·20조 엔 자산거래를 받아들이고 곧이어 센트리언 백신의 FDA 승인까지 도착한다. 두 지급이 겹쳐 보상 밀도가 높지만 자산 인수 집행은 남고, 유일한 대량생산자가 가격·배송·국가별 대가를 정하는 새 부담이 바로 열린다.",T8/R9/H7,0.12/0.14/0.24/0.19/0.31,일본이 조건을 수락하고 센트리언 백신의 FDA 승인이 도착한다; 지급=일본 내각의 방역물자·G7 비반대·20조 엔 자산거래 수락과 센트리언 백신 FDA 승인을 얻는다. 자산 인수 집행은 남는다; 마지막=유일한 대량생산자가 백신 가격·배송·국가별 대가를 어떻게 설계할지가 열린다,현재 화 하드 경계와 다음 화 진입을 수동 대조; 다음 화 최초 고유명·수단·지급을 after_note에 남기지 않음
578,578,L101042~L101213,EDIT,PASS,PASS,PASS,L101214~L101381,유가 감산 뒤 금융선을 정리하고 베릴을 개인투자자 영웅으로 키워 부양금을 증시로 끌어들일 작전을 설계한다. 독자는 사건의 조건과 확인 정보에 가장 오래 머문다. 실제 지급은 다음에 한정된다: 베릴을 개인투자자 영웅으로 만드는 이미지 전략을 승인한다. 구체 종목·매수 캠페인과 대중 동원은 아직 전이다.,"감산 뒤 원유 금융선을 정리한 다음 베릴을 개인투자자의 영웅으로 만들 이미지 전략을 설계한다. 공매도 세력과 싸울 대상 종목은 아직 밝히지 않은 채 얼굴과 피해자 서사를 먼저 세우므로, 성과보다 한 사람을 시장전쟁의 상징으로 빚는 준비가 길다.",T6/R5/H7,0.28/0.18/0.22/0.12/0.20,유가 감산 뒤 금융선을 정리하고 베릴을 개인투자자 영웅으로 키워 부양금을 증시로 끌어들일 작전을 설계한다; 지급=베릴을 개인투자자 영웅으로 만드는 이미지 전략을 승인한다. 구체 종목·매수 캠페인과 대중 동원은 아직 전이다; 마지막=베릴이 실제 개인투자자를 모을 영웅으로 성장하고 어떤 시장전쟁의 얼굴이 될 것인가?,현재 화는 베릴의 피해자 서사와 공매도 세력전 준비까지; 게임스핀은 다음 화 최초 명시
579,579,L101214~L101381,EDIT,PASS,PASS,PASS,L101382~L101561,태우가 보유한 게임스핀 300만 주와 베릴의 이미지 성과를 확인하고 개인투자자 작전에 결합할 준비를 한다. 독자는 현장 실행에 가장 오래 머문다. 실제 지급은 다음에 한정된다: 태우의 게임스핀 300만 주 보유와 베릴 홍보망을 한 작전에 쓸 기반을 확인한다. 실제 대중 매수 캠페인과 주가상승은 아직 전이다.,"태우가 가진 게임스핀 300만 주와 베릴의 홍보 성과를 맞춰 개인투자자 작전에 쓸 수 있는지 점검한다. 지분과 인물은 준비됐지만 대중 캠페인과 주가 반응은 없어, 행동 직전의 조합 확인이 보상보다 긴 시간을 차지한다.",T7/R5/H7,0.21/0.29/0.18/0.13/0.19,태우가 보유한 게임스핀 300만 주와 베릴의 이미지 성과를 확인하고 개인투자자 작전에 결합할 준비를 한다; 지급=태우의 게임스핀 300만 주 보유와 베릴 홍보망을 한 작전에 쓸 기반을 확인한다. 실제 대중 매수 캠페인과 주가상승은 아직 전이다; 마지막=베릴의 홍보망과 게임스핀 지분을 실제 개인투자자 매수세로 연결할 수 있는가?,현재 화 하드 경계와 다음 화 진입을 수동 대조; 다음 화 최초 고유명·수단·지급을 after_note에 남기지 않음
584,584,L102093~L102272,EDIT,PASS,PASS,PASS,L102273~L102428,미국 칩수출 제한을 인텔 NAND 인수기회로 판단하고 바이든의 중국 팹 유예와 인텔 가격협상을 위해 미국 방문을 정한다. 독자는 사건의 조건과 확인 정보에 가장 오래 머문다. 실제 지급은 다음에 한정된다: 미국 방문과 중국 팹 규제유예·인텔 NAND 가격협상 방침을 정한다. 4년 유예·75억 달러 매입합의는 아직 전이다.,"백신 3억 명 접종 뒤 해운운임·남아공 변이 대응을 점검하다, 핸더슨 대사가 중국 공장 규제 위험을 안은 인텔 NAND 인수를 제안한다. 김민재는 차기 정권의 규제 제외와 가격을 직접 협상하려 미국행을 정할 뿐 유예기간·매입가는 아직 제시되지 않는다.",T7/R5/H7,0.36/0.17/0.13/0.08/0.26,미국 칩수출 제한을 인텔 NAND 인수기회로 판단하고 바이든의 중국 팹 유예와 인텔 가격협상을 위해 미국 방문을 정한다; 지급=미국 방문과 중국 팹 규제유예·인텔 NAND 가격협상 방침을 정한다. 유예기간·매입가격·계약은 아직 전이다; 마지막=미국 방문에서 중국 팹 규제유예와 인텔 NAND 가격을 실제 합의할 수 있는가?,현재 화는 인텔 NAND 제안과 미국행 결정; 4년 유예·75억 달러는 다음 화 소유
585,585,L102273~L102428,EDIT,PASS,PASS,PASS,L102429~L102578,바이든에게 중국 팹 4년 유예를 얻고 밥 스웬과 NAND 75억 달러 매입을 합의한다. 독자는 인물의 선택과 관계 변화에 가장 오래 머문다. 실제 지급은 다음에 한정된다: 중국 팹 4년 유예와 인텔 NAND 75억 달러 매입합의가 성립된다.,"바이든에게 중국 팹 규제 4년 유예를 받아낸 뒤 밥 스웬과 인텔 NAND 75억 달러 매입에 합의한다. 연속 협상의 관계·자산 보상은 크지만 소유권 이전과 통합은 남아, NAND를 어떤 성장자산으로 바꿀지가 마지막 실무 질문이다.",T7/R8/H7,0.22/0.13/0.31/0.07/0.27,바이든에게 중국 팹 4년 유예를 얻고 밥 스웬과 NAND 75억 달러 매입을 합의한다; 지급=중국 팹 4년 유예와 인텔 NAND 75억 달러 매입합의가 성립된다; 마지막=75억 달러 매입합의를 실제 소유권 이전·통합으로 닫고 NAND를 어떤 성장자산으로 재배치할 것인가?,현재 화 하드 경계와 다음 화 진입을 수동 대조; 다음 화 최초 고유명·수단·지급을 after_note에 남기지 않음
586,586,L102429~L102578,EDIT,PASS,PASS,PASS,L102579~L102728,머스크와 T 충전표준·전기차 동맹의 기본구조를 합의하고 EU·미국·한국 완성차를 설득할 계획을 세운다. 독자는 인물의 선택과 관계 변화에 가장 오래 머문다. 실제 지급은 다음에 한정된다: 머스크와 T 충전표준·전기차 동맹 설계에 합의한다. 다른 미국·EU·한국 기업의 가입은 아직 전이다.,"머스크와 T 충전표준 및 전기차 동맹의 기본구조를 맞추는 대화가 중심을 잡는다. 두 사람의 합의 뒤 EU·미국·한국 완성차 설득 명단을 펼치므로, 단일 관계의 지급이 다국적 가입이라는 느린 확장 과제로 이어진다.",T5/R7/H7,0.24/0.16/0.34/0.07/0.19,머스크와 T 충전표준·전기차 동맹의 기본구조를 합의하고 EU·미국·한국 완성차를 설득할 계획을 세운다; 지급=머스크와 T 충전표준·전기차 동맹 설계에 합의한다. 다른 미국·EU·한국 기업의 가입은 아직 전이다; 마지막=EU·미국·한국 완성차를 실제 설득해 T 규격 아래 다국적 전기차 동맹을 만들 수 있는가?,현재 화 하드 경계와 다음 화 진입을 수동 대조; 다음 화 최초 고유명·수단·지급을 after_note에 남기지 않음
587,587,L102579~L102728,EDIT,PASS,PASS,PASS,L102729~L102918,NAND를 AI 저장장치로 재정의하고 웨이·천민정에게 초대형 데이터센터를 맡긴다. 독자는 사건의 조건과 확인 정보에 가장 오래 머문다. 실제 지급은 다음에 한정된다: 60~70조 원 초대형 데이터센터와 NAND 활용계획을 승인한다. 센터 건설·가동과 세계 1위 성과는 아직 전이다.,"인텔에서 살 NAND를 단순 저장장치가 아니라 AI 데이터의 그릇으로 다시 정의하고 웨이·천민정에게 60~70조 원 데이터센터를 맡긴다. 거대한 숫자와 용도 설계는 선명하지만 착공·가동은 없어, 회차는 물질 지급보다 장기 자본 배치에 머문다.",T4/R6/H7,0.37/0.17/0.12/0.06/0.28,NAND를 AI 저장장치로 재정의하고 웨이·천민정에게 초대형 데이터센터를 맡긴다; 지급=60~70조 원 초대형 데이터센터와 NAND 활용계획을 승인한다. 센터 건설·가동과 세계 1위 성과는 아직 전이다; 마지막=60~70조 원 데이터센터를 실제 건설하고 NAND·AI·금융정보를 묶은 성과로 바꿀 수 있는가?,현재 화 하드 경계와 다음 화 진입을 수동 대조; 다음 화 최초 고유명·수단·지급을 after_note에 남기지 않음
588,588,L102729~L102918,EDIT,PASS,PASS,PASS,L102919~L103092,센트리언 실적·변이백신·비만약·병원AI를 점검하고 중국 유휴 반도체 장비의 소유주·반출경로를 찾아 인도·베트남 배치를 추진한다. 독자는 사건의 조건과 확인 정보에 가장 오래 머문다. 실제 지급은 다음에 한정된다: 센트리언 성장성과와 중국 장비의 반출대상·배치안을 확인한다. 장비 매입·반출·인도는 아직 전이다.,센트리언의 변이백신·비만약·병원 AI 실적을 차례로 확인한 뒤 중국 유휴 반도체 장비의 소유주와 반출경로를 찾는다. 인도·베트남 배치안까지 세우지만 매입·반출·인도는 아직이라 여러 산업의 현황표를 빠르게 넘기는 점검 리듬이다.,T5/R5/H7,0.35/0.20/0.12/0.07/0.26,센트리언 실적·변이백신·비만약·병원AI를 점검하고 중국 유휴 반도체 장비의 소유주·반출경로를 찾아 인도·베트남 배치를 추진한다; 지급=센트리언 성장성과와 중국 장비의 반출대상·배치안을 확인한다. 장비 매입·반출·인도는 아직 전이다; 마지막=중국 팹 소유주들이 장비 매각·반출에 응하고 인도·베트남 공장으로 실제 옮길 수 있는가?,현재 화 하드 경계와 다음 화 진입을 수동 대조; 다음 화 최초 고유명·수단·지급을 after_note에 남기지 않음
589,589,L102919~L103092,EDIT,PASS,PASS,PASS,L103093~L103264,CIA의 북한 백신 100만~2천만 회분 요청과 에이든의 침묵을 받아 의도를 의심하고 지원 여부를 보류한다. 독자는 인물의 선택과 관계 변화에 가장 오래 머문다. 실제 지급은 다음에 한정된다: 북한 백신 요청 규모와 CIA 통로의 존재를 확인한다. 지원 결정과 장남 관련 정보는 아직 없다.,"CIA가 북한 백신 100만~2천만 회분을 요청하고 에이든이 이유를 말하지 않자 김민재가 지원 결정을 보류한다. 물량 숫자보다 침묵과 의심이 오래 남고, 장남 관련 권력정보를 확인하기 전에는 백신도 개입도 지급하지 않는 긴장 회차다.",T8/R4/H8,0.30/0.13/0.31/0.19/0.07,"CIA의 북한 백신 100만~2천만 회분 요청과 에이든의 침묵을 받아 의도를 의심하고 지원 여부를 보류한다; 지급=북한 백신 요청 규모와 CIA 통로의 존재를 확인한다. 지원 결정과 장남 관련 정보는 아직 없다; 마지막=CIA 요청의 실제 의도를 확인한 뒤 백신을 보낼지, 북한 권력변수에 개입할지 결정할 수 있는가?",현재 화 하드 경계와 다음 화 진입을 수동 대조; 다음 화 최초 고유명·수단·지급을 after_note에 남기지 않음
597,597,L104261~L104422,EDIT,PASS,PASS,PASS,L104423~L104592,SNS·환자 가족 여론으로 제약협회를 역풍에 몰아넣자 스티븐 허블이 한국 협상방문을 결정한다. 독자는 현장 실행에 가장 오래 머문다. 실제 지급은 다음에 한정된다: 미국 여론이 센트리언 편으로 기울고 협회장의 한국 방문 결정이 나온다. 실제 방한·정회원 계약은 아직 전이다.,SNS·환자 가족 여론이 미국 제약협회를 역풍에 몰아넣고 협회장이 직접 한국을 찾아 센트리언에 정회원 자격을 제안하기로 한다. 상대는 아직 주도권이 자기들에게 있다고 믿으므로 실제 방한·협상·계약은 다음 화 몫이다.,T9/R5/H7,0.19/0.28/0.22/0.25/0.06,SNS·환자 가족 여론으로 제약협회를 역풍에 몰아넣자 협회장이 한국 방문과 센트리언 정회원 제안을 결정한다; 지급=미국 여론이 센트리언 편으로 기울고 협회장의 한국 방문 결정이 나온다. 실제 방한·정회원 계약은 아직 전이다; 마지막=협회장이 정회원 자격을 들고 실제 한국에 왔을 때 김민재가 어떤 역조건을 내놓을지가 열린다,현재 화는 협회장 방한·정회원 계획; 아시아 생산권은 다음 화 최초 명시
598,598,L104423~L104592,EDIT_MANAGER_REDTEAM_STAGE,EDIT_MANAGER_REDTEAM_STAGE,EDIT_MANAGER_REDTEAM_STAGE,PASS,L104593~L104768,"스티븐 허블과 해외 백신공장·필수의약품 아시아 생산권·무료약 지원의 큰 틀을 협상하고, 최종 계약은 미국 대선 때 마무리하기로 한다. 독자는 인물의 선택과 관계 변화에 가장 오래 머문다. 실제 지급은 다음에 한정된다: 미 제약협회 가입과 해외공장·필수약 생산권의 잠정 조건을 정한다. 정회원·생산권 최종계약은 미국 대선 때까지 미지급이다.",SMA 무료사업 잔여 9억 달러 중 30퍼센트인 2억7천만 달러 부담과 백신공장·아시아 생산권을 정회원 조건에 묶는다. 이틀 뒤 실무 예비계약까지 나와 스티븐과의 협상관계가 중심이지만 세부조건·최종서명은 남는다.,7/7/7,0.20/0.12/0.32/0.08/0.28,"스티븐과 미 제약협회 정회원 조건을 협상해 SMA 무료 희귀질환 사업의 잔여 9억 달러 중 30퍼센트인 2억7천만 달러를 협회가 부담하게 한다. 백신공장·아시아 생산권까지 묶어 이틀 뒤 실무진이 예비계약을 마치지만 세부조건과 최종서명은 남는다. | 지급: 미 제약협회 정회원 협상의 예비계약, SMA 무료사업 잔여 9억 달러 중 30퍼센트인 2억7천만 달러 부담, 백신공장·아시아 생산권의 협상틀을 얻는다. 세부조건·최종서명은 미지급이다.",현재 화 L104423~L104592 안의 표면만 사용
602,602,L105102~L105272,EDIT,PASS,PASS,PASS,L105273~L105447,"현재 장 회장에게 가이아나 전차수출 지원과 원전 동맹을 제안하고, 가이아나 계약이 성사되면 적극 돕겠다는 조건부 약속을 얻는다. 독자는 인물의 선택과 관계 변화에 가장 오래 머문다. 실제 지급은 다음에 한정된다: 로템 전차수출 지원과 원전 협력에 대한 현재 장 회장의 조건부 지지를 얻는다. 가이아나 계약·실제 원전 동맹 참여는 아직 전이다.","현재 장 회장에게 가이아나 전차수출 지원과 원전 동맹을 묶어 제안한다. 가이아나 계약이 성사되면 돕겠다는 조건부 답만 얻었으므로, 오래된 재벌 관계의 온도는 올라가도 로템 수출과 원전 참여는 전혀 결산되지 않는다.",T6/R5/H7,0.20/0.13/0.32/0.08/0.27,"현재 장 회장에게 가이아나 전차수출 지원과 원전 동맹을 제안하고, 가이아나 계약이 성사되면 적극 돕겠다는 조건부 약속을 얻는다; 지급=로템 전차수출 지원과 원전 협력에 대한 현재 장 회장의 조건부 지지를 얻는다. 가이아나 계약·실제 원전 동맹 참여는 아직 전이다; 마지막=가이아나 전차계약을 성사시켜 현재그룹의 조건부 지지를 실제 원전 동맹 참여로 바꿀 수 있는가?",현재 화 하드 경계와 다음 화 진입을 수동 대조; 다음 화 최초 고유명·수단·지급을 after_note에 남기지 않음
603,603,L105273~L105447,EDIT_MANAGER_REDTEAM_STAGE,EDIT_MANAGER_REDTEAM_STAGE,EDIT_MANAGER_REDTEAM_STAGE,PASS,L105448~L105609,메타버스 거품 전에 지분 40퍼센트를 글로벌 IT기업에 팔되 통제권을 남기는 매각전략을 세우고 협상을 지시한다. 독자는 돈·지분·직책의 지급에 가장 오래 머문다. 실제 지급은 다음에 한정된다: 메타버스 지분 40퍼센트 매각구조와 태우 통제권 유지조건을 정한다. 매매계약·대금 유입은 아직 전이다.,"유고빈의 치매 예방·인지개선 효과, 태우IT 주가 세 배 이상과 메타버스 하루 5백만 명 증가가 먼저 지급된다. 천민정의 VR 참여가 관계축을 더하지만 보험적용과 지분 40퍼센트 매매는 전이라, 확인된 기술·시장수치가 회차 후반 자산설계보다 무겁다.",5/7/7,0.24/0.12/0.12/0.06/0.46,"센트리언의 유고빈이 치매 예방과 인지기능 개선 효과를 보였음을 확인하고 보험적용 검토선을 연다. 태우IT 주가가 세 배 넘게 오르고 메타버스 이용자가 하루 5백만 명씩 늘자 천민정이 VR 개발에 참여하기로 하지만 지분 40퍼센트 매각은 구조만 정한다. | 지급: 유고빈의 치매 예방·인지기능 개선 효과, 태우IT 주가 세 배 이상과 메타버스 하루 5백만 명 증가, 천민정의 VR 개발 참여를 확인한다. 보험적용과 지분 40퍼센트 매매계약·대금은 미지급이다.",현재 화 L105273~L105447 안의 표면만 사용
605,605,L105610~L105770,EDIT_MANAGER_REDTEAM_STAGE,EDIT_MANAGER_REDTEAM_STAGE,EDIT_MANAGER_REDTEAM_STAGE,PASS,L105771~L105925,AI 방어로 북한 해킹을 막고 장남 관련 경로를 검토한 뒤 몽골 석탄 생산량을 늘려 비축하라고 지시하며 호주·가이아나 순방을 구상한다. 독자는 현장 실행에 가장 오래 머문다. 실제 지급은 다음에 한정된다: AI가 해킹을 차단하고 북한 권력변수 검토와 몽골 석탄 증산·비축 지시를 내린다. 실제 비축량·해외 장기계약은 아직 전이다.,"AI가 센트리언 해킹을 막고 6천 대 좀비PC·북한 암호·반체제 명단·비트코인 경로를 역추적한다. 몽골 석탄은 증산·비축 지시만 있고 실제 물량은 없으며, 끝의 QUAD 압박이 사이버전 승리 뒤 외교·에너지 긴장을 다시 높인다.",8/8/8,0.29/0.29/0.10/0.12/0.20,"AI 방어가 센트리언 해킹을 막고 6천 대 좀비PC·북한 암호·반체제 인사명단·비트코인 경로를 잡아낸다. 중국의 호주산 석탄 금지에서 전력난을 읽어 몽골 증산·비축을 지시하지만 실제 물량은 없고, 마지막에는 QUAD 참여압박의 부담을 확인한다. | 지급: 센트리언 해킹 차단, 6천 대 좀비PC와 북한 암호·반체제 인사명단·비트코인 경로 확인을 얻고 몽골 석탄 증산·비축 지시를 확정한다. 실제 증산·비축물량은 미지급이다.",현재 화 L105610~L105770 안의 표면만 사용
606,606,L105771~L105925,EDIT,PASS,PASS,PASS,L105926~L106110,최재석과 동해 고갈가스전을 LNG 저장고로 전환하고 호주·가이아나 순방을 정한다. 독자는 사건의 조건과 확인 정보에 가장 오래 머문다. 실제 지급은 다음에 한정된다: 동해 고갈가스전 LNG 저장고 전환과 호주·가이아나 순방안이 승인된다.,"최재석과 동해 고갈가스전을 LNG 저장고로 바꾸는 국내 인프라 결정을 내린다. 마지막 공항 장면에서 김민재는 호주, 한정훈은 가이아나로 갈라질 뿐 각국 상대와 구체 거래조건은 다음 화에 나온다.",T6/R6/H7,0.31/0.15/0.22/0.09/0.23,최재석과 동해 고갈가스전을 LNG 저장고로 전환하고 호주·가이아나 순방을 정한다; 지급=동해 고갈가스전 LNG 저장고 전환과 호주·가이아나 순방안이 승인된다; 마지막=호주와 가이아나로 갈라진 두 출장에서 어떤 에너지·투자 성과를 가져올 것인가?,현재 화 마지막은 호주·가이아나 출장분담; 모리슨·구체 석탄·유전·방산 조건은 다음 화 소유
607,607,L105926~L106110,EDIT,PASS,PASS,PASS,L106111~L106261,모리슨에게 중국이 막은 호주 석탄을 태우가 사들이는 장기계약을 제안한다. 독자는 인물의 선택과 관계 변화에 가장 오래 머문다. 실제 지급은 다음에 한정된다: 호주 석탄 장기구매 제안을 공식화하고 역조건에 맞설 숨은 카드를 준비한다. 가격·물량·장기계약은 아직 확정 전이다.,중국 수입중단으로 막힌 호주 석탄을 태우가 사들이겠다고 모리슨에게 공식 제안한다. 가격·물량·기간을 확정하지 않은 채 한 부회장이 숨은 카드를 꺼낼 차례에서 끊어 거래의 실물보다 협상 수읽기가 회차를 붙든다.,T7/R5/H7,0.18/0.14/0.31/0.08/0.29,모리슨에게 중국이 막은 호주 석탄을 태우가 사들이는 장기계약을 제안한다; 지급=호주 석탄 장기구매 제안을 공식화하고 역조건에 맞설 숨은 카드를 준비한다. 가격·물량·장기계약은 아직 확정 전이다; 마지막=한 부회장이 준비한 숨은 카드로 모리슨에게서 어떤 가격·물량·기간의 석탄 조건을 받아낼지가 남는다,현재 화는 모리슨에게 호주 석탄 장기구매 제안과 숨은 카드 암시; 가격·물량·기간 합의는 미지급
613,613,L106961~L107161,EDIT,PASS,PASS,PASS,L107162~L107325,국제 축구인맥·추가 구단·중계권 60억에서 300억 인상 공약을 대의원들에게 제시해 우호 반응을 끌어낸다. 독자는 현장 실행에 가장 오래 머문다. 실제 지급은 다음에 한정된다: 추가구단·중계료 인상·후원확대 공약과 대의원들의 호의적 반응을 얻는다. 실제 표와 당선은 아직 전이다.,"국제 축구인맥, 추가 구단, 중계권을 60억 원에서 300억 원으로 올리는 공약을 대의원들 앞에 연달아 펼친다. 호의적 반응은 확인하지만 실제 표와 당선은 아직 없어, 선거운동의 활기 뒤 이권을 지킬 수 있는지가 실제 시험으로 남는다.",T8/R6/H8,0.20/0.26/0.24/0.10/0.20,국제 축구인맥·추가 구단·중계권 60억에서 300억 인상 공약을 대의원들에게 제시해 우호 반응을 끌어낸다; 지급=추가구단·중계료 인상·후원확대 공약과 대의원들의 호의적 반응을 얻는다. 실제 표와 당선은 아직 전이다; 마지막=실제 투표에서 과반을 확보할지와 당선 뒤 이권관리를 지킬지가 남는다,현재 화는 공약과 대의원 호응까지; 정확한 표 수는 다음 화 최초 명시
619,619,L108010~L108186,EDIT,PASS,PASS,PASS,L108187~L108349,"수에즈 좌초 소식을 받자 태우 선박을 우회시키고 중장비·예인선을 투입해 자비로 운하 구조작업을 시작한다. 독자는 현장 실행에 가장 오래 머문다. 실제 지급은 다음에 한정된다: 태우 선박 우회와 중장비·예인선 투입, 자비 구조작전 개시를 실행한다. 나흘 재개통·우선통항·확장공사는 아직 전이다.","수에즈 좌초 소식이 오자 태우 선박을 우회시키고 중장비·예인선을 자비로 투입해 구조작업을 시작한다. 현장에서는 준설과 예인이 이어지고 보험사의 비용지원도 관리청으로 돌리지만 운하는 막힌 채라, 구조결과와 보상보다 투입 행동에 오래 머문다.",T8/R5/H8,0.16/0.36/0.20/0.11/0.17,"수에즈 좌초 소식을 받자 태우 선박을 우회시키고 중장비·예인선을 투입해 자비로 운하 구조작업을 시작한다; 지급=태우 선박 우회와 중장비·예인선 투입, 자비 구조작전을 시작한다. 운하는 아직 막혀 있고 구조결과·보상은 없다; 마지막=투입한 중장비·예인선이 수에즈 운하를 실제 열고 이집트의 신뢰·보상으로 이어질 수 있는가?",현재 화는 구조장비 투입·준설·예인 진행과 보험비용의 관리청 귀속까지; 재개통·우선통항·확장공사는 다음 화 소유
620,620,L108187~L108349,EDIT,PASS,PASS,PASS,L108350~L108523,"수에즈 운하를 나흘 만에 열어 우선 통항권·확장공사 약속을 받고, 로나 스테이블코인의 구조적 허점을 공개한다. 독자는 사건의 조건과 확인 정보에 가장 오래 머문다. 실제 지급은 다음에 한정된다: 수에즈 통항우선권·확장공사 약속이 확정되고 로나 취약성 공개·공매도가 시작된다.","수에즈를 나흘 만에 열어 우선 통항권과 확장공사 약속을 받은 장면에서 앞 회차의 투입이 크게 결산된다. 곧바로 로나 스테이블코인의 구조적 허점을 공개하고 공매도를 시작해, 물류 보상을 금융 붕괴의 새 긴장으로 급전환한다.",T8/R9/H8,0.29/0.27/0.12/0.18/0.14,"수에즈 운하를 나흘 만에 열어 우선 통항권·확장공사 약속을 받고, 로나 스테이블코인의 구조적 허점을 공개한다; 지급=수에즈 통항우선권·확장공사 약속이 확정되고 로나 취약성 공개·공매도가 시작된다; 마지막=수에즈 보상을 확보한 뒤 막 시작한 로나 구조 공개·공매도가 언제 어떤 규모로 결산되고, 세계 폭우가 실물 공급망을 얼마나 끊을 것인가?",현재 화 하드 경계와 다음 화 진입을 수동 대조; 다음 화 최초 고유명·수단·지급을 after_note에 남기지 않음
625,625,L109021~L109183,EDIT_MANAGER_REDTEAM_STAGE,EDIT_MANAGER_REDTEAM_STAGE,EDIT_MANAGER_REDTEAM_STAGE,PASS,L109184~L109346,제주 무인주행 성공을 확인하고 강 대위에게 국민경제당 당원 3천 명을 검증해 내부 배신자를 찾으라고 지시한다. 독자는 현장 실행에 가장 오래 머문다. 실제 지급은 다음에 한정된다: 제주 무인주행 성공과 당원 3천 명 검증자료·수사방식을 확보한다. 배신자 신원·증거는 아직 전이다.,제주 15일 무인주행은 사고 0건·음주 7명 적발·관광객 30퍼센트와 외국인 15퍼센트 증가로 결산된다. 이어 당원 3천여 명 스캔에서 봉우리파 이름을 추려 수사를 맡기므로 기술보상 뒤 내부추적 행동이 길게 이어지고 증거·자금망은 남는다.,8/8/7,0.24/0.30/0.20/0.14/0.12,"제주 무인주행 15일 실증에서 시스템 오류 사고 0건과 음주운전자 7명 적발, 관광객 30퍼센트·외국인 15퍼센트 증가를 확인한다. 당원 3천여 명을 훑어 봉우리파 관련자 이름을 추리고 강 대위에게 수사를 맡기지만 배신 증거는 아직 없다. | 지급: 제주 실증 사고 0건·음주운전자 7명 적발, 관광객 30퍼센트·외국인 15퍼센트 증가와 당원 3천여 명 스캔·봉우리파 관련자 명단·수사지시를 얻는다. 배신 증거와 자금망은 미지급이다.",현재 화 L109021~L109183 안의 표면만 사용
627,627,L109347~L109508,EDIT,PASS,PASS,PASS,L109509~L109656,리강의 석탄 요청에 장기계약·연변 통로·북한탄 감시를 조건으로 건다. 독자는 인물의 선택과 관계 변화에 가장 오래 머문다. 실제 지급은 다음에 한정된다: 중국 장기석탄 거래와 연변 물류·북한탄 감시조건이 협상에 들어간다.,"리강의 석탄 요청에 장기계약, 연변 통로, 북한탄 감시를 한 묶음의 역조건으로 건다. 중국 거래가 협상판에 오른 것만 지급되고, 마지막에는 연변 돈주와 유통망을 장남이 자기 세력으로 만들 수 있는지가 관계 훅을 차지한다.",T7/R5/H7,0.24/0.16/0.29/0.11/0.20,리강의 석탄 요청에 장기계약·연변 통로·북한탄 감시를 조건으로 건다; 지급=중국 장기석탄 거래와 연변 물류·북한탄 감시조건이 협상에 들어간다; 마지막=연변 돈주·유통망을 장남이 실제로 자기 세력으로 요리할지가 남는다,현재 화 하드 경계와 다음 화 진입을 수동 대조; 다음 화 최초 고유명·수단·지급을 after_note에 남기지 않음
638,638,L111208~L111361,EDIT,PASS,PASS,PASS,L111362~L111532,데이비드가 안드레아에게 1억 파운드 성적연동 옵션을 제시해 리즈 인수조건에 합의하고 EPL 심사를 기다린다. 독자는 인물의 선택과 관계 변화에 가장 오래 머문다. 실제 지급은 다음에 한정된다: 안드레아와 1억 파운드 성적연동 인수조건에 합의한다. EPL 승인과 구단 소유권 이전은 아직 전이다.,"데이비드가 안드레아에게 성적에 따라 최대 1억 파운드를 주는 리즈 인수 옵션을 제시해 조건 합의를 얻는다. 협상 관계와 가격표는 닫히지만 EPL 심사와 소유권 이전은 남아, 선수·감독 영입의 기대를 서두르지 않는다.",T6/R6/H7,0.14/0.16/0.34/0.13/0.23,데이비드가 안드레아에게 1억 파운드 성적연동 옵션을 제시해 리즈 인수조건에 합의하고 EPL 심사를 기다린다; 지급=안드레아와 1억 파운드 성적연동 인수조건에 합의한다. EPL 승인과 구단 소유권 이전은 아직 전이다; 마지막=EPL 심사를 통과해 인수합의를 실제 구단 소유권으로 바꾸고 선수·감독 영입을 시작할 수 있는가?,현재 화 하드 경계와 다음 화 진입을 수동 대조; 다음 화 최초 고유명·수단·지급을 after_note에 남기지 않음
644,644,L112241~L112414,EDIT,PASS,PASS,PASS,L112415~L112578,"천민정의 비밀 게임·플랫폼으로 친우크라이나 여론을 만들고, 직접지원 제약을 들은 뒤 최재석에게 쓸 수 있는 여러 우회방법이 있다고 알린다. 독자는 인물의 선택과 관계 변화에 가장 오래 머문다. 실제 지급은 다음에 한정된다: 친우크라 정보전을 시작하고 한국이 직접지원하지 않고도 도울 수 있는 대안이 있음을 최재석에게 제시한다. 구체 탄약안·승인은 아직 전이다.","천민정의 비밀 게임·플랫폼으로 친우크라이나 여론을 만들고, 최재석에게 직접지원 제약을 피해 갈 방법이 여러 개라고 알린다. 정보전은 이미 움직이지만 구체 탄약안과 정부 승인은 감춰 두어 정치 관계와 선택지가 행동 결과보다 앞선다.",T8/R5/H7,0.23/0.25/0.28/0.15/0.09,"천민정의 비밀 게임·플랫폼으로 친우크라이나 여론을 만들고, 직접지원 제약을 들은 뒤 최재석에게 쓸 수 있는 여러 우회방법이 있다고 알린다; 지급=친우크라 정보전을 시작하고 한국이 직접지원하지 않고도 도울 수 있는 대안이 있음을 최재석에게 제시한다. 구체 탄약안·승인은 아직 전이다; 마지막=김민재가 가진 여러 방법 가운데 어떤 구조로 우크라이나와 한국 방산 모두를 돕고 직접지원 제약을 피할 것인가?",현재 화 하드 경계와 다음 화 진입을 수동 대조; 다음 화 최초 고유명·수단·지급을 after_note에 남기지 않음
646,646,L112579~L112742,EDIT,PASS,PASS,PASS,L112743~L112917,니켈 공매도 마진콜에 몰린 창산 시안을 만나 구제조건을 묻고 현금 대신 인도네시아 니켈광산을 요구한다. 독자는 현장 실행에 가장 오래 머문다. 실제 지급은 다음에 한정된다: 시안에게 니켈광산 양도와 200억 달러 지급보증 교환안을 제시한다. 광산 양도·보증·LME 유예는 아직 합의 전이다.,니켈 공매도 마진콜에 몰린 창산의 시안을 만나 거래소·중개사·대출선을 움직이는 구제구상을 설명한다. 시안이 무엇이든 대가로 내겠다고 하자 인도네시아 니켈광산을 요구하는 데서 끊기므로 지분율·지급보증·소유권은 다음 화 몫이다.,T8/R5/H8,0.24/0.26/0.21/0.13/0.16,니켈 공매도 마진콜에 몰린 창산 시안을 만나 구제조건을 묻고 현금 대신 인도네시아 니켈광산을 요구한다; 지급=시안에게 금융타워가 거래소·중개사·대출선을 움직이는 구제 구상을 보여 주고 대가로 인도네시아 니켈광산을 요구한다. 광산 지분율·지급보증·합의는 아직 전이다; 마지막=시안이 그룹 구제의 대가로 인도네시아 니켈광산을 내놓을 것인가?,현재 화는 구제구상 설명과 니켈광산 요구; 200억 달러 지급보증·70퍼센트 조건은 다음 화 소유
647,647,L112743~L112917,EDIT,PASS,PASS,PASS,L112918~L113086,"시안의 니켈광산 양도와 200억 달러 지급보증에 합의하고, LME에 마진콜 무기한 유예를 요청한다. 독자는 돈·지분·직책의 지급에 가장 오래 머문다. 실제 지급은 다음에 한정된다: 인도네시아 니켈광산 양도·200억 달러 보증 합의를 얻는다. LME의 무기한 유예 수락과 실제 소유권 이전은 아직 남는다.","시안이 니켈광산 양도와 200억 달러 지급보증 교환을 받아들이며 전 회차의 제안이 합의로 올라선다. 곧바로 LME에 마진콜 무기한 유예를 요청해 실제 광산 이전과 시간압박의 완성은 남겨 두며, 지급과 새 규제 협상을 분리한다.",T9/R7/H8,0.18/0.26/0.19/0.09/0.28,"시안의 니켈광산 양도와 200억 달러 지급보증에 합의하고, LME에 마진콜 무기한 유예를 요청한다; 지급=인도네시아 니켈광산 양도·200억 달러 보증 합의를 얻는다. LME의 무기한 유예 수락과 실제 소유권 이전은 아직 남는다; 마지막=LME가 무기한 유예를 받아들이고 광산 소유권 이전까지 닫아 투기 롱을 시간압박에 넣을 수 있는가?",현재 화 하드 경계와 다음 화 진입을 수동 대조; 다음 화 최초 고유명·수단·지급을 after_note에 남기지 않음
649,649,L113087~L113249,EDIT,PASS,PASS,PASS,L113250~L113408,폴란드·루마니아 방산·원전 협상을 넓히던 중 SVB의 200억 달러 채권매각을 포착한다. 독자는 사건의 조건과 확인 정보에 가장 오래 머문다. 실제 지급은 다음에 한정된다: 폴란드·루마니아 수주선이 확대되고 SVB 위기신호가 금융타워 비상분석 대상으로 올라온다.,"폴란드·루마니아의 방산·원전 수주선을 넓히는 외교 보고 도중 SVB의 200억 달러 채권매각이 포착된다. 기존 사업의 낙관을 끊고 금융타워 비상분석으로 옮겨 가며, 뱅크런 여부와 대응조건이 마지막 프레임을 장악한다.",T7/R5/H8,0.34/0.15/0.18/0.15/0.18,폴란드·루마니아 방산·원전 협상을 넓히던 중 SVB의 200억 달러 채권매각을 포착한다; 지급=폴란드·루마니아 수주선이 확대되고 SVB 위기신호가 금융타워 비상분석 대상으로 올라온다; 마지막=SVB의 200억 달러 채권매각이 실제 뱅크런·유동성위기로 이어지는지 확인하고 어떤 조건으로 대응할 것인가?,현재 화 하드 경계와 다음 화 진입을 수동 대조; 다음 화 최초 고유명·수단·지급을 after_note에 남기지 않음
652,652,L113564~L113713,EDIT,PASS,PASS,PASS,L113714~L113857,"미 국채를 보유하고 유동성을 책임지는 조건으로 SVB를 받고 400억 달러 원전사업 약속을 얻는다. 독자는 돈·지분·직책의 지급에 가장 오래 머문다. 실제 지급은 다음에 한정된다: SVB 1달러 인수와 예금보호·미 국채 유지, 400억 달러 원전사업 약속을 계약으로 얻는다. 은행 통합·원전사업 집행은 남는다.",미 국채를 그대로 보유하고 유동성을 책임지는 조건으로 SVB를 1달러에 인수하고 예금보호까지 계약한다. 400억 달러 원전사업 약속도 함께 받아 자산·지위 보상이 집중되지만 은행 통합과 원전 수주는 이후 집행으로 분명히 남긴다.,T6/R9/H7,0.18/0.10/0.25/0.09/0.38,"미 국채를 보유하고 유동성을 책임지는 조건으로 SVB를 받고 400억 달러 원전사업 약속을 얻는다; 지급=SVB 1달러 인수와 예금보호·미 국채 유지, 400억 달러 원전사업 약속을 계약으로 얻는다. 은행 통합·원전사업 집행은 남는다; 마지막=SVB 인수계약을 실제 은행 통합으로 실행하고 400억 달러 원전사업 약속을 수주로 바꿀 수 있는가?",현재 화 하드 경계와 다음 화 진입을 수동 대조; 다음 화 최초 고유명·수단·지급을 after_note에 남기지 않음
653,653,L113714~L113857,EDIT,PASS,PASS,PASS,L113858~L114028,다이먼에게 SVB와 연쇄은행 통합을 맡기고 김민재가 곡물·에너지 세계전략에서 그의 충성·집행역할을 확인한다. 독자는 인물의 선택과 관계 변화에 가장 오래 머문다. 실제 지급은 다음에 한정된다: 다이먼이 은행통합 책임과 미국 금융망 확대역할을 받아들인다. 실제 통합과 곡물·에너지 지배성과는 아직 전이다.,"다이먼에게 SVB와 연쇄 부실은행 통합을 맡기며 미국 금융망 확대의 책임을 건넨다. 김민재가 곡물·에너지 세계전략에서 그의 충성과 집행력을 되짚는 대화가 길어, 실제 통합 성과 없이 두 사람의 신뢰와 다음 임무만 확인한다.",T4/R5/H6,0.18/0.08/0.36/0.10/0.28,다이먼에게 SVB와 연쇄은행 통합을 맡기고 김민재가 곡물·에너지 세계전략에서 그의 충성·집행역할을 확인한다; 지급=다이먼이 은행통합 책임과 미국 금융망 확대역할을 받아들인다. 실제 통합과 곡물·에너지 지배성과는 아직 전이다; 마지막=다이먼이 부실은행 통합을 실제 완수하고 김민재의 곡물·에너지 전략에 어떤 성과로 보답할 것인가?,현재 화 하드 경계와 다음 화 진입을 수동 대조; 다음 화 최초 고유명·수단·지급을 after_note에 남기지 않음
654,654,L113858~L114028,EDIT_MANAGER_REDTEAM_STAGE,EDIT_MANAGER_REDTEAM_STAGE,EDIT_MANAGER_REDTEAM_STAGE,PASS,L114029~L114192,기업농 성과 뒤 태우상사에 직거래·전자상거래 유통개혁을 맡긴다. 독자는 돈·지분·직책의 지급에 가장 오래 머문다. 실제 지급은 다음에 한정된다: 직거래·전자상거래 유통개혁안과 조력기업 배치를 확정한다. 전국 유통망 실행·시장통제 성과는 아직 전이다.,"금융타워가 SVB 모든 지분·경영권을 넘겨받고 뱅크런 없이 예치금·주가가 오르며 1면에 새 주인으로 실린다. 이 소유권 결산 뒤 기업농 성과와 직거래·전자상거래 유통개혁을 논의해, 앞쪽의 큰 물질 지급과 뒤쪽 국내 전환을 함께 보존한다.",5/9/6,0.24/0.16/0.12/0.08/0.40,"금융타워가 SVB 모든 지분·경영권을 넘겨받아 인수를 마쳤고 뱅크런 없이 예치금·주가가 상승했으며 1면에 새 주인으로 보도됐음을 확인한다. 뒤이어 기업농 성과를 점검하고 태우상사에 직거래·전자상거래 유통개혁을 맡긴다. | 지급: SVB 모든 지분·경영권 이전 완료, 뱅크런 없음, 예치금 소폭 상승·주가 상승, 금융타워가 새 주인이라는 1면 보도를 얻는다. 기업농 성과와 직거래·전자상거래 개혁안·조력기업 배치도 확정하되 전국 유통망 실행은 남는다.",현재 화 L113858~L114028 안의 표면만 사용
657,657,L114367~L114535,EDIT,PASS,PASS,PASS,L114536~L114701,일본 금융사들과 대규모 엔화차입 규모·금리·담보를 협상하고 미 국채·원유·에너지 자산배분 원칙을 제시한다. 독자는 돈·지분·직책의 지급에 가장 오래 머문다. 실제 지급은 다음에 한정된다: 일본 금융사들과 엔화차입·자산배분의 기본원칙을 협의한다. 70조 엔 최종계약과 자산매입은 아직 전이다.,"일본 금융사들과 대규모 엔화차입의 규모·금리·담보를 맞추고 미 국채·원유·에너지로 나눌 자산배분 원칙을 제시한다. 70조 엔 최종계약과 실제 매입은 다음 단계라, 거액 자체보다 조건표를 조율하는 시간이 길다.",T7/R5/H7,0.25/0.14/0.14/0.07/0.40,일본 금융사들과 대규모 엔화차입 규모·금리·담보를 협상하고 미 국채·원유·에너지 자산배분 원칙을 제시한다; 지급=일본 금융사들과 엔화차입·자산배분의 기본원칙을 협의한다. 70조 엔 최종계약과 자산매입은 아직 전이다; 마지막=차입 규모·금리·통화를 최종 합의해 실제 엔화자금을 확보하고 자산배분을 집행할 수 있는가?,현재 화 하드 경계와 다음 화 진입을 수동 대조; 다음 화 최초 고유명·수단·지급을 after_note에 남기지 않음
670,670,L116472~L116638,EDIT,PASS,PASS,PASS,L116639~L116798,로만이 튀르키예에서 지친 프리고진을 만나 서로의 처지를 확인하고 김민재의 조언을 구해 보자고 제안한다. 독자는 인물의 선택과 관계 변화에 가장 오래 머문다. 실제 지급은 다음에 한정된다: 로만이 프리고진과 직접 접촉해 김민재에게 조언을 구할 통로를 제안한다. 비밀연대·지원계약은 아직 전이다.,"로만이 튀르키예에서 지친 프리고진과 마주 앉아 서로의 처지를 확인하는 대화가 회차 대부분을 차지한다. 김민재에게 조언을 구해 보자는 제안까지만 나오고 비밀연대나 지원계약은 없어, 두 남자의 불안과 수락 여부가 강한 관계 훅을 만든다.",T6/R4/H8,0.22/0.15/0.35/0.22/0.06,로만이 튀르키예에서 지친 프리고진을 만나 서로의 처지를 확인하고 김민재의 조언을 구해 보자고 제안한다; 지급=로만이 프리고진과 직접 접촉해 김민재에게 조언을 구할 통로를 제안한다. 비밀연대·지원계약은 아직 전이다; 마지막=프리고진이 로만의 제안을 받아 김민재 통로에 들어오고 어떤 불만·생존조건을 내놓을 것인가?,현재 화 하드 경계와 다음 화 진입을 수동 대조; 다음 화 최초 고유명·수단·지급을 after_note에 남기지 않음
677,677,L117595~L117765,EDIT,PASS,PASS,PASS,L117766~L117948,천민정의 생성형 AI·영상 기술을 확인하고 오용재를 만나 삼진의 역사를 바꿀 스마트폰 협업 제안을 꺼내기 시작한다. 독자는 사건의 조건과 확인 정보에 가장 오래 머문다. 실제 지급은 다음에 한정된다: 생성형 AI 성과를 확인하고 오용재에게 거절하기 어려운 협업안을 예고한다. AI폰·칩 조건제시와 수락은 아직 전이다.,"천민정의 생성형 AI와 영상 기술을 확인하는 점검 뒤 오용재와의 면담으로 옮겨 간다. 삼진의 역사를 바꿀 거절하기 힘든 스마트폰 협업이라고 운만 띄운 채 AI폰·칩 조건은 말하지 않아, 정보 공개를 아낀 마지막 대화가 가장 큰 궁금증을 남긴다.",T5/R5/H8,0.31/0.12/0.28/0.08/0.21,천민정의 생성형 AI·영상 기술을 확인하고 오용재를 만나 삼진의 역사를 바꿀 스마트폰 협업 제안을 꺼내기 시작한다; 지급=생성형 AI 성과를 확인하고 오용재에게 거절하기 어려운 협업안을 예고한다. AI폰·칩 조건제시와 수락은 아직 전이다; 마지막=김민재가 말한 거절하기 힘든 스마트폰 제안은 무엇이며 오용재가 어떤 조건으로 받아들일 것인가?,현재 화 하드 경계와 다음 화 진입을 수동 대조; 다음 화 최초 고유명·수단·지급을 after_note에 남기지 않음
685,685,L118957~L119112,EDIT,PASS,PASS,PASS,L119113~L119275,"체코 원전 24조 원 우선협상과 현지 공장·데이터센터 계획을 확인하고, 센트리언 확장을 위해 국내 제약 M&A 대상을 찾게 한다. 독자는 돈·지분·직책의 지급에 가장 오래 머문다. 실제 지급은 다음에 한정된다: 체코 원전 24조 원 우선협상과 현지 공장·데이터센터 계획을 얻고 제약 M&A 탐색을 시작한다. 특정 인수대상·지분협상은 아직 전이다.","체코 원전 24조 원 우선협상과 현지 공장·데이터센터 계획을 확인해 유럽 사업의 실물 보상을 받는다. 곧 센트리언 확장을 위한 국내 제약 M&A 대상을 찾게 하며, 특정 회사나 지분조건은 비워 둔 채 다음 인수전으로 이동한다.",T6/R7/H7,0.19/0.12/0.20/0.05/0.44,"체코 원전 24조 원 우선협상과 현지 공장·데이터센터 계획을 확인하고, 센트리언 확장을 위해 국내 제약 M&A 대상을 찾게 한다; 지급=체코 원전 24조 원 우선협상과 현지 공장·데이터센터 계획을 얻고 제약 M&A 탐색을 시작한다. 특정 인수대상·지분협상은 아직 전이다; 마지막=국내 제약사 가운데 센트리언과 연구·생산을 결합할 인수대상을 찾아 실제 협상에 들어갈 수 있는가?",현재 화 하드 경계와 다음 화 진입을 수동 대조; 다음 화 최초 고유명·수단·지급을 after_note에 남기지 않음
691,691,L119911~L120062,EDIT,PASS,PASS,PASS,L120063~L120208,"고체배터리 가격장벽을 넘기 위해 전기차 화재·한파를 뉴스 의제로 설계하고 최재석에게 정책지원과 국민경제당 후계구도를 논의한다. 독자는 사건의 조건과 확인 정보에 가장 오래 머문다. 실제 지급은 다음에 한정된다: 화재·한파 안전성 의제와 고체배터리 정책지원, 최재석의 정치적 협력선을 확보한다.",고체배터리의 가격장벽을 넘기 위해 전기차 화재와 한파를 안전성 뉴스 의제로 설계한다. 최재석에게 정책지원과 국민경제당 후계구도까지 논의하는 후반은 산업 캠페인에 정치 관계의 감정을 얹되 실제 지원정책은 남겨 둔다.,T7/R7/H7,0.28/0.21/0.12/0.25/0.14,"고체배터리 가격장벽을 넘기 위해 전기차 화재·한파를 뉴스 의제로 설계하고 최재석에게 정책지원과 국민경제당 후계구도를 논의한다; 지급=화재·한파 안전성 의제와 고체배터리 정책지원, 최재석의 정치적 협력선을 확보한다; 마지막=안전성 의제와 정부 협력을 실제 고체배터리 지원정책·시장확대로 바꿀 수 있는가?",현재 화 하드 경계와 다음 화 진입을 수동 대조; 다음 화 최초 고유명·수단·지급을 after_note에 남기지 않음
719,719,L124295~L124452,EDIT,PASS,PASS,PASS,L124453~L124612,바그너·우크라이나가 러시아를 압박하자 동유럽 무기 납기와 미 7함대 부산 배치를 최재석에게 제안한다. 독자는 현장 실행에 가장 오래 머문다. 실제 지급은 다음에 한정된다: 동유럽 무기납기 가속과 미 7함대 부산배치안을 청와대 의제로 올린다. 미국 승인·실제 배치는 아직 전이다.,"바그너와 우크라이나가 러시아를 압박하는 상황을 읽고 최재석에게 동유럽 무기 납기 가속과 미 7함대 부산 배치를 제안한다. 두 안이 청와대 의제로 오른 것까지만 확인되며, 백악관 승인과 실제 배치가 없는 상태라 국가급 행동의 문턱에서 끊는다.",T8/R5/H8,0.25/0.26/0.25/0.13/0.11,바그너·우크라이나가 러시아를 압박하자 동유럽 무기 납기와 미 7함대 부산 배치를 최재석에게 제안한다; 지급=동유럽 무기납기 가속과 미 7함대 부산배치안을 청와대 의제로 올린다. 미국 승인·실제 배치는 아직 전이다; 마지막=백악관이 동유럽 무기납기와 미 7함대 부산배치안을 승인하고 실행할 것인가?,현재 화 하드 경계와 다음 화 진입을 수동 대조; 다음 화 최초 고유명·수단·지급을 after_note에 남기지 않음
722,722,L124803~L124955,EDIT,PASS,PASS,PASS,L124956~L125111,일본의 태우IT 지분 49퍼센트 강제안에 일본 철수를 선언하도록 한다. 독자는 현장 실행에 가장 오래 머문다. 실제 지급은 다음에 한정된다: 태우IT의 일본철수 선언과 서비스축소 준비가 실행된다.,"일본이 태우IT 지분 49퍼센트를 강제하자 협상 숫자를 더 맞추지 않고 일본 철수를 선언하게 한다. 서비스 축소 준비가 즉시 움직여 행동과 감정의 압력이 높지만, 업계·소비자·정권이 치를 비용은 아직 반응 전이라 훅을 과장하지 않는다.",T9/R6/H7,0.14/0.34/0.20/0.21/0.11,일본의 태우IT 지분 49퍼센트 강제안에 일본 철수를 선언하도록 한다; 지급=태우IT의 일본철수 선언과 서비스축소 준비가 실행된다; 마지막=태우IT 철수선언이 일본 업계·소비자·정권에 어떤 실제 비용과 반응을 일으킬 것인가?,현재 화 하드 경계와 다음 화 진입을 수동 대조; 다음 화 최초 고유명·수단·지급을 after_note에 남기지 않음
739,739,L127540~L127739,EDIT_MANAGER_REDTEAM_STAGE,PASS,EDIT_MANAGER_REDTEAM_STAGE,PASS,L127740~L127898,AI 드론·PMC가 하마스 패러글라이더 침투를 막아 대규모 민간인 학살을 저지하고 현장 구조를 수행한다. 독자는 현장 실행에 가장 오래 머문다. 실제 지급은 다음에 한정된다: AI 드론·PMC가 하마스 기습의 대규모 민간인 학살을 저지한다. 일본 총선승리는 이 화의 새 지급이 아니라 진입 배경이다.,"일본 총선 자민당 200석·입헌민주당 162석과 태우건설의 우크라이나 재건진입이 먼저 결산된다. 곧 하마스 기습을 AI 드론·PMC가 막아 이스라엘 남서부 민간인 사망 0명을 만들며, 정치·산업 지급이 전투행동과 관계보호의 큰 봉우리로 급전환한다.",9/9/8,0.16/0.34/0.20/0.22/0.08,"일본 총선에서 자민당 200석·입헌민주당 162석을 확인하고 태우건설은 우크라이나 재건에 들어간다. 이어 하마스 기습을 AI 드론과 PMC가 막아 이스라엘 남서부 민간인 사망 0명을 만들고 이스라엘은 전쟁을 선언한다. | 지급: 일본 총선 자민당 200석·입헌민주당 162석, 태우건설의 우크라이나 재건진입, AI 드론·PMC의 하마스 기습차단과 이스라엘 남서부 민간인 사망 0명을 얻는다. 미국의 비용정산·국제보상은 미지급이다.",현재 화 L127540~L127739 안의 표면만 사용
