arc_id,arc_name,start_sequence,end_sequence,start_label,end_label,episode_count,main_characters,main_locations,concrete_premise,central_question,promise,pressure_escalation,mid_turn,concrete_payoff,relationship_change,status_or_ability_change,residual_cost,next_arc_bridge,boundary_signals,confidence
A01,"김광섭의 죽음, 박석원의 복권과 검은 수요일",1,12,1,12,12,박석원·박태홍·최호근 및 해당 거래 상대,대한민국·미국·일본·중국·러시아 및 거래 현장,"아, 안돼!에서 검은 수요일(Black Wednesday)까지 이어지는 김광섭의 죽음, 박석원의 복권과 검은 수요일","박석원이 김광섭의 죽음, 박석원의 복권과 검은 수요일을 자산과 산업 지배력으로 바꿀 수 있는가",시대 사건을 먼저 읽고 돈·기업·가족·국가적 영향력으로 환전,정보 우위가 자금 노출과 경쟁자·정부의 반격으로 커짐,ⓚ6 수용하기 어렵다면 이번 계약은 없던 걸로 하죠.,ⓚ12 검은 수요일(Black Wednesday),시험하던 가족·인물·기관이 동맹·고객·경쟁자로 재배치,개인 수익화가 그룹·산업·국가급 결정권으로 확장,커진 이름만큼 가족·기업·국가를 지킬 책임 증가,아니 석원이 이 녀석은 그럼 얼마나 번 거야.,핵심 시대 사건 결산; 주 상대·시장 교체; 비가역 자산·지위 변화,medium
A02,대흥가의 귀환과 NCR 인수 카드,13,26,13,26,14,박석원·박태홍·최호근 및 해당 거래 상대,대한민국·미국·일본·중국·러시아 및 거래 현장,아니 석원이 이 녀석은 그럼 얼마나 번 거야.에서 홀가분하게 연말을 보낼 수 있겠네.까지 이어지는 대흥가의 귀환과 NCR 인수 카드,박석원이 대흥가의 귀환과 NCR 인수 카드을 자산과 산업 지배력으로 바꿀 수 있는가,시대 사건을 먼저 읽고 돈·기업·가족·국가적 영향력으로 환전,정보 우위가 자금 노출과 경쟁자·정부의 반격으로 커짐,ⓚ19 아마 그리 오래 걸리진 않을 거예요.,ⓚ26 홀가분하게 연말을 보낼 수 있겠네.,시험하던 가족·인물·기관이 동맹·고객·경쟁자로 재배치,개인 수익화가 그룹·산업·국가급 결정권으로 확장,커진 이름만큼 가족·기업·국가를 지킬 책임 증가,정말 집에 돌아왔구나.,핵심 시대 사건 결산; 주 상대·시장 교체; 비가역 자산·지위 변화,medium
A03,보스턴 졸업과 엘도라도 출범,27,40,27,40,14,박석원·박태홍·최호근 및 해당 거래 상대,대한민국·미국·일본·중국·러시아 및 거래 현장,정말 집에 돌아왔구나.에서 더 높은 수익률을 올릴 수 있는데 굳이 다른 곳에 돈을 묶어 놓을 이유가 없죠.까지 이어지는 보스턴 졸업과 엘도라도 출범,박석원이 보스턴 졸업과 엘도라도 출범을 자산과 산업 지배력으로 바꿀 수 있는가,시대 사건을 먼저 읽고 돈·기업·가족·국가적 영향력으로 환전,정보 우위가 자금 노출과 경쟁자·정부의 반격으로 커짐,ⓚ33 파티를 연다는데 안 갈 이유가 없지 않겠어요.,ⓚ40 더 높은 수익률을 올릴 수 있는데 굳이 다른 곳에 돈을 묶어 놓을 이유가 없죠.,시험하던 가족·인물·기관이 동맹·고객·경쟁자로 재배치,개인 수익화가 그룹·산업·국가급 결정권으로 확장,커진 이름만큼 가족·기업·국가를 지킬 책임 증가,두 사람도 주식을 좀 사 두는 게 어때요.,핵심 시대 사건 결산; 주 상대·시장 교체; 비가역 자산·지위 변화,medium
A04,금융실명제 폭락을 선점한 신입 팀장,41,58,41,58,18,박석원·박태홍·최호근 및 해당 거래 상대,대한민국·미국·일본·중국·러시아 및 거래 현장,두 사람도 주식을 좀 사 두는 게 어때요.에서 아주 멋진 피날레가 되겠군요.까지 이어지는 금융실명제 폭락을 선점한 신입 팀장,박석원이 금융실명제 폭락을 선점한 신입 팀장을 자산과 산업 지배력으로 바꿀 수 있는가,시대 사건을 먼저 읽고 돈·기업·가족·국가적 영향력으로 환전,정보 우위가 자금 노출과 경쟁자·정부의 반격으로 커짐,ⓚ49 그런 게 어딨어! 빨리 팔아달라고!,ⓚ58 아주 멋진 피날레가 되겠군요.,시험하던 가족·인물·기관이 동맹·고객·경쟁자로 재배치,개인 수익화가 그룹·산업·국가급 결정권으로 확장,커진 이름만큼 가족·기업·국가를 지킬 책임 증가,무슨 의도로 저희 주식을 계속 매집하는 겁니까.,핵심 시대 사건 결산; 주 상대·시장 교체; 비가역 자산·지위 변화,medium
A05,적대 지분전과 채권 대학살,59,80,59,80,22,박석원·박태홍·최호근 및 해당 거래 상대,대한민국·미국·일본·중국·러시아 및 거래 현장,무슨 의도로 저희 주식을 계속 매집하는 겁니까.에서 SHIP of MIRACLES까지 이어지는 적대 지분전과 채권 대학살,박석원이 적대 지분전과 채권 대학살을 자산과 산업 지배력으로 바꿀 수 있는가,시대 사건을 먼저 읽고 돈·기업·가족·국가적 영향력으로 환전,정보 우위가 자금 노출과 경쟁자·정부의 반격으로 커짐,ⓚ69 이제 폭풍우가 시작되려나 보네요.,ⓚ80 SHIP of MIRACLES,시험하던 가족·인물·기관이 동맹·고객·경쟁자로 재배치,개인 수익화가 그룹·산업·국가급 결정권으로 확장,커진 이름만큼 가족·기업·국가를 지킬 책임 증가,덕분에 한시름 놓게 됐구나.,핵심 시대 사건 결산; 주 상대·시장 교체; 비가역 자산·지위 변화,medium
A06,모자이크 투자와 성수대교 경고,81,98,81,98,18,박석원·박태홍·최호근 및 해당 거래 상대,대한민국·미국·일본·중국·러시아 및 거래 현장,덕분에 한시름 놓게 됐구나.에서 88888.까지 이어지는 모자이크 투자와 성수대교 경고,박석원이 모자이크 투자와 성수대교 경고을 자산과 산업 지배력으로 바꿀 수 있는가,시대 사건을 먼저 읽고 돈·기업·가족·국가적 영향력으로 환전,정보 우위가 자금 노출과 경쟁자·정부의 반격으로 커짐,ⓚ89 마음에 들면 그냥 질러 버리는 거죠.,ⓚ98 88888.,시험하던 가족·인물·기관이 동맹·고객·경쟁자로 재배치,개인 수익화가 그룹·산업·국가급 결정권으로 확장,커진 이름만큼 가족·기업·국가를 지킬 책임 증가,이제 고점에 거의 다 왔다는 신호군.,핵심 시대 사건 결산; 주 상대·시장 교체; 비가역 자산·지위 변화,medium
A07,멕시코·고베·엔화 공격,99,113,99,113,15,박석원·박태홍·최호근 및 해당 거래 상대,대한민국·미국·일본·중국·러시아 및 거래 현장,이제 고점에 거의 다 왔다는 신호군.에서 억만장자로 만들어 줄 테니까 기대해도 좋아.까지 이어지는 멕시코·고베·엔화 공격,박석원이 멕시코·고베·엔화 공격을 자산과 산업 지배력으로 바꿀 수 있는가,시대 사건을 먼저 읽고 돈·기업·가족·국가적 영향력으로 환전,정보 우위가 자금 노출과 경쟁자·정부의 반격으로 커짐,ⓚ106 기대가 컸던 만큼 실망감에 더 크게 주저앉게 될 거예요.,ⓚ113 억만장자로 만들어 줄 테니까 기대해도 좋아.,시험하던 가족·인물·기관이 동맹·고객·경쟁자로 재배치,개인 수익화가 그룹·산업·국가급 결정권으로 확장,커진 이름만큼 가족·기업·국가를 지킬 책임 증가,주당 24달러 정도면 적당할 것 같군요.,핵심 시대 사건 결산; 주 상대·시장 교체; 비가역 자산·지위 변화,medium
A08,미국 기업과 베어링스 사냥,114,134,114,134,21,박석원·박태홍·최호근 및 해당 거래 상대,대한민국·미국·일본·중국·러시아 및 거래 현장,주당 24달러 정도면 적당할 것 같군요.에서 에라이 독한 놈.까지 이어지는 미국 기업과 베어링스 사냥,박석원이 미국 기업과 베어링스 사냥을 자산과 산업 지배력으로 바꿀 수 있는가,시대 사건을 먼저 읽고 돈·기업·가족·국가적 영향력으로 환전,정보 우위가 자금 노출과 경쟁자·정부의 반격으로 커짐,ⓚ124 아무거나 덥석 입안에 넣으면 탈이 나는 법이지,ⓚ134 에라이 독한 놈.,시험하던 가족·인물·기관이 동맹·고객·경쟁자로 재배치,개인 수익화가 그룹·산업·국가급 결정권으로 확장,커진 이름만큼 가족·기업·국가를 지킬 책임 증가,도쿄 대공습 (1),핵심 시대 사건 결산; 주 상대·시장 교체; 비가역 자산·지위 변화,medium
A09,도쿄 대공습,135,150,135,150,16,박석원·박태홍·최호근 및 해당 거래 상대,대한민국·미국·일본·중국·러시아 및 거래 현장,도쿄 대공습 (1)에서 이번 게임의 진정한 승자는 그쪽일 겁니다.까지 이어지는 도쿄 대공습,박석원이 도쿄 대공습을 자산과 산업 지배력으로 바꿀 수 있는가,시대 사건을 먼저 읽고 돈·기업·가족·국가적 영향력으로 환전,정보 우위가 자금 노출과 경쟁자·정부의 반격으로 커짐,ⓚ142 원하는 대로 칼춤을 제대로 춰드리도록 하죠.,ⓚ150 이번 게임의 진정한 승자는 그쪽일 겁니다.,시험하던 가족·인물·기관이 동맹·고객·경쟁자로 재배치,개인 수익화가 그룹·산업·국가급 결정권으로 확장,커진 이름만큼 가족·기업·국가를 지킬 책임 증가,나중에 더 비싸게 팔려고 그런 거니까 신경 쓰지 마.,핵심 시대 사건 결산; 주 상대·시장 교체; 비가역 자산·지위 변화,medium
A10,특허 독점권과 구찌의 문,151,173,151,173,23,박석원·박태홍·최호근 및 해당 거래 상대,대한민국·미국·일본·중국·러시아 및 거래 현장,나중에 더 비싸게 팔려고 그런 거니까 신경 쓰지 마.에서 이해해줘서 고마워.까지 이어지는 특허 독점권과 구찌의 문,박석원이 특허 독점권과 구찌의 문을 자산과 산업 지배력으로 바꿀 수 있는가,시대 사건을 먼저 읽고 돈·기업·가족·국가적 영향력으로 환전,정보 우위가 자금 노출과 경쟁자·정부의 반격으로 커짐,ⓚ162 사업을 열심히 키우면 난 뒤에서 돈만 받아 챙기면 되는 거지.,ⓚ173 이해해줘서 고마워.,시험하던 가족·인물·기관이 동맹·고객·경쟁자로 재배치,개인 수익화가 그룹·산업·국가급 결정권으로 확장,커진 이름만큼 가족·기업·국가를 지킬 책임 증가,머뭇거리다가 지금보다 더 비싸게 사야 되는 상황이 되기 전에 계약서를 쓰도록 해요.,핵심 시대 사건 결산; 주 상대·시장 교체; 비가역 자산·지위 변화,medium
A11,구찌 인수와 대흥가 칼바람,174,192,174,192,19,박석원·박태홍·최호근 및 해당 거래 상대,대한민국·미국·일본·중국·러시아 및 거래 현장,머뭇거리다가 지금보다 더 비싸게 사야 되는 상황이 되기 전에 계약서를 쓰도록 해요.에서 다시는 어느 누구도 감히 넘보지 못하도록 끝까지 덤벼들었으면 좋겠네.까지 이어지는 구찌 인수와 대흥가 칼바람,박석원이 구찌 인수와 대흥가 칼바람을 자산과 산업 지배력으로 바꿀 수 있는가,시대 사건을 먼저 읽고 돈·기업·가족·국가적 영향력으로 환전,정보 우위가 자금 노출과 경쟁자·정부의 반격으로 커짐,ⓚ183 뭐 나쁘지 않군.,ⓚ192 다시는 어느 누구도 감히 넘보지 못하도록 끝까지 덤벼들었으면 좋겠네.,시험하던 가족·인물·기관이 동맹·고객·경쟁자로 재배치,개인 수익화가 그룹·산업·국가급 결정권으로 확장,커진 이름만큼 가족·기업·국가를 지킬 책임 증가,이것 좀 보세요. 어머니.,핵심 시대 사건 결산; 주 상대·시장 교체; 비가역 자산·지위 변화,medium
A12,장기 보유와 워싱턴 예산전쟁,193,213,193,213,21,박석원·박태홍·최호근 및 해당 거래 상대,대한민국·미국·일본·중국·러시아 및 거래 현장,이것 좀 보세요. 어머니.에서 또 무슨 사고를 치려고 저러는 거야.까지 이어지는 장기 보유와 워싱턴 예산전쟁,박석원이 장기 보유와 워싱턴 예산전쟁을 자산과 산업 지배력으로 바꿀 수 있는가,시대 사건을 먼저 읽고 돈·기업·가족·국가적 영향력으로 환전,정보 우위가 자금 노출과 경쟁자·정부의 반격으로 커짐,ⓚ203 그럴듯한 간판을 하나 달고 있어야겠지.,ⓚ213 또 무슨 사고를 치려고 저러는 거야.,시험하던 가족·인물·기관이 동맹·고객·경쟁자로 재배치,개인 수익화가 그룹·산업·국가급 결정권으로 확장,커진 이름만큼 가족·기업·국가를 지킬 책임 증가,네네. 물론이죠!,핵심 시대 사건 결산; 주 상대·시장 교체; 비가역 자산·지위 변화,medium
A13,플라자 호텔 자선 내기와 놀런,214,233,214,233,20,박석원·박태홍·최호근 및 해당 거래 상대,대한민국·미국·일본·중국·러시아 및 거래 현장,네네. 물론이죠!에서 두 곳을 제외한 나머지를 전부 처분하려고 해요.까지 이어지는 플라자 호텔 자선 내기와 놀런,박석원이 플라자 호텔 자선 내기와 놀런을 자산과 산업 지배력으로 바꿀 수 있는가,시대 사건을 먼저 읽고 돈·기업·가족·국가적 영향력으로 환전,정보 우위가 자금 노출과 경쟁자·정부의 반격으로 커짐,ⓚ223 돈을 다 날려 먹으면 판돈으로 건 기부금을 낼 돈이 있을지 모르겠구만.,ⓚ233 두 곳을 제외한 나머지를 전부 처분하려고 해요.,시험하던 가족·인물·기관이 동맹·고객·경쟁자로 재배치,개인 수익화가 그룹·산업·국가급 결정권으로 확장,커진 이름만큼 가족·기업·국가를 지킬 책임 증가,대흥창업투자가 하는 일이 뭐예요.,핵심 시대 사건 결산; 주 상대·시장 교체; 비가역 자산·지위 변화,medium
A14,대흥창투와 백화점 거래,234,253,234,253,20,박석원·박태홍·최호근 및 해당 거래 상대,대한민국·미국·일본·중국·러시아 및 거래 현장,대흥창업투자가 하는 일이 뭐예요.에서 백화점을 가져가더라도 원하는 걸 얻지 못한다면 어떻게 되겠어요.까지 이어지는 대흥창투와 백화점 거래,박석원이 대흥창투와 백화점 거래을 자산과 산업 지배력으로 바꿀 수 있는가,시대 사건을 먼저 읽고 돈·기업·가족·국가적 영향력으로 환전,정보 우위가 자금 노출과 경쟁자·정부의 반격으로 커짐,ⓚ243 정치인 입에서 서운하다는 말이 나오는 것만큼 무서운 것도 없지.,ⓚ253 백화점을 가져가더라도 원하는 걸 얻지 못한다면 어떻게 되겠어요.,시험하던 가족·인물·기관이 동맹·고객·경쟁자로 재배치,개인 수익화가 그룹·산업·국가급 결정권으로 확장,커진 이름만큼 가족·기업·국가를 지킬 책임 증가,어차피 저한테 주실 생각이셨잖아요.,핵심 시대 사건 결산; 주 상대·시장 교체; 비가역 자산·지위 변화,medium
A15,한세그룹 부도 덫,254,273,254,273,20,박석원·박태홍·최호근 및 해당 거래 상대,대한민국·미국·일본·중국·러시아 및 거래 현장,어차피 저한테 주실 생각이셨잖아요.에서 멍청이가 아니라면 알아서 포지션을 청산하겠지.까지 이어지는 한세그룹 부도 덫,박석원이 한세그룹 부도 덫을 자산과 산업 지배력으로 바꿀 수 있는가,시대 사건을 먼저 읽고 돈·기업·가족·국가적 영향력으로 환전,정보 우위가 자금 노출과 경쟁자·정부의 반격으로 커짐,ⓚ263 다 스스로 쌓은 업보인 걸 어쩌겠어.,ⓚ273 멍청이가 아니라면 알아서 포지션을 청산하겠지.,시험하던 가족·인물·기관이 동맹·고객·경쟁자로 재배치,개인 수익화가 그룹·산업·국가급 결정권으로 확장,커진 이름만큼 가족·기업·국가를 지킬 책임 증가,무슨 헛소리를 하는 거야! 그럴 리가 없잖아!,핵심 시대 사건 결산; 주 상대·시장 교체; 비가역 자산·지위 변화,medium
A16,스미모토 구리 조작과 Mr 5%,274,290,274,290,17,박석원·박태홍·최호근 및 해당 거래 상대,대한민국·미국·일본·중국·러시아 및 거래 현장,무슨 헛소리를 하는 거야! 그럴 리가 없잖아!에서 드디어 스티브 놀런이 다시 복귀하는군.까지 이어지는 스미모토 구리 조작과 Mr 5%,박석원이 스미모토 구리 조작과 Mr 5%을 자산과 산업 지배력으로 바꿀 수 있는가,시대 사건을 먼저 읽고 돈·기업·가족·국가적 영향력으로 환전,정보 우위가 자금 노출과 경쟁자·정부의 반격으로 커짐,ⓚ282 자네 정말 너무한 것 아닌가!,ⓚ290 드디어 스티브 놀런이 다시 복귀하는군.,시험하던 가족·인물·기관이 동맹·고객·경쟁자로 재배치,개인 수익화가 그룹·산업·국가급 결정권으로 확장,커진 이름만큼 가족·기업·국가를 지킬 책임 증가,절대 해서는 안 된다고 봅니다.,핵심 시대 사건 결산; 주 상대·시장 교체; 비가역 자산·지위 변화,medium
A17,북한 지원·잠수함·뉴욕 원정,291,310,291,310,20,박석원·박태홍·최호근 및 해당 거래 상대,대한민국·미국·일본·중국·러시아 및 거래 현장,절대 해서는 안 된다고 봅니다.에서 이야기가 통하지 않았다면 그건 가져간 돈이 부족해서야까지 이어지는 북한 지원·잠수함·뉴욕 원정,박석원이 북한 지원·잠수함·뉴욕 원정을 자산과 산업 지배력으로 바꿀 수 있는가,시대 사건을 먼저 읽고 돈·기업·가족·국가적 영향력으로 환전,정보 우위가 자금 노출과 경쟁자·정부의 반격으로 커짐,ⓚ300 그것도 사장님 사비로 지원하실 겁니까.,ⓚ310 이야기가 통하지 않았다면 그건 가져간 돈이 부족해서야,시험하던 가족·인물·기관이 동맹·고객·경쟁자로 재배치,개인 수익화가 그룹·산업·국가급 결정권으로 확장,커진 이름만큼 가족·기업·국가를 지킬 책임 증가,내가 너희들 퇴직금을 아주 두둑하게 챙겨줄게,핵심 시대 사건 결산; 주 상대·시장 교체; 비가역 자산·지위 변화,medium
A18,한세 옵션 연쇄,311,325,311,325,15,박석원·박태홍·최호근 및 해당 거래 상대,대한민국·미국·일본·중국·러시아 및 거래 현장,내가 너희들 퇴직금을 아주 두둑하게 챙겨줄게에서 이런 걸 보고 호미로 막을 걸 가래로 막는다고 하지.까지 이어지는 한세 옵션 연쇄,박석원이 한세 옵션 연쇄을 자산과 산업 지배력으로 바꿀 수 있는가,시대 사건을 먼저 읽고 돈·기업·가족·국가적 영향력으로 환전,정보 우위가 자금 노출과 경쟁자·정부의 반격으로 커짐,ⓚ318 이게 정말 맞는 겁니까?,ⓚ325 이런 걸 보고 호미로 막을 걸 가래로 막는다고 하지.,시험하던 가족·인물·기관이 동맹·고객·경쟁자로 재배치,개인 수익화가 그룹·산업·국가급 결정권으로 확장,커진 이름만큼 가족·기업·국가를 지킬 책임 증가,나중에 달러를 많이 써야 할 곳이 있거든요.,핵심 시대 사건 결산; 주 상대·시장 교체; 비가역 자산·지위 변화,medium
A19,아시아 외환위기 준비,326,342,326,342,17,박석원·박태홍·최호근 및 해당 거래 상대,대한민국·미국·일본·중국·러시아 및 거래 현장,나중에 달러를 많이 써야 할 곳이 있거든요.에서 뉴 웨이브(new wave)라고 하는 건 어때요.까지 이어지는 아시아 외환위기 준비,박석원이 아시아 외환위기 준비을 자산과 산업 지배력으로 바꿀 수 있는가,시대 사건을 먼저 읽고 돈·기업·가족·국가적 영향력으로 환전,정보 우위가 자금 노출과 경쟁자·정부의 반격으로 커짐,ⓚ334 생각지도 못한 한 방을 맞았네요.,ⓚ342 뉴 웨이브(new wave)라고 하는 건 어때요.,시험하던 가족·인물·기관이 동맹·고객·경쟁자로 재배치,개인 수익화가 그룹·산업·국가급 결정권으로 확장,커진 이름만큼 가족·기업·국가를 지킬 책임 증가,일주일 아니 사흘 안에 투자금을 송금하도록 하마.,핵심 시대 사건 결산; 주 상대·시장 교체; 비가역 자산·지위 변화,medium
A20,홍콩 통화전쟁과 블랙먼데이,343,366,343,366,24,박석원·박태홍·최호근 및 해당 거래 상대,대한민국·미국·일본·중국·러시아 및 거래 현장,일주일 아니 사흘 안에 투자금을 송금하도록 하마.에서 어깨에서 파는 줄 알았는데 이제 보니까 최고점이었네.까지 이어지는 홍콩 통화전쟁과 블랙먼데이,박석원이 홍콩 통화전쟁과 블랙먼데이을 자산과 산업 지배력으로 바꿀 수 있는가,시대 사건을 먼저 읽고 돈·기업·가족·국가적 영향력으로 환전,정보 우위가 자금 노출과 경쟁자·정부의 반격으로 커짐,ⓚ354 홍콩 당국이 너무 욕심을 부리는 것 같네요.,ⓚ366 어깨에서 파는 줄 알았는데 이제 보니까 최고점이었네.,시험하던 가족·인물·기관이 동맹·고객·경쟁자로 재배치,개인 수익화가 그룹·산업·국가급 결정권으로 확장,커진 이름만큼 가족·기업·국가를 지킬 책임 증가,일단 최 부장만 알고 미리 대비를 해두도록 해요.,핵심 시대 사건 결산; 주 상대·시장 교체; 비가역 자산·지위 변화,medium
A21,대한민국 IMF 전야,367,384,367,384,18,박석원·박태홍·최호근 및 해당 거래 상대,대한민국·미국·일본·중국·러시아 및 거래 현장,일단 최 부장만 알고 미리 대비를 해두도록 해요.에서 결국 그렇게 되는군요.까지 이어지는 대한민국 IMF 전야,박석원이 대한민국 IMF 전야을 자산과 산업 지배력으로 바꿀 수 있는가,시대 사건을 먼저 읽고 돈·기업·가족·국가적 영향력으로 환전,정보 우위가 자금 노출과 경쟁자·정부의 반격으로 커짐,ⓚ375 그런 거라면 제가 해결해 드릴 수 있을 것 같네요.,ⓚ384 결국 그렇게 되는군요.,시험하던 가족·인물·기관이 동맹·고객·경쟁자로 재배치,개인 수익화가 그룹·산업·국가급 결정권으로 확장,커진 이름만큼 가족·기업·국가를 지킬 책임 증가,빨리 팔아달라니까 뭘 하는 거야!,핵심 시대 사건 결산; 주 상대·시장 교체; 비가역 자산·지위 변화,medium
A22,은행·기업을 사들인 엘도라도,385,410,385,410,26,박석원·박태홍·최호근 및 해당 거래 상대,대한민국·미국·일본·중국·러시아 및 거래 현장,빨리 팔아달라니까 뭘 하는 거야!에서 분명한 건 엘도라도 펀드가 대한민국을 살렸다는 거야.까지 이어지는 은행·기업을 사들인 엘도라도,박석원이 은행·기업을 사들인 엘도라도을 자산과 산업 지배력으로 바꿀 수 있는가,시대 사건을 먼저 읽고 돈·기업·가족·국가적 영향력으로 환전,정보 우위가 자금 노출과 경쟁자·정부의 반격으로 커짐,ⓚ397 자식 놈이 나보다 낫구만.,ⓚ410 분명한 건 엘도라도 펀드가 대한민국을 살렸다는 거야.,시험하던 가족·인물·기관이 동맹·고객·경쟁자로 재배치,개인 수익화가 그룹·산업·국가급 결정권으로 확장,커진 이름만큼 가족·기업·국가를 지킬 책임 증가,누구 아들인지 정말 기특해 죽겠구만.,핵심 시대 사건 결산; 주 상대·시장 교체; 비가역 자산·지위 변화,medium
A23,모두넷·금괴·명화 매집,411,430,411,433,20,박석원·박태홍·최호근 및 해당 거래 상대,대한민국·미국·일본·중국·러시아 및 거래 현장,누구 아들인지 정말 기특해 죽겠구만.에서 못 말리는 녀석들 같으니라고.까지 이어지는 모두넷·금괴·명화 매집,박석원이 모두넷·금괴·명화 매집을 자산과 산업 지배력으로 바꿀 수 있는가,시대 사건을 먼저 읽고 돈·기업·가족·국가적 영향력으로 환전,정보 우위가 자금 노출과 경쟁자·정부의 반격으로 커짐,ⓚ423 누가 금을 낸다고 했어요?,ⓚ433 못 말리는 녀석들 같으니라고.,시험하던 가족·인물·기관이 동맹·고객·경쟁자로 재배치,개인 수익화가 그룹·산업·국가급 결정권으로 확장,커진 이름만큼 가족·기업·국가를 지킬 책임 증가,지난번에 지시한 대로 일을 시작해요.,핵심 시대 사건 결산; 주 상대·시장 교체; 비가역 자산·지위 변화,medium
A24,방산과 러시아 모라토리엄,431,450,434,453,20,박석원·박태홍·최호근 및 해당 거래 상대,대한민국·미국·일본·중국·러시아 및 거래 현장,지난번에 지시한 대로 일을 시작해요.에서 벌써 내일이 기대되는군.까지 이어지는 방산과 러시아 모라토리엄,박석원이 방산과 러시아 모라토리엄을 자산과 산업 지배력으로 바꿀 수 있는가,시대 사건을 먼저 읽고 돈·기업·가족·국가적 영향력으로 환전,정보 우위가 자금 노출과 경쟁자·정부의 반격으로 커짐,ⓚ443 사건은 항상 예기치 못한 일로 시작되는 법이지.,ⓚ453 벌써 내일이 기대되는군.,시험하던 가족·인물·기관이 동맹·고객·경쟁자로 재배치,개인 수익화가 그룹·산업·국가급 결정권으로 확장,커진 이름만큼 가족·기업·국가를 지킬 책임 증가,이번 달을 넘기지 못하고 무너지겠네요.,핵심 시대 사건 결산; 주 상대·시장 교체; 비가역 자산·지위 변화,medium
A25,모스크바 기술 이전,451,464,454,467,14,박석원·박태홍·최호근 및 해당 거래 상대,대한민국·미국·일본·중국·러시아 및 거래 현장,이번 달을 넘기지 못하고 무너지겠네요.에서 함께 하게 된 선물이니까 가지도록 해요까지 이어지는 모스크바 기술 이전,박석원이 모스크바 기술 이전을 자산과 산업 지배력으로 바꿀 수 있는가,시대 사건을 먼저 읽고 돈·기업·가족·국가적 영향력으로 환전,정보 우위가 자금 노출과 경쟁자·정부의 반격으로 커짐,ⓚ460 모스크바에 오신 걸 환영합니다.,ⓚ467 함께 하게 된 선물이니까 가지도록 해요,시험하던 가족·인물·기관이 동맹·고객·경쟁자로 재배치,개인 수익화가 그룹·산업·국가급 결정권으로 확장,커진 이름만큼 가족·기업·국가를 지킬 책임 증가,이제 무섭게 버블이 부풀어 오르기 시작하겠군.,핵심 시대 사건 결산; 주 상대·시장 교체; 비가역 자산·지위 변화,medium
A26,인터넷 버블과 한국 파이어세일,465,483,468,489,19,박석원·박태홍·최호근 및 해당 거래 상대,대한민국·미국·일본·중국·러시아 및 거래 현장,이제 무섭게 버블이 부풀어 오르기 시작하겠군.에서 이런 상황인데도 토지를 매수하시겠습니까?까지 이어지는 인터넷 버블과 한국 파이어세일,박석원이 인터넷 버블과 한국 파이어세일을 자산과 산업 지배력으로 바꿀 수 있는가,시대 사건을 먼저 읽고 돈·기업·가족·국가적 영향력으로 환전,정보 우위가 자금 노출과 경쟁자·정부의 반격으로 커짐,ⓚ479 당연히 수락해야지! 물어볼 필요가 뭐가 있어.,ⓚ489 이런 상황인데도 토지를 매수하시겠습니까?,시험하던 가족·인물·기관이 동맹·고객·경쟁자로 재배치,개인 수익화가 그룹·산업·국가급 결정권으로 확장,커진 이름만큼 가족·기업·국가를 지킬 책임 증가,하마터면 황금 더미를 그냥 놓치고 지나갈 뻔했잖아.,핵심 시대 사건 결산; 주 상대·시장 교체; 비가역 자산·지위 변화,medium
A27,중국 토지·민국생명·조선소,484,503,490,509,20,박석원·박태홍·최호근 및 해당 거래 상대,대한민국·미국·일본·중국·러시아 및 거래 현장,하마터면 황금 더미를 그냥 놓치고 지나갈 뻔했잖아.에서 인터뷰는 여기까지 하도록 하죠.까지 이어지는 중국 토지·민국생명·조선소,박석원이 중국 토지·민국생명·조선소을 자산과 산업 지배력으로 바꿀 수 있는가,시대 사건을 먼저 읽고 돈·기업·가족·국가적 영향력으로 환전,정보 우위가 자금 노출과 경쟁자·정부의 반격으로 커짐,ⓚ499 정말 건조비가 얼마나 들어도 상관없으신 겁니까.,ⓚ509 인터뷰는 여기까지 하도록 하죠.,시험하던 가족·인물·기관이 동맹·고객·경쟁자로 재배치,개인 수익화가 그룹·산업·국가급 결정권으로 확장,커진 이름만큼 가족·기업·국가를 지킬 책임 증가,거봐! 이 정도에 무너질 회사가 아니라니까.,핵심 시대 사건 결산; 주 상대·시장 교체; 비가역 자산·지위 변화,medium
A28,국내 인수전과 모스크바 후속,504,520,510,533,17,박석원·박태홍·최호근 및 해당 거래 상대,대한민국·미국·일본·중국·러시아 및 거래 현장,거봐! 이 정도에 무너질 회사가 아니라니까.에서 내 이름값이 영향을 끼친 모양이네.까지 이어지는 국내 인수전과 모스크바 후속,박석원이 국내 인수전과 모스크바 후속을 자산과 산업 지배력으로 바꿀 수 있는가,시대 사건을 먼저 읽고 돈·기업·가족·국가적 영향력으로 환전,정보 우위가 자금 노출과 경쟁자·정부의 반격으로 커짐,ⓚ518 곧 모스크바에 피바람이 불겠군,ⓚ533 내 이름값이 영향을 끼친 모양이네.,시험하던 가족·인물·기관이 동맹·고객·경쟁자로 재배치,개인 수익화가 그룹·산업·국가급 결정권으로 확장,커진 이름만큼 가족·기업·국가를 지킬 책임 증가,Y2K,핵심 시대 사건 결산; 주 상대·시장 교체; 비가역 자산·지위 변화,medium
A29,Y2K·닷컴 고점·장남 반격,521,540,534,553,20,박석원·박태홍·최호근 및 해당 거래 상대,대한민국·미국·일본·중국·러시아 및 거래 현장,Y2K에서 얄밉게 증시 폭락을 즐기더니 꼴좋게 됐어.까지 이어지는 Y2K·닷컴 고점·장남 반격,박석원이 Y2K·닷컴 고점·장남 반격을 자산과 산업 지배력으로 바꿀 수 있는가,시대 사건을 먼저 읽고 돈·기업·가족·국가적 영향력으로 환전,정보 우위가 자금 노출과 경쟁자·정부의 반격으로 커짐,ⓚ543 이러면 완전히 물 건너간 거잖아,ⓚ553 얄밉게 증시 폭락을 즐기더니 꼴좋게 됐어.,시험하던 가족·인물·기관이 동맹·고객·경쟁자로 재배치,개인 수익화가 그룹·산업·국가급 결정권으로 확장,커진 이름만큼 가족·기업·국가를 지킬 책임 증가,저기가 첫 번째 발사대가 들어설 장소입니다,핵심 시대 사건 결산; 주 상대·시장 교체; 비가역 자산·지위 변화,medium
A30,발사대·원자재·엔론,541,560,554,573,20,박석원·박태홍·최호근 및 해당 거래 상대,대한민국·미국·일본·중국·러시아 및 거래 현장,"저기가 첫 번째 발사대가 들어설 장소입니다에서 에, 엔론을 말씀입니까?까지 이어지는 발사대·원자재·엔론",박석원이 발사대·원자재·엔론을 자산과 산업 지배력으로 바꿀 수 있는가,시대 사건을 먼저 읽고 돈·기업·가족·국가적 영향력으로 환전,정보 우위가 자금 노출과 경쟁자·정부의 반격으로 커짐,ⓚ563 좋은 아이디어 같으니까 한번 진행해 봐요.,"ⓚ573 에, 엔론을 말씀입니까?",시험하던 가족·인물·기관이 동맹·고객·경쟁자로 재배치,개인 수익화가 그룹·산업·국가급 결정권으로 확장,커진 이름만큼 가족·기업·국가를 지킬 책임 증가,그럼 바로 작업에 들어가도록 해요.,핵심 시대 사건 결산; 주 상대·시장 교체; 비가역 자산·지위 변화,medium
A31,KRE-75·엔론·방산 사냥,561,580,574,593,20,박석원·박태홍·최호근 및 해당 거래 상대,대한민국·미국·일본·중국·러시아 및 거래 현장,그럼 바로 작업에 들어가도록 해요.에서 맙소사. 안 돼! 피해. 당장 도망쳐!까지 이어지는 KRE-75·엔론·방산 사냥,박석원이 KRE-75·엔론·방산 사냥을 자산과 산업 지배력으로 바꿀 수 있는가,시대 사건을 먼저 읽고 돈·기업·가족·국가적 영향력으로 환전,정보 우위가 자금 노출과 경쟁자·정부의 반격으로 커짐,ⓚ583 한국에서 들어온 자금도 이번 베팅에 같이 집어넣도록 해요,ⓚ593 맙소사. 안 돼! 피해. 당장 도망쳐!,시험하던 가족·인물·기관이 동맹·고객·경쟁자로 재배치,개인 수익화가 그룹·산업·국가급 결정권으로 확장,커진 이름만큼 가족·기업·국가를 지킬 책임 증가,United States is under attack,핵심 시대 사건 결산; 주 상대·시장 교체; 비가역 자산·지위 변화,medium
A32,9·11과 인터넷 군비경쟁,581,600,594,613,20,박석원·박태홍·최호근 및 해당 거래 상대,대한민국·미국·일본·중국·러시아 및 거래 현장,United States is under attack에서 마운틴패스(Moutain Pass)까지 이어지는 9·11과 인터넷 군비경쟁,박석원이 9·11과 인터넷 군비경쟁을 자산과 산업 지배력으로 바꿀 수 있는가,시대 사건을 먼저 읽고 돈·기업·가족·국가적 영향력으로 환전,정보 우위가 자금 노출과 경쟁자·정부의 반격으로 커짐,"ⓚ603 방금 나온 속보, 보셨습니까?",ⓚ613 마운틴패스(Moutain Pass),시험하던 가족·인물·기관이 동맹·고객·경쟁자로 재배치,개인 수익화가 그룹·산업·국가급 결정권으로 확장,커진 이름만큼 가족·기업·국가를 지킬 책임 증가,일본 보다 떨어지는 걸 최신 기종이라고 가져와 설치할 수는 없잖아요,핵심 시대 사건 결산; 주 상대·시장 교체; 비가역 자산·지위 변화,medium
A33,마운틴패스·월드컴·유전,601,620,614,633,20,박석원·박태홍·최호근 및 해당 거래 상대,대한민국·미국·일본·중국·러시아 및 거래 현장,일본 보다 떨어지는 걸 최신 기종이라고 가져와 설치할 수는 없잖아요에서 이 친구가 대한민국을 위해 또 큰일을 해줬구만!까지 이어지는 마운틴패스·월드컴·유전,박석원이 마운틴패스·월드컴·유전을 자산과 산업 지배력으로 바꿀 수 있는가,시대 사건을 먼저 읽고 돈·기업·가족·국가적 영향력으로 환전,정보 우위가 자금 노출과 경쟁자·정부의 반격으로 커짐,ⓚ623 자료에 있는 내용이 전부 사실이에요?,ⓚ633 이 친구가 대한민국을 위해 또 큰일을 해줬구만!,시험하던 가족·인물·기관이 동맹·고객·경쟁자로 재배치,개인 수익화가 그룹·산업·국가급 결정권으로 확장,커진 이름만큼 가족·기업·국가를 지킬 책임 증가,내 자식이 한 거니까 내가 한 거나 마찬가지지.,핵심 시대 사건 결산; 주 상대·시장 교체; 비가역 자산·지위 변화,medium
A34,슈퍼컴퓨터와 이라크전 준비,621,640,634,659,20,박석원·박태홍·최호근 및 해당 거래 상대,대한민국·미국·일본·중국·러시아 및 거래 현장,내 자식이 한 거니까 내가 한 거나 마찬가지지.에서 마지막 붕괴가 제일 공포스럽고 충격적인 법이죠.까지 이어지는 슈퍼컴퓨터와 이라크전 준비,박석원이 슈퍼컴퓨터와 이라크전 준비을 자산과 산업 지배력으로 바꿀 수 있는가,시대 사건을 먼저 읽고 돈·기업·가족·국가적 영향력으로 환전,정보 우위가 자금 노출과 경쟁자·정부의 반격으로 커짐,ⓚ648 정부에서 주는 참전수당이 얼마나 되는지 알고 있어요,ⓚ659 마지막 붕괴가 제일 공포스럽고 충격적인 법이죠.,시험하던 가족·인물·기관이 동맹·고객·경쟁자로 재배치,개인 수익화가 그룹·산업·국가급 결정권으로 확장,커진 이름만큼 가족·기업·국가를 지킬 책임 증가,지금 일본은 터지기 직전에 있는 커다란 시한폭탄을 품에 안고 있는 상태예요,핵심 시대 사건 결산; 주 상대·시장 교체; 비가역 자산·지위 변화,medium
A35,일본 금융과 이라크 자유 작전,641,660,660,679,20,박석원·박태홍·최호근 및 해당 거래 상대,대한민국·미국·일본·중국·러시아 및 거래 현장,"지금 일본은 터지기 직전에 있는 커다란 시한폭탄을 품에 안고 있는 상태예요에서 우리의 임무는 완수됐고, 이라크는 해방되었습니다!까지 이어지는 일본 금융과 이라크 자유 작전",박석원이 일본 금융과 이라크 자유 작전을 자산과 산업 지배력으로 바꿀 수 있는가,시대 사건을 먼저 읽고 돈·기업·가족·국가적 영향력으로 환전,정보 우위가 자금 노출과 경쟁자·정부의 반격으로 커짐,ⓚ669 Operation Iraqi Freedom,"ⓚ679 우리의 임무는 완수됐고, 이라크는 해방되었습니다!",시험하던 가족·인물·기관이 동맹·고객·경쟁자로 재배치,개인 수익화가 그룹·산업·국가급 결정권으로 확장,커진 이름만큼 가족·기업·국가를 지킬 책임 증가,깔끔하게 현금으로 처리하고 땅을 매입해서 여기에 저택을 짓도록 하죠,핵심 시대 사건 결산; 주 상대·시장 교체; 비가역 자산·지위 변화,medium
A36,ST 지분·통신대란·마샤,661,674,680,693,14,박석원·박태홍·최호근 및 해당 거래 상대,대한민국·미국·일본·중국·러시아 및 거래 현장,깔끔하게 현금으로 처리하고 땅을 매입해서 여기에 저택을 짓도록 하죠에서 그야 확실히 돈이 될 사업이니까요까지 이어지는 ST 지분·통신대란·마샤,박석원이 ST 지분·통신대란·마샤을 자산과 산업 지배력으로 바꿀 수 있는가,시대 사건을 먼저 읽고 돈·기업·가족·국가적 영향력으로 환전,정보 우위가 자금 노출과 경쟁자·정부의 반격으로 커짐,ⓚ686 장기적으로 보면 이게 훨씬 더 나은 선택일 거예요,ⓚ693 그야 확실히 돈이 될 사업이니까요,시험하던 가족·인물·기관이 동맹·고객·경쟁자로 재배치,개인 수익화가 그룹·산업·국가급 결정권으로 확장,커진 이름만큼 가족·기업·국가를 지킬 책임 증가,헤지펀드들 눈에는 아주 먹음직스러운 먹이로 보이겠지,핵심 시대 사건 결산; 주 상대·시장 교체; 비가역 자산·지위 변화,medium
A37,소버린과 세 외국계 펀드,675,686,697,708,12,박석원·박태홍·최호근 및 해당 거래 상대,대한민국·미국·일본·중국·러시아 및 거래 현장,헤지펀드들 눈에는 아주 먹음직스러운 먹이로 보이겠지에서 소버린 하나만으로도 골치가 아파 죽겠는데 이것들은 또 뭐야까지 이어지는 소버린과 세 외국계 펀드,박석원이 소버린과 세 외국계 펀드을 자산과 산업 지배력으로 바꿀 수 있는가,시대 사건을 먼저 읽고 돈·기업·가족·국가적 영향력으로 환전,정보 우위가 자금 노출과 경쟁자·정부의 반격으로 커짐,ⓚ702 양쪽이 싸우면서 주가를 밀어 올리는 걸 팝콘이나 먹으며 느긋하게 구경하고 있으면 되겠네요,ⓚ708 소버린 하나만으로도 골치가 아파 죽겠는데 이것들은 또 뭐야,시험하던 가족·인물·기관이 동맹·고객·경쟁자로 재배치,개인 수익화가 그룹·산업·국가급 결정권으로 확장,커진 이름만큼 가족·기업·국가를 지킬 책임 증가,미결 ST 경영권전,핵심 시대 사건 결산; 주 상대·시장 교체; 비가역 자산·지위 변화,medium
