sequence,arc_phase,tension_1_10,reward_1_10,hook_1_10,information_weight,action_weight,relationship_weight,emotion_weight,material_or_status_weight,ribbon_rationale,source_lines
1,"N01·회귀와 첫 보상",9,9,10,0.20,0.25,0.20,0.20,0.15,"고시원 죽음·17세 회귀·시계 폭로·김태중의 100만 달러가 연달아 벌어져 행동과 상실·회복 감정에 오래 머문다.","L1-L255"
2,"N01·투자팀 탐색",6,7,8,0.30,0.18,0.24,0.10,0.18,"한정훈과 A급 세 명의 능력표를 읽고 220억 원 팀을 세우므로 인재 정보와 고용 관계가 중심이다.","L256-L497"
3,"N01·전액 베팅",8,6,9,0.27,0.29,0.17,0.09,0.18,"홍콩 법인·성과계약·닛케이 세 전략을 정한 뒤 전액을 거는 실행과 위험 설명이 팽팽하다.","L498-L722"
4,"N01·일본 수익 지급",8,9,9,0.22,0.26,0.12,0.10,0.30,"닛케이 폭락으로 1,210억 원을 실현하고 곧바로 걸프전 12배 베팅으로 넘어가 현금 보상과 재투자가 솟는다.","L723-L929"
5,"N01·사우디 약속",8,8,9,0.18,0.31,0.28,0.11,0.12,"왕실 보석 절도를 막아 살만의 약속을 얻고 2억 달러 원유 포지션을 잡아 행동과 왕실 관계가 앞선다.","L930-L1168"
6,"N01·20억 달러와 미국행",9,10,8,0.13,0.27,0.19,0.12,0.29,"이라크 침공 뒤 20억 달러가 확정되고 네 직원이 SAVE로 이동해 자산과 조직 지위가 큰 봉우리를 만든다.","L1169-L1387"
7,"N01·월가 조직 확장",7,7,9,0.22,0.26,0.25,0.08,0.19,"35억 원 보너스와 월가 21명 채용 뒤 유가 공매도를 집행해 인재 조직과 다음 포지션에 체류한다.","L1388-L1608"
8,"N01·100억 달러와 제프리",7,10,8,0.17,0.26,0.24,0.08,0.25,"유가 청산 100억 달러와 D.E 인재 13명 이탈이 겹쳐 현금 보상·영입 행동·제프리 대면이 균형을 이룬다.","L1609-L1815"
9,"N01·제프리 영입 비용",6,7,8,0.24,0.15,0.32,0.17,0.12,"냅킨 선순환으로 제프리를 설득하지만 혹독한 운영과 성과보수 갈등이 생겨 관계와 감정 비용이 크다.","L1816-L2017"
10,"N01·조지의 전쟁 동맹",7,8,9,0.27,0.22,0.30,0.08,0.13,"리라화 표적을 맞혀 조지의 추천과 동맹을 얻고 60억 달러 파운드 TF를 세워 정보·관계가 주도한다.","L2018-L2167"
11,"N01·하버드와 대선 저지",7,8,8,0.21,0.20,0.31,0.20,0.08,"하버드 합격으로 김태중을 기쁘게 한 뒤 대선 출마를 막고 재단 허락을 받아 조손 관계와 감정이 길다.","L2168-L2352"
12,"N01·공직 펀드 설계",5,7,8,0.34,0.18,0.23,0.07,0.18,"200억 원 장학재단과 비주류 공직자 100명 펀드의 선발 구조를 설명해 정보·제도 설계 비중이 높다.","L2353-L2512"
13,"N01·김택훈 역조사",7,8,8,0.23,0.29,0.26,0.12,0.10,"퀀텀 100억 원 기부를 미끼로 김택훈을 움직이고 김태중에게 월가 가치를 입증해 행동·가족 권력관계가 앞선다.","L2513-L2676"
14,"N01·파운드전과 배신 감지",8,9,9,0.29,0.25,0.23,0.08,0.15,"클린턴·푸틴 지원과 30억 달러 지급 뒤 조지의 프랑화 배신 계획을 읽어 정보와 다음 대응 훅이 강하다.","L2677-L2851"
15,"N01·귀국과 창원 선택",6,9,9,0.20,0.18,0.28,0.17,0.17,"퀀텀 역이용과 푸틴 감사 뒤 3년을 건너 하버드 졸업·창원 입사를 택해 관계 보상과 새 장소 기대가 높다.","L2852-L3024"
16,"N02·창원 횡령 탐지",6,5,8,0.29,0.27,0.20,0.14,0.10,"차장으로 들어가 고철·총무팀 횡령을 관찰하고 밤샘 회식 뒤 조사팀을 투입해 정보 수집과 잠입 행동이 중심이다.","L3025-L3210"
17,"N02·공장 비리망 확대",7,5,8,0.32,0.27,0.23,0.10,0.08,"팔레트 독점과 공장장·두 경리의 불륜을 연쇄 확인해 비리 정보와 강인식 팀의 추적 행동에 머문다.","L3211-L3402"
18,"N02·외부 자금 배치",6,6,8,0.30,0.23,0.16,0.08,0.23,"조사비를 지급하면서 일본 파생 100억 달러와 다섯 재벌 승계 표적을 배치해 전략 정보와 자금 규모가 앞선다.","L3403-L3587"
19,"N02·이중장부 회수",7,7,8,0.21,0.31,0.28,0.13,0.07,"후계 분쟁 씨앗과 불륜 이간질을 실행해 한지혜·주영미에게 장부를 받아 행동과 관계 조작이 두드러진다.","L3588-L3812"
20,"N02·공개 고발",8,8,9,0.18,0.39,0.18,0.15,0.10,"술집 난동 연기·압수수색·기자회견으로 서우태를 공개 고발하는 연속 행동이 회차 대부분을 차지한다.","L3813-L4009"
21,"N02·감사권 획득",9,8,9,0.16,0.28,0.27,0.20,0.09,"태우를 버릴 수 있다는 배수진으로 김태중과 충돌해 감사본부장 자리를 얻고 고베 지진 훅으로 급전한다.","L4010-L4174"
22,"N02·명동 연결과 지분 교환",7,8,9,0.31,0.21,0.25,0.08,0.15,"고베 수익 조건과 이준수·정수철·명동 연결을 읽고 조지에게 75억 달러·희귀 지분을 제시해 정보 협상이 길다.","L4175-L4371"
23,"N02·애플·포드 지분 지급",6,9,8,0.22,0.17,0.24,0.07,0.30,"애플·포드 각 20퍼센트 지분을 받은 직후 정수철 재산을 살펴 자산 보상과 새 감사 표적이 중심이다.","L4372-L4561"
24,"N02·윤일섭 직속 TF",6,7,7,0.22,0.25,0.35,0.10,0.08,"정수철의 고립 지시를 거슬러 윤일섭을 승진시키고 창원 직속 TF를 만들어 인사 관계 변화가 가장 크다.","L4562-L4738"
25,"N02·4천억 명동 부채",7,5,9,0.36,0.18,0.25,0.11,0.10,"성과금·내부고발책 뒤 박권흠에게 창원 공장이 명동 4천억 원에 묶였다는 구조를 듣는 정보 회차다.","L4739-L4931"
26,"N02·대환·노조·경호 준비",7,7,8,0.26,0.27,0.19,0.06,0.22,"CT 대환과 노조 포섭·특수부대 경호사를 동시에 준비해 실행 수단과 돈·안전장치에 무게가 간다.","L4932-L5107"
27,"N02·파업 유도",8,5,8,0.19,0.38,0.25,0.11,0.07,"이준수를 도발하고 삐라·배 반장 소문전으로 파업을 끌어내는 현장 행동과 군중 관계가 지배한다.","L5108-L5302"
28,"N02·파업 투표 역전",8,8,8,0.18,0.36,0.22,0.10,0.14,"노조 간부 사법처리와 반대 파벌 결집으로 반대 51퍼센트를 만들어 투표 행동과 수치 보상이 솟는다.","L5303-L5469"
29,"N02·사장단 자존심 전환",7,6,9,0.24,0.20,0.36,0.12,0.08,"이준수의 변명과 명동 오만을 노출해 사장단 마음을 돌리고 CT 법인장을 들여 관계 전환에 오래 머문다.","L5470-L5654"
30,"N02·4천억 대환 결산",8,9,8,0.17,0.29,0.21,0.08,0.25,"CT 저리대출로 명동 4천억을 갚고 이준수를 끌어내린 뒤 광화문 곰에게 통일을 제안해 행동·지위 보상이 크다.","L5655-L5818"
31,"N02·숙청 뒤 연구소 유배",6,6,9,0.20,0.18,0.31,0.18,0.13,"이선일이 이준수를 거두고 47명 징계가 확정된 뒤 사장단이 연구소 유배를 모의해 관계 후폭풍과 다음 훅이 높다.","L5819-L6005"
32,"N03·통합연구소 권한",5,7,8,0.28,0.18,0.31,0.08,0.15,"연구소 독립성과 20명 채용권을 받아 후쿠다를 만나므로 조직 조건과 새 인재 관계가 중심이다.","L6006-L6176"
33,"N03·매각 청사진과 특허팀",6,7,8,0.32,0.22,0.22,0.06,0.18,"30개 계열사 매각·자동차 중심 재편을 밝히고 40명 특허팀을 꾸려 전략 정보와 조직 구축에 체류한다.","L6177-L6342"
34,"N03·국제 인재 영입",6,8,8,0.24,0.20,0.39,0.08,0.09,"박준일·장학생·조나단을 50명 특허팀에 묶고 폰 디자인 경쟁을 시작해 인재 관계가 가장 크다.","L6343-L6525"
35,"N03·특허·외부조달 선택",5,7,8,0.37,0.19,0.18,0.05,0.21,"대량 특허와 조나단 디자인을 확보한 뒤 소프트웨어·배터리 외부조달을 결정해 기술 정보와 자산 선택이 앞선다.","L6526-L6684"
36,"N03·구디너프와 잡스",6,8,9,0.27,0.17,0.35,0.08,0.13,"아마존 지분을 점검하고 구디너프 성과를 받은 뒤 잡스 복귀를 제안해 인재 관계와 기술 정보에 머문다.","L6685-L6859"
37,"N03·NEXT 계약",7,9,9,0.23,0.24,0.29,0.06,0.18,"잡스와 NEXT OS 80퍼센트 계약을 체결하고 다이먼·일본 공격 씨앗을 심어 계약 관계와 다음 확장이 강하다.","L6860-L7040"
38,"N03·지분 수집 미끼",7,7,9,0.31,0.24,0.20,0.08,0.17,"한일은행·삼풍 정보를 이선일에게 넘기며 태우전자 15퍼센트 수집과 휴대폰 미끼를 걸어 정보전이 중심이다.","L7041-L7213"
39,"N03·24일 폴더폰",7,8,8,0.19,0.31,0.21,0.10,0.19,"보너스로 제작을 24일로 당겨 실물 폴더폰을 김태중에게 보여 주므로 실행과 제품 보상이 높다.","L7214-L7390"
40,"N03·휴대폰 백지위임",8,8,9,0.18,0.26,0.34,0.13,0.09,"김태중과 기술·규모 경영을 충돌시킨 끝에 박진훈에게 팀·공장·자금 전권을 받아 권력관계 변화가 크다.","L7391-L7563"
41,"N03·직속팀과 명동 지분",6,6,8,0.30,0.21,0.31,0.07,0.11,"에이스 30명·이석준을 직속으로 묶고 이선일의 태우전자 주식 수집을 확인해 조직 관계와 지분 정보가 앞선다.","L7564-L7753"
42,"N03·MP3 선점",6,7,9,0.29,0.24,0.20,0.06,0.21,"한보 부도와 일본 특허 협상을 배치한 뒤 황영철의 MP3 구상을 잡아 기술 정보와 선점 행동에 체류한다.","L7754-L7933"
43,"N03·황영철 지분 계약",5,8,8,0.18,0.20,0.32,0.07,0.23,"황영철에게 개발비 10억 원과 지분대금 98억 원을 지급해 49퍼센트를 얻으므로 계약 관계와 자산 보상이 크다.","L7934-L8120"
44,"N03·27만 대 재고 승부",7,6,9,0.23,0.32,0.16,0.08,0.21,"잡스 소프트웨어를 받아 두 공장을 3교대로 돌리고 출시 전 27만 대를 쌓는 생산 행동과 재고 위험이 중심이다.","L8121-L8294"
45,"N03·삼풍 선제 구조",9,8,9,0.18,0.39,0.18,0.17,0.08,"톰슨 특허 매입 직후 태우건설·병원을 밀어 삼풍 붕괴 구조에 들어가 긴박한 행동과 생존 감정이 솟는다.","L8295-L8488"
46,"N03·국민기업 평판",8,9,9,0.17,0.24,0.20,0.20,0.19,"삼풍 사망자를 전생의 절반으로 줄인 보상과 태우전자 사장 도전 선언이 감정·평판·지위 봉우리를 만든다.","L8489-L8672"
47,"N03·독일 시연 폭발",6,9,8,0.16,0.35,0.18,0.09,0.22,"잡스의 이노폰 시연 뒤 중앙 부스와 바이어 상담이 폭발해 공개 행동과 주문 기대에 오래 머문다.","L8673-L8861"
48,"N03·박진훈 공개 공격",7,7,8,0.22,0.33,0.27,0.11,0.07,"선행특허 승리 뒤 사장단 앞에서 박진훈의 기술경영을 공격해 공개 논쟁과 권력관계가 지배한다.","L8862-L9027"
49,"N03·결함 공작 역이용",8,6,9,0.30,0.28,0.24,0.11,0.07,"박진훈의 결함 유포를 거짓 자료·감시 증거로 되받아 조 차장을 이중 통로로 만드는 정보전이 중심이다.","L9028-L9209"
50,"N03·허위기사 선점",9,6,9,0.28,0.35,0.19,0.11,0.07,"거짓 결함 보도와 사진·녹취를 선점하고 3국 공개 시연을 준비해 공작 대응 행동과 긴장이 높다.","L9210-L9397"
51,"N03·3국 체험 역전",8,9,8,0.16,0.38,0.24,0.10,0.12,"타임스퀘어·강남·독일에서 1천 대를 체험시키고 두 증인을 돌려세워 공개 행동과 관계 역전이 크다.","L9398-L9578"
52,"N03·30만 대와 박진훈 축출",8,10,9,0.14,0.28,0.22,0.10,0.26,"이노폰 30만 대 완판·해외 주문·박진훈 축출·사장 추천이 겹쳐 판매와 지위 보상이 절정이다.","L9579-L9758"
53,"N04·지분 상속과 사장 취임",6,10,8,0.13,0.17,0.28,0.14,0.28,"태우전자 지분을 상속받고 만장일치 사장이 되어 소유·직책과 조손 승인 보상이 회차를 이끈다.","L9759-L9940"
54,"N04·공장·인사 전면 개편",7,7,9,0.23,0.34,0.24,0.07,0.12,"공장 세 곳·불량품 교환·1천5백 명 재배치를 지시하다 산업스파이를 발견해 실행과 조직 정보가 앞선다.","L9941-L10126"
55,"N04·스파이 적발과 재배치",7,8,8,0.25,0.30,0.27,0.07,0.11,"계좌·아파트 증거로 중국 유출선을 끊고 500명을 적성 재배치해 조사 행동과 인사 관계 변화가 크다.","L10127-L10326"
56,"N04·다이먼 영입",6,9,8,0.19,0.18,0.40,0.12,0.11,"웨일과 결별한 다이먼에게 독립회사 전권을 주고 잡스 복귀 표를 모아 인재 관계가 중심이다.","L10327-L10491"
57,"N04·잡스 CEO 복귀",6,9,9,0.19,0.22,0.31,0.07,0.21,"SAVE가 NEXT 5억 달러를 내고 잡스를 애플 CEO로 복귀시켜 계약·동맹과 소프트웨어 권리가 지급된다.","L10492-L10663"
58,"N04·중공업 지분전 개시",7,6,9,0.29,0.23,0.20,0.06,0.22,"명동 13퍼센트와 현재그룹 구매력·태우 주식 교환을 설계해 지분 정보와 40퍼센트 인수전 준비가 앞선다.","L10664-L10840"
59,"N04·은행 지분과 사우디행",6,7,8,0.24,0.21,0.24,0.06,0.25,"은행마다 10억 달러를 예금해 중공업 지분을 모으고 살만 접견으로 넘어가 돈과 금융 관계가 균형을 이룬다.","L10841-L11024"
60,"N04·왕실 계약 씨앗",6,8,8,0.18,0.26,0.31,0.08,0.17,"살만에게 표트르 검을 주고 아크만 명의로 계열사 셋을 인수해 왕실 관계와 경영권 행동이 중심이다.","L11025-L11199"
61,"N04·36퍼센트 압박",8,8,9,0.22,0.22,0.20,0.07,0.29,"아크만 36퍼센트 지분 우위와 사우디 5조 정유사 안을 동시에 내밀어 지분·사업 규모가 압박을 만든다.","L11200-L11399"
62,"N04·조선 분리 승인",7,9,8,0.20,0.25,0.27,0.08,0.20,"사우디 직인 계약서로 김태중을 설득해 태우조선 분리와 오강철 처리권을 얻어 협상·권력관계가 앞선다.","L11400-L11547"
63,"N04·1조2천억 조선 매입",6,8,8,0.28,0.18,0.15,0.06,0.33,"다이먼이 조선을 1조2천억 원에 사며 부채와 전자 이자절감 수치를 진단해 금융 정보·자산 비중이 높다.","L11548-L11745"
64,"N04·휴대폰 매각 설득",7,6,9,0.27,0.21,0.34,0.12,0.06,"애플 주식 교환·공동브랜드로 김태중의 검토 승인을 얻지만 오강철 파업이 떠 관계 협상과 훅이 강하다.","L11746-L11893"
65,"N04·조선 파업과 매수 경쟁",8,7,8,0.18,0.36,0.25,0.08,0.13,"하청비리를 검찰에 넘기고 현진·삼진·현재를 경쟁시켜 파업 진압과 입찰 행동에 오래 머문다.","L11894-L12073"
66,"N04·오강철 제거 후 거부",7,7,9,0.18,0.32,0.27,0.13,0.10,"오강철·하청업체를 제거해 조선을 정리했지만 김태중이 휴대폰 매각을 거부해 행동 보상 뒤 관계 긴장이 남는다.","L12074-L12283"
67,"N04·주주권으로 조손 대결",8,5,9,0.23,0.25,0.36,0.12,0.04,"김태중 허락 없이 주총 의결을 택하고 우호표를 모아 조손 감정보다 공식 권력관계 대결에 체류한다.","L12284-L12471"
68,"N04·30대25 의결 승리",9,9,8,0.16,0.27,0.29,0.10,0.18,"국민연금·명동·은행 표로 30대25를 만들어 김태중을 이기고 독립 경영을 얻어 의결 행동과 지위 보상이 크다.","L12472-L12681"
69,"N04·CES 3개 수상",5,9,8,0.17,0.29,0.20,0.08,0.26,"슬라이드폰·TV·엠피맨 수상과 주문 폭주 뒤 애플 인수안이 올라 제품 행동과 시장 지위가 중심이다.","L12682-L12849"
70,"N04·애플·구글 지배지분",6,10,8,0.18,0.18,0.21,0.06,0.37,"애플 10퍼센트 교환·공동로고와 구글 49퍼센트 매입이 이어져 계약 자산과 지배블록 지급이 절정이다.","L12850-L13024"
71,"N04·디지털케이스와 본부 이동",5,8,9,0.20,0.19,0.31,0.12,0.18,"황영철을 구해 회사를 인수하고 팀을 애플 MP3로 옮기며 기획본부 이동 명분을 얻어 관계·지위가 앞선다.","L13025-L13225"
72,"N05·중국 판매 지렛대",6,7,9,0.31,0.19,0.29,0.07,0.14,"사장급 본부장으로 루마니아차 중국 판매를 설계하고 쩡훙친의 숨은 아들을 읽어 정보·인맥이 중심이다.","L13226-L13417"
73,"N05·쩡훙친 꽌시",6,8,8,0.20,0.21,0.41,0.09,0.09,"아들의 안전과 체면을 지켜 판매 허가·관세 우대를 받고 포드 합작을 꺼내 중국 권력관계가 지배한다.","L13418-L13604"
74,"N05·음원·전기차 준비",5,7,8,0.34,0.20,0.18,0.05,0.23,"포드 지위와 MCA 레코드로 음원구매·전기차·배터리 연구를 설계해 사업 정보와 자산 기반에 머문다.","L13605-L13786"
75,"N05·3자 합작 타결",6,9,8,0.18,0.24,0.30,0.06,0.22,"중국 판매 실적을 근거로 포드·태우·상하이차 합작을 체결해 계약 관계와 공장·수출 지위가 크다.","L13787-L13971"
76,"N05·인터넷 전환 승인",5,8,8,0.32,0.18,0.24,0.06,0.20,"합작 출범 뒤 전자상거래·HTS 보고서를 김태중에게 올려 계열사 인터넷 전환과 개발 승인을 받는다.","L13972-L14141"
77,"N05·제프리의 IT 조직 혁신",6,8,8,0.18,0.28,0.40,0.08,0.06,"IT 인재와 자유출퇴근 팀을 만든 뒤 제프리가 낡은 조직을 30분 만에 뒤집어 조직 관계 변화가 가장 크다.","L14142-L14342"
78,"N06·일본 차입 저지",7,6,9,0.31,0.21,0.27,0.08,0.13,"중국·미국 판매 성과와 일본 차입 위험을 김태중에게 대조하고 조지의 태국 공격 제안을 받아 정보 압박이 높다.","L14343-L14507"
79,"N06·태국 위기 포지션",8,7,8,0.27,0.25,0.25,0.06,0.17,"SAVE 150억 달러와 퀀텀 자금을 태국에 걸고 이선일의 한보 전 정리를 확인해 투자 행동·명동 관계가 균형을 이룬다.","L14508-L14696"
80,"N06·국가부도 경고",8,7,8,0.38,0.18,0.29,0.11,0.04,"대마불사 종말과 국가부도를 김태중에게 설명해 인수 중단·야당 지원을 끌어내므로 정보와 조손 설득이 중심이다.","L14697-L14870"
81,"N06·합법 정치자금",6,9,8,0.22,0.20,0.24,0.06,0.28,"후원회장 펀드를 열 배로 키워 100억 원을 합법 수익처럼 지급하고 200억 달러를 현금화해 자금 보상이 크다.","L14871-L15040"
82,"N06·전경련 회장 변수",5,8,8,0.28,0.16,0.34,0.12,0.10,"냅스터 대응을 논의하다 김태중의 전경련 회장 추대를 맞아 사업 정보보다 조손·정부 관계 변화에 머문다.","L15041-L15242"
83,"N06·조손 역할 회복",6,9,8,0.18,0.16,0.40,0.18,0.08,"조선·휴대폰 매각대금 3조 원을 위기 인수금으로 돌리며 김태중의 지휘권을 되살려 관계·감정 보상이 높다.","L15243-L15431"
84,"N06·부채율 0퍼센트",7,10,8,0.18,0.22,0.16,0.07,0.37,"환율 정점에 100억 달러를 옮겨 모든 부채를 갚고 SS오일을 협상해 재무 지위 보상이 절정이다.","L15432-L15607"
85,"N06·사우디 6조 실계약",6,9,8,0.20,0.22,0.31,0.06,0.21,"김태중이 압둘라에게 6조 정유 실계약과 원유 공급을 받아 왕실 관계와 계약 자산이 중심이다.","L15608-L15801"
86,"N06·아이팟·IMF 지급",5,10,9,0.19,0.27,0.24,0.07,0.23,"IMF에 무부채 신뢰를 심고 아이팟 3일 완판·애플 주가 두 배를 얻어 공개 제품 행동과 지위 보상이 크다.","L15802-L15983"
87,"N07·카이차 공격 개시",6,7,9,0.27,0.24,0.27,0.06,0.16,"다이먼을 불러 카이자동차 인수를 시작하고 베리뮤직 순위를 지시해 전략 정보·실행팀 관계가 균형을 이룬다.","L15984-L16165"
88,"N07·3조5천억 현금 압도",7,9,8,0.17,0.25,0.24,0.06,0.28,"채권단에 달러 현금 3조5천억 원을 제시해 현재차 안을 누르고 우선권을 얻어 자금·협상 보상이 높다.","L16166-L16347"
89,"N07·카이차 51퍼센트",5,9,8,0.24,0.17,0.20,0.06,0.33,"카이차 지분 51퍼센트를 인수하고 별도 브랜드·내부경쟁 원칙을 정해 소유권과 조직 설계가 앞선다.","L16348-L16547"
90,"N07·카를로스 곤 영입",5,9,9,0.19,0.18,0.42,0.11,0.10,"카를로스 곤에게 전권을 주어 사장으로 세우고 김태중에게 소개해 세계급 인재 관계가 중심이다.","L16548-L16721"
91,"N07·CL 승계 균열",6,6,8,0.29,0.20,0.38,0.08,0.05,"고연진에게 장녀 승계를 부추기고 아이돌 팬덤 후원을 지시해 CL 내부 관계 조작과 시장 정보가 길다.","L16722-L16900"
92,"N07·CL 빅딜·애국펀드",6,8,9,0.25,0.28,0.22,0.06,0.19,"백화점·카드와 배터리·통신 교환을 설계하고 30초 광고로 가입을 폭주시켜 거래 행동과 현금 유입이 앞선다.","L16901-L17076"
93,"N07·3조 펀드와 협상권",6,9,8,0.17,0.27,0.26,0.06,0.24,"애국펀드 3조 원을 만든 뒤 매각설로 CL이 먼저 오게 해 현금·협상 관계 보상이 크다.","L17077-L17271"
94,"N07·CL 포괄 교환",6,9,8,0.23,0.21,0.34,0.06,0.16,"고승택에게 카드·백화점과 통신·배터리를 맞바꾸고 현재 견제 이익을 제시해 거래 관계가 지배한다.","L17272-L17445"
95,"N07·스타벅스 독점",5,8,8,0.20,0.18,0.27,0.06,0.29,"스타벅스 50대50 독점권과 전자 성장·건설 부진을 결산해 유통 자산과 계열사 지위 대비가 중심이다.","L17446-L17615"
96,"N07·민자 컨소시엄 설계",6,6,9,0.35,0.18,0.20,0.06,0.21,"SAVE·퀀텀 7퍼센트를 숨긴 민자 컨소시엄과 태우건설 반전 구조를 설계해 정보·금융 구조에 머문다.","L17616-L17784"
97,"N07·40년 운영권",6,10,8,0.17,0.28,0.18,0.06,0.31,"지하철 9호선·거가대교를 따내고 태우건설을 시공사로 세워 사업권·도급 지위 보상이 크다.","L17785-L17953"
98,"N08·통신 3사 합병",5,9,8,0.25,0.19,0.30,0.06,0.20,"건설 수주를 사장단에 공개하고 한 달 만에 통신 3사를 합병해 조직 관계와 시장 지위가 앞선다.","L17954-L18127"
99,"N08·HTS와 해외 지분",5,8,8,0.28,0.23,0.18,0.05,0.26,"밸캐나다 전환사채를 확보하고 HTS를 완성해 기술·지분 정보와 다음 게임 유통 자산에 체류한다.","L18128-L18314"
100,"N08·5천 게임 플랫폼",6,9,8,0.24,0.24,0.24,0.05,0.23,"MC소프트에 100억 원을 투자하고 5천 게임 ESD를 출시해 계약·플랫폼 행동·독점 자산이 균형을 이룬다.","L18315-L18491"
101,"N08·플랫폼 지급·장례 브리지",6,8,10,0.18,0.21,0.29,0.18,0.14,"게임 쿠폰·가입자 보상 뒤 이선일 장례에서 이영한을 만나므로 관계·감정이 솟고 후반 브리지 훅이 가장 높다.","L18492-L18661"
102,"N09·비공식 감시망",6,5,8,0.34,0.26,0.27,0.08,0.05,"일본계 자금과 이영한 주변을 추적하도록 강 반장을 별도 가동해 정보 수집과 비공식 신뢰선이 중심이다.","L18662-L18838"
103,"N09·도주 의사·유산 의혹",7,5,9,0.43,0.16,0.19,0.13,0.09,"도주 의사와 사망 직전 100억 원대 상속을 추적하며 곰 죽음의 의혹 정보에 오래 머문다.","L18839-L19009"
104,"N09·살해 배후와 배신",8,6,9,0.36,0.25,0.24,0.10,0.05,"의사 진술로 박광도의 강요와 박 팀 배신을 한꺼번에 확인해 폭로 정보와 추적 긴장이 높다.","L19010-L19211"
105,"N09·이영한 동맹·금리전",7,8,8,0.23,0.19,0.38,0.10,0.10,"이영한의 오만이 위장이었음을 듣고 10조 원 금리전을 맡겨 후계자 동맹 관계가 지배한다.","L19212-L19368"
106,"N09·OTT 실행축",5,7,8,0.37,0.19,0.24,0.05,0.15,"다이먼에게 명동을 맡긴 뒤 셋톱박스·IPTV·OTT·영화 유통을 설계해 사업 정보 비중이 높다.","L19369-L19527"
107,"N09·블리자드·아이폰 특허",5,9,8,0.22,0.18,0.18,0.04,0.38,"고평가 IT 주식으로 블리자드 100퍼센트와 아이폰 특허 100건 이상을 사 자산 보상이 회차를 이끈다.","L19528-L19714"
108,"N09·야쿠자 암살 징후",8,5,9,0.33,0.27,0.26,0.10,0.04,"이준수·박 팀의 야쿠자 동원을 포착하고 경호 200명을 가동해 위협 정보와 방어 행동이 중심이다.","L19715-L19880"
109,"N09·오성파 돈줄 절단",9,8,8,0.18,0.39,0.27,0.10,0.06,"경찰·검찰·특수부대·국세청으로 오성파 재산을 치고 원로 셋을 끌어들여 행동과 연합 관계가 크다.","L19881-L20080"
110,"N09·명동 후계 승인",9,9,8,0.15,0.34,0.32,0.13,0.06,"야쿠자 습격을 버틴 이영한을 원로 앞에 세워 공식 후계 승인을 받아 행동·관계 보상이 절정이다.","L20081-L20250"
111,"N09·70퍼센트와 e스포츠",6,9,9,0.19,0.22,0.29,0.08,0.22,"이영한의 명동 70퍼센트 장악과 e스포츠 협회 출범이 약속 결산·플랫폼 확장을 함께 지급한다.","L20251-L20420"
112,"N10·통신 1위 현금창구",5,8,8,0.29,0.17,0.17,0.05,0.32,"KS보다 5퍼센트 앞선 통신 1위와 IT 가치를 반도체·배터리 투자 재원으로 묶어 지위·재무 정보가 중심이다.","L20421-L20584"
113,"N10·일본 자산전·트럼프",6,7,9,0.27,0.20,0.37,0.07,0.09,"엔화·금리 양면 공격을 정하고 모델하우스에서 트럼프를 맞아 금융 전략과 새 인맥 관계가 앞선다.","L20585-L20769"
114,"N10·무료 셋톱박스와 규제",7,7,9,0.29,0.29,0.20,0.08,0.14,"셋톱박스·인터넷TV를 무료 보급하고 LCD 공급을 나누자 관료·통신사가 규제를 모의해 정보와 실행 압박이 높다.","L20770-L20949"
115,"N10·강민 인터넷 강의",7,8,8,0.20,0.29,0.33,0.09,0.09,"유해론 시위에 맞서 강민을 영입하고 저가 강의를 내놓아 인재 관계와 역공 행동이 중심이다.","L20950-L21122"
116,"N10·부분 유료화 결산",5,9,8,0.24,0.18,0.15,0.05,0.38,"강의를 수익화하고 대부업 파생 400억~800억 달러 회수 가능성을 점검해 현금·시장 지위 보상이 크다.","L21123-L21297"
117,"N11·새천년 가족·현 그룹",5,6,9,0.34,0.12,0.31,0.16,0.07,"김태중의 결혼 압박과 현 그룹 여섯 아들 분할을 함께 분석해 가족 관계·승계 정보에 머문다.","L21298-L21474"
118,"N11·현 반도체 서면 약속",6,8,8,0.24,0.19,0.38,0.06,0.13,"장경준과 장영준 선총수·현 건설·반도체 교환 계약을 맺어 후계 동맹 관계와 계약 보상이 중심이다.","L21475-L21647"
119,"N11·IT 할인 구간",5,7,8,0.36,0.17,0.17,0.04,0.26,"현 반도체 인수 준비와 40~50퍼센트 급락한 IT 종목 재매수 시점을 잡아 시장 정보·자산 판단이 앞선다.","L21648-L21825"
120,"N11·대부업 자산 회수",7,9,8,0.20,0.27,0.19,0.05,0.29,"일본계 자산 압류와 IT 지분 재매수·파생 1.5배 재판매를 병행해 금융 행동과 자산 보상이 높다.","L21826-L22000"
121,"N11·35대3 승진 기반",6,8,9,0.23,0.22,0.26,0.07,0.22,"아이폰 시제품·푸틴 초청 뒤 사장단 35대3 표결을 받아 기술 기대와 공식 지위가 함께 상승한다.","L22001-L22200"
122,"N11·부회장과 푸틴 독대",6,9,8,0.18,0.18,0.39,0.10,0.15,"90퍼센트 지지로 부회장이 된 뒤 푸틴의 다차에 들어가 그룹·국가 최고권력 관계가 중심이다.","L22201-L22405"
123,"N11·러시아 에너지 동맹",7,9,8,0.31,0.17,0.31,0.06,0.15,"올리가르히 해체 지원 범위와 한국 에너지 권리를 교섭해 자원 조건과 푸틴 동맹에 오래 머문다.","L22406-L22595"
124,"N11·장수영 축출 비용",7,9,8,0.16,0.26,0.32,0.19,0.07,"인사권으로 장수영을 밀어내 복수를 지급하지만 김태중의 상실감을 감수해 관계·감정 비용이 크다.","L22596-L22793"
125,"N12·현 건설 부도 시계",6,7,9,0.39,0.14,0.25,0.05,0.17,"디아블로2 실적 뒤 장경준에게 미수금 1조·손실 2조·10월 부도를 제시해 재무 정보와 거래 시간표가 중심이다.","L22794-L22969"
126,"N12·애플 매집·첫 부도",7,6,8,0.29,0.23,0.29,0.05,0.14,"명동 원로에게 애플을 모으게 하고 은행 기회를 약속한 뒤 현 건설 첫 부도를 압박해 정보·동맹이 균형을 이룬다.","L22970-L23156"
127,"N12·최대 채권자 압박",8,7,9,0.25,0.25,0.20,0.05,0.25,"SAVE 달러채권으로 현 건설 생사를 쥐고 최고가 매각·반도체 계약을 강제해 금융 권력과 실행 압박이 높다.","L23157-L23305"
128,"N12·현 총수의 구조 요청",7,7,8,0.23,0.22,0.39,0.10,0.06,"장영주가 다른 총수에게 입찰 포기를 호소하고 김태중에게 살려 달라 청해 재벌 권력관계 역전이 중심이다.","L23306-L23477"
129,"N12·협상 우위 유지",6,6,9,0.36,0.17,0.25,0.04,0.18,"장영주의 반도체 요청에도 서두름을 숨기며 주식 소각·퀄컴 매수를 준비해 전략 정보와 협상 관계가 앞선다.","L23478-L23644"
130,"N12·미 공장·애플 수요처",6,8,8,0.27,0.19,0.30,0.05,0.19,"부시에게 100억 달러 공장을 약속하고 잡스에게 독점 공급을 제시해 정치·수요처 관계와 투자 규모가 크다.","L23645-L23831"
131,"N12·부채 65퍼센트 탕감",7,9,8,0.26,0.20,0.20,0.05,0.29,"아이폰 일정의 조급함을 감춘 채 현 반도체 부채 65퍼센트 탕감을 받아 금융 조건 보상이 높다.","L23832-L24029"
132,"N12·태우반도체 출범",6,9,8,0.22,0.21,0.31,0.05,0.21,"현 반도체 인수를 공식화하고 유석재를 책임자로 세우며 세금 감면을 요구해 인재·조직 지위가 앞선다.","L24030-L24220"
133,"N12·상속과 두 부사장",5,9,8,0.22,0.14,0.38,0.08,0.18,"낮은 주가에 상속을 마치고 유석재·웨이를 공동 부사장으로 세워 승계 자산과 리더십 관계가 중심이다.","L24221-L24408"
134,"N12·아이폰 300만 대",5,10,9,0.16,0.30,0.20,0.08,0.26,"CES 공개와 300만 대 대기 수요·애플 주가 반등이 한꺼번에 터져 제품 행동과 시장 보상이 솟는다.","L24409-L24613"
135,"N12·미국 방패·중국 경로",5,7,8,0.27,0.17,0.38,0.05,0.13,"부시의 공장 약속을 고정하고 쩡홍친을 만나러 가며 미·중 최고위 관계 관리에 오래 머문다.","L24614-L24799"
136,"N12·텐센트 51퍼센트",5,9,8,0.27,0.23,0.28,0.04,0.18,"중국차 성장 확인 뒤 마화명과 51퍼센트 합작을 만들고 게임을 주문해 계약 관계와 모바일 선점이 크다.","L24800-L24980"
137,"N13·김태중 구속 위험",8,5,9,0.33,0.25,0.25,0.13,0.04,"게임 투자 도중 윤현길 수사와 김태중 구속 위험이 터져 공격 시간표 정보와 역공 준비가 중심이다.","L24981-L25166"
138,"N13·다국적 약점 수집",7,7,8,0.37,0.17,0.31,0.08,0.07,"장례식에 모인 푸틴·중국·미국 인맥의 비리 자료를 받아 약한 건부터 흘려 정보·외교 관계가 앞선다.","L25167-L25375"
139,"N13·돈 증거와 이간질 공개",8,7,8,0.27,0.29,0.33,0.07,0.04,"사진·영상·장부로 측근을 빼내고 장영준 메모를 장경준에게 보여 주어 행동과 관계 역공이 크다.","L25376-L25549"
140,"N13·장수영의 퇴로 봉쇄",7,6,8,0.24,0.21,0.42,0.09,0.04,"장경준과 오해를 풀고 축출된 장수영이 희생양을 거부하게 해 배신자 관계의 역설이 중심이다.","L25550-L25727"
141,"N13·윤현길 항복",8,10,8,0.20,0.28,0.30,0.10,0.12,"태우 무혐의를 확인하고 국제 비리 자료로 윤현길을 항복시켜 가족 보호·정치 복수 보상이 절정이다.","L25728-L25921"
142,"N13·김태중의 베트남 퇴진",6,8,9,0.19,0.17,0.41,0.17,0.06,"윤현길을 미끼로 묶고 은퇴하려는 김태중에게 베트남 체류를 허용해 총수권과 조손 감정이 중심이다.","L25922-L26107"
143,"N14·WIPI 외부 압박",7,5,9,0.38,0.23,0.25,0.07,0.07,"통신 카르텔 협상 실패 뒤 데이비드를 미국으로 보내 무역 압박을 설계해 제도 정보와 대응 행동이 앞선다.","L26108-L26283"
144,"N14·301조로 법규 제거",8,9,8,0.26,0.31,0.25,0.06,0.12,"아이폰 흥행·슈퍼 301조·공동성명을 가동해 방송위원회 철회 지시를 받아 정치 행동과 관계 보상이 크다.","L26284-L26459"
145,"N14·카르텔 내부 분열",7,7,8,0.24,0.29,0.37,0.05,0.05,"장경준 정치망과 300만 대 부품계약·일본 대체 압박으로 삼진·CL 내부 이해를 갈라 관계전이 지배한다.","L26460-L26621"
146,"N14·국내 아이폰 길",6,9,8,0.20,0.25,0.26,0.06,0.23,"삼진의 WIPI 철회와 국내 조립비 부담을 받아 판매 길을 열어 계약 행동과 시장 지위 보상이 크다.","L26622-L26781"
147,"N15·10만 대와 와이파이망",5,9,8,0.18,0.31,0.18,0.07,0.26,"아이폰 10만 대 일주일 완판 뒤 500곳 와이파이·충전망을 깔아 제품·인프라 행동이 중심이다.","L26782-L26941"
148,"N15·AI 50대50 합의",5,9,8,0.25,0.16,0.29,0.05,0.25,"전자 주가 회복을 확인하고 잡스와 AI 비용·지분을 절반씩 나눠 기술 정보·동맹·지분이 균형을 이룬다.","L26942-L27105"
149,"N15·TV·태블릿·로봇 제안",5,7,9,0.35,0.20,0.27,0.04,0.14,"애플 TV 70대30 조건과 베조스 로봇 공장을 연달아 제안해 사업 설계 정보와 파트너 관계가 앞선다.","L27106-L27278"
150,"N15·아마존 동맹·WTC 임차",6,8,9,0.22,0.23,0.27,0.05,0.23,"로봇 공동개발과 WTC 99년·32억 달러 임차를 체결해 글로벌 관계와 실물 거점 보상이 크다.","L27279-L27463"
151,"N15·WTC 생존장치",7,7,9,0.27,0.34,0.18,0.10,0.11,"보험·전면 리모델링·입주자 비우기·구조 인력과 장비 배치가 이어져 준비 행동과 위험 정보가 중심이다.","L27464-L27639"
152,"N15·9·11 무사망 구조",10,10,9,0.14,0.39,0.16,0.22,0.09,"9·11 직후 크레인·구조대를 투입해 건물 내부 사망을 막고 붕괴를 통제해 행동·생존 감정이 최고점이다.","L27640-L27823"
153,"N15·제임스 힌톤·미국 방패",6,9,9,0.26,0.16,0.39,0.05,0.14,"토론토대 교수 제임스 힌톤을 영입하고 미국 식당에서 조지 슐츠와 반덤핑 예외·SAVE 보호를 교환해 세계급 인재와 미국 정치 관계가 중심이다.","L27824-L28005"
154,"N16·세이월드 투자 기회",5,7,8,0.30,0.15,0.37,0.07,0.11,"아이폰·스마트TV 실적을 받은 뒤 서광수에게 투자·독립경영을 제안하고 KS 계약 변수를 들어 관계 협상에 머문다.","L28006-L28171"
155,"N16·강탈 계약과 복수 선언",7,6,9,0.31,0.25,0.31,0.09,0.04,"70억 원 계약과 박동희 강압을 확인하고 독자 SNS로 계약을 독으로 만들겠다고 선언해 정보·관계·행동이 팽팽하다.","L28172-L28345"
156,"N16·SNS 조직·카드 임무",6,7,8,0.24,0.25,0.37,0.06,0.08,"태우IT 100명에게 기능과 복지를 나누고 다이먼에게 CL카드를 맡겨 조직 관계와 임무 배치가 중심이다.","L28346-L28515"
157,"N16·마크·삼진 특허 협상",6,8,8,0.24,0.17,0.43,0.05,0.11,"마크를 30퍼센트 장학생으로 묶고 오희건과 핵심특허를 협상해 창업자·경쟁사 관계에 오래 머문다.","L28516-L28676"
158,"N16·기본 앱 생태계",5,8,8,0.32,0.16,0.29,0.04,0.19,"특허료를 낮추는 대신 태우 앱 기본탑재를 얻고 카드 부실을 재확인해 장기 수익 구조 정보가 앞선다.","L28677-L28838"
159,"N16·메신저·숏폼 창업자",5,9,8,0.22,0.17,0.44,0.05,0.12,"임재범과 서문영에게 지분·50억 원을 제시해 메신저·숏폼 핵심 개발자를 묶으므로 인재 관계가 지배한다.","L28839-L29001"
160,"N16·CL카드 금융 포위",7,6,9,0.32,0.30,0.24,0.05,0.09,"10조 원 유동성 문제를 설명하고 명동에 대출 차단·채권 압박을 맡겨 금융 정보와 포위 행동이 중심이다.","L29002-L29175"
161,"N16·CL카드 인수 조건",8,8,8,0.23,0.27,0.31,0.06,0.13,"현금서비스 중단 뒤 2조 원·부채 조건과 정부 탕감을 협상해 채권단 관계와 인수 행동이 앞선다.","L29176-L29348"
162,"N16·카드채 20조 방어",7,8,8,0.27,0.24,0.19,0.05,0.25,"CL카드를 인수하고 숨은 부실 2조·카드채 20조를 태우증권과 추심망으로 버텨 금융 정보·자금 압박이 크다.","L29349-L29514"
163,"N16·월드컵 광고 선점",5,7,8,0.28,0.20,0.27,0.06,0.19,"불법 정치자금을 끊고 대표팀·히딩크·선수 광고권을 미리 잠가 계약 정보와 브랜드 관계가 중심이다.","L29515-L29678"
164,"N16·BIS 조작 폭로",8,8,9,0.29,0.31,0.22,0.07,0.11,"이일석 증언을 감사원·청와대 수사로 연결해 론스타 매각판을 깨고 CES를 준비해 정보·행동 압박이 높다.","L29679-L29858"
165,"N16·스마트TV·은행 내부선",6,8,8,0.18,0.27,0.34,0.05,0.16,"CES 공동제품 공개와 이수현 회유를 병행해 발표 행동과 외환은행 내부 관계가 앞선다.","L29859-L30047"
166,"N16·외환은행 1조5천억",7,10,9,0.16,0.25,0.22,0.06,0.31,"다이먼이 1조5천억 원으로 론스타를 누르고 외환은행·글로벌 결제거점을 얻어 소유·지위 보상이 절정이다.","L30048-L30224"
167,"N17·천민정 구출",7,7,9,0.26,0.29,0.30,0.11,0.04,"S급 천민정을 채용자료에서 찾아 술집 위험에서 즉시 구하고 영입해 추적 행동과 보호 관계가 중심이다.","L30225-L30423"
168,"N17·검사 가족 제압",8,9,8,0.16,0.32,0.34,0.13,0.05,"강 대위·검찰 인맥으로 가해 검사 가족을 눌러 아들을 해외로 보내 천민정 가족 보호가 실제 권력으로 지급된다.","L30424-L30612"
169,"N17·비트코인 극비팀",5,8,8,0.36,0.19,0.33,0.05,0.07,"천민정·암호학자에게 채굴·분산장부 구조를 설명하고 극비팀을 시작해 기술 정보와 인재 관계가 지배한다.","L30613-L30819"
170,"N17·월드컵 8강 광고",6,9,8,0.17,0.35,0.19,0.19,0.10,"대표팀 승리와 실시간 광고·붉은 응원단이 함께 폭발해 대중 행동과 전국적 감정 보상이 높다.","L30820-L31015"
171,"N17·4강·가족빚 지급",5,9,8,0.15,0.18,0.34,0.22,0.11,"4강 광고를 결산하고 천민정 부친의 사채를 정리해 회사가 가족 안전망이 되는 관계·감정 보상이 크다.","L31016-L31200"
172,"N17·개인화 AI 제품화",5,8,8,0.36,0.19,0.32,0.05,0.08,"밤샘 통화로 추천·광고·푸시 알고리즘을 제품화해 AI 정보와 민재·천민정 협업 관계에 오래 머문다.","L31201-L31388"
173,"N17·구태 임원 축출",6,7,8,0.22,0.28,0.38,0.08,0.04,"서정준을 내친 안상수와 임원을 조사해 베트남으로 보내고 젊은 인재를 살려 조직 관계 변화가 중심이다.","L31389-L31569"
174,"N17·열애 오해 해소",4,8,8,0.17,0.13,0.42,0.24,0.04,"천민정에게 열애설 상대가 자신임을 밝혀 불안을 풀고 코코아톡 금융안을 받아 관계·감정 체류가 가장 길다.","L31570-L31756"
175,"N17·무료 SNS·데이터센터",5,8,8,0.34,0.20,0.22,0.05,0.19,"페이스북·코코아톡 무료 출시와 5천억~1조 원 데이터센터 입지를 설계해 플랫폼 정보·실물 규모가 앞선다.","L31757-L31915"
176,"N17·세이월드 복수 지급",6,10,8,0.15,0.26,0.40,0.11,0.08,"서광수와 핵심 직원을 페이스북으로 되찾아 박동희 강탈을 독으로 만들므로 관계 회수와 복수 보상이 절정이다.","L31916-L32080"
177,"N18·가족 허락",4,9,8,0.14,0.11,0.43,0.27,0.05,"김태중이 천민정의 배경을 따지지 않고 손자 곁을 허락해 새 가족 수용의 관계·감정 보상이 회차를 지배한다.","L32081-L32276"
178,"N18·페이팔·머스크",6,9,9,0.23,0.19,0.37,0.05,0.16,"20억 달러로 페이팔을 사고 머스크와 직접 만나 전기차·에너지·우주 동맹을 열어 인재 관계와 자산이 크다.","L32277-L32455"
179,"N18·100억 달러 미래 투자",6,8,8,0.28,0.17,0.28,0.04,0.23,"머스크에게 100억 달러 장기 투자를 약속하고 페이팔을 코코아톡 은행과 결합해 금융 구조·자산이 앞선다.","L32456-L32617"
180,"N18·IIT 교육 거점 구상",5,7,9,0.42,0.14,0.27,0.05,0.12,"힌톤 교수진과 IIT 한국 캠퍼스로 장기 인재 공급을 설계해 교육 정보와 제도 구상이 중심이다.","L32618-L32797"
181,"N18·정치자금 전면수사",8,8,9,0.27,0.29,0.32,0.07,0.05,"KS 불법자금을 조사하고 검찰총장 라인으로 재벌 수사를 점화해 정치 행동과 권력관계가 팽팽하다.","L32798-L32963"
182,"N18·KS 증거·SNS 복수",8,10,8,0.20,0.32,0.30,0.11,0.07,"100억 원이 넘는 정치자금과 총 2천억 원 비자금·현금차량 사진을 넘기고 세이월드 몰락을 확인해 행동·복수 보상이 크다.","L32964-L33126"
183,"N18·틱탁톡 비밀 개발",5,7,8,0.35,0.17,0.32,0.05,0.11,"깨끗한 태우의 위치를 굳힌 뒤 서문영 팀에 숏폼 SNS를 맡겨 기술 정보와 인재 협업에 머문다.","L33127-L33294"
184,"N18·비트코인 실사용",5,8,9,0.31,0.24,0.26,0.04,0.15,"게임 아이템·국경 없는 결제로 비트코인 첫 수요를 만들고 WWDC로 가 기술 정보와 생태계 행동이 앞선다.","L33295-L33460"
185,"N18·WWDC 통합 시연",6,10,9,0.18,0.37,0.21,0.08,0.16,"시리·가전 IoT·자동차 원격 시동을 세계 무대에서 실시간 시연해 공개 행동과 기업 지위 보상이 솟는다.","L33461-L33664"
186,"N18·이어폰·시계 선행기획",4,9,8,0.34,0.15,0.32,0.04,0.15,"잡스와 노이즈캔슬링 이어폰·건강·지도·음성 시계를 기획해 기술 정보와 공동개발 관계가 중심이다.","L33665-L33838"
187,"N19·품절과 생산 병목",6,8,9,0.29,0.26,0.23,0.07,0.15,"세계 주문 폭증을 확인하고 우성일에게 책임을 물어 베트남·인도 증설을 지시해 생산 정보·행동 압박이 앞선다.","L33839-L34048"
188,"N19·인도 공장·IIT 거래",6,8,8,0.32,0.16,0.39,0.04,0.09,"미모안 싱에게 공장·선거 지원과 IIT 캠퍼스를 교환해 국제 정치 관계와 협상 정보에 오래 머문다.","L34049-L34214"
189,"N19·허준·허황후 여론전",5,7,8,0.38,0.22,0.24,0.08,0.08,"허준·허황후 다큐와 한류 캠페인으로 IIT 여론을 만들고 아노르 협업을 타진해 문화 전략 정보가 중심이다.","L34215-L34387"
190,"N19·델핀 신뢰",5,8,8,0.25,0.17,0.43,0.10,0.05,"델핀에게 미래 가전·AI를 보여 주고 중국 허가를 해결해 가문 파트너·혼인 후보 관계가 부각된다.","L34388-L34604"
191,"N19·아노르 지급·정치 훅",6,9,10,0.31,0.13,0.29,0.12,0.15,"아노르 유통·협업과 태우 청렴을 확인한 뒤 독자 정치세력 필요가 명시돼 결산 정보와 다음 훅이 강하다.","L34605-L34776"
192,"N20·교섭단체 목표·민우 위험",7,5,10,0.33,0.17,0.29,0.17,0.04,"30명 정치연합을 설계하는 중 민우 학교폭력 보고가 들어와 제도 정보와 직원 가족 보호 감정이 겹친다.","L34777-L34942"
193,"N20·학교 구출·증거",8,6,8,0.24,0.34,0.25,0.13,0.04,"경호원을 보내 민우를 구하고 추영택의 폭행·교사 묵인을 모아 현장 행동과 권력 배후 정보가 중심이다.","L34943-L35136"
194,"N20·학부모 회의 보호",8,7,9,0.18,0.30,0.35,0.14,0.03,"민재가 학부모 회의에 나타나 학교·동문·검찰선을 움직여 공개 보호 행동과 권력관계 대결이 크다.","L35137-L35343"
195,"N20·사과·전학 지급",8,10,8,0.12,0.31,0.38,0.15,0.04,"화원정밀 거래를 끊고 검사 상급자를 압박해 무릎 사과·전학을 받아 천민정의 신뢰와 보호 보상이 절정이다.","L35344-L35519"
196,"N20·딥러닝·정치방벽 확장",6,8,9,0.36,0.14,0.37,0.07,0.06,"딥러닝·부산 데이터센터·최재석 정당을 연결하고 김태중이 위험을 나눠 기술 정보와 정치 관계가 중심이다.","L35520-L35684"
197,"N20·국민경제당 원칙",5,8,8,0.24,0.14,0.50,0.06,0.06,"김태중이 최재석에게 깨끗한 의원 50명과 국가사업 지원 원칙을 맡겨 조부·정치 지도자 관계가 지배한다.","L35685-L35841"
198,"N20·데이터센터·태우상사",6,7,8,0.35,0.19,0.24,0.05,0.17,"부산 데이터센터·정책팀을 붙이고 태우상사를 원자재 회사로 바꿔 조직 설계 정보가 가장 크다.","L35842-L36008"
199,"N20·광산·경제공약",6,7,9,0.31,0.25,0.22,0.05,0.17,"리튬·코발트·니켈 광산 매입과 미국 선거 전문가·경제공약을 동시에 지시해 정보·실행이 앞선다.","L36009-L36165"
200,"N20·글로벌 영상협상 미결",6,7,9,0.32,0.18,0.35,0.05,0.10,"CES 가전 지급 뒤 김익수에게 수천억 원 글로벌 영상 연합을 제시하고 답을 남겨 사업 정보·협상 관계와 훅이 크다.","L36166-L36346"
