arc_id,arc_name,start_sequence,end_sequence,start_label,end_label,episode_count,main_characters,main_locations,concrete_premise,central_question,promise,pressure_escalation,mid_turn,concrete_payoff,relationship_change,status_or_ability_change,residual_cost,next_arc_bridge,boundary_signals,confidence
PART-001,고시원 회귀와 SAVE 사전기지,1,15,1화,15화,15,김민재·김태중·김택훈·한정훈·제프리·데이비드·조지·살만,고시원·김태중 생일연회·태우증권·홍콩 법인·사우디 왕실·월가·하버드,고시원에서 죽은 김민재가 17세로 돌아와 파텍필립 시계 사기를 폭로하고 100만 달러를 받은 뒤 한정훈 팀·SAVE·퀀텀·공직 펀드를 만든다.,미성년자인 김민재가 태우그룹에 들어가기 전에 가족과 회사를 지킬 돈·인재·정치 방패를 자기 힘으로 만들 수 있는가?,김민재는 전생의 빈곤과 할아버지의 죽음을 되풀이하지 않고 미래 지식과 신상명세서 능력으로 태우를 살릴 기반을 먼저 갖추겠다고 약속한다.,220억 원 일본 붕괴 베팅·이라크 침공과 유가 양방향 포지션·제프리의 혹독한 운영·조지의 프랑화 배신 계획이 돈과 조직을 잃을 위험을 차례로 키운다.,이라크 침공과 사막의 폭풍 작전에서 유가 상승·하락을 모두 맞혀 100억 달러를 만들고 네 직원과 미국 SAVE로 이동하면서 개인 용돈 투자가 독립 금융조직으로 바뀐다.,걸프전 100억 달러·SAVE 조직·퀀텀 장기 동맹·한정훈과 월가 인재·하버드 조기졸업·공직자 100명 펀드가 실제로 지급된다.,김태중은 철없는 손자가 아니라 그룹을 지킬 후계자로 김민재를 보기 시작하고 한정훈·제프리·데이비드·조지는 돈을 함께 움직이는 장기 동료가 된다.,김민재는 17세 회귀자와 신상명세서 보유자에서 100억 달러 투자회사 실소유주·하버드 졸업생·미국 정재계 인맥 보유자로 바뀐다.,태우의 89조 원 부채와 김태중 생존·살생부 복수는 아직 손대지 못했고 SAVE 실소유를 숨겨야 하는 비용이 남는다.,3년 뒤 김포공항으로 돌아온 김민재가 첫 칼춤 장소로 창원 부품공장을 고르고 태우 차장으로 입사한다.,하버드 3년 시간 점프와 미국에서 김포·창원으로의 장소 교체가 일어난다; 학생 투자자의 목표가 자금 구축에서 태우 내부 비리 적출로 바뀌고 공식 신분도 창원 차장으로 변한다.,0.98
PART-002,창원 장부와 명동 4천억 절단,16,31,16화,31화,16,김민재·김태중·김택훈·강인식·윤일섭·서우태·박권흠·이준수·이선일·박진훈·한지혜·주영미,창원 부품공장·감사팀·노조 현장·사장단 회의실·명동·광화문 고택,창원 차장 김민재가 고철·팔레트 횡령과 불륜 이중장부를 캐내고 감사본부장 권한·기관 공조·CT은행 대환으로 이준수와 명동의 4천억 원 자금선을 끊는다.,김민재가 회장 손자라는 위세에만 기대지 않고 공장 증거·노조 표·수사기관·은행 대환을 묶어 태우 내부 첫 배신망을 끊을 수 있는가?,창원 현장에서 실제 장부와 사람을 잡아 전생에 회사를 갉아먹은 내부 배신자를 한 명씩 살생부에서 지운다는 약속이다.,서우태의 횡령·공장장과 경리들의 불륜·이준수의 명동 사채 4천억 원·노조 파업·정수철과 사장단의 고립 공작이 현장과 본사를 동시에 압박한다.,김민재가 파업을 일부러 끌어낸 뒤 반대 파벌·삐라·사법처리로 반대 51퍼센트를 만들고 CT은행 법인장을 사장단 회의에 들이면서 현장 싸움이 금융 절단으로 전환된다.,CT은행 저리대출로 명동 4천억 원을 상환하고 이준수를 끌어내리며 창원 비리 인원 47명에게 감봉·해고·형사조치를 지급한다.,김태중은 태우를 떠날 수도 있다는 손자의 배수진을 받아 감사본부장 권한을 주고 윤일섭·강인식은 김민재의 직속 실행선이 되며 이선일은 이준수를 거둔 적으로 남는다.,창원 차장 김민재는 그룹 감사팀 본부장과 CT 대환을 움직이는 실권자로 올라서고 공장 내부고발·기관 공조망을 갖춘다.,박진훈과 사장단 윗선은 남아 있고 이준수를 명동에서 완전히 제거하지 못했으며 공개 숙청 뒤 계열사 임원들의 집단 반발이 남는다.,박진훈과 사장단은 김민재를 감사에서 떼어 내기 위해 기술·경제연구소장으로 보내는 유배안을 통과시킨다.,창원 비리·명동 차입은 47명 징계와 4천억 원 상환으로 결산된다; 다음 주무대가 창원 감사현장에서 태우전자 연구소로 바뀌고 주 상대도 이준수에서 박진훈·제품시장으로 교체된다.,0.98
PART-003,이노폰과 박진훈 축출,32,52,32화,52화,21,김민재·김태중·박진훈·우성일·후쿠다·박준일·조나단·스티브·구디너프·황영철·이선일·강인식,태우 기술·경제연구소·인천·부천 공장·명동·독일 가전박람회·타임스퀘어·강남 공개 시연장,연구소장 김민재가 박준일·조나단·스티브·구디너프·황영철을 묶어 폴더폰 이노폰과 MP3 특허를 만들고 박진훈의 거짓 결함 보도를 세계 공개 시연으로 뒤집는다.,벽지 연구소와 1년이라는 유배 함정을 실제 휴대폰·특허·판매 성과로 바꿔 박진훈의 자리와 살생부 한 칸을 함께 결산할 수 있는가?,김민재는 보고서나 말이 아니라 소비자가 사는 제품을 내놓아 기술을 외면한 박진훈을 끌어내리고 태우전자의 미래를 증명하겠다고 약속한다.,후쿠다의 과잉 차입 경고·국제 특허·OS와 배터리 조달·24일 생산·27만 대 선재고·삼풍 붕괴 구조·박진훈의 내부 스파이와 1면 허위기사가 실패 비용을 키운다.,삼풍 붕괴에서 태우건설·병원을 먼저 투입해 국민기업 평판을 얻은 뒤 잡스가 독일 무대에서 이노폰을 시연하면서 연구실 제품이 세계 바이어의 주문으로 바뀐다.,이노폰 30만 대 완판·미국 30만 대와 유럽 10만 대 주문·톰슨 MP3 특허·박진훈 축출·태우전자 사장 추천이 실제로 지급된다.,김태중은 손자의 제품 판단을 인정하고 우성일·박 기자·조 차장과 사장단 일부는 박진훈에게서 돌아서 김민재의 증인·실행자가 된다.,연구소장 김민재는 국제 특허·공장·판매망을 지휘하는 제품 경영자로 올라서고 박진훈을 살생부에서 직접 지운다.,태우전자의 지분과 진짜 소유권은 아직 김태중에게 있고 그룹 차입금·중공업 부채·휴대폰 사업의 장기 비용은 남는다.,사장 취임을 권유받은 김민재가 직함만으로는 회사를 바꿀 수 없다며 김태중에게 태우전자 지분을 요구한다.,이노폰 판매와 박진훈 복수가 30만 대·축출로 함께 닫힌다; 연구소장 지위가 사장·지분 승계자로 바뀌며 지배 질문도 제품 성공에서 소유주로서의 구조수술로 교대한다.,0.99
PART-004,태우전자 소유와 조선·애플 교환,53,71,53화,71화,19,김민재·김태중·우성일·다이먼·스티브·이선일·아크만·살만·오강철·장영준·황영철,태우전자·태우중공업·태우조선·주주총회·사우디 정유 협상장·애플·구글·디지털케이스,태우전자 지분을 상속받아 사장이 된 김민재가 중공업 지분전과 사우디 직인 계약으로 조선을 떼고 주총 30대25 승리로 휴대폰 사업을 애플 지분·공동로고와 교환한다.,김민재가 태우전자 주인으로 실제 권한을 쓰면서도 그룹 부채와 실패 사업을 미래 지분·현금·기술동맹으로 바꿀 수 있는가?,김민재는 회장 손자의 직함이 아니라 자기 지분과 공식 의결권으로 회사를 수술하고 태우전자를 세계 기업으로 만들겠다고 약속한다.,산업스파이·1천5백 명 재배치·태우중공업 지분 40퍼센트 싸움·오강철 하청비리와 파업·김태중의 휴대폰 매각 거부·엠피맨 판매 실패가 소유주의 책임을 키운다.,김태중이 휴대폰 매각을 거부하자 김민재가 명동·국민연금·은행 의결권을 모아 주총 30대25로 할아버지를 이기면서 가족 설득이 공식 지배권 행사로 전환된다.,태우전자 지분과 사장 전권·태우조선 부채 분리·사우디 정유 출구·애플 주식 10퍼센트 교환과 공동로고·구글 49퍼센트·디지털케이스 100퍼센트가 지급된다.,김태중과 김민재는 주총에서 적으로 맞선 뒤 독립 경영의 경계를 다시 정하고 다이먼·스티브·살만은 구조조정과 기술·정유의 장기 동맹이 된다.,김민재는 연구개발 책임자에서 태우전자 소유주·사장으로 올라선 뒤 그룹 사장급 기획본부장으로 이동할 권한을 얻는다.,조손 간 주총 대결의 감정 비용과 태우그룹 나머지 부채가 남고 애플·구글·MP3 자산도 아직 현금흐름으로 완전히 바뀌지 않았다.,김민재가 태우전자 사장을 우성일에게 넘기고 그룹 기획본부장으로 옮겨 중국 자동차와 세계 매출을 직접 설계한다.,조선 분리·애플 교환·디지털케이스 인수와 직책 이동으로 태우전자 구조수술이 닫힌다; 목표가 한 계열사 소유·부채 정리에서 그룹 전체 세계 진출로 바뀌고 장소도 주총에서 기획실·중국 협상장으로 옮겨 간다.,0.99
PART-005,중국 자동차와 인터넷 외화 출구,72,77,72화,77화,6,김민재·김태중·쩡훙친·포드 관계자·하재원·제프리,그룹 기획본부·중국 자동차 협상장·상하이자동차·태우백화점 전자상거래팀·태우증권 HTS팀,기획본부장 김민재가 쩡훙친의 가족 문제를 해결해 중국 판매 허가를 받고 포드·태우·상하이차 3자 공장을 세우며 전자상거래·음원·HTS 조직을 만든다.,일본 차입을 늘리지 않고 중국·미국 자동차 매출과 인터넷 유통망을 외환위기 전 외화·현금 출구로 만들 수 있는가?,김민재는 계열사 매각을 끝내고 세계 판매와 인터넷 사업으로 태우의 부채를 줄이는 성장 경로를 약속한다.,중국 관시와 판매 허가·포드 이해관계·법 개정 전 HTS·당장 돈이 안 되는 전자상거래·느슨한 태우 IT 조직이 짧은 준비 시간을 압박한다.,중국 판매 2만 대와 월 5천 대 실적이 나온 뒤 포드·태우·상하이자동차 3자 합작이 체결되면서 외교 인맥이 실물 공장과 수출 캐시카우로 바뀐다.,중국 완성차 공장·포드 합작·루마니아차 완판·태우백화점 전자상거래·태우증권 HTS 개발조직·제프리의 성과 중심 IT 체제가 지급된다.,쩡훙친은 아들의 안전을 지켜 준 장기 정치동맹이 되고 포드와 제프리는 태우의 자동차·IT 실행 파트너가 된다.,김민재는 태우전자 한 회사의 사장에서 전 계열사를 조정하는 기획본부장으로 바뀌고 중국 관시·인터넷 조직을 얻는다.,전자상거래·음원·HTS는 아직 수익을 내지 못하고 중국·미국 매출도 외환위기 환율과 일본 단기차입 회수 위험에 노출돼 있다.,1997년으로 시간이 뛰고 김태중이 통신사업용 일본 차입을 추진하자 김민재가 조지의 태국 공격과 국가부도 대비로 방향을 돌린다.,1996년 합작·인터넷 조직이 실제 출범한 뒤 1997년으로 점프한다; 압박이 성장과 조직문화에서 외화차입 회수·국가부도 생존으로 바뀌고 상대도 중국 파트너에서 김태중·퀀텀·IMF로 교체된다.,0.97
PART-006,외환위기 무부채와 사우디 정유,78,86,78화,86화,9,김민재·김태중·한정훈·조지·이선일·살만·압둘라·스티브,태우그룹 본사·명동·태국 통화시장·전경련·사우디 왕실·워싱턴 IMF·CES,김민재가 SAVE 150억 달러와 퀀텀 자금을 태국 위기에 걸고 아람코 100억 달러를 환율 정점에 들여와 태우 부채를 모두 갚고 사우디 정유 실계약을 맺는다.,국가부도와 외화 회수 속에서 태우만 달러·현금·정부 신뢰를 가진 무부채 인수 주체로 뒤집을 수 있는가?,김민재는 외환위기를 피하는 데서 멈추지 않고 김태중과 태우가 한국 산업을 다시 살릴 수 있는 현금 보유자로 남게 하겠다고 약속한다.,김태중의 일본 차입 본능·태국 통화공격·한보 부도·일본 단기자금 회수·야당 정치자금의 합법성·환율 정점과 사우디 지분 협상이 가족 신뢰와 시간을 압박한다.,환율 정점에 아람코 자금 100억 달러를 국내로 옮겨 모든 부채를 갚으면서 외환위기 방어가 국내 유일 부채율 0퍼센트라는 공격 자격으로 전환된다.,태우 부채율 0퍼센트·사우디 6조 원 정유 실계약·안정적 원유 공급·IMF 우호·아이팟 3일 완판과 애플 주가 두 배가 지급된다.,김태중은 손자의 위기 판단을 받아들이고 전경련 빅딜 지휘자로 복귀하며 조지·이선일·살만은 금융·명동·에너지 축의 협력자로 굳어진다.,태우는 외화차입 위기 기업에서 현금과 달러를 가진 국가급 인수 주체로 바뀌고 김민재는 IMF 인사까지 설득할 신용을 얻는다.,국가 전체의 실업과 파산기업은 남아 있고 사우디 정유 투자·원유공급의 장기 책임과 무너진 기업을 인수할 실행 비용이 생긴다.,아이팟 흥행을 확인한 김민재가 다이먼을 한국으로 불러 카이자동차부터 사들이라고 지시한다.,태우 생존은 무부채·정유계약·IMF 신뢰로 닫힌다; 목표가 부채 상환에서 카이·CL·건설 매물 인수로 바뀌고 행동 방식도 방어적 현금축적에서 공격적 M&A로 전환된다.,0.99
PART-007,카이·CL·민자 운영권 독식,87,97,87화,97화,11,김민재·김태중·다이먼·카를로스 곤·고연진·고승택·박만덕·장수영,카이자동차 채권단·CL그룹 협상장·태우증권·태우건설·지하철 9호선·거가대교,달러 현금을 든 김민재가 카이차 51퍼센트와 카를로스 곤을 얻고 CL통신·배터리를 백화점·카드와 맞바꾸며 퀀텀 컨소시엄으로 지하철 9호선·거가대교 40년 운영권을 딴다.,태우가 외환위기 매물을 무작정 합치는 대신 자동차·통신·배터리·건설 자산을 각자 살아남는 성장축으로 재배치할 수 있는가?,김민재는 태우만 살아남는 것이 아니라 헐값에 나온 산업자산을 현금과 구조조정 인재로 살려 다음 시대의 지배 기반으로 만들겠다고 약속한다.,카이차 노조·채권단과 현재차 경쟁·CL 장녀 승계갈등·애국펀드 3조 원 조달·장수영의 무수주·SAVE 소유를 숨긴 민자협상이 인수와 통합 비용을 키운다.,CL카드·백화점과 CL통신·배터리의 포괄 교환을 타결한 뒤 퀀텀 컨소시엄이 정부 MRG 사업으로 이동하면서 계열사 거래가 국가 인프라 운영권으로 확대된다.,카이차 51퍼센트·카를로스 곤·CL통신·CL배터리·스타벅스 독점 유통·지하철 9호선과 거가대교 40년 운영권·태우건설 대형 도급이 지급된다.,김태중은 김민재를 후계자로 더 신뢰하고 다이먼은 인수전 총괄이 되며 고연진·고승택과 카를로스 곤은 각각 CL 거래·카이 독립경영의 파트너로 편입된다.,태우는 무부채 생존기업에서 자동차 두 브랜드·통신·배터리·민자 인프라를 가진 복합그룹으로 확장된다.,인수 회사 직원·망·브랜드를 실제로 통합해야 하고 애국펀드와 민자 운영권의 장기 책임·스타벅스 초기 투자비가 남는다.,민자 계약서를 사장단에 공개한 뒤 다이먼이 CL·신세계·태우 통신 3사를 한 달 만에 합쳐 새 태우통신을 만든다.,카이·CL·인프라 거래가 지분·교환계약·40년 운영권으로 결산된다; 상대가 채권단·CL·정부에서 통신 사용자·게임사로 바뀌고 목표도 매물 확보에서 인수조직 통합과 플랫폼화로 교대한다.,0.99
PART-008,태우통신 HTS·게임 플랫폼,98,101,98화,101화,4,김민재·김태중·다이먼·이주영·우성일·임진태·이선일·이영한,태우통신·태우전자 IT부서·MC소프트·게임 플랫폼 사무실·이선일 장례식,통신 3사를 합친 태우통신에 벨캐나다 전환사채·HTS·MC소프트 린지·5천 게임 ESD와 무료 쿠폰을 심어 가입자 기반을 사용자 플랫폼으로 바꾼다.,태우통신의 지분과 가입자 수를 HTS·게임·음원·유통이 이어진 실제 사용 생태계로 바꿀 수 있는가?,김민재는 통신료만 받는 회사를 게임 개발자와 사용자가 함께 돈을 버는 인터넷 유통망으로 바꾸겠다고 약속한다.,통신 3사 직원·망 통합·불법 복제 CD보다 싼 가격·100억 원 린지 투자·초기 무료 게임쿠폰과 서버비가 플랫폼 수익화를 압박한다.,MC소프트 전 게임 유통권과 5천 게임 ESD를 내놓고 태우통신 가입자에게 쿠폰 세 장을 지급하면서 조직 통합이 사용자 증가와 수수료로 전환된다.,태우통신 27퍼센트 기반·벨캐나다 전환사채·HTS·린지 독점·5천 게임 플랫폼·중소개발사 후원과 얼리액세스가 지급된다.,다이먼은 구조조정 욕받이에서 통신 합병 실행자로 인정받고 이주영은 새 태우통신 사장으로 연임하며 임진태와 게임 개발자들은 유통 동맹이 된다.,태우통신은 합쳐진 통신사에서 증권·게임·음원 사용자를 보유한 플랫폼으로 바뀌고 김민재는 게임 IP 유통권을 얻는다.,초기 출혈과 세계 확장·OTT·TV 통합은 남고 101화 후반 이선일 사망이 명동과의 오래된 약속을 다시 연다.,게임 플랫폼 가입·수수료를 받은 101화 후반 김민재가 이선일 장례식에서 차가운 손의 이영한과 악수한다.,HTS·게임 플랫폼은 출시·가입·수수료로 일차 결산된다; 101화 후반 장소가 IT부서에서 장례식·명동으로 바뀌고 102화부터 질문이 이선일 사망과 후계자 확인으로 교체된다.,0.94
PART-009,이선일 죽음과 이영한 명동 후계,102,111,102화,111화,10,김민재·이영한·박동하·이준수·박광도·강인식·부산경찰청장·명동 원로 3인,명동·부산 오성파·일본계 대부업체·부회장실·거리 후계 승인 현장,김민재가 도주 의사와 오성파 박광도를 추적해 이선일 타살과 박동하의 배신을 밝히고 10조 원 금리전·경찰과 검찰 공조로 이영한을 명동 70퍼센트 후계자로 세운다.,이선일의 죽음 뒤 진짜 범인과 후계자를 가려 곰과 맺은 약속을 지키고 일본계·조직폭력 자금이 명동을 먹는 일을 막을 수 있는가?,김민재는 이선일이 죽어도 그의 뜻과 명동 토종자금을 지키고 피가 아니라 능력과 의지를 가진 이영한에게 후계를 돌려주겠다고 약속한다.,도주 의사·100억 원대 유산·박동하의 수사팀 배신·오성파와 야쿠자 암살계획·일본계 대부업 자금이 이영한과 김민재의 생명을 동시에 위협한다.,이영한의 오만이 범인을 찾기 위한 위장임을 확인하고 10조 원으로 금리를 낮추게 한 뒤 부산 경찰·검찰·특수부대·국세청을 움직이면서 의혹 수사가 공개 자금전과 조직전으로 바뀐다.,도주 의사 진술·박광도 차명재산 압류·오성파 돈줄 절단·명동 원로 승인·이영한의 명동 약 70퍼센트 장악이 지급된다.,김민재와 이영한은 의심 관계에서 곰의 약속을 함께 지키는 동맹이 되고 박동하·이준수는 명동을 배신한 적으로 확정되며 원로 3인은 이영한을 후계자로 인정한다.,이영한은 차가운 장례식 손자에서 명동 70퍼센트를 쥔 공식 후계자가 되고 김민재는 비공식 감시망·경호 200명·명동 금융동맹을 얻는다.,오성파 잔당과 이준수의 최종 처벌은 남고 명동 전쟁에 쓴 10조 원·경호망의 유지비와 태우 본업 이탈 비용이 생긴다.,이영한이 명동 70퍼센트 장악을 보고하자 김민재가 블리자드·방송사를 묶어 e스포츠 협회와 태우통신 본업으로 돌아간다.,이선일 타살과 후계 질문이 범인·후계 승인·70퍼센트 장악으로 닫힌다; 장소가 명동·부산 조직전에서 태우통신·게임·OTT로 바뀌고 상대도 야쿠자에서 통신 카르텔과 시장으로 교체된다.,0.98
PART-010,통신 카르텔과 강민 교육 역전,112,116,112화,116화,5,김민재·김태중·다이먼·강민·트럼프·태우통신 경영진,태우통신·모델하우스·인터넷TV 보급 현장·학부모 시위·인터넷 강의 조직,통신 1위 태우가 셋톱박스·인터넷TV를 무료 보급하자 관료·통신사·학부모 공격이 붙고 김민재가 수학강사 강민의 저가 인터넷 강의와 부분 유료화로 이를 뒤집는다.,게임·OTT를 유해하다고 몰아붙이는 통신 카르텔과 학부모 여론을 가입자 증가·교육 접근·수익으로 바꿀 수 있는가?,김민재는 태우통신의 IT 현금을 분리하지 않고 반도체·배터리를 살리는 재원으로 만들며 무료 보급의 사회적 명분도 증명하겠다고 약속한다.,셋톱박스 무상 비용·LCD 공급 위험·관료와 경쟁 통신사의 규제모의·게임 유해론 시위·인터넷 강의 초기 적자가 통신 1위의 지속성을 압박한다.,최고 수학강사 강민을 영입해 학부모 공격의 바로 그 통신망으로 싼 강의를 내놓으면서 방어 여론전이 교육 상품과 새 가입자 확보로 전환된다.,태우통신이 KS보다 10퍼센트포인트 넘게 앞선 1위·무료 셋톱박스 보급·강민 인터넷 강의·부분 유료화 수익·IT 현금창구를 얻는다.,강민은 카르텔의 여론도구가 아니라 태우의 교육 파트너가 되고 김태중은 모델하우스 인연으로 트럼프를 새 해외 인맥에 연결한다.,태우통신은 통신·게임회사에서 방송·교육 현금원으로 확장되고 김민재는 IT 가치를 제조업 재투자에 묶을 권한을 유지한다.,일본계 대부업 파생 400억~800억 달러 회수의 불확실성과 무료 보급·교육 콘텐츠 비용이 남는다.,1999년이 끝나고 김태중과 새천년을 맞은 김민재가 결혼 압박과 현 그룹 여섯 아들의 승계분쟁을 동시에 검토한다.,통신 여론전은 가입자 격차·강의 출시·부분 유료화로 닫힌다; 2000년 시간 전환과 함께 목표가 통신 수익화에서 공식 승계·현 그룹 분할·재계 1위 수성으로 바뀐다.,0.96
PART-011,35대3 부회장·푸틴·장수영 축출,117,124,117화,124화,8,김민재·김태중·장경준·장영준·다이먼·푸틴·장수영·사장단,김태중 저택·현 그룹 협상장·사장단 투표장·러시아 취임식·푸틴 다차·태우건설,김민재가 현 그룹 형제에게 건설·반도체 교환 계약을 심고 사장단 35대3 표로 부회장이 된 뒤 푸틴과 한국 내 에너지 권리를 교환하고 장수영을 인사권으로 축출한다.,김민재가 비공식 실권을 공식 부회장 지위로 바꾸고 해외 국가권력·내부 배신자까지 책임질 수 있는 후계자가 될 수 있는가?,김민재는 김태중이 살아 있는 동안 정당한 표와 계약으로 후계 지위를 얻고 전생 배신자를 권한 안에서 제거하겠다고 약속한다.,현 그룹 여섯 아들의 분할·닷컴 폭락·사장단 표결·푸틴의 올리가르히 해체 요구·장수영 축출에 따른 김태중의 상실감이 승계와 가족 관계를 압박한다.,사장단 35대3 찬성으로 부회장에 오른 직후 푸틴 다차에서 에너지 권리와 책임 한계를 문서화하면서 국내 승계가 국가급 자원동맹으로 확대된다.,현 건설·반도체 교환 서면약속·애플과 아마존 저가 재매수·부회장 직함·푸틴 에너지 동맹·장수영 축출이 지급된다.,김태중은 손자를 공식 2인자로 인정하지만 장수영을 잃은 상실감을 겪고 푸틴·장경준은 자원·반도체 거래를 함께할 장기 동맹으로 편입된다.,김민재는 기획본부장·사실상 총수에서 사장단 90퍼센트 지지를 받은 공식 부회장과 러시아 최고권력의 직접 협상자로 바뀐다.,장수영을 내보낸 가족 감정 비용과 푸틴의 올리가르히 해체 지원 책임이 남고 현 건설·반도체 교환은 아직 실행되지 않았다.,부회장 취임 한 달 뒤 장경준에게 현 건설의 10월 부도 시계를 알려 반도체 인수를 실제 거래로 옮긴다.,부회장 표결·러시아 계약·장수영 축출로 승계와 오래된 배신 루프가 닫힌다; 한 달 시간 점프 뒤 상대가 사장단·푸틴에서 현 건설 채권단으로 바뀌고 목표도 지위 확보에서 반도체 실물 인수로 교대한다.,0.98
PART-012,현 건설 부도와 태우반도체·아이폰,125,136,125화,136화,12,김민재·김태중·장경준·장영준·다이먼·유석재·웨이·부시·스티브·쩡훙친·마화명,현 건설 채권단·현 그룹 회장실·태우반도체·미국 공장 협상장·CES·중국 텐센트 협상장,김민재가 현 건설 1차 부도와 SAVE 달러채권을 이용해 현 반도체 부채 65퍼센트를 탕감받고 유석재·웨이를 세워 태우반도체를 출범시킨 뒤 아이폰 300만 대와 텐센트 51퍼센트를 묶는다.,현 건설을 장경준에게 살려 주는 대가로 16조 원 부채의 반도체를 가져와 아이폰 핵심 생산기지와 중국 게임 유통망으로 바꿀 수 있는가?,김민재는 위기기업의 부채를 떠안는 대신 채무조건·인재·미국 공장·애플 고객을 동시에 고정해 태우의 다음 제조업 심장을 만들겠다고 약속한다.,현 건설 미수금 1조·손실 2조·정부보증·현 그룹 승계싸움·반도체 16조 부채·아이폰 생산시한·미국 세제와 중국 판호가 거래시간과 자금을 압박한다.,현 반도체 부채 65퍼센트 탕감이 확정되고 11월 21일 태우반도체 인수를 공식화하면서 채권단 협상이 유석재·웨이 조직과 아이폰 생산으로 전환된다.,현 건설 처리·부채 65퍼센트 탕감·태우반도체 출범·유석재와 웨이 공동 리더십·미국 100억 달러 공장 약속·아이폰 300만 대 대기수요·텐센트 합작이 지급된다.,장경준은 승계 경쟁자에서 반도체 교환 동맹이 되고 부시·스티브·쩡훙친·마화명은 미국 제조·애플 수요·중국 게임의 거래 파트너가 된다.,김민재는 현 반도체 최대채권자에서 태우반도체 소유주가 되고 제조·파운드리 두 S급 책임자와 모바일 게임 판호 출구를 얻는다.,태우반도체 흑자 전환과 수율 개선은 남고 100억 달러 미국 공장·세금 감면·아이폰 물량 책임과 텐센트 지분 관리비가 생긴다.,중국 게임 제작비를 집행하던 중 윤현길이 분식회계를 터뜨려 김태중을 검찰 포토라인에 세우려 한다.,현 건설·반도체 거래는 탕감·새 사명·아이폰 납품·텐센트 합작으로 닫힌다; 상대가 채권단·현 그룹에서 윤현길·검찰·장수영으로 바뀌고 압박도 산업거래에서 가족의 구속 위험으로 교체된다.,0.99
PART-013,윤현길 미끼와 김태중 보호,137,142,137화,142화,6,김민재·김태중·윤현길·장수영·장경준·김병태·강인식,여의도 의원실·검찰·태우 회장실·장영주 장례식·베트남 체류 결정 장소,윤현길이 분식회계와 장수영 자료로 김태중을 겨누자 김민재가 미국·중국·러시아 비리 사진·영상·장부를 단계적으로 풀어 무혐의와 항복을 받아내고 윤현길을 평생 정치 미끼로 묶는다.,실제 분식회계 조사의 법적 위험 속에서 김태중을 구속에서 지키고 공격자를 재발 방지용 정보원으로 바꿀 수 있는가?,김민재는 할아버지를 포토라인에 세우려 한 윤현길을 단순 제거하지 않고 앞으로 태우를 노리는 정치인을 먼저 드러내는 미끼로 쓰겠다고 약속한다.,태우가 분식 자체를 부정할 수 없는 법적 약점·장수영의 배신 자료·윤현길 파벌과 보좌관·장경준 이간질·김태중의 심리적 붕괴가 수사와 가족을 압박한다.,푸틴·미국·중국에서 모은 약한 증거부터 언론에 풀어 측근을 떼고 장수영조차 희생양을 거부하게 만들면서 검찰 방어가 윤현길 조직 해체로 전환된다.,태우 무혐의·김태중 귀환·윤현길의 무릎 항복·평생 미끼 계약·장수영과 윤현길의 공멸이 지급된다.,김태중은 손자에게 그룹 실무를 넘기고 베트남으로 물러나며 장경준은 이간질 오해를 풀고 윤현길은 적에서 강제 정보원으로 바뀐다.,김민재는 부회장에서 사실상 그룹 총수로 올라서고 미국·중국·러시아 정치증거망과 국내 정적 조기경보선을 얻는다.,김태중의 수사 상처와 베트남 체류라는 관계 비용이 남고 분식회계의 구조적 흔적·윤현길 미끼를 계속 관리해야 한다.,한 달 뒤 국내 아이폰 출시를 점검하자 WIPI 의무탑재를 앞세운 KS·삼진·CL 통신 카르텔이 길을 막는다.,윤현길 공격은 무혐의·항복·미끼 계약으로 닫힌다; 김태중에서 김민재로 실질 지휘권이 옮겨 가고 압박도 검찰 생존에서 WIPI 규제와 시장 카르텔로 바뀐다.,0.98
PART-014,WIPI 통상압력과 부품 분열,143,146,143화,146화,4,김민재·이주영·데이비드·장경준·오희건,태우통신·방송위원회 간담회·미국 통상 라인·삼진전자·국내 아이폰 생산공장,WIPI로 아이폰을 막는 KS·삼진·CL 카르텔을 상대로 김민재가 슈퍼 301조·외국 단말사 공동성명·삼진 부품 300만 대 계약을 써 방송위원회의 의무탑재 연기와 국내 출시를 얻는다.,재계 1위 태우도 규제기관과 대기업 연합을 동시에 상대해 아이폰의 한국 판매 길을 열 수 있는가?,김민재는 통신 카르텔의 법규 방패를 외부 통상압력과 내부 매출 이해관계로 갈라 소비자가 스마트폰을 선택하게 하겠다고 약속한다.,방송위원회 협상 결렬·KS텔레콤의 버티기·삼진 휴대폰부문과 반도체부문의 상충·국내 높은 조립비와 10만 대 물량 부족이 짧은 출시 시한을 압박한다.,삼진 반도체에 아이폰 300만 대 추가계약과 일본 대체 압박을 걸어 자사 휴대폰부문과 맞서게 하면서 국제 통상전이 카르텔 내부 분열로 전환된다.,삼진의 WIPI 지지 철회·방송위원회 의무탑재 연기·국내 아이폰 생산과 첫날 2만 대 판매·3만 명 예약이 지급된다.,오희건과 삼진 부품부문은 적대 카르텔에서 태우 판매의 이해동맹으로 바뀌고 이주영·데이비드는 국내외 압박을 잇는 실행축이 된다.,태우통신과 전자는 국내 스마트폰 출시권과 초기 가입자 선점권을 얻고 규제기관보다 큰 통상·부품 레버리지를 증명한다.,태우전자가 부담한 높은 국내 조립단가·10만 대 물량 부족·삼진 스마트폰 경쟁과 방송위원회의 형식적 연기 상태가 비용으로 남는다.,아이폰 10만 대가 일주일 만에 동나자 태우가 스타벅스 등 500곳에 와이파이·충전망을 깔고 AI·TV·로봇 투자를 넓힌다.,WIPI라는 단일 규제는 철회·출시로 결산된다; 상대가 방송위·통신 카르텔에서 폭증 수요·생산능력·글로벌 기술파트너로 바뀌고 승패도 법규에서 판매대수·인프라로 이동한다.,0.99
PART-015,아이폰 생태계와 WTC 생존·미국 방패,147,153,147화,153화,7,김민재·스티브·데이비드·강인식·제임스 힌톤·조지 슐츠·베조스,태우 와이파이 매장·애플 협상장·아마존 로봇팀·뉴욕 세계무역센터·미국의 식당·조지 슐츠 협상장,아이폰 완판 뒤 김민재가 애플 AI·TV와 아마존 로봇을 계약하고 WTC 두 동을 99년 임차해 입주자를 비운 뒤 태우건설 크레인·구조대로 9·11 사망과 붕괴를 줄인다.,스마트폰 반등을 AI·콘텐츠·스마트팩토리로 키우면서 다가올 9·11에서 실제 사람과 자산을 살리고 미국의 장기 보호까지 받을 수 있는가?,김민재는 회귀 지식으로 돈만 버는 대신 삼풍 때처럼 사람을 먼저 살리고 그 신뢰를 태우의 기술·미국시장 방패로 바꾸겠다고 약속한다.,애플과 AI·TV 지분협상·아마존 공동개발·WTC 32억 달러 임차와 전면 리모델링·정확한 테러시각을 말할 수 없는 한계·붕괴 구조와 미국 전쟁정책이 압박한다.,WTC 입주자를 리모델링으로 비운 뒤 9·11 직후 태우건설 크레인과 구조대를 투입해 내부 사망자 없이 붕괴 방향을 통제하면서 사업확장이 생존전으로 전환된다.,아이폰 생태계·애플 AI 50대50와 TV 70대30·아마존 스마트팩토리·WTC 99년 사용권·대규모 인명 구조·제임스 힌톤 AI팀·반덤핑 면책과 SAVE 보호 약속이 지급된다.,스티브·베조스는 공동 기술 파트너가 되고 WTC에서 아들을 살린 제임스 힌톤은 태우 AI팀에 합류하며 조지 슐츠와 미국 정부는 태우를 보호할 정치 관계가 된다.,태우는 스마트폰 부품회사에서 AI·TV·로봇·구조역량을 가진 국민·글로벌 기업으로 올라서고 김민재는 미국의 감사와 정보보호를 얻는다.,WTC 보험·재건 책임과 중동전쟁에 휘말릴 위험·태우건설 장비 비용이 남고 154화 초 백악관 감사는 지급의 여진으로 이어진다.,미국 방패를 약속받은 김민재가 한국으로 돌아와 앱 부족을 점검하다 서광수의 세이월드가 KS에 빼앗긴 계약을 발견한다.,9·11 생존 약속은 구조·제임스 힌톤 영입·미국 면책으로 닫힌다; 장소가 뉴욕·미국정치에서 한국 본사·태우IT로 바뀌고 목표도 테러 생존에서 국내 SNS·결제망 소유로 교대한다.,0.97
PART-016,세이월드 역공과 카드·외환은행 소유망,154,166,154화,166화,13,김민재·김태중·서광수·박동희·마크·오희건·임재범·서문영·다이먼·이영한·고승택·박만덕·이일석,태우 본사·태우IT·삼진 협상장·명동·CL카드·금감원·외환은행·CES,KS가 서광수의 세이월드를 강탈하자 김민재가 마크·임재범·서문영의 앱 조직을 만들고 CL카드 유동성을 끊어 태우카드를 되찾으며 BIS 조작을 폭로해 외환은행을 1조5천억 원에 인수한다.,빼앗긴 세이월드 한 곳을 되사는 대신 SNS·메신저·숏폼과 카드·은행까지 태우가 소유하는 유통·결제망으로 역전할 수 있는가?,김민재는 박동희의 강압 계약을 더 강한 서비스와 소유망으로 되갚고 애플·삼진 어느 스마트폰이 이겨도 태우 앱과 결제가 돈을 벌게 하겠다고 약속한다.,70억 원 강탈 계약·삼진 특허 요구·CL카드 현금서비스 중단과 숨은 부실 2조·카드채 20조·론스타용 BIS 조작·외환은행 내부자 매수가 자금과 법적 위험을 키운다.,명동이 CL카드 대출·추심망을 끊어 카드대란을 앞당기고 채권단이 태우에 탕감을 제시하면서 앱 복수전이 카드·은행 소유권 전쟁으로 확대된다.,마크·임재범·서문영 합작계약·삼진 기본앱 탑재·CL카드와 태우카드 회수·대규모 부채 탕감·외환은행 1조5천억 원 인수·스마트TV와 가전매출 20퍼센트 상승이 지급된다.,서광수와 세 개발자는 태우 플랫폼 동맹이 되고 다이먼·이영한은 은행·채권 실행자로 복귀하며 김태중은 카드대란 정부협상을 함께 짊어진다.,태우는 앱 개발사에서 카드업계 1위·외환은행·글로벌 결제거점을 가진 금융·플랫폼 소유망으로 확장된다.,카드채 20조 원과 SNS 서버비·무료서비스 수익화·박동희와 세이월드의 직접 몰락은 남고 외환은행 인수 뒤 규제책임이 생긴다.,외환은행 소유가 확정된 다음 공채 이력서에서 S급 프로그래밍·알고리즘 능력자 천민정을 발견하고 술집 위험에서 구한다.,카드·은행 약속은 탕감·1조5천억 원 소유권으로 닫힌다; 167화부터 주 인물·장소가 천민정·술집·가해 검사 가족으로 교체되고 압박도 금융부실에서 인재의 생존·보호로 바뀐다.,0.99
PART-017,천민정 보호와 월드컵·AI·SNS,167,176,167화,176화,10,김민재·김태중·천민정·강인식·가해 검사 가족·암호학자팀·히딩크·서광수·서정준,술집·검찰 인맥선·태우 암호팀·월드컵 광고현장·힌톤 AI팀·태우IT·페이스북 한국조직,김민재가 술집 성추행과 사채빚에 막힌 천민정을 구해 가족을 보호하고 비트코인·코코아톡·개인화 AI를 맡기며 월드컵 4강 광고와 서광수의 페이스북 역공을 함께 지급한다.,천민정과 가족을 권력형 가해자·빚에서 실제로 지키면서 그녀의 프로그래밍 능력을 태우의 암호화폐·메신저·AI·SNS 핵심으로 안전하게 정착시킬 수 있는가?,김민재는 능력이 있어도 배경 때문에 짓밟힌 천민정을 회사가 끝까지 보호하고 그 재능이 세상을 바꿀 기회를 주겠다고 약속한다.,검사 아들의 보복·부친 사채·비트코인 보안·월드컵 결과에 건 광고·AI 논문과 제품 사이 간극·5천억~1조 원 데이터센터 비용·태우 내부 구태가 인재와 조직을 압박한다.,한국의 월드컵 4강과 미리 산 광고권이 전국 보상으로 터진 뒤 천민정의 가족빚을 회사가 정리하고 그녀를 힌톤팀에 붙이면서 구조 사건이 실용 AI·플랫폼 성장으로 전환된다.,가해 검사 가족 제압·천민정 가족 안전과 사채 정리·월드컵 4강 광고 보상·비트코인 극비팀·코코아톡 개선·개인화 알고리즘·서광수와 핵심직원 회수가 지급된다.,천민정은 고용인에서 김민재를 절대 신뢰하는 핵심동료·연인 후보가 되고 서광수는 피해 창업자에서 페이스북 한국 책임자로 돌아오며 젊은 서정준은 조직에서 보호받는다.,천민정은 S급 이력서 속 지원자에서 암호·AI·플랫폼 핵심개발자가 되고 태우는 월드컵 국민브랜드·개인화 SNS 기술을 얻는다.,비트코인은 극비 실험이고 SNS·데이터센터 비용이 남으며 김태중이 천민정을 가족으로 받아들일지는 176화 식사에서 아직 지급되지 않는다.,서광수가 세이월드 핵심직원을 데려온 뒤 김태중이 천민정과 식사하고 177화에 손자와 만나도 된다고 허락한다.,세이월드 복수는 창업자·직원 회수와 페이스북 우위로 닫힌다; 176화 식사의 관계 질문은 177화 허락에서 지급되고 이후 장소·목표가 국내 보호에서 미국 페이팔·글로벌 기술 방패로 바뀐다.,0.98
PART-018,가족 허락과 페이팔·정치자금·WWDC 방패,177,186,177화,186화,10,김민재·김태중·천민정·다이먼·피터 틸·일론 머스크·힌톤·김정빈·강인식·스티브·서문영,김태중 가족 식사자리·페이팔 협상장·머스크 미팅·태우 AI센터·검찰 정치자금 수사선·샌프란시스코 WWDC,김태중이 천민정을 가족 후보로 받아들인 뒤 김민재가 페이팔 20억 달러·머스크 10년 100억 달러 투자·정치자금 증거·비트코인 실사용·WWDC 시리와 IoT를 묶어 가족과 기술조직의 방패를 만든다.,새 가족 후보와 태우 기술조직을 정치·금융 공격에서 지킬 방패를 글로벌 결제망·미래 창업자·청렴 기록·공개 기술력으로 세울 수 있는가?,김민재는 천민정을 신분으로 평가하지 않는 가족을 지키고 불법 정치자금 없이도 경쟁 재벌보다 강한 금융·기술·공개 신뢰를 갖추겠다고 약속한다.,이베이와 페이팔 가격전·머스크의 거대 자금수요·AI 인재 공급 부족·KS의 100억 원 넘는 정치자금과 총 2천억 원 비자금·대선 수사·비트코인 무용론·세계무대 실시간 시연 위험이 겹친다.,KS해운의 현금차량 사진과 장부를 검찰에 넘겨 경쟁 재벌의 정치방패를 무너뜨린 뒤 WWDC에서 시리·가전·자동차를 실시간으로 연결하면서 비공개 방어망이 세계 공개 기술력으로 전환된다.,천민정 가족 허락·페이팔 인수·머스크 전기차·에너지·우주 지분 약속·코코아뱅크 기반·KS 형사수사·비트코인 게임결제·WWDC 시리·IoT·원격시동이 지급된다.,김태중은 천민정을 가족으로 품고 머스크·스티브·힌톤은 미래산업 동맹이 되며 김정빈과 강인식은 태우의 청렴을 지키는 합법 수사선으로 굳어진다.,태우는 국내 금융·SNS 기업에서 글로벌 결제·전기차·우주·AI·IoT를 공동 설계하는 융합기업으로 올라서고 김민재는 정치자금 수사에서 깨끗한 재벌 지위를 얻는다.,머스크 투자금과 페이팔 비용·IIT 인재 거점은 미지급이고 금산분리·비트코인 불신·경쟁 재벌 수사 후 정치권의 보복 가능성이 남는다.,WWDC 주문이 폭증하자 한국으로 돌아온 김민재가 우성일의 생산계획 부족을 확인하고 베트남·인도 공장 증설을 지시한다.,WWDC 시연과 이어폰·스마트워치 기획으로 글로벌 기술방패가 닫힌다; 187화부터 장소가 미국 금융·무대에서 인도 생산현장으로 바뀌고 압박도 정치수사에서 품절·생산능력·해외교육 협상으로 교체된다.,0.99
PART-019,인도 공장·IIT와 아노르 프리미엄 동맹,187,191,187화,191화,5,김민재·우성일·데이비드·미모안 싱·김태중·베르나르 아노르·델핀 아노르,태우전자 생산회의·베트남·인도 정치협상장·허준·허황후 방송선·아노르 한국 협상장,세계 주문에 공장이 모자라자 김민재가 인도 50억 달러 공장·미모안 싱 선거지원·IIT 한국 캠퍼스·허준과 허황후 여론전을 묶고 델핀에게 태우전자 프리미엄 협업 승인을 받는다.,생산량 부족을 인도 공장과 IIT 인재유치로 풀고 태우 가전을 아노르 가문의 프리미엄 브랜드로 올릴 수 있는가?,김민재는 품절을 단순 증설로 막지 않고 인도 생산·교육·문화 신뢰와 유럽 명품가문의 디자인을 한 장기 동맹으로 만들겠다고 약속한다.,우성일의 낙관적 생산계획·IIT의 해외캠퍼스 원칙·인도 총선과 국민여론·허황후 문화명분·중국의 아노르 사업허가·델핀의 희소성 기준이 거래를 압박한다.,허준·허황후 다큐가 인도에서 인기를 얻어 총선과 IIT 여론을 움직인 뒤 델핀이 직접 태우 미래가전·AI를 평가하면서 생산증설 협상이 프리미엄 브랜드 동맹으로 확대된다.,인도 50억 달러 공장 약속·미모안 싱 선거동맹·IIT 협상선·허준 문화캠페인·델핀의 태우전자 협업과 아노르 로고 사용 승인이 지급된다.,미모안 싱은 공장·교육의 정치동맹이 되고 델핀과 아노르 가문은 태우를 동아시아 장기 파트너·혼인 후보로 보기 시작하며 우성일은 생산 병목의 책임을 다시 진다.,태우는 기록적 주문을 받는 전자회사에서 인도 생산거점·IIT 인재 파이프라인 후보·유럽 프리미엄 브랜드 파트너로 올라선다.,IIT 한국 캠퍼스는 아직 정치·법률 승인이 없고 인도 여론·공장비용·델핀 혼인 기대가 남으며 국내 양당의 정치보복 방벽도 없다.,불법 선거자금 수사에서 태우의 청렴을 확인한 김민재가 정치권에 휘둘리지 않기 위해 교섭단체 규모의 독자 정당을 만들기로 한다.,아노르 협업은 델핀 승인과 문화캠페인으로 일차 결산된다; 192화부터 지배 목표가 해외 생산·브랜드에서 한국 정치보복 방벽으로 바뀌고 장소·상대도 인도·아노르에서 여의도·천민우 학교로 교체된다.,0.98
